{
  "confidence": 0.7,
  "employee_data": {
    "Age": 53,
    "AgeFactor": 0,
    "Attrition": "No",
    "BusinessTravel": "Non-Travel",
    "DailyRate": 661,
    "Department": "Research & Development",
    "DistanceFromHome": 1,
    "Education": 4,
    "EducationField": "Medical",
    "EmployeeCount": 1,
    "EmployeeNumber": 1775,
    "EnvironmentSatisfaction": 1,
    "Gender": "Female",
    "HourlyRate": 60,
    "JobInvolvement": 2,
    "JobLevel": 4,
    "JobRole": "Manufacturing Director",
    "JobSatisfaction": 3,
    "MaritalStatus": "Married",
    "MonthlyIncome": 12965,
    "MonthlyRate": 22308,
    "Norm_EnvironmentSatisfaction": 0,
    "Norm_JobInvolvement": 0.3333333333333333,
    "Norm_JobLevel": 0.75,
    "Norm_JobSatisfaction": 0.6666666666666666,
    "Norm_MonthlyIncome": 0.629594523433386,
    "Norm_NumCompaniesWorked": 0.4444444444444444,
    "Norm_PercentSalaryHike": 0.6428571428571429,
    "Norm_PerformanceRating": 1,
    "Norm_RelationshipSatisfaction": 1,
    "Norm_TotalWorkingYears": 0.675,
    "Norm_TrainingTimesLastYear": 0.3333333333333333,
    "Norm_WorkLifeBalance": 0.3333333333333333,
    "Norm_YearsAtCompany": 0.075,
    "Norm_YearsSinceLastPromotion": 0,
    "NumCompaniesWorked": 4,
    "Over18": "Y",
    "OverTime": "Yes",
    "OverTime_bin": 1,
    "PercentSalaryHike": 20,
    "PerformanceRating": 4,
    "Prob_N01": 0.0041439583854538,
    "Prob_N02": 0.0793630119430232,
    "Prob_N03": 0.0107406156998197,
    "Prob_P01": 0.0407463289495362,
    "Prob_P02": 0.0545453472409998,
    "Prob_P03": 0.00202864026515,
    "Prob_P04": 0.0059549675286533,
    "Prob_S01": 0.0044155991218103,
    "Prob_S02": 0.7803532493008447,
    "Prob_S03": 0.0177082815647085,
    "RelationshipSatisfaction": 4,
    "Score_N01": 0.4047619047619047,
    "Score_N02": 0.7,
    "Score_N03": 0.5,
    "Score_P01": 0.6333333333333333,
    "Score_P02": 0.6625000000000001,
    "Score_P03": 0.3333333333333333,
    "Score_P04": 0.4410193334837885,
    "Score_S01": 0.4111111111111111,
    "Score_S02": 0.9285714285714286,
    "Score_S03": 0.55,
    "StandardHours": 80,
    "StockOptionLevel": 3,
    "TotalWorkingYears": 27,
    "TrainingTimesLastYear": 2,
    "WorkLifeBalance": 2,
    "YearsAtCompany": 3,
    "YearsInCurrentRole": 2,
    "YearsSinceLastPromotion": 0,
    "YearsWithCurrManager": 2,
    "argmax_Persona": "라이징 스타",
    "argmax_Persona_Code": "S02",
    "argmax_RiskTier": "Stable",
    "is_married": 1,
    "softmax_Persona": "라이징 스타",
    "softmax_Persona_Code": "S02",
    "softmax_RiskTier": "Stable"
  },
  "employee_id": 1775,
  "feature_importance": {},
  "lime_explanation": {},
  "model_interpretation": {},
  "predicted_attrition": 0,
  "risk_score": 0.006474758964031935,
  "shap_values": {},
  "xai_explanation": {}
}