{
  "confidence": 0.8,
  "employee_id": "311",
  "features_used": 11,
  "model_metadata": {
    "feature_dimensions": 11,
    "model_type": "GRU_CNN_Hybrid",
    "sequence_length": 50,
    "training_optimized": true
  },
  "predicted_attrition": 0,
  "risk_score": 0.0008496090304106474,
  "sequence_length": 50,
  "xai_explanation": {
    "attention_weights": [
      [
        0.020001353695988655,
        0.02000056579709053,
        0.020000504329800606,
        0.020000450313091278,
        0.020000407472252846,
        0.020000366494059563,
        0.020000314339995384,
        0.020000267773866653,
        0.020000232383608818,
        0.020000193268060684,
        0.02000015415251255,
        0.020000118762254715,
        0.02000008523464203,
        0.02000005729496479,
        0.02000003308057785,
        0.02000000886619091,
        0.019999990239739418,
        0.019999967887997627,
        0.019999949261546135,
        0.019999932497739792,
        0.01999991573393345,
        0.019999904558062553,
        0.01999989151954651,
        0.019999880343675613,
        0.019999871030449867,
        0.01999986171722412,
        0.019999856129288673,
        0.019999848678708076,
        0.01999984122812748,
        0.019999835640192032,
        0.019999830052256584,
        0.019999824464321136,
        0.019999820739030838,
        0.01999981515109539,
        0.01999981328845024,
        0.019999811425805092,
        0.019999807700514793,
        0.019999805837869644,
        0.019999802112579346,
        0.019999798387289047,
        0.019999798387289047,
        0.019999796524643898,
        0.01999979466199875,
        0.01999979466199875,
        0.01999979093670845,
        0.01999979093670845,
        0.0199997890740633,
        0.0199997890740633,
        0.0199997890740633,
        0.019999787211418152
      ]
    ],
    "feature_names": [
      "day_of_week",
      "day_index",
      "system_login_hours",
      "work_focused_hours",
      "meeting_collaboration_hours",
      "social_dining_hours",
      "break_relaxation_hours",
      "shared_work_hours",
      "internal_comm_volume",
      "cafeteria_usage",
      "convenience_food_usage"
    ],
    "gradient_importance": [
      5.951303137408104e-06,
      1.6065943100329605e-06,
      6.388868314388674e-06,
      1.191883347928524e-05,
      1.378728211420821e-05,
      2.329348717466928e-06,
      9.458988643018529e-05,
      1.006892398436321e-05,
      3.137067687930539e-05,
      6.0957845562370494e-05,
      7.307422492885962e-05
    ],
    "sequence_importance": {
      "timestep_0": 0.0006629235576838255,
      "timestep_1": 0.00014200533041730523,
      "timestep_10": 3.311647484016689e-11,
      "timestep_11": 2.8963838272222375e-11,
      "timestep_12": 2.606289489781588e-11,
      "timestep_13": 1.9624586677924327e-11,
      "timestep_14": 1.6068528452262143e-11,
      "timestep_15": 1.3324280914717157e-11,
      "timestep_16": 1.0455554824706503e-11,
      "timestep_17": 1.1597813855124262e-11,
      "timestep_18": 9.379660242947452e-12,
      "timestep_19": 8.410622025223358e-12,
      "timestep_2": 1.4682986770875317e-10,
      "timestep_20": 6.598473503705016e-12,
      "timestep_21": 4.774138549767937e-12,
      "timestep_22": 4.863950821970553e-12,
      "timestep_23": 4.303801239002869e-12,
      "timestep_24": 3.1598473837490815e-12,
      "timestep_25": 2.546369582204222e-12,
      "timestep_26": 2.190147369018902e-12,
      "timestep_27": 1.9484535512814816e-12,
      "timestep_28": 1.6305924709428266e-12,
      "timestep_29": 1.4930824588851865e-12,
      "timestep_3": 1.2502789081825227e-10,
      "timestep_30": 1.3011006117988333e-12,
      "timestep_31": 9.470794374438762e-13,
      "timestep_32": 8.972328088829862e-13,
      "timestep_33": 7.959399198759209e-13,
      "timestep_34": 5.459412761275872e-13,
      "timestep_35": 5.681409661305314e-13,
      "timestep_36": 4.2832992469717113e-13,
      "timestep_37": 3.55657696219161e-13,
      "timestep_38": 3.671396411712713e-13,
      "timestep_39": 3.009409399196833e-13,
      "timestep_4": 8.973100734666062e-11,
      "timestep_40": 1.5018981067496662e-13,
      "timestep_41": 1.3517080521292107e-13,
      "timestep_42": 1.5018970225474937e-13,
      "timestep_43": 1.0513276718377568e-13,
      "timestep_44": 6.758534162008834e-14,
      "timestep_45": 5.632110785234491e-14,
      "timestep_46": 2.2497873942484148e-05,
      "timestep_47": 0.00013456257875077426,
      "timestep_48": 0.00020196962577756494,
      "timestep_49": 0.00025442123296670616,
      "timestep_5": 7.782414296331197e-11,
      "timestep_6": 7.554881720217566e-11,
      "timestep_7": 5.6618321142565264e-11,
      "timestep_8": 4.421092311690522e-11,
      "timestep_9": 3.991251773527438e-11
    },
    "temporal_importance": [
      0.0006629235576838255,
      0.00014200533041730523,
      1.4682986770875317e-10,
      1.2502789081825227e-10,
      8.973100734666062e-11,
      7.782414296331197e-11,
      7.554881720217566e-11,
      5.6618321142565264e-11,
      4.421092311690522e-11,
      3.991251773527438e-11,
      3.311647484016689e-11,
      2.8963838272222375e-11,
      2.606289489781588e-11,
      1.9624586677924327e-11,
      1.6068528452262143e-11,
      1.3324280914717157e-11,
      1.0455554824706503e-11,
      1.1597813855124262e-11,
      9.379660242947452e-12,
      8.410622025223358e-12,
      6.598473503705016e-12,
      4.774138549767937e-12,
      4.863950821970553e-12,
      4.303801239002869e-12,
      3.1598473837490815e-12,
      2.546369582204222e-12,
      2.190147369018902e-12,
      1.9484535512814816e-12,
      1.6305924709428266e-12,
      1.4930824588851865e-12,
      1.3011006117988333e-12,
      9.470794374438762e-13,
      8.972328088829862e-13,
      7.959399198759209e-13,
      5.459412761275872e-13,
      5.681409661305314e-13,
      4.2832992469717113e-13,
      3.55657696219161e-13,
      3.671396411712713e-13,
      3.009409399196833e-13,
      1.5018981067496662e-13,
      1.3517080521292107e-13,
      1.5018970225474937e-13,
      1.0513276718377568e-13,
      6.758534162008834e-14,
      5.632110785234491e-14,
      2.2497873942484148e-05,
      0.00013456257875077426,
      0.00020196962577756494,
      0.00025442123296670616
    ],
    "trend_analysis": {
      "confidence_level": "high",
      "prediction_trend": "stable"
    }
  }
}