{
  "confidence": 0.7,
  "employee_data": {
    "Age": 33,
    "AgeFactor": 1,
    "Attrition": "No",
    "BusinessTravel": "Travel_Frequently",
    "DailyRate": 1146,
    "Department": "Sales",
    "DistanceFromHome": 25,
    "Education": 3,
    "EducationField": "Medical",
    "EmployeeCount": 1,
    "EmployeeNumber": 1220,
    "EnvironmentSatisfaction": 2,
    "Gender": "Female",
    "HourlyRate": 82,
    "JobInvolvement": 3,
    "JobLevel": 2,
    "JobRole": "Sales Executive",
    "JobSatisfaction": 3,
    "MaritalStatus": "Married",
    "MonthlyIncome": 4539,
    "MonthlyRate": 4905,
    "Norm_EnvironmentSatisfaction": 0.3333333333333333,
    "Norm_JobInvolvement": 0.6666666666666666,
    "Norm_JobLevel": 0.25,
    "Norm_JobSatisfaction": 0.6666666666666666,
    "Norm_MonthlyIncome": 0.1858873091100579,
    "Norm_NumCompaniesWorked": 0.1111111111111111,
    "Norm_PercentSalaryHike": 0.0714285714285714,
    "Norm_PerformanceRating": 0,
    "Norm_RelationshipSatisfaction": 0,
    "Norm_TotalWorkingYears": 0.25,
    "Norm_TrainingTimesLastYear": 0.5,
    "Norm_WorkLifeBalance": 0.3333333333333333,
    "Norm_YearsAtCompany": 0.25,
    "Norm_YearsSinceLastPromotion": 0,
    "NumCompaniesWorked": 1,
    "Over18": "Y",
    "OverTime": "No",
    "OverTime_bin": 0,
    "PercentSalaryHike": 12,
    "PerformanceRating": 3,
    "Prob_N01": 0.0240996112608794,
    "Prob_N02": 0.0026958660838027,
    "Prob_N03": 0.7792922892180696,
    "Prob_P01": 0.0009917537083823,
    "Prob_P02": 0.114631142810564,
    "Prob_P03": 0.0003088353021195,
    "Prob_P04": 0.0621233959365417,
    "Prob_S01": 0.0015467623874318,
    "Prob_S02": 0.0022283097293347,
    "Prob_S03": 0.0120820335628737,
    "RelationshipSatisfaction": 1,
    "Score_N01": 0.6523809523809524,
    "Score_N02": 0.4333333333333333,
    "Score_N03": 1,
    "Score_P01": 0.3333333333333333,
    "Score_P02": 0.8083333333333333,
    "Score_P03": 0.2166666666666666,
    "Score_P04": 0.7470736477845483,
    "Score_S01": 0.3777777777777777,
    "Score_S02": 0.4142857142857143,
    "Score_S03": 0.5833333333333334,
    "StandardHours": 80,
    "StockOptionLevel": 1,
    "TotalWorkingYears": 10,
    "TrainingTimesLastYear": 3,
    "WorkLifeBalance": 2,
    "YearsAtCompany": 10,
    "YearsInCurrentRole": 7,
    "YearsSinceLastPromotion": 0,
    "YearsWithCurrManager": 1,
    "argmax_Persona": "신규 부모",
    "argmax_Persona_Code": "N03",
    "argmax_RiskTier": "Neutral",
    "is_married": 1,
    "softmax_Persona": "신규 부모",
    "softmax_Persona_Code": "N03",
    "softmax_RiskTier": "Neutral"
  },
  "employee_id": 1220,
  "feature_importance": {},
  "lime_explanation": {},
  "model_interpretation": {},
  "predicted_attrition": 0,
  "risk_score": 0.019177855923771858,
  "shap_values": {},
  "xai_explanation": {}
}