{
  "confidence": 0.7,
  "employee_data": {
    "Age": 54,
    "AgeFactor": 0,
    "Attrition": "No",
    "BusinessTravel": "Travel_Frequently",
    "DailyRate": 1050,
    "Department": "Research & Development",
    "DistanceFromHome": 11,
    "Education": 4,
    "EducationField": "Medical",
    "EmployeeCount": 1,
    "EmployeeNumber": 1520,
    "EnvironmentSatisfaction": 2,
    "Gender": "Female",
    "HourlyRate": 87,
    "JobInvolvement": 3,
    "JobLevel": 4,
    "JobRole": "Manager",
    "JobSatisfaction": 4,
    "MaritalStatus": "Divorced",
    "MonthlyIncome": 16032,
    "MonthlyRate": 24456,
    "Norm_EnvironmentSatisfaction": 0.3333333333333333,
    "Norm_JobInvolvement": 0.6666666666666666,
    "Norm_JobLevel": 0.75,
    "Norm_JobSatisfaction": 1,
    "Norm_MonthlyIncome": 0.791100579252238,
    "Norm_NumCompaniesWorked": 0.3333333333333333,
    "Norm_PercentSalaryHike": 0.6428571428571429,
    "Norm_PerformanceRating": 1,
    "Norm_RelationshipSatisfaction": 0,
    "Norm_TotalWorkingYears": 0.65,
    "Norm_TrainingTimesLastYear": 0.3333333333333333,
    "Norm_WorkLifeBalance": 0.6666666666666666,
    "Norm_YearsAtCompany": 0.35,
    "Norm_YearsSinceLastPromotion": 0.0666666666666666,
    "NumCompaniesWorked": 3,
    "Over18": "Y",
    "OverTime": "No",
    "OverTime_bin": 0,
    "PercentSalaryHike": 20,
    "PerformanceRating": 4,
    "Prob_N01": 0.0004267205592005,
    "Prob_N02": 0.4461945395697464,
    "Prob_N03": 0.0002915399336154,
    "Prob_P01": 7.684909214749239e-05,
    "Prob_P02": 0.0775369846870904,
    "Prob_P03": 0.0007924877038171,
    "Prob_P04": 0.0017016371592988,
    "Prob_S01": 0.0081723380608844,
    "Prob_S02": 0.3258604851190904,
    "Prob_S03": 0.1389464181151087,
    "RelationshipSatisfaction": 1,
    "Score_N01": 0.2380952380952381,
    "Score_N02": 0.9333333333333332,
    "Score_N03": 0.2,
    "Score_P01": 0.0666666666666666,
    "Score_P02": 0.7583333333333333,
    "Score_P03": 0.3,
    "Score_P04": 0.3764169111562477,
    "Score_S01": 0.5333333333333334,
    "Score_S02": 0.901904761904762,
    "Score_S03": 0.8166666666666668,
    "StandardHours": 80,
    "StockOptionLevel": 1,
    "TotalWorkingYears": 26,
    "TrainingTimesLastYear": 2,
    "WorkLifeBalance": 3,
    "YearsAtCompany": 14,
    "YearsInCurrentRole": 9,
    "YearsSinceLastPromotion": 1,
    "YearsWithCurrManager": 12,
    "argmax_Persona": "유능하지만 불만이 많은 직원",
    "argmax_Persona_Code": "N02",
    "argmax_RiskTier": "Neutral",
    "is_married": 0,
    "softmax_Persona": "내재 동기 전문가",
    "softmax_Persona_Code": "S03",
    "softmax_RiskTier": "Stable"
  },
  "employee_id": 1520,
  "feature_importance": {},
  "lime_explanation": {},
  "model_interpretation": {},
  "predicted_attrition": 0,
  "risk_score": 0.00033415749203413725,
  "shap_values": {},
  "xai_explanation": {}
}