{
  "confidence": 0.7,
  "employee_data": {
    "Age": 46,
    "AgeFactor": 0,
    "Attrition": "No",
    "BusinessTravel": "Travel_Rarely",
    "DailyRate": 1277,
    "Department": "Sales",
    "DistanceFromHome": 2,
    "Education": 3,
    "EducationField": "Life Sciences",
    "EmployeeCount": 1,
    "EmployeeNumber": 1732,
    "EnvironmentSatisfaction": 3,
    "Gender": "Male",
    "HourlyRate": 74,
    "JobInvolvement": 3,
    "JobLevel": 3,
    "JobRole": "Sales Executive",
    "JobSatisfaction": 4,
    "MaritalStatus": "Divorced",
    "MonthlyIncome": 10368,
    "MonthlyRate": 5596,
    "Norm_EnvironmentSatisfaction": 0.6666666666666666,
    "Norm_JobInvolvement": 0.6666666666666666,
    "Norm_JobLevel": 0.5,
    "Norm_JobSatisfaction": 1,
    "Norm_MonthlyIncome": 0.492838335966298,
    "Norm_NumCompaniesWorked": 0.4444444444444444,
    "Norm_PercentSalaryHike": 0.0714285714285714,
    "Norm_PerformanceRating": 0,
    "Norm_RelationshipSatisfaction": 0.3333333333333333,
    "Norm_TotalWorkingYears": 0.325,
    "Norm_TrainingTimesLastYear": 0.8333333333333334,
    "Norm_WorkLifeBalance": 0.3333333333333333,
    "Norm_YearsAtCompany": 0.25,
    "Norm_YearsSinceLastPromotion": 0,
    "NumCompaniesWorked": 4,
    "Over18": "Y",
    "OverTime": "Yes",
    "OverTime_bin": 1,
    "PercentSalaryHike": 12,
    "PerformanceRating": 3,
    "Prob_N01": 0.1375531773098488,
    "Prob_N02": 0.0029062620287485,
    "Prob_N03": 0.0002019371159152,
    "Prob_P01": 0.1136967021997197,
    "Prob_P02": 0.1235774060380844,
    "Prob_P03": 0.0006484747119079,
    "Prob_P04": 0.1712515337014386,
    "Prob_S01": 0.006118470663515,
    "Prob_S02": 0.0127185073643904,
    "Prob_S03": 0.4313275288664308,
    "RelationshipSatisfaction": 2,
    "Score_N01": 0.6523809523809524,
    "Score_N02": 0.2666666666666667,
    "Score_N03": 0,
    "Score_P01": 0.6333333333333334,
    "Score_P02": 0.6416666666666666,
    "Score_P03": 0.1166666666666666,
    "Score_P04": 0.6742932370420522,
    "Score_S01": 0.3411111111111111,
    "Score_S02": 0.4142857142857143,
    "Score_S03": 0.7666666666666667,
    "StandardHours": 80,
    "StockOptionLevel": 1,
    "TotalWorkingYears": 13,
    "TrainingTimesLastYear": 5,
    "WorkLifeBalance": 2,
    "YearsAtCompany": 10,
    "YearsInCurrentRole": 6,
    "YearsSinceLastPromotion": 0,
    "YearsWithCurrManager": 3,
    "argmax_Persona": "내재 동기 전문가",
    "argmax_Persona_Code": "S03",
    "argmax_RiskTier": "Stable",
    "is_married": 0,
    "softmax_Persona": "번아웃에 직면한 직원",
    "softmax_Persona_Code": "P01",
    "softmax_RiskTier": "High"
  },
  "employee_id": 1732,
  "feature_importance": {},
  "lime_explanation": {},
  "model_interpretation": {},
  "predicted_attrition": 0,
  "risk_score": 0.006564921233803034,
  "shap_values": {},
  "xai_explanation": {}
}