{
  "prediction": {
    "risk_score": 1.3235724128301488e-15,
    "attrition_probability": 1.3235724128301488e-15
  },
  "confidence": 0.8
}