{
  "prediction": {
    "risk_score": 5.720572602587544e-36,
    "attrition_probability": 5.720572602587544e-36
  },
  "confidence": 0.8
}