{
  "prediction": {
    "risk_score": 8.859645656000836e-12,
    "attrition_probability": 8.859645656000836e-12
  },
  "confidence": 0.8
}