{
  "confidence": 0.7,
  "employee_data": {
    "Age": 47,
    "AgeFactor": 0,
    "Attrition": "No",
    "BusinessTravel": "Travel_Rarely",
    "DailyRate": 202,
    "Department": "Research & Development",
    "DistanceFromHome": 2,
    "Education": 2,
    "EducationField": "Other",
    "EmployeeCount": 1,
    "EmployeeNumber": 820,
    "EnvironmentSatisfaction": 3,
    "Gender": "Female",
    "HourlyRate": 33,
    "JobInvolvement": 3,
    "JobLevel": 4,
    "JobRole": "Manager",
    "JobSatisfaction": 4,
    "MaritalStatus": "Married",
    "MonthlyIncome": 16752,
    "MonthlyRate": 12982,
    "Norm_EnvironmentSatisfaction": 0.6666666666666666,
    "Norm_JobInvolvement": 0.6666666666666666,
    "Norm_JobLevel": 0.75,
    "Norm_JobSatisfaction": 1,
    "Norm_MonthlyIncome": 0.829015271195366,
    "Norm_NumCompaniesWorked": 0.1111111111111111,
    "Norm_PercentSalaryHike": 0,
    "Norm_PerformanceRating": 0,
    "Norm_RelationshipSatisfaction": 0.6666666666666666,
    "Norm_TotalWorkingYears": 0.65,
    "Norm_TrainingTimesLastYear": 0.5,
    "Norm_WorkLifeBalance": 0.3333333333333333,
    "Norm_YearsAtCompany": 0.65,
    "Norm_YearsSinceLastPromotion": 0.2,
    "NumCompaniesWorked": 1,
    "Over18": "Y",
    "OverTime": "Yes",
    "OverTime_bin": 1,
    "PercentSalaryHike": 11,
    "PerformanceRating": 3,
    "Prob_N01": 0.1179792728199069,
    "Prob_N02": 0.0007949380872511,
    "Prob_N03": 0.022283406276197,
    "Prob_P01": 0.0845358429741905,
    "Prob_P02": 0.0045745528441545,
    "Prob_P03": 0.003562665337229,
    "Prob_P04": 0.0728047502324719,
    "Prob_S01": 0.1610347316219436,
    "Prob_S02": 0.0036834222832453,
    "Prob_S03": 0.5287464175234098,
    "RelationshipSatisfaction": 3,
    "Score_N01": 0.6666666666666667,
    "Score_N02": 0.1666666666666666,
    "Score_N03": 0.5,
    "Score_P01": 0.6333333333333334,
    "Score_P02": 0.3416666666666667,
    "Score_P03": 0.3166666666666666,
    "Score_P04": 0.6183938915218536,
    "Score_S01": 0.6977777777777778,
    "Score_S02": 0.32,
    "Score_S03": 0.8166666666666668,
    "StandardHours": 80,
    "StockOptionLevel": 1,
    "TotalWorkingYears": 26,
    "TrainingTimesLastYear": 3,
    "WorkLifeBalance": 2,
    "YearsAtCompany": 26,
    "YearsInCurrentRole": 14,
    "YearsSinceLastPromotion": 3,
    "YearsWithCurrManager": 0,
    "argmax_Persona": "내재 동기 전문가",
    "argmax_Persona_Code": "S03",
    "argmax_RiskTier": "Stable",
    "is_married": 1,
    "softmax_Persona": "안정적인 핵심인재",
    "softmax_Persona_Code": "S01",
    "softmax_RiskTier": "Stable"
  },
  "employee_id": 820,
  "feature_importance": {},
  "lime_explanation": {},
  "model_interpretation": {},
  "predicted_attrition": 0,
  "risk_score": 0.002620067447423935,
  "shap_values": {},
  "xai_explanation": {}
}