{
  "confidence": 0.8,
  "employee_id": "626",
  "features_used": 11,
  "model_metadata": {
    "feature_dimensions": 11,
    "model_type": "GRU_CNN_Hybrid",
    "sequence_length": 50,
    "training_optimized": true
  },
  "predicted_attrition": 0,
  "risk_score": 3.7183178134032915e-21,
  "sequence_length": 50,
  "xai_explanation": {
    "attention_weights": [
      [
        0.020004427060484886,
        0.019998952746391296,
        0.019999174401164055,
        0.019999342039227486,
        0.01999950222671032,
        0.01999961957335472,
        0.019999712705612183,
        0.019999781623482704,
        0.01999983936548233,
        0.019999882206320763,
        0.0199999138712883,
        0.01999993436038494,
        0.019999952986836433,
        0.019999967887997627,
        0.019999975338578224,
        0.01999998278915882,
        0.01999998465180397,
        0.019999990239739418,
        0.019999990239739418,
        0.019999992102384567,
        0.019999992102384567,
        0.019999992102384567,
        0.019999992102384567,
        0.019999992102384567,
        0.019999992102384567,
        0.019999992102384567,
        0.019999990239739418,
        0.01999998651444912,
        0.01999998651444912,
        0.01999998651444912,
        0.01999998651444912,
        0.01999998465180397,
        0.01999998278915882,
        0.01999998278915882,
        0.01999998278915882,
        0.01999998278915882,
        0.01999998278915882,
        0.019999980926513672,
        0.019999980926513672,
        0.019999980926513672,
        0.019999980926513672,
        0.019999980926513672,
        0.019999980926513672,
        0.019999977201223373,
        0.019999977201223373,
        0.019999977201223373,
        0.019999977201223373,
        0.019999977201223373,
        0.019999977201223373,
        0.019999977201223373
      ]
    ],
    "feature_names": [
      "day_of_week",
      "day_index",
      "system_login_hours",
      "work_focused_hours",
      "meeting_collaboration_hours",
      "social_dining_hours",
      "break_relaxation_hours",
      "shared_work_hours",
      "internal_comm_volume",
      "cafeteria_usage",
      "convenience_food_usage"
    ],
    "gradient_importance": [
      3.438096900845805e-23,
      1.4605147504104582e-23,
      4.5080150626451314e-23,
      5.363539131978388e-23,
      8.78119570013683e-23,
      3.5401063977661066e-23,
      5.435217810617155e-22,
      6.538599830669192e-23,
      2.045720673766972e-22,
      3.466950782186148e-22,
      4.316994729474143e-22
    ],
    "sequence_importance": {
      "timestep_0": 3.860633672337543e-21,
      "timestep_1": 1.4954572243003653e-21,
      "timestep_10": 2.3981000777204464e-28,
      "timestep_11": 1.731348306910311e-28,
      "timestep_12": 1.4420633977605185e-28,
      "timestep_13": 1.0798973272846029e-28,
      "timestep_14": 7.672613601534659e-29,
      "timestep_15": 6.254358188634791e-29,
      "timestep_16": 4.312886290522904e-29,
      "timestep_17": 3.5535053542193845e-29,
      "timestep_18": 2.6079041451071866e-29,
      "timestep_19": 2.0811046778822228e-29,
      "timestep_2": 1.2475455300658347e-22,
      "timestep_20": 1.57738311760571e-29,
      "timestep_21": 1.2383457203878728e-29,
      "timestep_22": 9.045462507656614e-30,
      "timestep_23": 6.006430067165007e-30,
      "timestep_24": 4.609184067314335e-30,
      "timestep_25": 3.3714234986103465e-30,
      "timestep_26": 3.2364406359494906e-30,
      "timestep_27": 2.0396893976033174e-30,
      "timestep_28": 2.0167354723950366e-30,
      "timestep_29": 1.3280545215703111e-30,
      "timestep_3": 1.3091606056434427e-27,
      "timestep_30": 9.88240733843643e-31,
      "timestep_31": 9.38828593707958e-31,
      "timestep_32": 8.894164535722729e-31,
      "timestep_33": 8.40004407476136e-31,
      "timestep_34": 5.929384876027932e-31,
      "timestep_35": 5.558797586592217e-31,
      "timestep_36": 5.188210297156502e-31,
      "timestep_37": 4.817623477918527e-31,
      "timestep_38": 4.447036658680553e-31,
      "timestep_39": 2.3356219341940156e-31,
      "timestep_4": 1.2263775884718684e-27,
      "timestep_40": 2.123292859802726e-31,
      "timestep_41": 1.9109633152136963e-31,
      "timestep_42": 1.6986341232729718e-31,
      "timestep_43": 1.4863048137828122e-31,
      "timestep_44": 1.2739753867432174e-31,
      "timestep_45": 0,
      "timestep_46": 1.4708065453243336e-22,
      "timestep_47": 6.229648957353241e-22,
      "timestep_48": 9.059187758781818e-22,
      "timestep_49": 1.3104074700875198e-21,
      "timestep_5": 8.963668924956906e-28,
      "timestep_6": 6.975382665277759e-28,
      "timestep_7": 5.353272021477498e-28,
      "timestep_8": 4.258692367261859e-28,
      "timestep_9": 3.2041597780860793e-28
    },
    "temporal_importance": [
      3.860633672337543e-21,
      1.4954572243003653e-21,
      1.2475455300658347e-22,
      1.3091606056434427e-27,
      1.2263775884718684e-27,
      8.963668924956906e-28,
      6.975382665277759e-28,
      5.353272021477498e-28,
      4.258692367261859e-28,
      3.2041597780860793e-28,
      2.3981000777204464e-28,
      1.731348306910311e-28,
      1.4420633977605185e-28,
      1.0798973272846029e-28,
      7.672613601534659e-29,
      6.254358188634791e-29,
      4.312886290522904e-29,
      3.5535053542193845e-29,
      2.6079041451071866e-29,
      2.0811046778822228e-29,
      1.57738311760571e-29,
      1.2383457203878728e-29,
      9.045462507656614e-30,
      6.006430067165007e-30,
      4.609184067314335e-30,
      3.3714234986103465e-30,
      3.2364406359494906e-30,
      2.0396893976033174e-30,
      2.0167354723950366e-30,
      1.3280545215703111e-30,
      9.88240733843643e-31,
      9.38828593707958e-31,
      8.894164535722729e-31,
      8.40004407476136e-31,
      5.929384876027932e-31,
      5.558797586592217e-31,
      5.188210297156502e-31,
      4.817623477918527e-31,
      4.447036658680553e-31,
      2.3356219341940156e-31,
      2.123292859802726e-31,
      1.9109633152136963e-31,
      1.6986341232729718e-31,
      1.4863048137828122e-31,
      1.2739753867432174e-31,
      0,
      1.4708065453243336e-22,
      6.229648957353241e-22,
      9.059187758781818e-22,
      1.3104074700875198e-21
    ],
    "trend_analysis": {
      "confidence_level": "high",
      "prediction_trend": "stable"
    }
  }
}