{
  "prediction": {
    "risk_score": 7.170002092049543e-11,
    "attrition_probability": 7.170002092049543e-11
  },
  "confidence": 0.8
}