{
  "psychological_risk_score": 0.17076923076923076,
  "sentiment_analysis": {
    "risk_score": 0.17076923076923076,
    "sentiment_score": 0
  },
  "risk_level": "MEDIUM"
}