{
  "confidence": 0.8,
  "employee_id": "1940",
  "features_used": 11,
  "model_metadata": {
    "feature_dimensions": 11,
    "model_type": "GRU_CNN_Hybrid",
    "sequence_length": 50,
    "training_optimized": true
  },
  "predicted_attrition": 0,
  "risk_score": 4.033998547201668e-19,
  "sequence_length": 50,
  "xai_explanation": {
    "attention_weights": [
      [
        0.020004112273454666,
        0.019999612122774124,
        0.019999705255031586,
        0.01999976672232151,
        0.019999831914901733,
        0.019999871030449867,
        0.019999900832772255,
        0.019999921321868896,
        0.019999943673610687,
        0.019999954849481583,
        0.01999996230006218,
        0.019999967887997627,
        0.01999996416270733,
        0.019999967887997627,
        0.01999996416270733,
        0.01999996416270733,
        0.01999996230006218,
        0.01999996043741703,
        0.019999956712126732,
        0.019999954849481583,
        0.019999951124191284,
        0.019999951124191284,
        0.019999947398900986,
        0.019999945536255836,
        0.019999943673610687,
        0.01999993808567524,
        0.01999993808567524,
        0.01999993622303009,
        0.01999993436038494,
        0.01999993436038494,
        0.01999993436038494,
        0.019999930635094643,
        0.019999928772449493,
        0.019999928772449493,
        0.019999928772449493,
        0.019999928772449493,
        0.019999923184514046,
        0.019999923184514046,
        0.019999923184514046,
        0.019999923184514046,
        0.019999923184514046,
        0.019999923184514046,
        0.019999921321868896,
        0.019999921321868896,
        0.019999921321868896,
        0.019999919459223747,
        0.019999919459223747,
        0.019999919459223747,
        0.019999919459223747,
        0.019999919459223747
      ]
    ],
    "feature_names": [
      "day_of_week",
      "day_index",
      "system_login_hours",
      "work_focused_hours",
      "meeting_collaboration_hours",
      "social_dining_hours",
      "break_relaxation_hours",
      "shared_work_hours",
      "internal_comm_volume",
      "cafeteria_usage",
      "convenience_food_usage"
    ],
    "gradient_importance": [
      3.574468762278976e-21,
      1.5843300666906238e-21,
      4.8740660359310324e-21,
      5.818966404995147e-21,
      9.526852372274894e-21,
      3.74802765300201e-21,
      5.896750220805471e-20,
      7.093798343471763e-21,
      2.2194335047003173e-20,
      3.7613482497003115e-20,
      4.6835728839879624e-20
    ],
    "sequence_importance": {
      "timestep_0": 4.188460567923109e-19,
      "timestep_1": 1.6224444611706968e-19,
      "timestep_10": 1.2794904800328913e-26,
      "timestep_11": 9.267695070419909e-27,
      "timestep_12": 6.96291544667226e-27,
      "timestep_13": 5.202306943525235e-27,
      "timestep_14": 4.617901990828395e-27,
      "timestep_15": 3.0881402656404853e-27,
      "timestep_16": 2.299134337894661e-27,
      "timestep_17": 1.7690388762925907e-27,
      "timestep_18": 1.3896249957549692e-27,
      "timestep_19": 1.1002201252437658e-27,
      "timestep_2": 1.3534745196279616e-20,
      "timestep_20": 9.03946100902335e-28,
      "timestep_21": 7.268234276313935e-28,
      "timestep_22": 5.9095932563182785e-28,
      "timestep_23": 4.7558528860709525e-28,
      "timestep_24": 4.767850948141999e-28,
      "timestep_25": 3.613888855209825e-28,
      "timestep_26": 3.5524634863047818e-28,
      "timestep_27": 2.2653806341340763e-28,
      "timestep_28": 2.1280779587625506e-28,
      "timestep_29": 1.6493682099325516e-28,
      "timestep_3": 6.835056347301093e-26,
      "timestep_30": 1.5549334851163047e-28,
      "timestep_31": 1.8483627547651754e-28,
      "timestep_32": 1.0879596311436724e-28,
      "timestep_33": 1.0497115050424926e-28,
      "timestep_34": 9.879637234276965e-29,
      "timestep_35": 9.262157612569682e-29,
      "timestep_36": 8.644679194568614e-29,
      "timestep_37": 8.027202582126869e-29,
      "timestep_38": 7.409724765978909e-29,
      "timestep_39": 4.4224021903246074e-29,
      "timestep_4": 6.612410217563778e-26,
      "timestep_40": 4.0203652172134334e-29,
      "timestep_41": 3.6183282441022593e-29,
      "timestep_42": 1.8427989838970837e-29,
      "timestep_43": 1.612448885215033e-29,
      "timestep_44": 1.382098936996259e-29,
      "timestep_45": 1.151748988777485e-29,
      "timestep_46": 1.1284426997016814e-20,
      "timestep_47": 7.634807906735115e-20,
      "timestep_48": 9.74000066025847e-20,
      "timestep_49": 1.3775815515139545e-19,
      "timestep_5": 4.609631970609998e-26,
      "timestep_6": 3.4767953550895594e-26,
      "timestep_7": 2.831604817785551e-26,
      "timestep_8": 2.3819826055727513e-26,
      "timestep_9": 1.7020801854718763e-26
    },
    "temporal_importance": [
      4.188460567923109e-19,
      1.6224444611706968e-19,
      1.3534745196279616e-20,
      6.835056347301093e-26,
      6.612410217563778e-26,
      4.609631970609998e-26,
      3.4767953550895594e-26,
      2.831604817785551e-26,
      2.3819826055727513e-26,
      1.7020801854718763e-26,
      1.2794904800328913e-26,
      9.267695070419909e-27,
      6.96291544667226e-27,
      5.202306943525235e-27,
      4.617901990828395e-27,
      3.0881402656404853e-27,
      2.299134337894661e-27,
      1.7690388762925907e-27,
      1.3896249957549692e-27,
      1.1002201252437658e-27,
      9.03946100902335e-28,
      7.268234276313935e-28,
      5.9095932563182785e-28,
      4.7558528860709525e-28,
      4.767850948141999e-28,
      3.613888855209825e-28,
      3.5524634863047818e-28,
      2.2653806341340763e-28,
      2.1280779587625506e-28,
      1.6493682099325516e-28,
      1.5549334851163047e-28,
      1.8483627547651754e-28,
      1.0879596311436724e-28,
      1.0497115050424926e-28,
      9.879637234276965e-29,
      9.262157612569682e-29,
      8.644679194568614e-29,
      8.027202582126869e-29,
      7.409724765978909e-29,
      4.4224021903246074e-29,
      4.0203652172134334e-29,
      3.6183282441022593e-29,
      1.8427989838970837e-29,
      1.612448885215033e-29,
      1.382098936996259e-29,
      1.151748988777485e-29,
      1.1284426997016814e-20,
      7.634807906735115e-20,
      9.74000066025847e-20,
      1.3775815515139545e-19
    ],
    "trend_analysis": {
      "confidence_level": "high",
      "prediction_trend": "stable"
    }
  }
}