{
  "confidence": 0.8,
  "employee_id": "571",
  "features_used": 11,
  "model_metadata": {
    "feature_dimensions": 11,
    "model_type": "GRU_CNN_Hybrid",
    "sequence_length": 50,
    "training_optimized": true
  },
  "predicted_attrition": 0,
  "risk_score": 1.5456993196494295e-06,
  "sequence_length": 50,
  "xai_explanation": {
    "attention_weights": [
      [
        0.020001120865345,
        0.02000001072883606,
        0.020000047981739044,
        0.020000077784061432,
        0.020000113174319267,
        0.020000120624899864,
        0.020000122487545013,
        0.020000122487545013,
        0.020000111311674118,
        0.020000100135803223,
        0.020000087097287178,
        0.020000075921416283,
        0.020000068470835686,
        0.020000053569674492,
        0.020000042393803596,
        0.0200000312179327,
        0.020000023767352104,
        0.02000000886619091,
        0.020000001415610313,
        0.019999993965029716,
        0.01999998837709427,
        0.019999980926513672,
        0.019999973475933075,
        0.019999967887997627,
        0.01999996416270733,
        0.019999956712126732,
        0.019999951124191284,
        0.019999947398900986,
        0.019999941810965538,
        0.01999993994832039,
        0.01999993436038494,
        0.019999932497739792,
        0.019999930635094643,
        0.019999928772449493,
        0.019999925047159195,
        0.019999923184514046,
        0.019999923184514046,
        0.019999921321868896,
        0.019999917596578598,
        0.019999917596578598,
        0.019999917596578598,
        0.01999991573393345,
        0.0199999138712883,
        0.0199999138712883,
        0.0199999138712883,
        0.0199999138712883,
        0.0199999138712883,
        0.01999991200864315,
        0.01999991200864315,
        0.01999991200864315
      ]
    ],
    "feature_names": [
      "day_of_week",
      "day_index",
      "system_login_hours",
      "work_focused_hours",
      "meeting_collaboration_hours",
      "social_dining_hours",
      "break_relaxation_hours",
      "shared_work_hours",
      "internal_comm_volume",
      "cafeteria_usage",
      "convenience_food_usage"
    ],
    "gradient_importance": [
      1.2316876407680866e-08,
      3.642506962719949e-09,
      1.2488576395242035e-08,
      2.1702769359421836e-08,
      2.5170777462335536e-08,
      4.284155696865355e-09,
      1.7225494275407982e-07,
      1.833607399248649e-08,
      5.712481154773741e-08,
      1.110067771037393e-07,
      1.3307055723998928e-07
    ],
    "sequence_importance": {
      "timestep_0": 1.2072789559169905e-06,
      "timestep_1": 2.5859725383270415e-07,
      "timestep_10": 4.288695863285258e-14,
      "timestep_11": 3.605561758445591e-14,
      "timestep_12": 2.6737381026657042e-14,
      "timestep_13": 2.5380637533062994e-14,
      "timestep_14": 1.9386990046644202e-14,
      "timestep_15": 1.7310969891164325e-14,
      "timestep_16": 1.1908174472267507e-14,
      "timestep_17": 1.1795226016882935e-14,
      "timestep_18": 8.882721015440916e-15,
      "timestep_19": 7.616884485877988e-15,
      "timestep_2": 2.748433533712735e-13,
      "timestep_20": 6.664401018888211e-15,
      "timestep_21": 5.839392198811943e-15,
      "timestep_22": 4.291982012307426e-15,
      "timestep_23": 4.173850985835078e-15,
      "timestep_24": 3.0188696814858204e-15,
      "timestep_25": 3.2122005047736414e-15,
      "timestep_26": 2.8181851299081745e-15,
      "timestep_27": 2.1914760401465583e-15,
      "timestep_28": 1.8525582526758523e-15,
      "timestep_29": 1.7683503663454476e-15,
      "timestep_3": 2.310182210460421e-13,
      "timestep_30": 1.599272637436359e-15,
      "timestep_31": 1.0619469111919897e-15,
      "timestep_32": 8.99454016414856e-16,
      "timestep_33": 8.494842606036543e-16,
      "timestep_34": 7.995143989133341e-16,
      "timestep_35": 6.607109510280943e-16,
      "timestep_36": 5.031691226463396e-16,
      "timestep_37": 3.572462304905294e-16,
      "timestep_38": 3.2976567588496213e-16,
      "timestep_39": 2.2671384757699104e-16,
      "timestep_4": 2.0277963336257088e-13,
      "timestep_40": 2.0610348456237478e-16,
      "timestep_41": 1.8549309507797892e-16,
      "timestep_42": 1.6488274529825246e-16,
      "timestep_43": 1.442723558138566e-16,
      "timestep_44": 8.244133956190173e-17,
      "timestep_45": 4.567602118754621e-08,
      "timestep_46": 9.264979894396674e-08,
      "timestep_47": 3.1121311394599616e-07,
      "timestep_48": 2.951750559532229e-07,
      "timestep_49": 3.8667596413688443e-07,
      "timestep_5": 1.3799093703630028e-13,
      "timestep_6": 1.1485152835288143e-13,
      "timestep_7": 8.792527930777741e-14,
      "timestep_8": 6.842052288234465e-14,
      "timestep_9": 5.4980359728926814e-14
    },
    "temporal_importance": [
      1.2072789559169905e-06,
      2.5859725383270415e-07,
      2.748433533712735e-13,
      2.310182210460421e-13,
      2.0277963336257088e-13,
      1.3799093703630028e-13,
      1.1485152835288143e-13,
      8.792527930777741e-14,
      6.842052288234465e-14,
      5.4980359728926814e-14,
      4.288695863285258e-14,
      3.605561758445591e-14,
      2.6737381026657042e-14,
      2.5380637533062994e-14,
      1.9386990046644202e-14,
      1.7310969891164325e-14,
      1.1908174472267507e-14,
      1.1795226016882935e-14,
      8.882721015440916e-15,
      7.616884485877988e-15,
      6.664401018888211e-15,
      5.839392198811943e-15,
      4.291982012307426e-15,
      4.173850985835078e-15,
      3.0188696814858204e-15,
      3.2122005047736414e-15,
      2.8181851299081745e-15,
      2.1914760401465583e-15,
      1.8525582526758523e-15,
      1.7683503663454476e-15,
      1.599272637436359e-15,
      1.0619469111919897e-15,
      8.99454016414856e-16,
      8.494842606036543e-16,
      7.995143989133341e-16,
      6.607109510280943e-16,
      5.031691226463396e-16,
      3.572462304905294e-16,
      3.2976567588496213e-16,
      2.2671384757699104e-16,
      2.0610348456237478e-16,
      1.8549309507797892e-16,
      1.6488274529825246e-16,
      1.442723558138566e-16,
      8.244133956190173e-17,
      4.567602118754621e-08,
      9.264979894396674e-08,
      3.1121311394599616e-07,
      2.951750559532229e-07,
      3.8667596413688443e-07
    ],
    "trend_analysis": {
      "confidence_level": "high",
      "prediction_trend": "stable"
    }
  }
}