{
  "prediction": {
    "risk_score": 4.0926275346464536e-07,
    "attrition_probability": 4.0926275346464536e-07
  },
  "confidence": 0.8
}