{
  "prediction": {
    "employee_id": "728",
    "attrition_probability": 0.16520115733146667,
    "attrition_prediction": 1,
    "risk_category": "LOW",
    "confidence_score": 0.6695976853370667,
    "prediction_timestamp": "2025-09-23T22:52:35.669451"
  },
  "explanation": {
    "employee_id": "728",
    "feature_importance": {
      "RelationshipSatisfaction": 0.03405288979411125,
      "Education": 0.02487798221409321,
      "JobInvolvement": 0.03501373156905174,
      "EnvironmentSatisfaction": 0.048257846385240555,
      "JobLevel": 0.07228615880012512,
      "JobSatisfaction": 0.04019258916378021,
      "StockOptionLevel": 0.07264421880245209,
      "WorkLifeBalance": 0.03580893576145172,
      "Department": 0.037670474499464035,
      "JobRole": 0.046762410551309586,
      "MaritalStatus": 0.036864522844552994,
      "OverTime": 0.0779639258980751,
      "Age": 0.04039482772350311,
      "DailyRate": 0.03578038513660431,
      "DistanceFromHome": 0.036774344742298126,
      "MonthlyIncome": 0.04666806384921074,
      "NumCompaniesWorked": 0.050036631524562836,
      "TotalWorkingYears": 0.04981709271669388,
      "TrainingTimesLastYear": 0.02378365956246853,
      "YearsAtCompany": 0.02968277968466282,
      "YearsInCurrentRole": 0.03649982064962387,
      "YearsSinceLastPromotion": 0.03537580743432045,
      "YearsWithCurrManager": 0.05279093235731125
    },
    "shap_values": {
      "RelationshipSatisfaction": -0.1016012579202652,
      "Education": -0.013911200687289238,
      "JobInvolvement": -0.09282869100570679,
      "EnvironmentSatisfaction": -0.375833660364151,
      "JobLevel": -0.08249110728502274,
      "JobSatisfaction": 0.4334161877632141,
      "StockOptionLevel": 0.2638523578643799,
      "WorkLifeBalance": -0.14073264598846436,
      "Department": -0.04302399605512619,
      "JobRole": -0.26482996344566345,
      "MaritalStatus": -0.11826582252979279,
      "OverTime": -0.44582220911979675,
      "Age": -0.09955018758773804,
      "DailyRate": -0.004096962511539459,
      "DistanceFromHome": 0.3222004473209381,
      "MonthlyIncome": -0.22157786786556244,
      "NumCompaniesWorked": -0.1779952049255371,
      "TotalWorkingYears": -0.4130348265171051,
      "TrainingTimesLastYear": 0.06071818247437477,
      "YearsAtCompany": -0.033237166702747345,
      "YearsInCurrentRole": -0.11217793822288513,
      "YearsSinceLastPromotion": -0.08217695355415344,
      "YearsWithCurrManager": -0.15231163799762726
    },
    "lime_explanation": {
      "features": [
        "OverTime=0",
        "StockOptionLevel <= 0.00",
        "3.00 < EnvironmentSatisfaction <= 4.00",
        "2.00 < JobInvolvement <= 3.00",
        "2.00 < WorkLifeBalance <= 3.00",
        "JobSatisfaction <= 2.00",
        "TotalWorkingYears > 15.00",
        "3.00 < RelationshipSatisfaction <= 4.00",
        "Age > 42.00",
        "7.00 < DistanceFromHome <= 14.00"
      ],
      "values": [
        -0.21861348790690846,
        0.11394001478249548,
        -0.08290652171509182,
        -0.0710785979983427,
        -0.06860571380895313,
        0.0678928414303346,
        -0.056144847837917705,
        -0.054180472951665774,
        -0.05275977744383608,
        0.049952941643924206
      ],
      "intercept": 0.5144674350031795
    },
    "top_risk_factors": [
      {
        "feature": "JobSatisfaction",
        "impact": 0.4334161877632141,
        "type": "risk"
      },
      {
        "feature": "DistanceFromHome",
        "impact": 0.3222004473209381,
        "type": "risk"
      }
    ],
    "top_protective_factors": [
      {
        "feature": "OverTime",
        "impact": 0.44582220911979675,
        "type": "protective"
      },
      {
        "feature": "TotalWorkingYears",
        "impact": 0.4130348265171051,
        "type": "protective"
      },
      {
        "feature": "EnvironmentSatisfaction",
        "impact": 0.375833660364151,
        "type": "protective"
      }
    ],
    "explanation_timestamp": "2025-09-23T22:52:35.753473"
  },
  "agent_type": "structura",
  "analysis_type": "individual"
}