{
  "confidence": 0.7,
  "employee_data": {
    "Age": 47,
    "AgeFactor": 0,
    "Attrition": "No",
    "BusinessTravel": "Travel_Rarely",
    "DailyRate": 1482,
    "Department": "Research & Development",
    "DistanceFromHome": 5,
    "Education": 5,
    "EducationField": "Life Sciences",
    "EmployeeCount": 1,
    "EmployeeNumber": 447,
    "EnvironmentSatisfaction": 4,
    "Gender": "Male",
    "HourlyRate": 42,
    "JobInvolvement": 3,
    "JobLevel": 5,
    "JobRole": "Research Director",
    "JobSatisfaction": 3,
    "MaritalStatus": "Married",
    "MonthlyIncome": 18300,
    "MonthlyRate": 16375,
    "Norm_EnvironmentSatisfaction": 1,
    "Norm_JobInvolvement": 0.6666666666666666,
    "Norm_JobLevel": 1,
    "Norm_JobSatisfaction": 0.6666666666666666,
    "Norm_MonthlyIncome": 0.9105318588730912,
    "Norm_NumCompaniesWorked": 0.4444444444444444,
    "Norm_PercentSalaryHike": 0,
    "Norm_PerformanceRating": 0,
    "Norm_RelationshipSatisfaction": 0.3333333333333333,
    "Norm_TotalWorkingYears": 0.525,
    "Norm_TrainingTimesLastYear": 0.3333333333333333,
    "Norm_WorkLifeBalance": 0.6666666666666666,
    "Norm_YearsAtCompany": 0.075,
    "Norm_YearsSinceLastPromotion": 0.0666666666666666,
    "NumCompaniesWorked": 4,
    "Over18": "Y",
    "OverTime": "No",
    "OverTime_bin": 0,
    "PercentSalaryHike": 11,
    "PerformanceRating": 3,
    "Prob_N01": 0.1616558035738774,
    "Prob_N02": 0.0015201404607191,
    "Prob_N03": 0.2256088480549793,
    "Prob_P01": 0.0029608293225272,
    "Prob_P02": 0.155058542468569,
    "Prob_P03": 0.0041321701910783,
    "Prob_P04": 0.1187090217622703,
    "Prob_S01": 0.0068889167363065,
    "Prob_S02": 0.0086032158747832,
    "Prob_S03": 0.3148625115548892,
    "RelationshipSatisfaction": 2,
    "Score_N01": 0.6666666666666667,
    "Score_N02": 0.2,
    "Score_N03": 0.7,
    "Score_P01": 0.2666666666666667,
    "Score_P02": 0.6625000000000001,
    "Score_P03": 0.3,
    "Score_P04": 0.6357872564507636,
    "Score_S01": 0.3511111111111111,
    "Score_S02": 0.3733333333333333,
    "Score_S03": 0.7333333333333334,
    "StandardHours": 80,
    "StockOptionLevel": 1,
    "TotalWorkingYears": 21,
    "TrainingTimesLastYear": 2,
    "WorkLifeBalance": 3,
    "YearsAtCompany": 3,
    "YearsInCurrentRole": 2,
    "YearsSinceLastPromotion": 1,
    "YearsWithCurrManager": 1,
    "argmax_Persona": "내재 동기 전문가",
    "argmax_Persona_Code": "S03",
    "argmax_RiskTier": "Stable",
    "is_married": 1,
    "softmax_Persona": "라이징 스타",
    "softmax_Persona_Code": "S02",
    "softmax_RiskTier": "Stable"
  },
  "employee_id": 447,
  "feature_importance": {},
  "lime_explanation": {},
  "model_interpretation": {},
  "predicted_attrition": 0,
  "risk_score": 0.0003672872553579509,
  "shap_values": {},
  "xai_explanation": {}
}