{
  "confidence": 0.8,
  "employee_id": "1010",
  "features_used": 11,
  "model_metadata": {
    "feature_dimensions": 11,
    "model_type": "GRU_CNN_Hybrid",
    "sequence_length": 50,
    "training_optimized": true
  },
  "predicted_attrition": 1,
  "risk_score": 0.9999998807907104,
  "sequence_length": 50,
  "xai_explanation": {
    "attention_weights": [
      [
        0.02000509388744831,
        0.020004553720355034,
        0.020003948360681534,
        0.02000347338616848,
        0.02000293880701065,
        0.02000255137681961,
        0.02000214159488678,
        0.020001787692308426,
        0.020001448690891266,
        0.020001186057925224,
        0.020000943914055824,
        0.020000722259283066,
        0.020000513643026352,
        0.020000334829092026,
        0.020000191405415535,
        0.020000064745545387,
        0.019999926909804344,
        0.019999826326966286,
        0.01999971829354763,
        0.019999613985419273,
        0.01999952644109726,
        0.019999437034130096,
        0.019999366253614426,
        0.019999289885163307,
        0.019999224692583084,
        0.019999179989099503,
        0.01999913714826107,
        0.019999099895358086,
        0.019999055191874504,
        0.019999025389552116,
        0.01999899372458458,
        0.01999896951019764,
        0.01999894715845585,
        0.01999891921877861,
        0.01999889872968197,
        0.019998880103230476,
        0.019998863339424133,
        0.01999884657561779,
        0.019998831674456596,
        0.019998816773295403,
        0.019998803734779358,
        0.019998794421553612,
        0.019998781383037567,
        0.01999877393245697,
        0.019998768344521523,
        0.019998762756586075,
        0.019998757168650627,
        0.019998755306005478,
        0.01999874785542488,
        0.019998745992779732
      ]
    ],
    "feature_names": [
      "day_of_week",
      "day_index",
      "system_login_hours",
      "work_focused_hours",
      "meeting_collaboration_hours",
      "social_dining_hours",
      "break_relaxation_hours",
      "shared_work_hours",
      "internal_comm_volume",
      "cafeteria_usage",
      "convenience_food_usage"
    ],
    "gradient_importance": [
      5.773460598490487e-10,
      1.3333416315486346e-10,
      3.0157198960267806e-10,
      1.3769855256029473e-09,
      6.803663188392761e-10,
      2.3062235454673896e-10,
      8.950204133384432e-09,
      6.502783311823634e-10,
      1.1035597990982637e-09,
      5.896656496418018e-09,
      6.016529496832845e-09
    ],
    "sequence_importance": {
      "timestep_0": 3.630345579708205e-09,
      "timestep_1": 7.951609883776259e-14,
      "timestep_10": 2.0018991821776737e-14,
      "timestep_11": 1.5860944353155056e-14,
      "timestep_12": 1.424460220188651e-14,
      "timestep_13": 1.154737062398917e-14,
      "timestep_14": 9.32469348995579e-15,
      "timestep_15": 7.75785025005889e-15,
      "timestep_16": 7.718500487461245e-15,
      "timestep_17": 5.72644247287795e-15,
      "timestep_18": 5.511186837025162e-15,
      "timestep_19": 4.789575752336701e-15,
      "timestep_2": 7.016070125050178e-14,
      "timestep_20": 3.952189239802206e-15,
      "timestep_21": 3.667619203809704e-15,
      "timestep_22": 2.8374032486901905e-15,
      "timestep_23": 2.872604032153948e-15,
      "timestep_24": 2.2125046918533304e-15,
      "timestep_25": 1.6343252960134653e-15,
      "timestep_26": 1.3899034570505147e-15,
      "timestep_27": 1.14355133587989e-15,
      "timestep_28": 1.1703750693744207e-15,
      "timestep_29": 8.4328350297372e-16,
      "timestep_3": 5.960255753572133e-14,
      "timestep_30": 8.079899694022382e-16,
      "timestep_31": 5.82851947214275e-16,
      "timestep_32": 5.244659132204769e-16,
      "timestep_33": 5.46439906635944e-16,
      "timestep_34": 4.0392965728506213e-16,
      "timestep_35": 3.468259252942886e-16,
      "timestep_36": 2.929032255369286e-16,
      "timestep_37": 2.3900948371845287e-16,
      "timestep_38": 2.2573295695429096e-16,
      "timestep_39": 1.793360125843874e-16,
      "timestep_4": 5.106505835046106e-14,
      "timestep_40": 1.65608546654931e-16,
      "timestep_41": 1.2258706828450523e-16,
      "timestep_42": 9.16943010079281e-17,
      "timestep_43": 6.629997531655836e-17,
      "timestep_44": 5.42487743548284e-17,
      "timestep_45": 3.445845172971761e-17,
      "timestep_46": 3.94166432826637e-09,
      "timestep_47": 2.6748375958618453e-08,
      "timestep_48": 4.2221390827990035e-08,
      "timestep_49": 4.1264275552066465e-08,
      "timestep_5": 4.252046780536638e-14,
      "timestep_6": 4.084066594568954e-14,
      "timestep_7": 3.273972076518056e-14,
      "timestep_8": 2.760628097647766e-14,
      "timestep_9": 2.2151632741648775e-14
    },
    "temporal_importance": [
      3.630345579708205e-09,
      7.951609883776259e-14,
      7.016070125050178e-14,
      5.960255753572133e-14,
      5.106505835046106e-14,
      4.252046780536638e-14,
      4.084066594568954e-14,
      3.273972076518056e-14,
      2.760628097647766e-14,
      2.2151632741648775e-14,
      2.0018991821776737e-14,
      1.5860944353155056e-14,
      1.424460220188651e-14,
      1.154737062398917e-14,
      9.32469348995579e-15,
      7.75785025005889e-15,
      7.718500487461245e-15,
      5.72644247287795e-15,
      5.511186837025162e-15,
      4.789575752336701e-15,
      3.952189239802206e-15,
      3.667619203809704e-15,
      2.8374032486901905e-15,
      2.872604032153948e-15,
      2.2125046918533304e-15,
      1.6343252960134653e-15,
      1.3899034570505147e-15,
      1.14355133587989e-15,
      1.1703750693744207e-15,
      8.4328350297372e-16,
      8.079899694022382e-16,
      5.82851947214275e-16,
      5.244659132204769e-16,
      5.46439906635944e-16,
      4.0392965728506213e-16,
      3.468259252942886e-16,
      2.929032255369286e-16,
      2.3900948371845287e-16,
      2.2573295695429096e-16,
      1.793360125843874e-16,
      1.65608546654931e-16,
      1.2258706828450523e-16,
      9.16943010079281e-17,
      6.629997531655836e-17,
      5.42487743548284e-17,
      3.445845172971761e-17,
      3.94166432826637e-09,
      2.6748375958618453e-08,
      4.2221390827990035e-08,
      4.1264275552066465e-08
    ],
    "trend_analysis": {
      "confidence_level": "high",
      "prediction_trend": "increasing"
    }
  }
}