{
  "confidence": 0.7,
  "employee_data": {
    "Age": 35,
    "AgeFactor": 1,
    "Attrition": "Yes",
    "BusinessTravel": "Travel_Rarely",
    "DailyRate": 622,
    "Department": "Research & Development",
    "DistanceFromHome": 14,
    "Education": 4,
    "EducationField": "Other",
    "EmployeeCount": 1,
    "EmployeeNumber": 1010,
    "EnvironmentSatisfaction": 3,
    "Gender": "Male",
    "HourlyRate": 39,
    "JobInvolvement": 2,
    "JobLevel": 1,
    "JobRole": "Laboratory Technician",
    "JobSatisfaction": 2,
    "MaritalStatus": "Divorced",
    "MonthlyIncome": 3743,
    "MonthlyRate": 10074,
    "Norm_EnvironmentSatisfaction": 0.6666666666666666,
    "Norm_JobInvolvement": 0.3333333333333333,
    "Norm_JobLevel": 0,
    "Norm_JobSatisfaction": 0.3333333333333333,
    "Norm_MonthlyIncome": 0.1439705107951553,
    "Norm_NumCompaniesWorked": 0.1111111111111111,
    "Norm_PercentSalaryHike": 0.9285714285714286,
    "Norm_PerformanceRating": 1,
    "Norm_RelationshipSatisfaction": 1,
    "Norm_TotalWorkingYears": 0.125,
    "Norm_TrainingTimesLastYear": 0.3333333333333333,
    "Norm_WorkLifeBalance": 0,
    "Norm_YearsAtCompany": 0.1,
    "Norm_YearsSinceLastPromotion": 0,
    "NumCompaniesWorked": 1,
    "Over18": "Y",
    "OverTime": "Yes",
    "OverTime_bin": 1,
    "PercentSalaryHike": 24,
    "PerformanceRating": 4,
    "Prob_N01": 0.001425143378568,
    "Prob_N02": 0.0127400250408803,
    "Prob_N03": 0.0008852209085052,
    "Prob_P01": 0.1313784315349212,
    "Prob_P02": 0.0077272157928006,
    "Prob_P03": 0.0012354252988559,
    "Prob_P04": 0.0018002295625878,
    "Prob_S01": 0.0006413754467213,
    "Prob_S02": 0.8415326445384408,
    "Prob_S03": 0.0006342884977186,
    "RelationshipSatisfaction": 4,
    "Score_N01": 0.3476190476190476,
    "Score_N02": 0.5666666666666667,
    "Score_N03": 0.3,
    "Score_P01": 0.8,
    "Score_P02": 0.5166666666666667,
    "Score_P03": 0.3333333333333333,
    "Score_P04": 0.3709832242533665,
    "Score_S01": 0.2677777777777778,
    "Score_S02": 0.9857142857142858,
    "Score_S03": 0.2666666666666666,
    "StandardHours": 80,
    "StockOptionLevel": 1,
    "TotalWorkingYears": 5,
    "TrainingTimesLastYear": 2,
    "WorkLifeBalance": 1,
    "YearsAtCompany": 4,
    "YearsInCurrentRole": 2,
    "YearsSinceLastPromotion": 0,
    "YearsWithCurrManager": 2,
    "argmax_Persona": "라이징 스타",
    "argmax_Persona_Code": "S02",
    "argmax_RiskTier": "Stable",
    "is_married": 0,
    "softmax_Persona": "번아웃에 직면한 직원",
    "softmax_Persona_Code": "P01",
    "softmax_RiskTier": "High"
  },
  "employee_id": 1010,
  "feature_importance": {},
  "lime_explanation": {},
  "model_interpretation": {},
  "predicted_attrition": 0,
  "risk_score": 0.0030706003308296204,
  "shap_values": {},
  "xai_explanation": {}
}