{
  "confidence": 0.8,
  "employee_id": "527",
  "features_used": 11,
  "model_metadata": {
    "feature_dimensions": 11,
    "model_type": "GRU_CNN_Hybrid",
    "sequence_length": 50,
    "training_optimized": true
  },
  "predicted_attrition": 0,
  "risk_score": 2.857399158529006e-05,
  "sequence_length": 50,
  "xai_explanation": {
    "attention_weights": [
      [
        0.02000204101204872,
        0.020001091063022614,
        0.020000997930765152,
        0.020000888034701347,
        0.02000078372657299,
        0.020000673830509186,
        0.020000560209155083,
        0.02000046893954277,
        0.020000381395220757,
        0.020000310614705086,
        0.020000239834189415,
        0.02000017650425434,
        0.02000012993812561,
        0.020000087097287178,
        0.020000044256448746,
        0.02000000700354576,
        0.019999967887997627,
        0.01999993436038494,
        0.019999904558062553,
        0.019999876618385315,
        0.019999857991933823,
        0.019999835640192032,
        0.01999981701374054,
        0.019999798387289047,
        0.019999781623482704,
        0.01999976858496666,
        0.019999755546450615,
        0.01999974623322487,
        0.019999733194708824,
        0.019999729469418526,
        0.01999972015619278,
        0.019999712705612183,
        0.019999705255031586,
        0.019999699667096138,
        0.01999969407916069,
        0.019999688491225243,
        0.019999682903289795,
        0.019999679177999496,
        0.01999967359006405,
        0.0199996717274189,
        0.019999666139483452,
        0.019999666139483452,
        0.019999662414193153,
        0.019999660551548004,
        0.019999656826257706,
        0.019999656826257706,
        0.019999653100967407,
        0.019999653100967407,
        0.019999653100967407,
        0.01999964937567711
      ]
    ],
    "feature_names": [
      "day_of_week",
      "day_index",
      "system_login_hours",
      "work_focused_hours",
      "meeting_collaboration_hours",
      "social_dining_hours",
      "break_relaxation_hours",
      "shared_work_hours",
      "internal_comm_volume",
      "cafeteria_usage",
      "convenience_food_usage"
    ],
    "gradient_importance": [
      1.6672817082508118e-07,
      6.864520685212483e-08,
      2.1263512905989046e-07,
      4.011901069134183e-07,
      4.64115061049597e-07,
      8.320502331571333e-08,
      3.1842521366343135e-06,
      3.3895389606186654e-07,
      1.059931491909083e-06,
      2.0520387806755025e-06,
      2.4599014523118967e-06
    ],
    "sequence_importance": {
      "timestep_0": 2.2317393813864328e-05,
      "timestep_1": 4.780349172506249e-06,
      "timestep_10": 1.2672591925486087e-12,
      "timestep_11": 9.897443108142223e-13,
      "timestep_12": 7.706649446208302e-13,
      "timestep_13": 6.413756244855184e-13,
      "timestep_14": 5.998164204906731e-13,
      "timestep_15": 5.115236034226867e-13,
      "timestep_16": 5.024805983626368e-13,
      "timestep_17": 3.9320535217581e-13,
      "timestep_18": 3.5679030801864797e-13,
      "timestep_19": 3.0261887830687617e-13,
      "timestep_2": 3.5049049166430146e-12,
      "timestep_20": 2.3931388554859767e-13,
      "timestep_21": 2.1784821396895332e-13,
      "timestep_22": 1.9410085246984038e-13,
      "timestep_23": 1.766330002183833e-13,
      "timestep_24": 1.5970548722463868e-13,
      "timestep_25": 1.0575290372138307e-13,
      "timestep_26": 1.1451192912740465e-13,
      "timestep_27": 8.617234123530285e-14,
      "timestep_28": 7.63769473013931e-14,
      "timestep_29": 6.492559717933763e-14,
      "timestep_3": 3.3997223439219404e-12,
      "timestep_30": 5.910875087999923e-14,
      "timestep_31": 4.633059140870567e-14,
      "timestep_32": 4.464094024991816e-14,
      "timestep_33": 3.353979759397087e-14,
      "timestep_34": 3.3573011449898604e-14,
      "timestep_35": 2.8099540448915834e-14,
      "timestep_36": 2.464371039862228e-14,
      "timestep_37": 2.2897250434128318e-14,
      "timestep_38": 1.5771199518327568e-14,
      "timestep_39": 1.351198646514732e-14,
      "timestep_4": 2.6821210183380906e-12,
      "timestep_40": 1.1014220981933002e-14,
      "timestep_41": 7.627878126500402e-15,
      "timestep_42": 6.78033357134596e-15,
      "timestep_43": 5.932789439707991e-15,
      "timestep_44": 5.085245731586497e-15,
      "timestep_45": 8.136110523082607e-07,
      "timestep_46": 8.112170348795189e-07,
      "timestep_47": 4.145946149947122e-06,
      "timestep_48": 5.802157375001116e-06,
      "timestep_49": 9.018378477776423e-06,
      "timestep_5": 2.6510631797455053e-12,
      "timestep_6": 2.5210120449536966e-12,
      "timestep_7": 1.936930433751871e-12,
      "timestep_8": 1.6357990266155364e-12,
      "timestep_9": 1.3418949111609901e-12
    },
    "temporal_importance": [
      2.2317393813864328e-05,
      4.780349172506249e-06,
      3.5049049166430146e-12,
      3.3997223439219404e-12,
      2.6821210183380906e-12,
      2.6510631797455053e-12,
      2.5210120449536966e-12,
      1.936930433751871e-12,
      1.6357990266155364e-12,
      1.3418949111609901e-12,
      1.2672591925486087e-12,
      9.897443108142223e-13,
      7.706649446208302e-13,
      6.413756244855184e-13,
      5.998164204906731e-13,
      5.115236034226867e-13,
      5.024805983626368e-13,
      3.9320535217581e-13,
      3.5679030801864797e-13,
      3.0261887830687617e-13,
      2.3931388554859767e-13,
      2.1784821396895332e-13,
      1.9410085246984038e-13,
      1.766330002183833e-13,
      1.5970548722463868e-13,
      1.0575290372138307e-13,
      1.1451192912740465e-13,
      8.617234123530285e-14,
      7.63769473013931e-14,
      6.492559717933763e-14,
      5.910875087999923e-14,
      4.633059140870567e-14,
      4.464094024991816e-14,
      3.353979759397087e-14,
      3.3573011449898604e-14,
      2.8099540448915834e-14,
      2.464371039862228e-14,
      2.2897250434128318e-14,
      1.5771199518327568e-14,
      1.351198646514732e-14,
      1.1014220981933002e-14,
      7.627878126500402e-15,
      6.78033357134596e-15,
      5.932789439707991e-15,
      5.085245731586497e-15,
      8.136110523082607e-07,
      8.112170348795189e-07,
      4.145946149947122e-06,
      5.802157375001116e-06,
      9.018378477776423e-06
    ],
    "trend_analysis": {
      "confidence_level": "high",
      "prediction_trend": "stable"
    }
  }
}