{
  "confidence": 0.8,
  "employee_id": "1969",
  "features_used": 11,
  "model_metadata": {
    "feature_dimensions": 11,
    "model_type": "GRU_CNN_Hybrid",
    "sequence_length": 50,
    "training_optimized": true
  },
  "predicted_attrition": 0,
  "risk_score": 8.91283416422084e-05,
  "sequence_length": 50,
  "xai_explanation": {
    "attention_weights": [
      [
        0.02000100165605545,
        0.02000020630657673,
        0.020000247284770012,
        0.020000258460640907,
        0.0200002733618021,
        0.020000258460640907,
        0.020000239834189415,
        0.020000211894512177,
        0.020000196993350983,
        0.02000017836689949,
        0.020000148564577103,
        0.020000124350190163,
        0.02000010572373867,
        0.02000008150935173,
        0.02000005915760994,
        0.020000038668513298,
        0.020000021904706955,
        0.020000003278255463,
        0.01999998651444912,
        0.019999971613287926,
        0.01999995857477188,
        0.019999945536255836,
        0.01999993436038494,
        0.019999926909804344,
        0.01999991573393345,
        0.019999908283352852,
        0.019999900832772255,
        0.019999893382191658,
        0.01999988593161106,
        0.019999882206320763,
        0.019999876618385315,
        0.019999872893095016,
        0.01999986730515957,
        0.01999986357986927,
        0.019999859854578972,
        0.019999857991933823,
        0.019999856129288673,
        0.019999852403998375,
        0.019999848678708076,
        0.019999846816062927,
        0.01999984309077263,
        0.01999984309077263,
        0.01999984122812748,
        0.01999983936548233,
        0.01999983936548233,
        0.01999983936548233,
        0.01999983750283718,
        0.01999983750283718,
        0.019999833777546883,
        0.019999833777546883
      ]
    ],
    "feature_names": [
      "day_of_week",
      "day_index",
      "system_login_hours",
      "work_focused_hours",
      "meeting_collaboration_hours",
      "social_dining_hours",
      "break_relaxation_hours",
      "shared_work_hours",
      "internal_comm_volume",
      "cafeteria_usage",
      "convenience_food_usage"
    ],
    "gradient_importance": [
      5.200272994443367e-07,
      2.1410600936633273e-07,
      6.6321098302069e-07,
      1.2513205547293182e-06,
      1.4475808711722493e-06,
      2.5951831617021526e-07,
      9.931728527590167e-06,
      1.057205963661545e-06,
      3.2936554816842545e-06,
      6.400334314093925e-06,
      7.672470928810071e-06
    ],
    "sequence_importance": {
      "timestep_0": 6.960827158764005e-05,
      "timestep_1": 1.4909982382960152e-05,
      "timestep_10": 3.2536141749556213e-12,
      "timestep_11": 2.5309602504075546e-12,
      "timestep_12": 2.0372139305363524e-12,
      "timestep_13": 1.80264180318912e-12,
      "timestep_14": 1.4861895351533927e-12,
      "timestep_15": 1.155138918546017e-12,
      "timestep_16": 9.238517069409813e-13,
      "timestep_17": 8.908687589709308e-13,
      "timestep_18": 8.942763521889441e-13,
      "timestep_19": 6.535927940358455e-13,
      "timestep_2": 2.0901308461773738e-11,
      "timestep_20": 5.58643409309667e-13,
      "timestep_21": 4.1741881218887444e-13,
      "timestep_22": 3.787640502888462e-13,
      "timestep_23": 3.118903247646687e-13,
      "timestep_24": 3.067889095976356e-13,
      "timestep_25": 2.78686362181757e-13,
      "timestep_26": 2.1961578877075644e-13,
      "timestep_27": 1.66791317627972e-13,
      "timestep_28": 1.5253316459299532e-13,
      "timestep_29": 1.3891332203454232e-13,
      "timestep_3": 1.5784344317704146e-11,
      "timestep_30": 1.1954814308628992e-13,
      "timestep_31": 9.903506508791848e-14,
      "timestep_32": 7.898929177841546e-14,
      "timestep_33": 7.460094960396249e-14,
      "timestep_34": 6.38760149374723e-14,
      "timestep_35": 4.5603789706116435e-14,
      "timestep_36": 4.510937318667231e-14,
      "timestep_37": 4.188725985531695e-14,
      "timestep_38": 3.8665143135829805e-14,
      "timestep_39": 2.908630503334689e-14,
      "timestep_4": 1.3586263190867864e-11,
      "timestep_40": 1.980184814948452e-14,
      "timestep_41": 1.78216596075911e-14,
      "timestep_42": 1.2673176513744965e-14,
      "timestep_43": 1.1089027543702713e-14,
      "timestep_44": 7.128657236179451e-15,
      "timestep_45": 5.94054699095542e-15,
      "timestep_46": 2.5376646135555347e-06,
      "timestep_47": 1.540561788715422e-05,
      "timestep_48": 1.8097010979545303e-05,
      "timestep_49": 2.812845013977494e-05,
      "timestep_5": 9.497971853456022e-12,
      "timestep_6": 7.841210319936565e-12,
      "timestep_7": 6.1272844437132434e-12,
      "timestep_8": 4.899548215059335e-12,
      "timestep_9": 3.877542384400634e-12
    },
    "temporal_importance": [
      6.960827158764005e-05,
      1.4909982382960152e-05,
      2.0901308461773738e-11,
      1.5784344317704146e-11,
      1.3586263190867864e-11,
      9.497971853456022e-12,
      7.841210319936565e-12,
      6.1272844437132434e-12,
      4.899548215059335e-12,
      3.877542384400634e-12,
      3.2536141749556213e-12,
      2.5309602504075546e-12,
      2.0372139305363524e-12,
      1.80264180318912e-12,
      1.4861895351533927e-12,
      1.155138918546017e-12,
      9.238517069409813e-13,
      8.908687589709308e-13,
      8.942763521889441e-13,
      6.535927940358455e-13,
      5.58643409309667e-13,
      4.1741881218887444e-13,
      3.787640502888462e-13,
      3.118903247646687e-13,
      3.067889095976356e-13,
      2.78686362181757e-13,
      2.1961578877075644e-13,
      1.66791317627972e-13,
      1.5253316459299532e-13,
      1.3891332203454232e-13,
      1.1954814308628992e-13,
      9.903506508791848e-14,
      7.898929177841546e-14,
      7.460094960396249e-14,
      6.38760149374723e-14,
      4.5603789706116435e-14,
      4.510937318667231e-14,
      4.188725985531695e-14,
      3.8665143135829805e-14,
      2.908630503334689e-14,
      1.980184814948452e-14,
      1.78216596075911e-14,
      1.2673176513744965e-14,
      1.1089027543702713e-14,
      7.128657236179451e-15,
      5.94054699095542e-15,
      2.5376646135555347e-06,
      1.540561788715422e-05,
      1.8097010979545303e-05,
      2.812845013977494e-05
    ],
    "trend_analysis": {
      "confidence_level": "high",
      "prediction_trend": "stable"
    }
  }
}