{
  "prediction": {
    "risk_score": 6.392750338501732e-28,
    "attrition_probability": 6.392750338501732e-28
  },
  "confidence": 0.8
}