{
  "confidence": 0.8,
  "employee_id": "1850",
  "features_used": 11,
  "model_metadata": {
    "feature_dimensions": 11,
    "model_type": "GRU_CNN_Hybrid",
    "sequence_length": 50,
    "training_optimized": true
  },
  "predicted_attrition": 0,
  "risk_score": 2.0479402456547883e-16,
  "sequence_length": 50,
  "xai_explanation": {
    "attention_weights": [
      [
        0.02000235766172409,
        0.019999176263809204,
        0.01999935880303383,
        0.01999949850142002,
        0.019999634474515915,
        0.019999736919999123,
        0.019999811425805092,
        0.019999872893095016,
        0.01999991200864315,
        0.019999949261546135,
        0.019999973475933075,
        0.019999993965029716,
        0.02000000700354576,
        0.020000021904706955,
        0.0200000312179327,
        0.020000034943223,
        0.02000003680586815,
        0.020000040531158447,
        0.020000040531158447,
        0.020000040531158447,
        0.020000040531158447,
        0.020000040531158447,
        0.020000040531158447,
        0.020000040531158447,
        0.02000003680586815,
        0.020000034943223,
        0.020000034943223,
        0.020000034943223,
        0.02000003308057785,
        0.02000003308057785,
        0.0200000312179327,
        0.0200000312179327,
        0.0200000312179327,
        0.0200000312179327,
        0.0200000312179327,
        0.0200000312179327,
        0.0200000312179327,
        0.020000027492642403,
        0.020000027492642403,
        0.020000027492642403,
        0.020000025629997253,
        0.020000025629997253,
        0.020000025629997253,
        0.020000025629997253,
        0.020000025629997253,
        0.020000025629997253,
        0.020000025629997253,
        0.020000025629997253,
        0.020000025629997253,
        0.020000025629997253
      ]
    ],
    "feature_names": [
      "day_of_week",
      "day_index",
      "system_login_hours",
      "work_focused_hours",
      "meeting_collaboration_hours",
      "social_dining_hours",
      "break_relaxation_hours",
      "shared_work_hours",
      "internal_comm_volume",
      "cafeteria_usage",
      "convenience_food_usage"
    ],
    "gradient_importance": [
      1.2629540417018355e-18,
      6.679676799833883e-19,
      1.9279572097674103e-18,
      3.959859176079153e-18,
      3.6114730359483565e-18,
      9.860736330207622e-19,
      2.7726551502295653e-17,
      3.186945127227207e-18,
      8.926100199795434e-18,
      1.7921516480561586e-17,
      2.139547983865974e-17
    ],
    "sequence_importance": {
      "timestep_0": 1.9369903115697037e-16,
      "timestep_1": 6.44864910113767e-17,
      "timestep_10": 1.1428784869735884e-23,
      "timestep_11": 8.94929170384766e-24,
      "timestep_12": 6.673174767934465e-24,
      "timestep_13": 5.3973796082044684e-24,
      "timestep_14": 4.142307430024175e-24,
      "timestep_15": 2.921053916065933e-24,
      "timestep_16": 2.1813928849969716e-24,
      "timestep_17": 1.6491783103511401e-24,
      "timestep_18": 1.243929912324499e-24,
      "timestep_19": 9.513940590434493e-25,
      "timestep_2": 6.871076674206456e-18,
      "timestep_20": 7.666759671987076e-25,
      "timestep_21": 5.87837847326257e-25,
      "timestep_22": 4.085736193054707e-25,
      "timestep_23": 3.2698506388540533e-25,
      "timestep_24": 2.560443804006902e-25,
      "timestep_25": 1.9449365618224046e-25,
      "timestep_26": 1.7742331016488832e-25,
      "timestep_27": 1.2470817321155997e-25,
      "timestep_28": 1.0149114011726633e-25,
      "timestep_29": 9.68778938694855e-26,
      "timestep_3": 6.318059565118364e-23,
      "timestep_30": 6.966214949852984e-26,
      "timestep_31": 5.171046712374699e-26,
      "timestep_32": 4.898885077841584e-26,
      "timestep_33": 3.9760829864850306e-26,
      "timestep_34": 3.7421949725507337e-26,
      "timestep_35": 1.7541537874570095e-26,
      "timestep_36": 1.637210088638652e-26,
      "timestep_37": 1.5202663898202947e-26,
      "timestep_38": 1.4033225369275418e-26,
      "timestep_39": 1.2863791462579755e-26,
      "timestep_4": 5.704441901181665e-23,
      "timestep_40": 1.1694356785512115e-26,
      "timestep_41": 1.0524920567700519e-26,
      "timestep_42": 9.355483579516945e-27,
      "timestep_43": 8.186048902449305e-27,
      "timestep_44": 7.016611914265731e-27,
      "timestep_45": 5.847176466826113e-27,
      "timestep_46": 2.091940430891097e-17,
      "timestep_47": 2.7227841002264982e-17,
      "timestep_48": 5.193591118768113e-17,
      "timestep_49": 5.1100309876492313e-17,
      "timestep_5": 4.3689477202968055e-23,
      "timestep_6": 3.209642467149438e-23,
      "timestep_7": 2.642749507945523e-23,
      "timestep_8": 1.8396659139199194e-23,
      "timestep_9": 1.5396983992660088e-23
    },
    "temporal_importance": [
      1.9369903115697037e-16,
      6.44864910113767e-17,
      6.871076674206456e-18,
      6.318059565118364e-23,
      5.704441901181665e-23,
      4.3689477202968055e-23,
      3.209642467149438e-23,
      2.642749507945523e-23,
      1.8396659139199194e-23,
      1.5396983992660088e-23,
      1.1428784869735884e-23,
      8.94929170384766e-24,
      6.673174767934465e-24,
      5.3973796082044684e-24,
      4.142307430024175e-24,
      2.921053916065933e-24,
      2.1813928849969716e-24,
      1.6491783103511401e-24,
      1.243929912324499e-24,
      9.513940590434493e-25,
      7.666759671987076e-25,
      5.87837847326257e-25,
      4.085736193054707e-25,
      3.2698506388540533e-25,
      2.560443804006902e-25,
      1.9449365618224046e-25,
      1.7742331016488832e-25,
      1.2470817321155997e-25,
      1.0149114011726633e-25,
      9.68778938694855e-26,
      6.966214949852984e-26,
      5.171046712374699e-26,
      4.898885077841584e-26,
      3.9760829864850306e-26,
      3.7421949725507337e-26,
      1.7541537874570095e-26,
      1.637210088638652e-26,
      1.5202663898202947e-26,
      1.4033225369275418e-26,
      1.2863791462579755e-26,
      1.1694356785512115e-26,
      1.0524920567700519e-26,
      9.355483579516945e-27,
      8.186048902449305e-27,
      7.016611914265731e-27,
      5.847176466826113e-27,
      2.091940430891097e-17,
      2.7227841002264982e-17,
      5.193591118768113e-17,
      5.1100309876492313e-17
    ],
    "trend_analysis": {
      "confidence_level": "high",
      "prediction_trend": "stable"
    }
  }
}