{
  "prediction": {
    "risk_score": 1.1896201441847065e-29,
    "attrition_probability": 1.1896201441847065e-29
  },
  "confidence": 0.8
}