{
  "prediction": {
    "employee_id": "1391",
    "attrition_probability": 0.04868435487151146,
    "attrition_prediction": 1,
    "risk_category": "LOW",
    "confidence_score": 0.9026312902569771,
    "prediction_timestamp": "2025-09-23T22:53:21.189189"
  },
  "explanation": {
    "employee_id": "1391",
    "feature_importance": {
      "RelationshipSatisfaction": 0.03405288979411125,
      "Education": 0.02487798221409321,
      "JobInvolvement": 0.03501373156905174,
      "EnvironmentSatisfaction": 0.048257846385240555,
      "JobLevel": 0.07228615880012512,
      "JobSatisfaction": 0.04019258916378021,
      "StockOptionLevel": 0.07264421880245209,
      "WorkLifeBalance": 0.03580893576145172,
      "Department": 0.037670474499464035,
      "JobRole": 0.046762410551309586,
      "MaritalStatus": 0.036864522844552994,
      "OverTime": 0.0779639258980751,
      "Age": 0.04039482772350311,
      "DailyRate": 0.03578038513660431,
      "DistanceFromHome": 0.036774344742298126,
      "MonthlyIncome": 0.04666806384921074,
      "NumCompaniesWorked": 0.050036631524562836,
      "TotalWorkingYears": 0.04981709271669388,
      "TrainingTimesLastYear": 0.02378365956246853,
      "YearsAtCompany": 0.02968277968466282,
      "YearsInCurrentRole": 0.03649982064962387,
      "YearsSinceLastPromotion": 0.03537580743432045,
      "YearsWithCurrManager": 0.05279093235731125
    },
    "shap_values": {
      "RelationshipSatisfaction": -0.18800319731235504,
      "Education": 0.042699720710515976,
      "JobInvolvement": -0.10632671415805817,
      "EnvironmentSatisfaction": -0.19208139181137085,
      "JobLevel": 0.005437473766505718,
      "JobSatisfaction": 0.12276920676231384,
      "StockOptionLevel": 0.15368880331516266,
      "WorkLifeBalance": -0.09601584821939468,
      "Department": -0.08125758171081543,
      "JobRole": -0.5524656176567078,
      "MaritalStatus": -0.13435550034046173,
      "OverTime": -0.5613179802894592,
      "Age": -0.3717076778411865,
      "DailyRate": 0.046543970704078674,
      "DistanceFromHome": -0.3059035539627075,
      "MonthlyIncome": -0.2618293762207031,
      "NumCompaniesWorked": -0.25259631872177124,
      "TotalWorkingYears": -0.04275452718138695,
      "TrainingTimesLastYear": -0.10620370507240295,
      "YearsAtCompany": -0.08058395236730576,
      "YearsInCurrentRole": -0.049042075872421265,
      "YearsSinceLastPromotion": -0.027178851887583733,
      "YearsWithCurrManager": -0.20928743481636047
    },
    "lime_explanation": {
      "features": [
        "OverTime=0",
        "StockOptionLevel <= 0.00",
        "EnvironmentSatisfaction <= 2.00",
        "DistanceFromHome <= 2.00",
        "RelationshipSatisfaction <= 2.00",
        "JobSatisfaction <= 2.00",
        "2.00 < JobInvolvement <= 3.00",
        "2.00 < WorkLifeBalance <= 3.00",
        "MonthlyIncome > 8201.00",
        "YearsWithCurrManager <= 2.00"
      ],
      "values": [
        -0.21953194417331395,
        0.1160369150519509,
        0.1104176753255669,
        -0.105551970314487,
        0.09156697954092631,
        0.0686746641738624,
        -0.06824790859350471,
        -0.06551465663465149,
        -0.06509466658520947,
        0.06340159121315127
      ],
      "intercept": 0.39297853125017024
    },
    "top_risk_factors": [],
    "top_protective_factors": [
      {
        "feature": "OverTime",
        "impact": 0.5613179802894592,
        "type": "protective"
      },
      {
        "feature": "JobRole",
        "impact": 0.5524656176567078,
        "type": "protective"
      },
      {
        "feature": "Age",
        "impact": 0.3717076778411865,
        "type": "protective"
      },
      {
        "feature": "DistanceFromHome",
        "impact": 0.3059035539627075,
        "type": "protective"
      },
      {
        "feature": "MonthlyIncome",
        "impact": 0.2618293762207031,
        "type": "protective"
      }
    ],
    "explanation_timestamp": "2025-09-23T22:53:21.286714"
  },
  "agent_type": "structura",
  "analysis_type": "individual"
}