{
  "confidence": 0.7,
  "employee_data": {
    "Age": 37,
    "AgeFactor": 1,
    "Attrition": "No",
    "BusinessTravel": "Travel_Rarely",
    "DailyRate": 408,
    "Department": "Research & Development",
    "DistanceFromHome": 19,
    "Education": 2,
    "EducationField": "Life Sciences",
    "EmployeeCount": 1,
    "EmployeeNumber": 61,
    "EnvironmentSatisfaction": 2,
    "Gender": "Male",
    "HourlyRate": 73,
    "JobInvolvement": 3,
    "JobLevel": 1,
    "JobRole": "Research Scientist",
    "JobSatisfaction": 2,
    "MaritalStatus": "Married",
    "MonthlyIncome": 3022,
    "MonthlyRate": 10227,
    "Norm_EnvironmentSatisfaction": 0.3333333333333333,
    "Norm_JobInvolvement": 0.6666666666666666,
    "Norm_JobLevel": 0,
    "Norm_JobSatisfaction": 0.3333333333333333,
    "Norm_MonthlyIncome": 0.1060031595576619,
    "Norm_NumCompaniesWorked": 0.4444444444444444,
    "Norm_PercentSalaryHike": 0.7142857142857143,
    "Norm_PerformanceRating": 1,
    "Norm_RelationshipSatisfaction": 0,
    "Norm_TotalWorkingYears": 0.2,
    "Norm_TrainingTimesLastYear": 0.1666666666666666,
    "Norm_WorkLifeBalance": 0.6666666666666666,
    "Norm_YearsAtCompany": 0.025,
    "Norm_YearsSinceLastPromotion": 0,
    "NumCompaniesWorked": 4,
    "Over18": "Y",
    "OverTime": "No",
    "OverTime_bin": 0,
    "PercentSalaryHike": 21,
    "PerformanceRating": 4,
    "Prob_N01": 0.0001674920537943,
    "Prob_N02": 0.202030510154035,
    "Prob_N03": 0.3935017019586563,
    "Prob_P01": 0.0002571108561239,
    "Prob_P02": 0.1782912994385216,
    "Prob_P03": 0.0004239041374194,
    "Prob_P04": 0.0020015660469968,
    "Prob_S01": 0.0001334800172508,
    "Prob_S02": 0.2222175421369495,
    "Prob_S03": 0.0009753932002519,
    "RelationshipSatisfaction": 1,
    "Score_N01": 0.2238095238095238,
    "Score_N02": 0.9333333333333332,
    "Score_N03": 1,
    "Score_P01": 0.2666666666666667,
    "Score_P02": 0.9208333333333334,
    "Score_P03": 0.3166666666666666,
    "Score_P04": 0.4718844504626495,
    "Score_S01": 0.2011111111111111,
    "Score_S02": 0.942857142857143,
    "Score_S03": 0.4,
    "StandardHours": 80,
    "StockOptionLevel": 0,
    "TotalWorkingYears": 8,
    "TrainingTimesLastYear": 1,
    "WorkLifeBalance": 3,
    "YearsAtCompany": 1,
    "YearsInCurrentRole": 0,
    "YearsSinceLastPromotion": 0,
    "YearsWithCurrManager": 0,
    "argmax_Persona": "신규 부모",
    "argmax_Persona_Code": "N03",
    "argmax_RiskTier": "Neutral",
    "is_married": 1,
    "softmax_Persona": "라이징 스타",
    "softmax_Persona_Code": "S02",
    "softmax_RiskTier": "Stable"
  },
  "employee_id": 61,
  "feature_importance": {},
  "lime_explanation": {},
  "model_interpretation": {},
  "predicted_attrition": 0,
  "risk_score": 0.9992850422859192,
  "shap_values": {},
  "xai_explanation": {}
}