{
  "prediction": {
    "risk_score": 1.2478179186220645e-17,
    "attrition_probability": 1.2478179186220645e-17
  },
  "confidence": 0.8
}