{
  "confidence": 0.8,
  "employee_id": "147",
  "features_used": 11,
  "model_metadata": {
    "feature_dimensions": 11,
    "model_type": "GRU_CNN_Hybrid",
    "sequence_length": 50,
    "training_optimized": true
  },
  "predicted_attrition": 1,
  "risk_score": 0.9999812841415405,
  "sequence_length": 50,
  "xai_explanation": {
    "attention_weights": [
      [
        0.020003484562039375,
        0.020002905279397964,
        0.02000253088772297,
        0.020002242177724838,
        0.020001934841275215,
        0.020001642405986786,
        0.020001372322440147,
        0.020001137629151344,
        0.02000093087553978,
        0.020000746473670006,
        0.020000608637928963,
        0.020000476390123367,
        0.02000034600496292,
        0.020000234246253967,
        0.020000115036964417,
        0.02000001259148121,
        0.019999926909804344,
        0.019999846816062927,
        0.019999783486127853,
        0.01999972201883793,
        0.01999967359006405,
        0.01999962516129017,
        0.01999957300722599,
        0.019999539479613304,
        0.019999505952000618,
        0.019999472424387932,
        0.019999444484710693,
        0.019999416545033455,
        0.019999392330646515,
        0.019999369978904724,
        0.01999935321509838,
        0.01999933458864689,
        0.019999315962195396,
        0.019999301061034203,
        0.019999289885163307,
        0.019999274984002113,
        0.019999263808131218,
        0.019999254494905472,
        0.019999245181679726,
        0.019999239593744278,
        0.01999923400580883,
        0.019999228417873383,
        0.019999220967292786,
        0.019999215379357338,
        0.01999921165406704,
        0.019999206066131592,
        0.019999204203486443,
        0.019999202340841293,
        0.019999196752905846,
        0.019999194890260696
      ]
    ],
    "feature_names": [
      "day_of_week",
      "day_index",
      "system_login_hours",
      "work_focused_hours",
      "meeting_collaboration_hours",
      "social_dining_hours",
      "break_relaxation_hours",
      "shared_work_hours",
      "internal_comm_volume",
      "cafeteria_usage",
      "convenience_food_usage"
    ],
    "gradient_importance": [
      7.141243685282461e-08,
      2.3688064842986023e-08,
      3.668662529321409e-08,
      2.34250023822824e-07,
      1.1478655892460665e-07,
      3.258914205162e-08,
      1.4562704109266633e-06,
      1.1366213925612101e-07,
      2.1128725791186298e-07,
      9.712417750051827e-07,
      1.0019430192187428e-06
    ],
    "sequence_importance": {
      "timestep_0": 3.575624987206538e-07,
      "timestep_1": 9.182514991434854e-12,
      "timestep_10": 2.0899870376012153e-12,
      "timestep_11": 1.8863010112224465e-12,
      "timestep_12": 1.6696811034472292e-12,
      "timestep_13": 1.3406589206843567e-12,
      "timestep_14": 1.2659796171446414e-12,
      "timestep_15": 1.0642963290188878e-12,
      "timestep_16": 8.580931104562595e-13,
      "timestep_17": 7.647713842415249e-13,
      "timestep_18": 6.249636225197364e-13,
      "timestep_19": 5.447425822056873e-13,
      "timestep_2": 7.845376258364123e-12,
      "timestep_20": 4.264697048197291e-13,
      "timestep_21": 3.8496560540030034e-13,
      "timestep_22": 3.821497697280296e-13,
      "timestep_23": 2.433396095301993e-13,
      "timestep_24": 2.43813975085716e-13,
      "timestep_25": 2.1802718864257636e-13,
      "timestep_26": 1.7550402049617414e-13,
      "timestep_27": 1.5990367938176903e-13,
      "timestep_28": 1.2314085027272798e-13,
      "timestep_29": 1.1033283797224139e-13,
      "timestep_3": 6.929636118396809e-12,
      "timestep_30": 9.975031326110717e-14,
      "timestep_31": 8.18786702392986e-14,
      "timestep_32": 7.596326996248126e-14,
      "timestep_33": 5.710027313173341e-14,
      "timestep_34": 4.844170583325619e-14,
      "timestep_35": 5.204567516976094e-14,
      "timestep_36": 4.109756426232819e-14,
      "timestep_37": 2.905737038786868e-14,
      "timestep_38": 2.169581212547924e-14,
      "timestep_39": 1.7930257701758573e-14,
      "timestep_4": 5.370857838332688e-12,
      "timestep_40": 1.7174655184896796e-14,
      "timestep_41": 1.3854296196055306e-14,
      "timestep_42": 1.0295374612784378e-14,
      "timestep_43": 8.670888239727982e-15,
      "timestep_44": 6.51751322385658e-15,
      "timestep_45": 4.49348606826154e-15,
      "timestep_46": 3.219678535148476e-15,
      "timestep_47": 4.22623861595639e-06,
      "timestep_48": 7.143432867451338e-06,
      "timestep_49": 7.671872481296305e-06,
      "timestep_5": 5.4970528996778345e-12,
      "timestep_6": 4.65550644909718e-12,
      "timestep_7": 3.7582823138315735e-12,
      "timestep_8": 3.243903192937103e-12,
      "timestep_9": 2.813613274657567e-12
    },
    "temporal_importance": [
      3.575624987206538e-07,
      9.182514991434854e-12,
      7.845376258364123e-12,
      6.929636118396809e-12,
      5.370857838332688e-12,
      5.4970528996778345e-12,
      4.65550644909718e-12,
      3.7582823138315735e-12,
      3.243903192937103e-12,
      2.813613274657567e-12,
      2.0899870376012153e-12,
      1.8863010112224465e-12,
      1.6696811034472292e-12,
      1.3406589206843567e-12,
      1.2659796171446414e-12,
      1.0642963290188878e-12,
      8.580931104562595e-13,
      7.647713842415249e-13,
      6.249636225197364e-13,
      5.447425822056873e-13,
      4.264697048197291e-13,
      3.8496560540030034e-13,
      3.821497697280296e-13,
      2.433396095301993e-13,
      2.43813975085716e-13,
      2.1802718864257636e-13,
      1.7550402049617414e-13,
      1.5990367938176903e-13,
      1.2314085027272798e-13,
      1.1033283797224139e-13,
      9.975031326110717e-14,
      8.18786702392986e-14,
      7.596326996248126e-14,
      5.710027313173341e-14,
      4.844170583325619e-14,
      5.204567516976094e-14,
      4.109756426232819e-14,
      2.905737038786868e-14,
      2.169581212547924e-14,
      1.7930257701758573e-14,
      1.7174655184896796e-14,
      1.3854296196055306e-14,
      1.0295374612784378e-14,
      8.670888239727982e-15,
      6.51751322385658e-15,
      4.49348606826154e-15,
      3.219678535148476e-15,
      4.22623861595639e-06,
      7.143432867451338e-06,
      7.671872481296305e-06
    ],
    "trend_analysis": {
      "confidence_level": "high",
      "prediction_trend": "increasing"
    }
  }
}