{
  "confidence": 0.7,
  "employee_data": {
    "Age": 36,
    "AgeFactor": 1,
    "Attrition": "No",
    "BusinessTravel": "Travel_Rarely",
    "DailyRate": 188,
    "Department": "Research & Development",
    "DistanceFromHome": 7,
    "Education": 4,
    "EducationField": "Other",
    "EmployeeCount": 1,
    "EmployeeNumber": 949,
    "EnvironmentSatisfaction": 2,
    "Gender": "Male",
    "HourlyRate": 65,
    "JobInvolvement": 3,
    "JobLevel": 1,
    "JobRole": "Research Scientist",
    "JobSatisfaction": 4,
    "MaritalStatus": "Single",
    "MonthlyIncome": 4678,
    "MonthlyRate": 23293,
    "Norm_EnvironmentSatisfaction": 0.3333333333333333,
    "Norm_JobInvolvement": 0.6666666666666666,
    "Norm_JobLevel": 0,
    "Norm_JobSatisfaction": 1,
    "Norm_MonthlyIncome": 0.1932069510268562,
    "Norm_NumCompaniesWorked": 0.2222222222222222,
    "Norm_PercentSalaryHike": 0.5,
    "Norm_PerformanceRating": 0,
    "Norm_RelationshipSatisfaction": 0.6666666666666666,
    "Norm_TotalWorkingYears": 0.2,
    "Norm_TrainingTimesLastYear": 1,
    "Norm_WorkLifeBalance": 0.6666666666666666,
    "Norm_YearsAtCompany": 0.15,
    "Norm_YearsSinceLastPromotion": 0,
    "NumCompaniesWorked": 2,
    "Over18": "Y",
    "OverTime": "No",
    "OverTime_bin": 0,
    "PercentSalaryHike": 18,
    "PerformanceRating": 3,
    "Prob_N01": 0.1247254689524631,
    "Prob_N02": 0.0044494555496431,
    "Prob_N03": 0.0640361909395626,
    "Prob_P01": 0.0022844266495613,
    "Prob_P02": 0.311930916025989,
    "Prob_P03": 0.0008403935992377,
    "Prob_P04": 0.0803683629306297,
    "Prob_S01": 0.0082896186138369,
    "Prob_S02": 0.0640361909395626,
    "Prob_S03": 0.3390389757995137,
    "RelationshipSatisfaction": 3,
    "Score_N01": 0.5666666666666667,
    "Score_N02": 0.2333333333333333,
    "Score_N03": 0.5,
    "Score_P01": 0.1666666666666666,
    "Score_P02": 0.6583333333333334,
    "Score_P03": 0.0666666666666666,
    "Score_P04": 0.5227172195892575,
    "Score_S01": 0.2955555555555555,
    "Score_S02": 0.5,
    "Score_S03": 0.6666666666666667,
    "StandardHours": 80,
    "StockOptionLevel": 0,
    "TotalWorkingYears": 8,
    "TrainingTimesLastYear": 6,
    "WorkLifeBalance": 3,
    "YearsAtCompany": 6,
    "YearsInCurrentRole": 2,
    "YearsSinceLastPromotion": 0,
    "YearsWithCurrManager": 1,
    "argmax_Persona": "내재 동기 전문가",
    "argmax_Persona_Code": "S03",
    "argmax_RiskTier": "Stable",
    "is_married": 0,
    "softmax_Persona": "온보딩에 실패한 직원",
    "softmax_Persona_Code": "P02",
    "softmax_RiskTier": "High"
  },
  "employee_id": 949,
  "feature_importance": {},
  "lime_explanation": {},
  "model_interpretation": {},
  "predicted_attrition": 0,
  "risk_score": 7.389309030259028e-05,
  "shap_values": {},
  "xai_explanation": {}
}