{
  "confidence": 0.7,
  "employee_data": {
    "Age": 31,
    "AgeFactor": 1,
    "Attrition": "No",
    "BusinessTravel": "Travel_Rarely",
    "DailyRate": 471,
    "Department": "Research & Development",
    "DistanceFromHome": 4,
    "Education": 3,
    "EducationField": "Medical",
    "EmployeeCount": 1,
    "EmployeeNumber": 1916,
    "EnvironmentSatisfaction": 1,
    "Gender": "Female",
    "HourlyRate": 62,
    "JobInvolvement": 4,
    "JobLevel": 1,
    "JobRole": "Laboratory Technician",
    "JobSatisfaction": 3,
    "MaritalStatus": "Divorced",
    "MonthlyIncome": 3978,
    "MonthlyRate": 16031,
    "Norm_EnvironmentSatisfaction": 0,
    "Norm_JobInvolvement": 1,
    "Norm_JobLevel": 0,
    "Norm_JobSatisfaction": 0.6666666666666666,
    "Norm_MonthlyIncome": 0.1563454449710374,
    "Norm_NumCompaniesWorked": 0.8888888888888888,
    "Norm_PercentSalaryHike": 0.0714285714285714,
    "Norm_PerformanceRating": 0,
    "Norm_RelationshipSatisfaction": 0.3333333333333333,
    "Norm_TotalWorkingYears": 0.1,
    "Norm_TrainingTimesLastYear": 0,
    "Norm_WorkLifeBalance": 0.3333333333333333,
    "Norm_YearsAtCompany": 0.05,
    "Norm_YearsSinceLastPromotion": 0.1333333333333333,
    "NumCompaniesWorked": 8,
    "Over18": "Y",
    "OverTime": "No",
    "OverTime_bin": 0,
    "PercentSalaryHike": 12,
    "PerformanceRating": 3,
    "Prob_N01": 0.0147320104783276,
    "Prob_N02": 0.0062518652092305,
    "Prob_N03": 0.0169943315922267,
    "Prob_P01": 0.0032098146243032,
    "Prob_P02": 0.722617367169329,
    "Prob_P03": 0.0044796571719006,
    "Prob_P04": 0.1372472147748547,
    "Prob_S01": 0.0002605663037884,
    "Prob_S02": 0.0042308531466061,
    "Prob_S03": 0.0899763195294328,
    "RelationshipSatisfaction": 2,
    "Score_N01": 0.4857142857142857,
    "Score_N02": 0.4,
    "Score_N03": 0.5,
    "Score_P01": 0.3333333333333333,
    "Score_P02": 0.875,
    "Score_P03": 0.3666666666666666,
    "Score_P04": 0.7088903934401565,
    "Score_S01": 0.0822222222222222,
    "Score_S02": 0.3609523809523809,
    "Score_S03": 0.6666666666666667,
    "StandardHours": 80,
    "StockOptionLevel": 1,
    "TotalWorkingYears": 4,
    "TrainingTimesLastYear": 0,
    "WorkLifeBalance": 2,
    "YearsAtCompany": 2,
    "YearsInCurrentRole": 2,
    "YearsSinceLastPromotion": 2,
    "YearsWithCurrManager": 2,
    "argmax_Persona": "온보딩에 실패한 직원",
    "argmax_Persona_Code": "P02",
    "argmax_RiskTier": "High",
    "is_married": 0,
    "softmax_Persona": "온보딩에 실패한 직원",
    "softmax_Persona_Code": "P02",
    "softmax_RiskTier": "High"
  },
  "employee_id": 1916,
  "feature_importance": {},
  "lime_explanation": {},
  "model_interpretation": {},
  "predicted_attrition": 0,
  "risk_score": 0.39800363779067993,
  "shap_values": {},
  "xai_explanation": {}
}