{
  "prediction": {
    "risk_score": 2.1392336790881927e-09,
    "attrition_probability": 2.1392336790881927e-09
  },
  "confidence": 0.8
}