{
  "confidence": 0.8,
  "employee_id": "162",
  "features_used": 11,
  "model_metadata": {
    "feature_dimensions": 11,
    "model_type": "GRU_CNN_Hybrid",
    "sequence_length": 50,
    "training_optimized": true
  },
  "predicted_attrition": 0,
  "risk_score": 2.210175443906337e-05,
  "sequence_length": 50,
  "xai_explanation": {
    "attention_weights": [
      [
        0.020001685246825218,
        0.020000742748379707,
        0.02000066451728344,
        0.020000597462058067,
        0.020000530406832695,
        0.020000463351607323,
        0.020000392571091652,
        0.020000336691737175,
        0.020000282675027847,
        0.02000022865831852,
        0.020000187680125237,
        0.020000141113996506,
        0.020000101998448372,
        0.020000062882900238,
        0.020000034943223,
        0.020000003278255463,
        0.019999977201223373,
        0.019999956712126732,
        0.01999993436038494,
        0.0199999138712883,
        0.019999898970127106,
        0.019999880343675613,
        0.01999986544251442,
        0.019999854266643524,
        0.01999984122812748,
        0.019999831914901733,
        0.019999822601675987,
        0.01999981328845024,
        0.019999803975224495,
        0.019999796524643898,
        0.01999979093670845,
        0.019999781623482704,
        0.019999777898192406,
        0.019999772310256958,
        0.01999977044761181,
        0.019999762997031212,
        0.019999762997031212,
        0.019999757409095764,
        0.019999755546450615,
        0.019999753683805466,
        0.019999751821160316,
        0.019999748095870018,
        0.01999974623322487,
        0.01999974437057972,
        0.01999974064528942,
        0.01999974064528942,
        0.019999738782644272,
        0.019999738782644272,
        0.019999738782644272,
        0.019999738782644272
      ]
    ],
    "feature_names": [
      "day_of_week",
      "day_index",
      "system_login_hours",
      "work_focused_hours",
      "meeting_collaboration_hours",
      "social_dining_hours",
      "break_relaxation_hours",
      "shared_work_hours",
      "internal_comm_volume",
      "cafeteria_usage",
      "convenience_food_usage"
    ],
    "gradient_importance": [
      1.5736118541553878e-07,
      4.161123001722444e-08,
      1.7806674179610127e-07,
      3.103186543285119e-07,
      3.589906611978222e-07,
      5.936833957775889e-08,
      2.4630028292449424e-06,
      2.6217904292025196e-07,
      8.168046861101175e-07,
      1.5872411722739344e-06,
      1.9027211237698793e-06
    ],
    "sequence_importance": {
      "timestep_0": 1.7262387700611725e-05,
      "timestep_1": 3.6975752664147876e-06,
      "timestep_10": 7.185882206113547e-13,
      "timestep_11": 6.727151930126241e-13,
      "timestep_12": 6.025002545484437e-13,
      "timestep_13": 4.993717570532519e-13,
      "timestep_14": 3.8948263559636376e-13,
      "timestep_15": 3.673245518517887e-13,
      "timestep_16": 3.0728772391214187e-13,
      "timestep_17": 2.42824640603323e-13,
      "timestep_18": 2.3258109847767994e-13,
      "timestep_19": 1.9677099847518337e-13,
      "timestep_2": 3.0455763778969303e-12,
      "timestep_20": 1.3480255594503637e-13,
      "timestep_21": 1.4706074899506483e-13,
      "timestep_22": 1.3108375604593825e-13,
      "timestep_23": 9.768939400901094e-14,
      "timestep_24": 9.212929356038069e-14,
      "timestep_25": 7.497620552838688e-14,
      "timestep_26": 6.52436343341091e-14,
      "timestep_27": 6.046196394026912e-14,
      "timestep_28": 5.633714726823412e-14,
      "timestep_29": 4.455724323033407e-14,
      "timestep_3": 2.594723047533165e-12,
      "timestep_30": 3.329303317951317e-14,
      "timestep_31": 3.346759650554691e-14,
      "timestep_32": 3.0486342074941e-14,
      "timestep_33": 2.3118336197757057e-14,
      "timestep_34": 1.862468919323554e-14,
      "timestep_35": 1.4384033989399934e-14,
      "timestep_36": 1.1185966229351231e-14,
      "timestep_37": 1.286959328981787e-14,
      "timestep_38": 1.070113981693592e-14,
      "timestep_39": 6.132321602960898e-15,
      "timestep_4": 2.073243052930218e-12,
      "timestep_40": 5.574835857297166e-15,
      "timestep_41": 5.9012069692366675e-15,
      "timestep_42": 3.674214202337026e-15,
      "timestep_43": 3.902379467338917e-15,
      "timestep_44": 2.7556590635659933e-15,
      "timestep_45": 1.8268436029466326e-15,
      "timestep_46": 1.2499992863013176e-06,
      "timestep_47": 4.4178041207487695e-06,
      "timestep_48": 4.933075615554117e-06,
      "timestep_49": 5.428529675555183e-06,
      "timestep_5": 1.8367724875789637e-12,
      "timestep_6": 1.6862987785651318e-12,
      "timestep_7": 1.2197330818974894e-12,
      "timestep_8": 1.0676378401144881e-12,
      "timestep_9": 9.56403359286817e-13
    },
    "temporal_importance": [
      1.7262387700611725e-05,
      3.6975752664147876e-06,
      3.0455763778969303e-12,
      2.594723047533165e-12,
      2.073243052930218e-12,
      1.8367724875789637e-12,
      1.6862987785651318e-12,
      1.2197330818974894e-12,
      1.0676378401144881e-12,
      9.56403359286817e-13,
      7.185882206113547e-13,
      6.727151930126241e-13,
      6.025002545484437e-13,
      4.993717570532519e-13,
      3.8948263559636376e-13,
      3.673245518517887e-13,
      3.0728772391214187e-13,
      2.42824640603323e-13,
      2.3258109847767994e-13,
      1.9677099847518337e-13,
      1.3480255594503637e-13,
      1.4706074899506483e-13,
      1.3108375604593825e-13,
      9.768939400901094e-14,
      9.212929356038069e-14,
      7.497620552838688e-14,
      6.52436343341091e-14,
      6.046196394026912e-14,
      5.633714726823412e-14,
      4.455724323033407e-14,
      3.329303317951317e-14,
      3.346759650554691e-14,
      3.0486342074941e-14,
      2.3118336197757057e-14,
      1.862468919323554e-14,
      1.4384033989399934e-14,
      1.1185966229351231e-14,
      1.286959328981787e-14,
      1.070113981693592e-14,
      6.132321602960898e-15,
      5.574835857297166e-15,
      5.9012069692366675e-15,
      3.674214202337026e-15,
      3.902379467338917e-15,
      2.7556590635659933e-15,
      1.8268436029466326e-15,
      1.2499992863013176e-06,
      4.4178041207487695e-06,
      4.933075615554117e-06,
      5.428529675555183e-06
    ],
    "trend_analysis": {
      "confidence_level": "high",
      "prediction_trend": "stable"
    }
  }
}