{
  "confidence": 0.8,
  "employee_id": "1047",
  "features_used": 11,
  "model_metadata": {
    "feature_dimensions": 11,
    "model_type": "GRU_CNN_Hybrid",
    "sequence_length": 50,
    "training_optimized": true
  },
  "predicted_attrition": 0,
  "risk_score": 1.8813798305927776e-06,
  "sequence_length": 50,
  "xai_explanation": {
    "attention_weights": [
      [
        0.02000155672430992,
        0.020000478252768517,
        0.020000433549284935,
        0.020000411197543144,
        0.020000383257865906,
        0.02000034973025322,
        0.020000306889414787,
        0.020000269636511803,
        0.020000232383608818,
        0.020000189542770386,
        0.02000015415251255,
        0.020000124350190163,
        0.020000094547867775,
        0.020000066608190536,
        0.020000044256448746,
        0.020000018179416656,
        0.019999997690320015,
        0.019999977201223373,
        0.01999996230006218,
        0.019999949261546135,
        0.01999993436038494,
        0.019999921321868896,
        0.01999991200864315,
        0.019999897107481956,
        0.01999988965690136,
        0.019999882206320763,
        0.019999871030449867,
        0.01999986544251442,
        0.019999857991933823,
        0.019999854266643524,
        0.019999846816062927,
        0.01999984122812748,
        0.01999983750283718,
        0.019999835640192032,
        0.019999830052256584,
        0.019999828189611435,
        0.019999826326966286,
        0.019999822601675987,
        0.019999820739030838,
        0.019999820739030838,
        0.01999981887638569,
        0.01999981515109539,
        0.01999981328845024,
        0.01999981328845024,
        0.019999811425805092,
        0.019999811425805092,
        0.019999811425805092,
        0.019999809563159943,
        0.019999809563159943,
        0.019999809563159943
      ]
    ],
    "feature_names": [
      "day_of_week",
      "day_index",
      "system_login_hours",
      "work_focused_hours",
      "meeting_collaboration_hours",
      "social_dining_hours",
      "break_relaxation_hours",
      "shared_work_hours",
      "internal_comm_volume",
      "cafeteria_usage",
      "convenience_food_usage"
    ],
    "gradient_importance": [
      1.030018204062344e-08,
      4.339154369148446e-09,
      1.3752821104162649e-08,
      2.6415937881552054e-08,
      3.055914277183547e-08,
      5.762937682618485e-09,
      2.0966355407381343e-07,
      2.2318069170523813e-08,
      6.953063547143756e-08,
      1.351141349914542e-07,
      1.6196946717172978e-07
    ],
    "sequence_importance": {
      "timestep_0": 1.4694639958179323e-06,
      "timestep_1": 3.147567895211978e-07,
      "timestep_10": 5.796318964081462e-14,
      "timestep_11": 4.613840979736904e-14,
      "timestep_12": 3.9041947436481775e-14,
      "timestep_13": 3.634613633283698e-14,
      "timestep_14": 2.6909415112310285e-14,
      "timestep_15": 2.841315439763674e-14,
      "timestep_16": 2.1659172868312808e-14,
      "timestep_17": 1.901990121389724e-14,
      "timestep_18": 1.581825050448165e-14,
      "timestep_19": 1.1265937151000351e-14,
      "timestep_2": 2.5431791546813576e-13,
      "timestep_20": 1.1408419951189786e-14,
      "timestep_21": 9.468998258014769e-15,
      "timestep_22": 9.293687001888599e-15,
      "timestep_23": 7.879603612930171e-15,
      "timestep_24": 5.885868049594839e-15,
      "timestep_25": 5.252315357135882e-15,
      "timestep_26": 5.2726801467702436e-15,
      "timestep_27": 3.4343575533224207e-15,
      "timestep_28": 3.4777398280237074e-15,
      "timestep_29": 2.8688444764175597e-15,
      "timestep_3": 2.126247040847712e-13,
      "timestep_30": 2.5886533890041256e-15,
      "timestep_31": 2.1981980936159684e-15,
      "timestep_32": 1.9198535380275487e-15,
      "timestep_33": 1.5748899470166967e-15,
      "timestep_34": 1.2147049621854481e-15,
      "timestep_35": 1.020314500680612e-15,
      "timestep_36": 9.522932022140002e-16,
      "timestep_37": 6.169901807852611e-16,
      "timestep_38": 5.695292306847081e-16,
      "timestep_39": 4.3010027543770063e-16,
      "timestep_4": 1.6942259498543139e-13,
      "timestep_40": 4.746073304836022e-16,
      "timestep_41": 3.519000761648155e-16,
      "timestep_42": 2.6754284733789804e-16,
      "timestep_43": 1.755749348356721e-16,
      "timestep_44": 1.5049278049003497e-16,
      "timestep_45": 1.2541062614439784e-16,
      "timestep_46": 6.688566551236021e-17,
      "timestep_47": 2.7844455985359673e-07,
      "timestep_48": 4.382654026358068e-07,
      "timestep_49": 6.34186505976686e-07,
      "timestep_5": 1.3550064661884548e-13,
      "timestep_6": 1.2519155091934853e-13,
      "timestep_7": 9.918604701670067e-14,
      "timestep_8": 7.682556983157687e-14,
      "timestep_9": 7.519982222646202e-14
    },
    "temporal_importance": [
      1.4694639958179323e-06,
      3.147567895211978e-07,
      2.5431791546813576e-13,
      2.126247040847712e-13,
      1.6942259498543139e-13,
      1.3550064661884548e-13,
      1.2519155091934853e-13,
      9.918604701670067e-14,
      7.682556983157687e-14,
      7.519982222646202e-14,
      5.796318964081462e-14,
      4.613840979736904e-14,
      3.9041947436481775e-14,
      3.634613633283698e-14,
      2.6909415112310285e-14,
      2.841315439763674e-14,
      2.1659172868312808e-14,
      1.901990121389724e-14,
      1.581825050448165e-14,
      1.1265937151000351e-14,
      1.1408419951189786e-14,
      9.468998258014769e-15,
      9.293687001888599e-15,
      7.879603612930171e-15,
      5.885868049594839e-15,
      5.252315357135882e-15,
      5.2726801467702436e-15,
      3.4343575533224207e-15,
      3.4777398280237074e-15,
      2.8688444764175597e-15,
      2.5886533890041256e-15,
      2.1981980936159684e-15,
      1.9198535380275487e-15,
      1.5748899470166967e-15,
      1.2147049621854481e-15,
      1.020314500680612e-15,
      9.522932022140002e-16,
      6.169901807852611e-16,
      5.695292306847081e-16,
      4.3010027543770063e-16,
      4.746073304836022e-16,
      3.519000761648155e-16,
      2.6754284733789804e-16,
      1.755749348356721e-16,
      1.5049278049003497e-16,
      1.2541062614439784e-16,
      6.688566551236021e-17,
      2.7844455985359673e-07,
      4.382654026358068e-07,
      6.34186505976686e-07
    ],
    "trend_analysis": {
      "confidence_level": "high",
      "prediction_trend": "stable"
    }
  }
}