{
  "confidence": 0.7,
  "employee_data": {
    "Age": 35,
    "AgeFactor": 1,
    "Attrition": "No",
    "BusinessTravel": "Travel_Rarely",
    "DailyRate": 1343,
    "Department": "Research & Development",
    "DistanceFromHome": 27,
    "Education": 1,
    "EducationField": "Medical",
    "EmployeeCount": 1,
    "EmployeeNumber": 856,
    "EnvironmentSatisfaction": 3,
    "Gender": "Female",
    "HourlyRate": 53,
    "JobInvolvement": 2,
    "JobLevel": 1,
    "JobRole": "Research Scientist",
    "JobSatisfaction": 1,
    "MaritalStatus": "Single",
    "MonthlyIncome": 2559,
    "MonthlyRate": 17852,
    "Norm_EnvironmentSatisfaction": 0.6666666666666666,
    "Norm_JobInvolvement": 0.3333333333333333,
    "Norm_JobLevel": 0,
    "Norm_JobSatisfaction": 0,
    "Norm_MonthlyIncome": 0.081621906266456,
    "Norm_NumCompaniesWorked": 0.1111111111111111,
    "Norm_PercentSalaryHike": 0,
    "Norm_PerformanceRating": 0,
    "Norm_RelationshipSatisfaction": 1,
    "Norm_TotalWorkingYears": 0.15,
    "Norm_TrainingTimesLastYear": 0.5,
    "Norm_WorkLifeBalance": 0.3333333333333333,
    "Norm_YearsAtCompany": 0.15,
    "Norm_YearsSinceLastPromotion": 0.0666666666666666,
    "NumCompaniesWorked": 1,
    "Over18": "Y",
    "OverTime": "No",
    "OverTime_bin": 0,
    "PercentSalaryHike": 11,
    "PerformanceRating": 3,
    "Prob_N01": 0.6034697499561739,
    "Prob_N02": 0.0002825299399936,
    "Prob_N03": 0.0215281758452046,
    "Prob_P01": 0.0300449896990058,
    "Prob_P02": 0.0198068779435384,
    "Prob_P03": 0.0034419192876903,
    "Prob_P04": 0.3119599944072383,
    "Prob_S01": 0.0028494909359975,
    "Prob_S02": 0.0060659788034145,
    "Prob_S03": 0.0005502931817427,
    "RelationshipSatisfaction": 4,
    "Score_N01": 0.8333333333333333,
    "Score_N02": 0.0666666666666666,
    "Score_N03": 0.5,
    "Score_P01": 0.5333333333333333,
    "Score_P02": 0.4916666666666667,
    "Score_P03": 0.3166666666666666,
    "Score_P04": 0.7673512374934176,
    "Score_S01": 0.2977777777777778,
    "Score_S02": 0.3733333333333333,
    "Score_S03": 0.1333333333333333,
    "StandardHours": 80,
    "StockOptionLevel": 0,
    "TotalWorkingYears": 6,
    "TrainingTimesLastYear": 3,
    "WorkLifeBalance": 2,
    "YearsAtCompany": 6,
    "YearsInCurrentRole": 5,
    "YearsSinceLastPromotion": 1,
    "YearsWithCurrManager": 1,
    "argmax_Persona": "현상 유지자",
    "argmax_Persona_Code": "N01",
    "argmax_RiskTier": "Neutral",
    "is_married": 0,
    "softmax_Persona": "현상 유지자",
    "softmax_Persona_Code": "N01",
    "softmax_RiskTier": "Neutral"
  },
  "employee_id": 856,
  "feature_importance": {},
  "lime_explanation": {},
  "model_interpretation": {},
  "predicted_attrition": 0,
  "risk_score": 0.004001534078270197,
  "shap_values": {},
  "xai_explanation": {}
}