{
  "prediction": {
    "risk_score": 5.7593579211312473e-11,
    "attrition_probability": 5.7593579211312473e-11
  },
  "confidence": 0.8
}