{
  "confidence": 0.7,
  "employee_data": {
    "Age": 25,
    "AgeFactor": 0,
    "Attrition": "Yes",
    "BusinessTravel": "Travel_Rarely",
    "DailyRate": 867,
    "Department": "Sales",
    "DistanceFromHome": 19,
    "Education": 2,
    "EducationField": "Marketing",
    "EmployeeCount": 1,
    "EmployeeNumber": 952,
    "EnvironmentSatisfaction": 3,
    "Gender": "Male",
    "HourlyRate": 36,
    "JobInvolvement": 2,
    "JobLevel": 1,
    "JobRole": "Sales Representative",
    "JobSatisfaction": 2,
    "MaritalStatus": "Married",
    "MonthlyIncome": 2413,
    "MonthlyRate": 18798,
    "Norm_EnvironmentSatisfaction": 0.6666666666666666,
    "Norm_JobInvolvement": 0.3333333333333333,
    "Norm_JobLevel": 0,
    "Norm_JobSatisfaction": 0.3333333333333333,
    "Norm_MonthlyIncome": 0.0739336492890995,
    "Norm_NumCompaniesWorked": 0.1111111111111111,
    "Norm_PercentSalaryHike": 0.5,
    "Norm_PerformanceRating": 0,
    "Norm_RelationshipSatisfaction": 0.6666666666666666,
    "Norm_TotalWorkingYears": 0.025,
    "Norm_TrainingTimesLastYear": 0.3333333333333333,
    "Norm_WorkLifeBalance": 0.6666666666666666,
    "Norm_YearsAtCompany": 0.025,
    "Norm_YearsSinceLastPromotion": 0,
    "NumCompaniesWorked": 1,
    "Over18": "Y",
    "OverTime": "Yes",
    "OverTime_bin": 1,
    "PercentSalaryHike": 18,
    "PerformanceRating": 3,
    "Prob_N01": 0.305375393421373,
    "Prob_N02": 0.0010564087151159,
    "Prob_N03": 0.0296128528374374,
    "Prob_P01": 0.4261856933744216,
    "Prob_P02": 0.138362236906835,
    "Prob_P03": 0.005593145431411,
    "Prob_P04": 0.0598878644285383,
    "Prob_S01": 0.0014419354337049,
    "Prob_S02": 0.0296128528374374,
    "Prob_S03": 0.0028716166137253,
    "RelationshipSatisfaction": 3,
    "Score_N01": 0.7333333333333333,
    "Score_N02": 0.1666666666666666,
    "Score_N03": 0.5,
    "Score_P01": 0.7666666666666667,
    "Score_P02": 0.6541666666666667,
    "Score_P03": 0.3333333333333333,
    "Score_P04": 0.5704265402843602,
    "Score_S01": 0.1977777777777777,
    "Score_S02": 0.5,
    "Score_S03": 0.2666666666666666,
    "StandardHours": 80,
    "StockOptionLevel": 3,
    "TotalWorkingYears": 1,
    "TrainingTimesLastYear": 2,
    "WorkLifeBalance": 3,
    "YearsAtCompany": 1,
    "YearsInCurrentRole": 0,
    "YearsSinceLastPromotion": 0,
    "YearsWithCurrManager": 0,
    "argmax_Persona": "번아웃에 직면한 직원",
    "argmax_Persona_Code": "P01",
    "argmax_RiskTier": "High",
    "is_married": 1,
    "softmax_Persona": "온보딩에 실패한 직원",
    "softmax_Persona_Code": "P02",
    "softmax_RiskTier": "High"
  },
  "employee_id": 952,
  "feature_importance": {},
  "lime_explanation": {},
  "model_interpretation": {},
  "predicted_attrition": 0,
  "risk_score": 0.9923640489578247,
  "shap_values": {},
  "xai_explanation": {}
}