{
  "prediction": {
    "risk_score": 1.169086745814174e-12,
    "attrition_probability": 1.169086745814174e-12
  },
  "confidence": 0.8
}