{
  "confidence": 0.8,
  "employee_id": "28",
  "features_used": 11,
  "model_metadata": {
    "feature_dimensions": 11,
    "model_type": "GRU_CNN_Hybrid",
    "sequence_length": 50,
    "training_optimized": true
  },
  "predicted_attrition": 0,
  "risk_score": 6.911525388467177e-13,
  "sequence_length": 50,
  "xai_explanation": {
    "attention_weights": [
      [
        0.020002637058496475,
        0.020000316202640533,
        0.020000306889414787,
        0.020000286400318146,
        0.020000260323286057,
        0.020000243559479713,
        0.020000208169221878,
        0.02000018022954464,
        0.02000015415251255,
        0.020000124350190163,
        0.020000100135803223,
        0.020000072196125984,
        0.020000042393803596,
        0.020000023767352104,
        0.02000000700354576,
        0.019999990239739418,
        0.019999971613287926,
        0.019999954849481583,
        0.01999993994832039,
        0.019999928772449493,
        0.019999919459223747,
        0.019999908283352852,
        0.019999898970127106,
        0.01999988965690136,
        0.019999882206320763,
        0.019999876618385315,
        0.019999871030449867,
        0.01999986357986927,
        0.019999859854578972,
        0.019999854266643524,
        0.019999848678708076,
        0.019999846816062927,
        0.01999984309077263,
        0.01999983936548233,
        0.01999983750283718,
        0.019999835640192032,
        0.019999833777546883,
        0.019999830052256584,
        0.019999828189611435,
        0.019999828189611435,
        0.019999826326966286,
        0.019999822601675987,
        0.019999822601675987,
        0.019999820739030838,
        0.01999981887638569,
        0.01999981887638569,
        0.01999981887638569,
        0.01999981887638569,
        0.01999981701374054,
        0.01999981701374054
      ]
    ],
    "feature_names": [
      "day_of_week",
      "day_index",
      "system_login_hours",
      "work_focused_hours",
      "meeting_collaboration_hours",
      "social_dining_hours",
      "break_relaxation_hours",
      "shared_work_hours",
      "internal_comm_volume",
      "cafeteria_usage",
      "convenience_food_usage"
    ],
    "gradient_importance": [
      3.211321708090865e-15,
      1.6797466966561483e-15,
      5.296118818970191e-15,
      9.969954718844643e-15,
      1.1515489997920413e-14,
      2.202180842533958e-15,
      7.933153374668767e-14,
      8.391816294596108e-15,
      2.616780557973715e-14,
      5.108647473149944e-14,
      6.123291300006925e-14
    ],
    "sequence_importance": {
      "timestep_0": 5.554159562826122e-13,
      "timestep_1": 1.1803129003687407e-13,
      "timestep_10": 1.449553567259913e-20,
      "timestep_11": 1.4822587054048686e-20,
      "timestep_12": 1.2584186233279043e-20,
      "timestep_13": 8.907471808057404e-21,
      "timestep_14": 8.009716694940978e-21,
      "timestep_15": 6.320750401220509e-21,
      "timestep_16": 7.14726619966794e-21,
      "timestep_17": 6.753726541413384e-21,
      "timestep_18": 4.93095409008966e-21,
      "timestep_19": 4.33670277204952e-21,
      "timestep_2": 8.664621273734638e-20,
      "timestep_20": 3.8768424541551044e-21,
      "timestep_21": 3.1848454891853675e-21,
      "timestep_22": 2.8891778975536356e-21,
      "timestep_23": 2.2683649133935585e-21,
      "timestep_24": 1.9183843115462323e-21,
      "timestep_25": 2.1609174637765447e-21,
      "timestep_26": 1.706152505754035e-21,
      "timestep_27": 1.3950727177359466e-21,
      "timestep_28": 1.3063654730269121e-21,
      "timestep_29": 1.1128453974194592e-21,
      "timestep_3": 6.393485749575489e-20,
      "timestep_30": 9.813820431087397e-22,
      "timestep_31": 8.063571585229917e-22,
      "timestep_32": 6.312942066654014e-22,
      "timestep_33": 5.96480727310716e-22,
      "timestep_34": 4.985364641378463e-22,
      "timestep_35": 3.6833521154483347e-22,
      "timestep_36": 3.4845538661873566e-22,
      "timestep_37": 3.2389939619487944e-22,
      "timestep_38": 2.4731859705154924e-22,
      "timestep_39": 2.267086529586768e-22,
      "timestep_4": 5.146604033970712e-20,
      "timestep_40": 1.4267550377638543e-22,
      "timestep_41": 1.2840792563084302e-22,
      "timestep_42": 1.141403601070751e-22,
      "timestep_43": 7.404014322487747e-23,
      "timestep_44": 6.346296998992931e-23,
      "timestep_45": 5.288580306586839e-23,
      "timestep_46": 6.78261632513881e-14,
      "timestep_47": 8.803006744774813e-14,
      "timestep_48": 1.748916088990457e-13,
      "timestep_49": 1.7801065526137916e-13,
      "timestep_5": 4.246481601026993e-20,
      "timestep_6": 3.4646518117920384e-20,
      "timestep_7": 2.6901960469123102e-20,
      "timestep_8": 2.0917898426605818e-20,
      "timestep_9": 1.9169022122992775e-20
    },
    "temporal_importance": [
      5.554159562826122e-13,
      1.1803129003687407e-13,
      8.664621273734638e-20,
      6.393485749575489e-20,
      5.146604033970712e-20,
      4.246481601026993e-20,
      3.4646518117920384e-20,
      2.6901960469123102e-20,
      2.0917898426605818e-20,
      1.9169022122992775e-20,
      1.449553567259913e-20,
      1.4822587054048686e-20,
      1.2584186233279043e-20,
      8.907471808057404e-21,
      8.009716694940978e-21,
      6.320750401220509e-21,
      7.14726619966794e-21,
      6.753726541413384e-21,
      4.93095409008966e-21,
      4.33670277204952e-21,
      3.8768424541551044e-21,
      3.1848454891853675e-21,
      2.8891778975536356e-21,
      2.2683649133935585e-21,
      1.9183843115462323e-21,
      2.1609174637765447e-21,
      1.706152505754035e-21,
      1.3950727177359466e-21,
      1.3063654730269121e-21,
      1.1128453974194592e-21,
      9.813820431087397e-22,
      8.063571585229917e-22,
      6.312942066654014e-22,
      5.96480727310716e-22,
      4.985364641378463e-22,
      3.6833521154483347e-22,
      3.4845538661873566e-22,
      3.2389939619487944e-22,
      2.4731859705154924e-22,
      2.267086529586768e-22,
      1.4267550377638543e-22,
      1.2840792563084302e-22,
      1.141403601070751e-22,
      7.404014322487747e-23,
      6.346296998992931e-23,
      5.288580306586839e-23,
      6.78261632513881e-14,
      8.803006744774813e-14,
      1.748916088990457e-13,
      1.7801065526137916e-13
    ],
    "trend_analysis": {
      "confidence_level": "high",
      "prediction_trend": "stable"
    }
  }
}