{
  "confidence": 0.8,
  "employee_id": "78",
  "features_used": 11,
  "model_metadata": {
    "feature_dimensions": 11,
    "model_type": "GRU_CNN_Hybrid",
    "sequence_length": 50,
    "training_optimized": true
  },
  "predicted_attrition": 0,
  "risk_score": 4.9655852762953145e-08,
  "sequence_length": 50,
  "xai_explanation": {
    "attention_weights": [
      [
        0.02000127173960209,
        0.020000075921416283,
        0.020000100135803223,
        0.02000010944902897,
        0.02000013366341591,
        0.020000137388706207,
        0.020000126212835312,
        0.020000111311674118,
        0.020000100135803223,
        0.020000090822577477,
        0.020000074058771133,
        0.020000066608190536,
        0.020000051707029343,
        0.020000042393803596,
        0.0200000312179327,
        0.020000016316771507,
        0.020000003278255463,
        0.019999993965029716,
        0.01999998837709427,
        0.019999977201223373,
        0.019999967887997627,
        0.01999996043741703,
        0.019999956712126732,
        0.019999947398900986,
        0.019999943673610687,
        0.01999993994832039,
        0.01999993436038494,
        0.019999930635094643,
        0.019999928772449493,
        0.019999923184514046,
        0.019999917596578598,
        0.01999991573393345,
        0.0199999138712883,
        0.01999991200864315,
        0.019999908283352852,
        0.019999908283352852,
        0.019999906420707703,
        0.019999904558062553,
        0.019999900832772255,
        0.019999900832772255,
        0.019999898970127106,
        0.019999898970127106,
        0.019999898970127106,
        0.019999898970127106,
        0.019999897107481956,
        0.019999897107481956,
        0.019999895244836807,
        0.019999895244836807,
        0.019999895244836807,
        0.019999895244836807
      ]
    ],
    "feature_names": [
      "day_of_week",
      "day_index",
      "system_login_hours",
      "work_focused_hours",
      "meeting_collaboration_hours",
      "social_dining_hours",
      "break_relaxation_hours",
      "shared_work_hours",
      "internal_comm_volume",
      "cafeteria_usage",
      "convenience_food_usage"
    ],
    "gradient_importance": [
      2.753435812685723e-10,
      1.1175404351915219e-10,
      3.7284231257928013e-10,
      7.086150555224435e-10,
      8.17234280248158e-10,
      1.497638957292935e-10,
      5.619826382030624e-09,
      5.958010751427878e-10,
      1.860311016343985e-09,
      3.618060961940728e-09,
      4.339920423035437e-09
    ],
    "sequence_importance": {
      "timestep_0": 3.931866743300816e-08,
      "timestep_1": 8.442802901242885e-09,
      "timestep_10": 1.3500546861678177e-15,
      "timestep_11": 9.854912821530932e-16,
      "timestep_12": 9.027118110091145e-16,
      "timestep_13": 6.417476832840834e-16,
      "timestep_14": 5.799108900027305e-16,
      "timestep_15": 5.321069974376579e-16,
      "timestep_16": 4.2827552824129846e-16,
      "timestep_17": 3.0246596281363364e-16,
      "timestep_18": 2.9206744224600503e-16,
      "timestep_19": 2.70949005046824e-16,
      "timestep_2": 8.264152335818887e-15,
      "timestep_20": 2.333461684935514e-16,
      "timestep_21": 1.9261050117552e-16,
      "timestep_22": 1.6336744306028392e-16,
      "timestep_23": 1.3985715687162416e-16,
      "timestep_24": 1.0849807810524883e-16,
      "timestep_25": 1.0045683699493914e-16,
      "timestep_26": 9.482508036476781e-17,
      "timestep_27": 6.31293721763079e-17,
      "timestep_28": 6.039378001147664e-17,
      "timestep_29": 5.932396416420465e-17,
      "timestep_3": 6.5536065682885065e-15,
      "timestep_30": 4.4297136458770335e-17,
      "timestep_31": 3.7379597049556776e-17,
      "timestep_32": 3.104615303192406e-17,
      "timestep_33": 2.932135903202034e-17,
      "timestep_34": 2.4182817113889876e-17,
      "timestep_35": 1.7139296443023266e-17,
      "timestep_36": 2.1159956702847516e-17,
      "timestep_37": 1.4854047873445466e-17,
      "timestep_38": 1.0808491958725207e-17,
      "timestep_39": 8.167775755792545e-18,
      "timestep_4": 5.853504614746147e-15,
      "timestep_40": 7.425249634308807e-18,
      "timestep_41": 4.455149284276917e-18,
      "timestep_42": 3.960132145681295e-18,
      "timestep_43": 3.465115213880827e-18,
      "timestep_44": 2.970098488875512e-18,
      "timestep_45": 2.475081557075044e-18,
      "timestep_46": 1.980064832069729e-18,
      "timestep_47": 7.663659928880406e-09,
      "timestep_48": 1.1846534420101307e-08,
      "timestep_49": 1.6680450798389757e-08,
      "timestep_5": 4.225481032102017e-15,
      "timestep_6": 3.2949350831714156e-15,
      "timestep_7": 2.5908272990632537e-15,
      "timestep_8": 2.0090245080332716e-15,
      "timestep_9": 1.6234996855519633e-15
    },
    "temporal_importance": [
      3.931866743300816e-08,
      8.442802901242885e-09,
      8.264152335818887e-15,
      6.5536065682885065e-15,
      5.853504614746147e-15,
      4.225481032102017e-15,
      3.2949350831714156e-15,
      2.5908272990632537e-15,
      2.0090245080332716e-15,
      1.6234996855519633e-15,
      1.3500546861678177e-15,
      9.854912821530932e-16,
      9.027118110091145e-16,
      6.417476832840834e-16,
      5.799108900027305e-16,
      5.321069974376579e-16,
      4.2827552824129846e-16,
      3.0246596281363364e-16,
      2.9206744224600503e-16,
      2.70949005046824e-16,
      2.333461684935514e-16,
      1.9261050117552e-16,
      1.6336744306028392e-16,
      1.3985715687162416e-16,
      1.0849807810524883e-16,
      1.0045683699493914e-16,
      9.482508036476781e-17,
      6.31293721763079e-17,
      6.039378001147664e-17,
      5.932396416420465e-17,
      4.4297136458770335e-17,
      3.7379597049556776e-17,
      3.104615303192406e-17,
      2.932135903202034e-17,
      2.4182817113889876e-17,
      1.7139296443023266e-17,
      2.1159956702847516e-17,
      1.4854047873445466e-17,
      1.0808491958725207e-17,
      8.167775755792545e-18,
      7.425249634308807e-18,
      4.455149284276917e-18,
      3.960132145681295e-18,
      3.465115213880827e-18,
      2.970098488875512e-18,
      2.475081557075044e-18,
      1.980064832069729e-18,
      7.663659928880406e-09,
      1.1846534420101307e-08,
      1.6680450798389757e-08
    ],
    "trend_analysis": {
      "confidence_level": "high",
      "prediction_trend": "stable"
    }
  }
}