{
  "confidence": 0.8,
  "employee_id": "511",
  "features_used": 11,
  "model_metadata": {
    "feature_dimensions": 11,
    "model_type": "GRU_CNN_Hybrid",
    "sequence_length": 50,
    "training_optimized": true
  },
  "predicted_attrition": 0,
  "risk_score": 6.100498376609207e-19,
  "sequence_length": 50,
  "xai_explanation": {
    "attention_weights": [
      [
        0.020003879442811012,
        0.01999976858496666,
        0.019999826326966286,
        0.019999869167804718,
        0.019999904558062553,
        0.019999930635094643,
        0.019999947398900986,
        0.01999996230006218,
        0.01999996416270733,
        0.01999996416270733,
        0.01999996416270733,
        0.01999996230006218,
        0.01999995857477188,
        0.019999956712126732,
        0.019999954849481583,
        0.019999949261546135,
        0.019999947398900986,
        0.019999941810965538,
        0.01999993994832039,
        0.01999993808567524,
        0.019999932497739792,
        0.019999930635094643,
        0.019999925047159195,
        0.019999925047159195,
        0.019999925047159195,
        0.019999921321868896,
        0.019999919459223747,
        0.01999991573393345,
        0.01999991573393345,
        0.01999991573393345,
        0.0199999138712883,
        0.01999991200864315,
        0.01999991200864315,
        0.019999908283352852,
        0.019999908283352852,
        0.019999906420707703,
        0.019999906420707703,
        0.019999906420707703,
        0.019999904558062553,
        0.019999902695417404,
        0.019999902695417404,
        0.019999902695417404,
        0.019999902695417404,
        0.019999902695417404,
        0.019999902695417404,
        0.019999902695417404,
        0.019999902695417404,
        0.019999898970127106,
        0.019999898970127106,
        0.019999898970127106
      ]
    ],
    "feature_names": [
      "day_of_week",
      "day_index",
      "system_login_hours",
      "work_focused_hours",
      "meeting_collaboration_hours",
      "social_dining_hours",
      "break_relaxation_hours",
      "shared_work_hours",
      "internal_comm_volume",
      "cafeteria_usage",
      "convenience_food_usage"
    ],
    "gradient_importance": [
      3.9177394268624625e-21,
      2.6252432645090392e-21,
      7.174433105117911e-21,
      8.79974284238231e-21,
      1.4407012806771752e-20,
      6.050493773772599e-21,
      8.917381173301848e-20,
      1.0727608428972182e-20,
      3.3563454352752906e-20,
      5.688111359630016e-20,
      7.082748212152078e-20
    ],
    "sequence_importance": {
      "timestep_0": 6.334013531484458e-19,
      "timestep_1": 2.4535469438029915e-19,
      "timestep_10": 1.2414726229306872e-26,
      "timestep_11": 9.236522738712035e-27,
      "timestep_12": 7.214132978246153e-27,
      "timestep_13": 5.676304110300189e-27,
      "timestep_14": 4.183798536921478e-27,
      "timestep_15": 3.305211251893387e-27,
      "timestep_16": 2.5036097423112707e-27,
      "timestep_17": 2.035092809193071e-27,
      "timestep_18": 1.8023657458292507e-27,
      "timestep_19": 1.2933729875173228e-27,
      "timestep_2": 2.046793640718398e-20,
      "timestep_20": 1.221373829883356e-27,
      "timestep_21": 9.976231408043356e-28,
      "timestep_22": 1.0411280686145961e-27,
      "timestep_23": 7.145181797342173e-28,
      "timestep_24": 5.617406572595402e-28,
      "timestep_25": 5.993983654621438e-28,
      "timestep_26": 5.188156751037833e-28,
      "timestep_27": 4.282930677094459e-28,
      "timestep_28": 3.278020395159545e-28,
      "timestep_29": 3.8622293363362956e-28,
      "timestep_3": 8.010525039921697e-26,
      "timestep_30": 2.9835892808277284e-28,
      "timestep_31": 2.795170258060978e-28,
      "timestep_32": 2.040335720132428e-28,
      "timestep_33": 1.5538548439768263e-28,
      "timestep_34": 1.4624515328930449e-28,
      "timestep_35": 1.4006618021166477e-28,
      "timestep_36": 1.3072842924692478e-28,
      "timestep_37": 7.903679454024948e-29,
      "timestep_38": 1.1205291528038265e-28,
      "timestep_39": 6.687727935455269e-29,
      "timestep_4": 6.657155270924529e-26,
      "timestep_40": 6.079752176170429e-29,
      "timestep_41": 5.471776416885589e-29,
      "timestep_42": 2.7867664627486444e-29,
      "timestep_43": 2.43842035397851e-29,
      "timestep_44": 2.0900746965982064e-29,
      "timestep_45": 1.741728587828072e-29,
      "timestep_46": 5.986714513473709e-20,
      "timestep_47": 7.770025441258539e-20,
      "timestep_48": 1.5436909214949958e-19,
      "timestep_49": 1.9133076601733371e-19,
      "timestep_5": 5.053073180296479e-26,
      "timestep_6": 3.897806414271729e-26,
      "timestep_7": 3.090571521083681e-26,
      "timestep_8": 2.0940311188347803e-26,
      "timestep_9": 1.663612585209059e-26
    },
    "temporal_importance": [
      6.334013531484458e-19,
      2.4535469438029915e-19,
      2.046793640718398e-20,
      8.010525039921697e-26,
      6.657155270924529e-26,
      5.053073180296479e-26,
      3.897806414271729e-26,
      3.090571521083681e-26,
      2.0940311188347803e-26,
      1.663612585209059e-26,
      1.2414726229306872e-26,
      9.236522738712035e-27,
      7.214132978246153e-27,
      5.676304110300189e-27,
      4.183798536921478e-27,
      3.305211251893387e-27,
      2.5036097423112707e-27,
      2.035092809193071e-27,
      1.8023657458292507e-27,
      1.2933729875173228e-27,
      1.221373829883356e-27,
      9.976231408043356e-28,
      1.0411280686145961e-27,
      7.145181797342173e-28,
      5.617406572595402e-28,
      5.993983654621438e-28,
      5.188156751037833e-28,
      4.282930677094459e-28,
      3.278020395159545e-28,
      3.8622293363362956e-28,
      2.9835892808277284e-28,
      2.795170258060978e-28,
      2.040335720132428e-28,
      1.5538548439768263e-28,
      1.4624515328930449e-28,
      1.4006618021166477e-28,
      1.3072842924692478e-28,
      7.903679454024948e-29,
      1.1205291528038265e-28,
      6.687727935455269e-29,
      6.079752176170429e-29,
      5.471776416885589e-29,
      2.7867664627486444e-29,
      2.43842035397851e-29,
      2.0900746965982064e-29,
      1.741728587828072e-29,
      5.986714513473709e-20,
      7.770025441258539e-20,
      1.5436909214949958e-19,
      1.9133076601733371e-19
    ],
    "trend_analysis": {
      "confidence_level": "high",
      "prediction_trend": "stable"
    }
  }
}