{
  "confidence": 0.7,
  "employee_data": {
    "Age": 32,
    "AgeFactor": 1,
    "Attrition": "No",
    "BusinessTravel": "Travel_Rarely",
    "DailyRate": 117,
    "Department": "Sales",
    "DistanceFromHome": 13,
    "Education": 4,
    "EducationField": "Life Sciences",
    "EmployeeCount": 1,
    "EmployeeNumber": 859,
    "EnvironmentSatisfaction": 2,
    "Gender": "Male",
    "HourlyRate": 73,
    "JobInvolvement": 3,
    "JobLevel": 2,
    "JobRole": "Sales Executive",
    "JobSatisfaction": 4,
    "MaritalStatus": "Divorced",
    "MonthlyIncome": 4403,
    "MonthlyRate": 9250,
    "Norm_EnvironmentSatisfaction": 0.3333333333333333,
    "Norm_JobInvolvement": 0.6666666666666666,
    "Norm_JobLevel": 0.25,
    "Norm_JobSatisfaction": 1,
    "Norm_MonthlyIncome": 0.1787256450763559,
    "Norm_NumCompaniesWorked": 0.2222222222222222,
    "Norm_PercentSalaryHike": 0,
    "Norm_PerformanceRating": 0,
    "Norm_RelationshipSatisfaction": 0.6666666666666666,
    "Norm_TotalWorkingYears": 0.2,
    "Norm_TrainingTimesLastYear": 0.5,
    "Norm_WorkLifeBalance": 0.3333333333333333,
    "Norm_YearsAtCompany": 0.125,
    "Norm_YearsSinceLastPromotion": 0,
    "NumCompaniesWorked": 2,
    "Over18": "Y",
    "OverTime": "No",
    "OverTime_bin": 0,
    "PercentSalaryHike": 11,
    "PerformanceRating": 3,
    "Prob_N01": 0.1414596082323747,
    "Prob_N02": 0.0018564775256756,
    "Prob_N03": 0.026718268782055,
    "Prob_P01": 0.0018564775256756,
    "Prob_P02": 0.1474782767720509,
    "Prob_P03": 0.0015714742981545,
    "Prob_P04": 0.4328732565780861,
    "Prob_S01": 0.0031295934596931,
    "Prob_S02": 0.0098291017886108,
    "Prob_S03": 0.2332274650376233,
    "RelationshipSatisfaction": 3,
    "Score_N01": 0.6666666666666667,
    "Score_N02": 0.2333333333333333,
    "Score_N03": 0.5,
    "Score_P01": 0.2333333333333333,
    "Score_P02": 0.6708333333333334,
    "Score_P03": 0.2166666666666666,
    "Score_P04": 0.7785097419694578,
    "Score_S01": 0.2855555555555555,
    "Score_S02": 0.4,
    "Score_S03": 0.7166666666666668,
    "StandardHours": 80,
    "StockOptionLevel": 1,
    "TotalWorkingYears": 8,
    "TrainingTimesLastYear": 3,
    "WorkLifeBalance": 2,
    "YearsAtCompany": 5,
    "YearsInCurrentRole": 2,
    "YearsSinceLastPromotion": 0,
    "YearsWithCurrManager": 3,
    "argmax_Persona": "저평가된 전문가",
    "argmax_Persona_Code": "P04",
    "argmax_RiskTier": "High",
    "is_married": 0,
    "softmax_Persona": "신규 부모",
    "softmax_Persona_Code": "N03",
    "softmax_RiskTier": "Neutral"
  },
  "employee_id": 859,
  "feature_importance": {},
  "lime_explanation": {},
  "model_interpretation": {},
  "predicted_attrition": 0,
  "risk_score": 0.0024342210963368416,
  "shap_values": {},
  "xai_explanation": {}
}