{
  "prediction": {
    "employee_id": "1048",
    "attrition_probability": 0.019371042028069496,
    "attrition_prediction": 1,
    "risk_category": "LOW",
    "confidence_score": 0.961257915943861,
    "prediction_timestamp": "2025-09-23T22:52:58.409494"
  },
  "explanation": {
    "employee_id": "1048",
    "feature_importance": {
      "RelationshipSatisfaction": 0.03405288979411125,
      "Education": 0.02487798221409321,
      "JobInvolvement": 0.03501373156905174,
      "EnvironmentSatisfaction": 0.048257846385240555,
      "JobLevel": 0.07228615880012512,
      "JobSatisfaction": 0.04019258916378021,
      "StockOptionLevel": 0.07264421880245209,
      "WorkLifeBalance": 0.03580893576145172,
      "Department": 0.037670474499464035,
      "JobRole": 0.046762410551309586,
      "MaritalStatus": 0.036864522844552994,
      "OverTime": 0.0779639258980751,
      "Age": 0.04039482772350311,
      "DailyRate": 0.03578038513660431,
      "DistanceFromHome": 0.036774344742298126,
      "MonthlyIncome": 0.04666806384921074,
      "NumCompaniesWorked": 0.050036631524562836,
      "TotalWorkingYears": 0.04981709271669388,
      "TrainingTimesLastYear": 0.02378365956246853,
      "YearsAtCompany": 0.02968277968466282,
      "YearsInCurrentRole": 0.03649982064962387,
      "YearsSinceLastPromotion": 0.03537580743432045,
      "YearsWithCurrManager": 0.05279093235731125
    },
    "shap_values": {
      "RelationshipSatisfaction": -0.2826739549636841,
      "Education": -0.0010446308879181743,
      "JobInvolvement": -0.10441663861274719,
      "EnvironmentSatisfaction": -0.14416280388832092,
      "JobLevel": -0.007826429791748524,
      "JobSatisfaction": -0.322258859872818,
      "StockOptionLevel": -0.26027512550354004,
      "WorkLifeBalance": 0.4829872250556946,
      "Department": -0.07060722261667252,
      "JobRole": -0.35290980339050293,
      "MaritalStatus": -0.14392302930355072,
      "OverTime": -0.4094722270965576,
      "Age": -0.1795106679201126,
      "DailyRate": -0.5487537384033203,
      "DistanceFromHome": -0.6136167645454407,
      "MonthlyIncome": -0.5307152271270752,
      "NumCompaniesWorked": -0.25661903619766235,
      "TotalWorkingYears": -0.040397003293037415,
      "TrainingTimesLastYear": 0.09714320302009583,
      "YearsAtCompany": -0.014310693368315697,
      "YearsInCurrentRole": -0.10630092024803162,
      "YearsSinceLastPromotion": -0.2149050235748291,
      "YearsWithCurrManager": -0.17513048648834229
    },
    "lime_explanation": {
      "features": [
        "OverTime=0",
        "EnvironmentSatisfaction <= 2.00",
        "DistanceFromHome <= 2.00",
        "2.00 < JobInvolvement <= 3.00",
        "3.00 < JobSatisfaction <= 4.00",
        "0.00 < StockOptionLevel <= 1.00",
        "WorkLifeBalance <= 2.00",
        "2.00 < RelationshipSatisfaction <= 3.00",
        "Age > 42.00",
        "MonthlyIncome > 8201.00"
      ],
      "values": [
        -0.2112046712622341,
        0.1111763947743612,
        -0.09245609442644873,
        -0.07677317531514467,
        -0.076126794445815,
        -0.07481681204689623,
        0.07220321291570435,
        -0.05746505413465014,
        -0.05050084592065248,
        -0.04992615420905322
      ],
      "intercept": 0.5464005579667099
    },
    "top_risk_factors": [
      {
        "feature": "WorkLifeBalance",
        "impact": 0.4829872250556946,
        "type": "risk"
      }
    ],
    "top_protective_factors": [
      {
        "feature": "DistanceFromHome",
        "impact": 0.6136167645454407,
        "type": "protective"
      },
      {
        "feature": "DailyRate",
        "impact": 0.5487537384033203,
        "type": "protective"
      },
      {
        "feature": "MonthlyIncome",
        "impact": 0.5307152271270752,
        "type": "protective"
      },
      {
        "feature": "OverTime",
        "impact": 0.4094722270965576,
        "type": "protective"
      }
    ],
    "explanation_timestamp": "2025-09-23T22:52:58.498618"
  },
  "agent_type": "structura",
  "analysis_type": "individual"
}