{
  "confidence": 0.8,
  "employee_id": "1789",
  "features_used": 11,
  "model_metadata": {
    "feature_dimensions": 11,
    "model_type": "GRU_CNN_Hybrid",
    "sequence_length": 50,
    "training_optimized": true
  },
  "predicted_attrition": 0,
  "risk_score": 8.283974239020608e-06,
  "sequence_length": 50,
  "xai_explanation": {
    "attention_weights": [
      [
        0.020000943914055824,
        0.020000046119093895,
        0.020000075921416283,
        0.020000101998448372,
        0.020000115036964417,
        0.020000124350190163,
        0.020000122487545013,
        0.020000122487545013,
        0.020000111311674118,
        0.02000010386109352,
        0.020000088959932327,
        0.02000007964670658,
        0.020000064745545387,
        0.020000053569674492,
        0.020000042393803596,
        0.020000029355287552,
        0.020000018179416656,
        0.02000000886619091,
        0.019999999552965164,
        0.019999993965029716,
        0.01999998465180397,
        0.019999975338578224,
        0.019999969750642776,
        0.01999996230006218,
        0.019999956712126732,
        0.019999951124191284,
        0.019999949261546135,
        0.019999941810965538,
        0.01999993994832039,
        0.01999993622303009,
        0.01999993436038494,
        0.019999932497739792,
        0.019999926909804344,
        0.019999926909804344,
        0.019999923184514046,
        0.019999923184514046,
        0.019999917596578598,
        0.019999917596578598,
        0.019999917596578598,
        0.0199999138712883,
        0.0199999138712883,
        0.0199999138712883,
        0.0199999138712883,
        0.019999910145998,
        0.019999908283352852,
        0.019999908283352852,
        0.019999908283352852,
        0.019999908283352852,
        0.019999908283352852,
        0.019999908283352852
      ]
    ],
    "feature_names": [
      "day_of_week",
      "day_index",
      "system_login_hours",
      "work_focused_hours",
      "meeting_collaboration_hours",
      "social_dining_hours",
      "break_relaxation_hours",
      "shared_work_hours",
      "internal_comm_volume",
      "cafeteria_usage",
      "convenience_food_usage"
    ],
    "gradient_importance": [
      3.766182032904908e-08,
      1.9704996745417702e-08,
      6.201722158039047e-08,
      1.1631290419700235e-07,
      1.3455576208798448e-07,
      2.622263117757484e-08,
      9.231752642335778e-07,
      9.826953828451224e-08,
      3.0615217383456184e-07,
      5.949245860392693e-07,
      7.131721986297634e-07
    ],
    "sequence_importance": {
      "timestep_0": 6.47023671263014e-06,
      "timestep_1": 1.3859142882211017e-06,
      "timestep_10": 2.838743237872088e-13,
      "timestep_11": 2.1442366653946776e-13,
      "timestep_12": 1.901071666624357e-13,
      "timestep_13": 1.4542131333752234e-13,
      "timestep_14": 1.1981302722955528e-13,
      "timestep_15": 1.0400609816744663e-13,
      "timestep_16": 8.632242192102915e-14,
      "timestep_17": 5.953648896583549e-14,
      "timestep_18": 5.728634932958623e-14,
      "timestep_19": 4.20120007033932e-14,
      "timestep_2": 1.5699343951583455e-12,
      "timestep_20": 4.503881195403424e-14,
      "timestep_21": 3.8218871969107615e-14,
      "timestep_22": 3.33648717378357e-14,
      "timestep_23": 2.3007513795070093e-14,
      "timestep_24": 1.8872053307019895e-14,
      "timestep_25": 1.8147513182399828e-14,
      "timestep_26": 1.3678856190921154e-14,
      "timestep_27": 1.037954681785188e-14,
      "timestep_28": 9.928255286851314e-15,
      "timestep_29": 8.230615760338247e-15,
      "timestep_3": 1.3067549429687797e-12,
      "timestep_30": 7.977340203615003e-15,
      "timestep_31": 7.578469847654111e-15,
      "timestep_32": 5.391691240474788e-15,
      "timestep_33": 4.552592027320945e-15,
      "timestep_34": 3.776970310267287e-15,
      "timestep_35": 3.779447881638006e-15,
      "timestep_36": 3.1120344118378473e-15,
      "timestep_37": 2.5039714818606137e-15,
      "timestep_38": 2.6674570992519294e-15,
      "timestep_39": 2.11874407382291e-15,
      "timestep_4": 1.0587460812575e-12,
      "timestep_40": 1.104561244647472e-15,
      "timestep_41": 9.941048660728406e-16,
      "timestep_42": 8.836485404377684e-16,
      "timestep_43": 5.1546152947469e-16,
      "timestep_44": 4.418241378699862e-16,
      "timestep_45": 3.6818674626528237e-16,
      "timestep_46": 7.573813718408928e-07,
      "timestep_47": 1.020942477225617e-06,
      "timestep_48": 2.068472667815513e-06,
      "timestep_49": 2.079632167806267e-06,
      "timestep_5": 8.325038792014738e-13,
      "timestep_6": 6.994214777657215e-13,
      "timestep_7": 5.317720547758087e-13,
      "timestep_8": 4.365119106019416e-13,
      "timestep_9": 3.384290189669542e-13
    },
    "temporal_importance": [
      6.47023671263014e-06,
      1.3859142882211017e-06,
      1.5699343951583455e-12,
      1.3067549429687797e-12,
      1.0587460812575e-12,
      8.325038792014738e-13,
      6.994214777657215e-13,
      5.317720547758087e-13,
      4.365119106019416e-13,
      3.384290189669542e-13,
      2.838743237872088e-13,
      2.1442366653946776e-13,
      1.901071666624357e-13,
      1.4542131333752234e-13,
      1.1981302722955528e-13,
      1.0400609816744663e-13,
      8.632242192102915e-14,
      5.953648896583549e-14,
      5.728634932958623e-14,
      4.20120007033932e-14,
      4.503881195403424e-14,
      3.8218871969107615e-14,
      3.33648717378357e-14,
      2.3007513795070093e-14,
      1.8872053307019895e-14,
      1.8147513182399828e-14,
      1.3678856190921154e-14,
      1.037954681785188e-14,
      9.928255286851314e-15,
      8.230615760338247e-15,
      7.977340203615003e-15,
      7.578469847654111e-15,
      5.391691240474788e-15,
      4.552592027320945e-15,
      3.776970310267287e-15,
      3.779447881638006e-15,
      3.1120344118378473e-15,
      2.5039714818606137e-15,
      2.6674570992519294e-15,
      2.11874407382291e-15,
      1.104561244647472e-15,
      9.941048660728406e-16,
      8.836485404377684e-16,
      5.1546152947469e-16,
      4.418241378699862e-16,
      3.6818674626528237e-16,
      7.573813718408928e-07,
      1.020942477225617e-06,
      2.068472667815513e-06,
      2.079632167806267e-06
    ],
    "trend_analysis": {
      "confidence_level": "high",
      "prediction_trend": "stable"
    }
  }
}