{
  "confidence": 0.7,
  "employee_data": {
    "Age": 46,
    "AgeFactor": 0,
    "Attrition": "No",
    "BusinessTravel": "Travel_Rarely",
    "DailyRate": 734,
    "Department": "Research & Development",
    "DistanceFromHome": 2,
    "Education": 4,
    "EducationField": "Medical",
    "EmployeeCount": 1,
    "EmployeeNumber": 1789,
    "EnvironmentSatisfaction": 3,
    "Gender": "Male",
    "HourlyRate": 46,
    "JobInvolvement": 3,
    "JobLevel": 5,
    "JobRole": "Research Director",
    "JobSatisfaction": 4,
    "MaritalStatus": "Divorced",
    "MonthlyIncome": 19328,
    "MonthlyRate": 14218,
    "Norm_EnvironmentSatisfaction": 0.6666666666666666,
    "Norm_JobInvolvement": 0.6666666666666666,
    "Norm_JobLevel": 1,
    "Norm_JobSatisfaction": 1,
    "Norm_MonthlyIncome": 0.9646656134807794,
    "Norm_NumCompaniesWorked": 0.7777777777777778,
    "Norm_PercentSalaryHike": 0.4285714285714285,
    "Norm_PerformanceRating": 0,
    "Norm_RelationshipSatisfaction": 0.6666666666666666,
    "Norm_TotalWorkingYears": 0.6,
    "Norm_TrainingTimesLastYear": 0.5,
    "Norm_WorkLifeBalance": 0.6666666666666666,
    "Norm_YearsAtCompany": 0.05,
    "Norm_YearsSinceLastPromotion": 0.1333333333333333,
    "NumCompaniesWorked": 7,
    "Over18": "Y",
    "OverTime": "Yes",
    "OverTime_bin": 1,
    "PercentSalaryHike": 17,
    "PerformanceRating": 3,
    "Prob_N01": 0.0460322531441019,
    "Prob_N02": 0.0007308735351308,
    "Prob_N03": 0.0001380441795458,
    "Prob_P01": 0.0399043429263277,
    "Prob_P02": 0.0844774946379536,
    "Prob_P03": 0.0023470326541361,
    "Prob_P04": 0.0115521356931073,
    "Prob_S01": 0.0028987016823974,
    "Prob_S02": 0.0104189683049999,
    "Prob_S03": 0.8015001532422991,
    "RelationshipSatisfaction": 3,
    "Score_N01": 0.580952380952381,
    "Score_N02": 0.1666666666666666,
    "Score_N03": 0,
    "Score_P01": 0.5666666666666667,
    "Score_P02": 0.6416666666666666,
    "Score_P03": 0.2833333333333333,
    "Score_P04": 0.4427051831791168,
    "Score_S01": 0.3044444444444444,
    "Score_S02": 0.4323809523809524,
    "Score_S03": 0.8666666666666667,
    "StandardHours": 80,
    "StockOptionLevel": 1,
    "TotalWorkingYears": 24,
    "TrainingTimesLastYear": 3,
    "WorkLifeBalance": 3,
    "YearsAtCompany": 2,
    "YearsInCurrentRole": 1,
    "YearsSinceLastPromotion": 2,
    "YearsWithCurrManager": 2,
    "argmax_Persona": "내재 동기 전문가",
    "argmax_Persona_Code": "S03",
    "argmax_RiskTier": "Stable",
    "is_married": 0,
    "softmax_Persona": "온보딩에 실패한 직원",
    "softmax_Persona_Code": "P02",
    "softmax_RiskTier": "High"
  },
  "employee_id": 1789,
  "feature_importance": {},
  "lime_explanation": {},
  "model_interpretation": {},
  "predicted_attrition": 0,
  "risk_score": 3.7056097426102497e-06,
  "shap_values": {},
  "xai_explanation": {}
}