{
  "prediction": {
    "risk_score": 1.5234725455828514e-33,
    "attrition_probability": 1.5234725455828514e-33
  },
  "confidence": 0.8
}