{
  "prediction": {
    "risk_score": 2.469876597852842e-28,
    "attrition_probability": 2.469876597852842e-28
  },
  "confidence": 0.8
}