{
  "confidence": 0.8,
  "employee_id": "1293",
  "features_used": 11,
  "model_metadata": {
    "feature_dimensions": 11,
    "model_type": "GRU_CNN_Hybrid",
    "sequence_length": 50,
    "training_optimized": true
  },
  "predicted_attrition": 0,
  "risk_score": 1.6459588565226244e-27,
  "sequence_length": 50,
  "xai_explanation": {
    "attention_weights": [
      [
        0.020008539780974388,
        0.01999886892735958,
        0.019999075680971146,
        0.019999248906970024,
        0.019999420270323753,
        0.01999952830374241,
        0.019999608397483826,
        0.019999690353870392,
        0.019999749958515167,
        0.019999798387289047,
        0.019999833777546883,
        0.019999857991933823,
        0.019999876618385315,
        0.019999893382191658,
        0.019999904558062553,
        0.0199999138712883,
        0.019999919459223747,
        0.019999923184514046,
        0.019999926909804344,
        0.019999930635094643,
        0.01999993436038494,
        0.01999993436038494,
        0.01999993436038494,
        0.01999993436038494,
        0.01999993622303009,
        0.01999993436038494,
        0.01999993436038494,
        0.01999993436038494,
        0.01999993436038494,
        0.01999993436038494,
        0.01999993436038494,
        0.01999993436038494,
        0.01999993436038494,
        0.01999993436038494,
        0.019999930635094643,
        0.019999930635094643,
        0.019999928772449493,
        0.019999928772449493,
        0.019999928772449493,
        0.019999928772449493,
        0.019999928772449493,
        0.019999928772449493,
        0.019999928772449493,
        0.019999928772449493,
        0.019999928772449493,
        0.019999928772449493,
        0.019999928772449493,
        0.019999928772449493,
        0.019999928772449493,
        0.019999928772449493
      ]
    ],
    "feature_names": [
      "day_of_week",
      "day_index",
      "system_login_hours",
      "work_focused_hours",
      "meeting_collaboration_hours",
      "social_dining_hours",
      "break_relaxation_hours",
      "shared_work_hours",
      "internal_comm_volume",
      "cafeteria_usage",
      "convenience_food_usage"
    ],
    "gradient_importance": [
      1.1194045752259089e-29,
      7.306683300982439e-30,
      2.0043614853498063e-29,
      2.374255289542265e-29,
      3.887135101265247e-29,
      1.6255759033453547e-29,
      2.4059838719477956e-28,
      2.8944121040184156e-29,
      9.055701533650016e-29,
      1.53470026697368e-28,
      1.910985209501277e-28
    ],
    "sequence_importance": {
      "timestep_0": 1.708970084292125e-27,
      "timestep_1": 6.619874293878347e-28,
      "timestep_10": 1.053840672622388e-34,
      "timestep_11": 8.035984735245883e-35,
      "timestep_12": 5.89354526182649e-35,
      "timestep_13": 4.842991381611597e-35,
      "timestep_14": 3.8991710109189244e-35,
      "timestep_15": 2.740716736408752e-35,
      "timestep_16": 1.9562089971268946e-35,
      "timestep_17": 1.5296603811359473e-35,
      "timestep_18": 1.2674871152674493e-35,
      "timestep_19": 1.0295247712848968e-35,
      "timestep_2": 5.52244943928174e-29,
      "timestep_20": 7.936483845017954e-36,
      "timestep_21": 4.850974756086981e-36,
      "timestep_22": 4.192502410464757e-36,
      "timestep_23": 3.417379971904321e-36,
      "timestep_24": 2.2355656529040513e-36,
      "timestep_25": 2.1492571469386623e-36,
      "timestep_26": 1.5073148318924703e-36,
      "timestep_27": 9.201239607612758e-37,
      "timestep_28": 9.193797703832299e-37,
      "timestep_29": 4.316722115920274e-37,
      "timestep_3": 5.8195423823124575e-34,
      "timestep_30": 4.111163514214801e-37,
      "timestep_31": 3.759179760751836e-37,
      "timestep_32": 3.561328076392395e-37,
      "timestep_33": 3.363476392032954e-37,
      "timestep_34": 2.6247510779979114e-37,
      "timestep_35": 2.460704093584088e-37,
      "timestep_36": 2.2966568849625103e-37,
      "timestep_37": 2.1326101247564412e-37,
      "timestep_38": 1.127909505986254e-37,
      "timestep_39": 0,
      "timestep_4": 5.6164973145495044e-34,
      "timestep_40": 0,
      "timestep_41": 0,
      "timestep_42": 0,
      "timestep_43": 0,
      "timestep_44": 1.0128580681939306e-29,
      "timestep_45": 1.3159021669319623e-29,
      "timestep_46": 1.743327230052535e-28,
      "timestep_47": 2.2735528363705974e-28,
      "timestep_48": 4.142707569703513e-28,
      "timestep_49": 4.71305727825921e-28,
      "timestep_5": 3.471472671913264e-34,
      "timestep_6": 2.731429183093554e-34,
      "timestep_7": 2.4892667857421048e-34,
      "timestep_8": 1.8577908760972613e-34,
      "timestep_9": 1.4881570218643036e-34
    },
    "temporal_importance": [
      1.708970084292125e-27,
      6.619874293878347e-28,
      5.52244943928174e-29,
      5.8195423823124575e-34,
      5.6164973145495044e-34,
      3.471472671913264e-34,
      2.731429183093554e-34,
      2.4892667857421048e-34,
      1.8577908760972613e-34,
      1.4881570218643036e-34,
      1.053840672622388e-34,
      8.035984735245883e-35,
      5.89354526182649e-35,
      4.842991381611597e-35,
      3.8991710109189244e-35,
      2.740716736408752e-35,
      1.9562089971268946e-35,
      1.5296603811359473e-35,
      1.2674871152674493e-35,
      1.0295247712848968e-35,
      7.936483845017954e-36,
      4.850974756086981e-36,
      4.192502410464757e-36,
      3.417379971904321e-36,
      2.2355656529040513e-36,
      2.1492571469386623e-36,
      1.5073148318924703e-36,
      9.201239607612758e-37,
      9.193797703832299e-37,
      4.316722115920274e-37,
      4.111163514214801e-37,
      3.759179760751836e-37,
      3.561328076392395e-37,
      3.363476392032954e-37,
      2.6247510779979114e-37,
      2.460704093584088e-37,
      2.2966568849625103e-37,
      2.1326101247564412e-37,
      1.127909505986254e-37,
      0,
      0,
      0,
      0,
      0,
      1.0128580681939306e-29,
      1.3159021669319623e-29,
      1.743327230052535e-28,
      2.2735528363705974e-28,
      4.142707569703513e-28,
      4.71305727825921e-28
    ],
    "trend_analysis": {
      "confidence_level": "high",
      "prediction_trend": "stable"
    }
  }
}