{
  "prediction": {
    "risk_score": 0.9999886751174927,
    "attrition_probability": 0.9999886751174927
  },
  "confidence": 0.8
}