{
  "prediction": {
    "risk_score": 0.9994613528251648,
    "attrition_probability": 0.9994613528251648
  },
  "confidence": 0.8
}