{
  "confidence": 0.8,
  "employee_id": "1173",
  "features_used": 11,
  "model_metadata": {
    "feature_dimensions": 11,
    "model_type": "GRU_CNN_Hybrid",
    "sequence_length": 50,
    "training_optimized": true
  },
  "predicted_attrition": 0,
  "risk_score": 3.432762706708412e-20,
  "sequence_length": 50,
  "xai_explanation": {
    "attention_weights": [
      [
        0.02000262401998043,
        0.019999127835035324,
        0.019999314099550247,
        0.019999461248517036,
        0.019999593496322632,
        0.019999690353870392,
        0.019999761134386063,
        0.019999820739030838,
        0.019999869167804718,
        0.019999904558062553,
        0.01999993436038494,
        0.019999956712126732,
        0.019999977201223373,
        0.01999998837709427,
        0.019999999552965164,
        0.020000005140900612,
        0.02000001072883606,
        0.020000014454126358,
        0.020000016316771507,
        0.020000020042061806,
        0.020000020042061806,
        0.020000021904706955,
        0.020000023767352104,
        0.020000021904706955,
        0.020000021904706955,
        0.020000021904706955,
        0.020000021904706955,
        0.020000021904706955,
        0.020000021904706955,
        0.020000021904706955,
        0.020000020042061806,
        0.020000020042061806,
        0.020000020042061806,
        0.020000020042061806,
        0.020000020042061806,
        0.020000020042061806,
        0.020000020042061806,
        0.020000020042061806,
        0.020000020042061806,
        0.020000020042061806,
        0.020000020042061806,
        0.020000020042061806,
        0.020000020042061806,
        0.020000020042061806,
        0.020000020042061806,
        0.020000020042061806,
        0.020000020042061806,
        0.020000020042061806,
        0.020000020042061806,
        0.020000020042061806
      ]
    ],
    "feature_names": [
      "day_of_week",
      "day_index",
      "system_login_hours",
      "work_focused_hours",
      "meeting_collaboration_hours",
      "social_dining_hours",
      "break_relaxation_hours",
      "shared_work_hours",
      "internal_comm_volume",
      "cafeteria_usage",
      "convenience_food_usage"
    ],
    "gradient_importance": [
      2.5171917872523413e-22,
      1.4793017568582225e-22,
      3.967487696605439e-22,
      4.951668037604277e-22,
      8.106887495773496e-22,
      3.3278961878300505e-22,
      5.0178480401892915e-21,
      6.036493903463852e-22,
      1.88862984135294e-21,
      3.2007242873308312e-21,
      3.985492708393301e-21
    ],
    "sequence_importance": {
      "timestep_0": 3.564175856648946e-20,
      "timestep_1": 1.3806213110181162e-20,
      "timestep_10": 1.8816177630407855e-27,
      "timestep_11": 1.5027796392600386e-27,
      "timestep_12": 1.1409563361659752e-27,
      "timestep_13": 8.250444103476842e-28,
      "timestep_14": 6.545430360772975e-28,
      "timestep_15": 4.855431649398036e-28,
      "timestep_16": 3.5690832987598714e-28,
      "timestep_17": 2.694430640459915e-28,
      "timestep_18": 2.1610626386963417e-28,
      "timestep_19": 1.6770362398842402e-28,
      "timestep_2": 1.1517443937131715e-21,
      "timestep_20": 1.1994459378344163e-28,
      "timestep_21": 1.030963058516369e-28,
      "timestep_22": 7.432279211187006e-29,
      "timestep_23": 4.5586027522854575e-29,
      "timestep_24": 4.4435170028992754e-29,
      "timestep_25": 3.165350423962043e-29,
      "timestep_26": 2.0309162977009836e-29,
      "timestep_27": 1.946294697526531e-29,
      "timestep_28": 1.3935571669224247e-29,
      "timestep_29": 8.666143834262087e-30,
      "timestep_3": 1.0441006259279612e-26,
      "timestep_30": 8.253469709326819e-30,
      "timestep_31": 7.840796336707936e-30,
      "timestep_32": 7.972280928180745e-30,
      "timestep_33": 3.3325185852591476e-30,
      "timestep_34": 3.1364882572595235e-30,
      "timestep_35": 2.940457553101707e-30,
      "timestep_36": 2.7444268489438908e-30,
      "timestep_37": 2.5483965209442667e-30,
      "timestep_38": 2.3523658167864503e-30,
      "timestep_39": 0,
      "timestep_4": 8.797478504125787e-27,
      "timestep_40": 0,
      "timestep_41": 0,
      "timestep_42": 0,
      "timestep_43": 0,
      "timestep_44": 0,
      "timestep_45": 0,
      "timestep_46": 0,
      "timestep_47": 5.132654489201186e-21,
      "timestep_48": 8.145241837254695e-21,
      "timestep_49": 1.3992291589501514e-20,
      "timestep_5": 6.63146829584706e-27,
      "timestep_6": 4.989708159196195e-27,
      "timestep_7": 3.9794327179187045e-27,
      "timestep_8": 3.1698709546904464e-27,
      "timestep_9": 2.3719764750652863e-27
    },
    "temporal_importance": [
      3.564175856648946e-20,
      1.3806213110181162e-20,
      1.1517443937131715e-21,
      1.0441006259279612e-26,
      8.797478504125787e-27,
      6.63146829584706e-27,
      4.989708159196195e-27,
      3.9794327179187045e-27,
      3.1698709546904464e-27,
      2.3719764750652863e-27,
      1.8816177630407855e-27,
      1.5027796392600386e-27,
      1.1409563361659752e-27,
      8.250444103476842e-28,
      6.545430360772975e-28,
      4.855431649398036e-28,
      3.5690832987598714e-28,
      2.694430640459915e-28,
      2.1610626386963417e-28,
      1.6770362398842402e-28,
      1.1994459378344163e-28,
      1.030963058516369e-28,
      7.432279211187006e-29,
      4.5586027522854575e-29,
      4.4435170028992754e-29,
      3.165350423962043e-29,
      2.0309162977009836e-29,
      1.946294697526531e-29,
      1.3935571669224247e-29,
      8.666143834262087e-30,
      8.253469709326819e-30,
      7.840796336707936e-30,
      7.972280928180745e-30,
      3.3325185852591476e-30,
      3.1364882572595235e-30,
      2.940457553101707e-30,
      2.7444268489438908e-30,
      2.5483965209442667e-30,
      2.3523658167864503e-30,
      0,
      0,
      0,
      0,
      0,
      0,
      0,
      0,
      5.132654489201186e-21,
      8.145241837254695e-21,
      1.3992291589501514e-20
    ],
    "trend_analysis": {
      "confidence_level": "high",
      "prediction_trend": "stable"
    }
  }
}