{
  "confidence": 0.8,
  "employee_id": "248",
  "features_used": 11,
  "model_metadata": {
    "feature_dimensions": 11,
    "model_type": "GRU_CNN_Hybrid",
    "sequence_length": 50,
    "training_optimized": true
  },
  "predicted_attrition": 1,
  "risk_score": 0.9999916553497314,
  "sequence_length": 50,
  "xai_explanation": {
    "attention_weights": [
      [
        0.02000204101204872,
        0.02000153809785843,
        0.020001357421278954,
        0.020001158118247986,
        0.020001014694571495,
        0.02000090293586254,
        0.0200007613748312,
        0.0200006403028965,
        0.020000547170639038,
        0.020000454038381577,
        0.020000359043478966,
        0.020000265911221504,
        0.020000189542770386,
        0.020000120624899864,
        0.020000051707029343,
        0.019999993965029716,
        0.01999993622303009,
        0.019999898970127106,
        0.01999986544251442,
        0.019999828189611435,
        0.019999802112579346,
        0.019999781623482704,
        0.019999759271740913,
        0.019999736919999123,
        0.01999972201883793,
        0.019999703392386436,
        0.019999682903289795,
        0.01999967359006405,
        0.019999660551548004,
        0.01999964937567711,
        0.019999640062451363,
        0.019999630749225616,
        0.01999962143599987,
        0.019999613985419273,
        0.019999610260128975,
        0.019999602809548378,
        0.01999959722161293,
        0.019999593496322632,
        0.019999587908387184,
        0.019999584183096886,
        0.019999578595161438,
        0.01999957673251629,
        0.01999957486987114,
        0.019999569281935692,
        0.019999567419290543,
        0.019999567419290543,
        0.019999563694000244,
        0.019999561831355095,
        0.019999559968709946,
        0.019999559968709946
      ]
    ],
    "feature_names": [
      "day_of_week",
      "day_index",
      "system_login_hours",
      "work_focused_hours",
      "meeting_collaboration_hours",
      "social_dining_hours",
      "break_relaxation_hours",
      "shared_work_hours",
      "internal_comm_volume",
      "cafeteria_usage",
      "convenience_food_usage"
    ],
    "gradient_importance": [
      3.1285864565688826e-08,
      8.867400147494209e-09,
      1.986464148728828e-08,
      9.662137046007047e-08,
      4.750157955868417e-08,
      1.6173073547065542e-08,
      6.254227855606587e-07,
      4.642036444124642e-08,
      7.566047344198523e-08,
      4.1183596977134584e-07,
      4.211587736335787e-07
    ],
    "sequence_importance": {
      "timestep_0": 1.5959325594394613e-07,
      "timestep_1": 3.725957910261091e-12,
      "timestep_10": 8.551540009969771e-13,
      "timestep_11": 7.665187386728112e-13,
      "timestep_12": 5.761628695845344e-13,
      "timestep_13": 5.027553351931446e-13,
      "timestep_14": 4.435315233575904e-13,
      "timestep_15": 3.5794015863267747e-13,
      "timestep_16": 3.0062020581200777e-13,
      "timestep_17": 2.3123137519315273e-13,
      "timestep_18": 1.8906438101293915e-13,
      "timestep_19": 1.772330519107454e-13,
      "timestep_2": 2.6985360560699556e-12,
      "timestep_20": 1.3326477779369156e-13,
      "timestep_21": 1.1022867324851984e-13,
      "timestep_22": 9.897944551646998e-14,
      "timestep_23": 8.95629260317353e-14,
      "timestep_24": 6.992490760677691e-14,
      "timestep_25": 6.532316056346091e-14,
      "timestep_26": 5.5740690383700164e-14,
      "timestep_27": 3.7047371192946293e-14,
      "timestep_28": 3.665613345087311e-14,
      "timestep_29": 2.8855268326653805e-14,
      "timestep_3": 2.90397892364902e-12,
      "timestep_30": 2.6994901065478978e-14,
      "timestep_31": 2.4078153276004162e-14,
      "timestep_32": 1.994241665521316e-14,
      "timestep_33": 1.4725229024949334e-14,
      "timestep_34": 1.1848776286841299e-14,
      "timestep_35": 9.321481541019801e-15,
      "timestep_36": 8.146606185596619e-15,
      "timestep_37": 7.050794579536047e-15,
      "timestep_38": 6.508419901651331e-15,
      "timestep_39": 5.966047764865458e-15,
      "timestep_4": 2.1393544488018668e-12,
      "timestep_40": 4.345251490843775e-15,
      "timestep_41": 3.606947504347299e-15,
      "timestep_42": 3.2061736535956903e-15,
      "timestep_43": 2.225562340009966e-15,
      "timestep_44": 1.507625048971983e-15,
      "timestep_45": 1.0469610984100482e-15,
      "timestep_46": 8.375687304972728e-16,
      "timestep_47": 1.8886352108893334e-06,
      "timestep_48": 2.955148374894634e-06,
      "timestep_49": 3.182109594490612e-06,
      "timestep_5": 1.8037430273357136e-12,
      "timestep_6": 1.7623941585623304e-12,
      "timestep_7": 1.3287582839582868e-12,
      "timestep_8": 1.1661083340261391e-12,
      "timestep_9": 1.021032650788678e-12
    },
    "temporal_importance": [
      1.5959325594394613e-07,
      3.725957910261091e-12,
      2.6985360560699556e-12,
      2.90397892364902e-12,
      2.1393544488018668e-12,
      1.8037430273357136e-12,
      1.7623941585623304e-12,
      1.3287582839582868e-12,
      1.1661083340261391e-12,
      1.021032650788678e-12,
      8.551540009969771e-13,
      7.665187386728112e-13,
      5.761628695845344e-13,
      5.027553351931446e-13,
      4.435315233575904e-13,
      3.5794015863267747e-13,
      3.0062020581200777e-13,
      2.3123137519315273e-13,
      1.8906438101293915e-13,
      1.772330519107454e-13,
      1.3326477779369156e-13,
      1.1022867324851984e-13,
      9.897944551646998e-14,
      8.95629260317353e-14,
      6.992490760677691e-14,
      6.532316056346091e-14,
      5.5740690383700164e-14,
      3.7047371192946293e-14,
      3.665613345087311e-14,
      2.8855268326653805e-14,
      2.6994901065478978e-14,
      2.4078153276004162e-14,
      1.994241665521316e-14,
      1.4725229024949334e-14,
      1.1848776286841299e-14,
      9.321481541019801e-15,
      8.146606185596619e-15,
      7.050794579536047e-15,
      6.508419901651331e-15,
      5.966047764865458e-15,
      4.345251490843775e-15,
      3.606947504347299e-15,
      3.2061736535956903e-15,
      2.225562340009966e-15,
      1.507625048971983e-15,
      1.0469610984100482e-15,
      8.375687304972728e-16,
      1.8886352108893334e-06,
      2.955148374894634e-06,
      3.182109594490612e-06
    ],
    "trend_analysis": {
      "confidence_level": "high",
      "prediction_trend": "increasing"
    }
  }
}