{
  "confidence": 0.8,
  "employee_id": "1160",
  "features_used": 11,
  "model_metadata": {
    "feature_dimensions": 11,
    "model_type": "GRU_CNN_Hybrid",
    "sequence_length": 50,
    "training_optimized": true
  },
  "predicted_attrition": 1,
  "risk_score": 0.9999996423721313,
  "sequence_length": 50,
  "xai_explanation": {
    "attention_weights": [
      [
        0.020004667341709137,
        0.020004192367196083,
        0.020003601908683777,
        0.02000316046178341,
        0.020002704113721848,
        0.02000231295824051,
        0.020001936703920364,
        0.020001614466309547,
        0.020001361146569252,
        0.02000109665095806,
        0.020000861957669258,
        0.020000671967864037,
        0.020000465214252472,
        0.020000305026769638,
        0.0200001560151577,
        0.02000003680586815,
        0.019999921321868896,
        0.019999811425805092,
        0.019999712705612183,
        0.019999617710709572,
        0.019999545067548752,
        0.019999459385871887,
        0.019999394193291664,
        0.019999336451292038,
        0.019999288022518158,
        0.019999245181679726,
        0.019999204203486443,
        0.019999166950583458,
        0.01999913528561592,
        0.019999107345938683,
        0.019999079406261444,
        0.019999055191874504,
        0.019999036565423012,
        0.019999012351036072,
        0.019998997449874878,
        0.019998980686068535,
        0.01999896578490734,
        0.019998954609036446,
        0.01999894343316555,
        0.019998930394649506,
        0.01999892108142376,
        0.019998911768198013,
        0.019998906180262566,
        0.01999889686703682,
        0.01999889314174652,
        0.019998885691165924,
        0.019998878240585327,
        0.019998876377940178,
        0.01999887079000473,
        0.01999886892735958
      ]
    ],
    "feature_names": [
      "day_of_week",
      "day_index",
      "system_login_hours",
      "work_focused_hours",
      "meeting_collaboration_hours",
      "social_dining_hours",
      "break_relaxation_hours",
      "shared_work_hours",
      "internal_comm_volume",
      "cafeteria_usage",
      "convenience_food_usage"
    ],
    "gradient_importance": [
      2.1346495682195155e-09,
      3.761978228933316e-10,
      8.9422136362316e-10,
      4.081420090784604e-09,
      2.0142210122031656e-09,
      6.406651875678904e-10,
      2.6520034168697748e-08,
      1.9265358197628757e-09,
      3.271526383130663e-09,
      1.7472070013013763e-08,
      1.7829968612659286e-08
    ],
    "sequence_importance": {
      "timestep_0": 1.0752200019226166e-08,
      "timestep_1": 2.819843967702407e-13,
      "timestep_10": 6.189752893180286e-14,
      "timestep_11": 4.970959557068326e-14,
      "timestep_12": 4.578110080703107e-14,
      "timestep_13": 3.3693706868618764e-14,
      "timestep_14": 2.9740017956983444e-14,
      "timestep_15": 2.3276209586598103e-14,
      "timestep_16": 2.1546941002801613e-14,
      "timestep_17": 1.8134551884240943e-14,
      "timestep_18": 1.5846827702056115e-14,
      "timestep_19": 1.392098818219032e-14,
      "timestep_2": 2.376264061822869e-13,
      "timestep_20": 1.0787898860624336e-14,
      "timestep_21": 1.1112597929525958e-14,
      "timestep_22": 8.713198382476282e-15,
      "timestep_23": 7.171861845720051e-15,
      "timestep_24": 5.615944907326259e-15,
      "timestep_25": 4.745705374899559e-15,
      "timestep_26": 4.395784629444019e-15,
      "timestep_27": 3.6493296448961154e-15,
      "timestep_28": 2.895302397557995e-15,
      "timestep_29": 2.522056694075677e-15,
      "timestep_3": 2.0792348149212964e-13,
      "timestep_30": 2.0826041425788845e-15,
      "timestep_31": 1.778425929132156e-15,
      "timestep_32": 1.4990790159297791e-15,
      "timestep_33": 1.41130670907821e-15,
      "timestep_34": 1.021065924783945e-15,
      "timestep_35": 8.260483412607855e-16,
      "timestep_36": 7.403382949379845e-16,
      "timestep_37": 5.769272164460272e-16,
      "timestep_38": 5.630424935559571e-16,
      "timestep_39": 4.3418562122142653e-16,
      "timestep_4": 1.5875634953779055e-13,
      "timestep_40": 3.817693430909787e-16,
      "timestep_41": 2.720952523826959e-16,
      "timestep_42": 2.1100106876806855e-16,
      "timestep_43": 1.789912437050753e-16,
      "timestep_44": 1.6108161877299978e-16,
      "timestep_45": 1.0231477729496184e-16,
      "timestep_46": 2.4241808560532263e-08,
      "timestep_47": 1.0540847483753168e-07,
      "timestep_48": 1.2490941969645064e-07,
      "timestep_49": 8.542043161696711e-08,
      "timestep_5": 1.3784642643923511e-13,
      "timestep_6": 1.2675495689954547e-13,
      "timestep_7": 1.0628700204034017e-13,
      "timestep_8": 8.566047583714528e-14,
      "timestep_9": 7.645744931270015e-14
    },
    "temporal_importance": [
      1.0752200019226166e-08,
      2.819843967702407e-13,
      2.376264061822869e-13,
      2.0792348149212964e-13,
      1.5875634953779055e-13,
      1.3784642643923511e-13,
      1.2675495689954547e-13,
      1.0628700204034017e-13,
      8.566047583714528e-14,
      7.645744931270015e-14,
      6.189752893180286e-14,
      4.970959557068326e-14,
      4.578110080703107e-14,
      3.3693706868618764e-14,
      2.9740017956983444e-14,
      2.3276209586598103e-14,
      2.1546941002801613e-14,
      1.8134551884240943e-14,
      1.5846827702056115e-14,
      1.392098818219032e-14,
      1.0787898860624336e-14,
      1.1112597929525958e-14,
      8.713198382476282e-15,
      7.171861845720051e-15,
      5.615944907326259e-15,
      4.745705374899559e-15,
      4.395784629444019e-15,
      3.6493296448961154e-15,
      2.895302397557995e-15,
      2.522056694075677e-15,
      2.0826041425788845e-15,
      1.778425929132156e-15,
      1.4990790159297791e-15,
      1.41130670907821e-15,
      1.021065924783945e-15,
      8.260483412607855e-16,
      7.403382949379845e-16,
      5.769272164460272e-16,
      5.630424935559571e-16,
      4.3418562122142653e-16,
      3.817693430909787e-16,
      2.720952523826959e-16,
      2.1100106876806855e-16,
      1.789912437050753e-16,
      1.6108161877299978e-16,
      1.0231477729496184e-16,
      2.4241808560532263e-08,
      1.0540847483753168e-07,
      1.2490941969645064e-07,
      8.542043161696711e-08
    ],
    "trend_analysis": {
      "confidence_level": "high",
      "prediction_trend": "increasing"
    }
  }
}