{
  "confidence": 0.8,
  "employee_id": "941",
  "features_used": 11,
  "model_metadata": {
    "feature_dimensions": 11,
    "model_type": "GRU_CNN_Hybrid",
    "sequence_length": 50,
    "training_optimized": true
  },
  "predicted_attrition": 0,
  "risk_score": 6.454756729112887e-10,
  "sequence_length": 50,
  "xai_explanation": {
    "attention_weights": [
      [
        0.020001813769340515,
        0.020000336691737175,
        0.020000310614705086,
        0.0200002770870924,
        0.020000243559479713,
        0.020000223070383072,
        0.020000193268060684,
        0.020000174641609192,
        0.020000146701931953,
        0.020000122487545013,
        0.02000010386109352,
        0.02000008150935173,
        0.02000006102025509,
        0.020000038668513298,
        0.020000021904706955,
        0.02000000700354576,
        0.019999993965029716,
        0.019999979063868523,
        0.019999967887997627,
        0.019999954849481583,
        0.019999945536255836,
        0.01999993436038494,
        0.019999925047159195,
        0.019999919459223747,
        0.019999910145998,
        0.019999904558062553,
        0.019999898970127106,
        0.019999893382191658,
        0.01999988779425621,
        0.019999884068965912,
        0.019999882206320763,
        0.019999878481030464,
        0.019999874755740166,
        0.019999869167804718,
        0.019999869167804718,
        0.01999986544251442,
        0.01999986544251442,
        0.01999986171722412,
        0.019999859854578972,
        0.019999857991933823,
        0.019999856129288673,
        0.019999856129288673,
        0.019999856129288673,
        0.019999852403998375,
        0.019999850541353226,
        0.019999850541353226,
        0.019999850541353226,
        0.019999850541353226,
        0.019999850541353226,
        0.019999850541353226
      ]
    ],
    "feature_names": [
      "day_of_week",
      "day_index",
      "system_login_hours",
      "work_focused_hours",
      "meeting_collaboration_hours",
      "social_dining_hours",
      "break_relaxation_hours",
      "shared_work_hours",
      "internal_comm_volume",
      "cafeteria_usage",
      "convenience_food_usage"
    ],
    "gradient_importance": [
      4.595208328433964e-12,
      1.2904269666713652e-12,
      5.194467685848414e-12,
      9.311044123216927e-12,
      1.075555443319498e-11,
      1.6518983446747737e-12,
      7.408852004120448e-11,
      7.837200506621844e-12,
      2.4438380138991356e-11,
      4.7710172618176117e-11,
      5.718603368620734e-11
    ],
    "sequence_importance": {
      "timestep_0": 5.187085760915977e-10,
      "timestep_1": 1.1023060936254936e-10,
      "timestep_10": 1.3967561719694837e-17,
      "timestep_11": 1.287217110224394e-17,
      "timestep_12": 1.2066305279715179e-17,
      "timestep_13": 9.426103583123525e-18,
      "timestep_14": 7.274424002957726e-18,
      "timestep_15": 6.661398383043145e-18,
      "timestep_16": 5.3422835340374815e-18,
      "timestep_17": 5.6900918885104095e-18,
      "timestep_18": 4.378015932927266e-18,
      "timestep_19": 4.005811127058005e-18,
      "timestep_2": 7.14389308249951e-17,
      "timestep_20": 3.293807349792014e-18,
      "timestep_21": 3.2925760914502287e-18,
      "timestep_22": 2.609748421955055e-18,
      "timestep_23": 2.0170642072789195e-18,
      "timestep_24": 2.196383522395462e-18,
      "timestep_25": 1.511979970435798e-18,
      "timestep_26": 1.3634091300369597e-18,
      "timestep_27": 1.1898308619618415e-18,
      "timestep_28": 1.1145019017208984e-18,
      "timestep_29": 9.40272642503701e-19,
      "timestep_3": 6.114283506953525e-17,
      "timestep_30": 7.483064079054705e-19,
      "timestep_31": 7.811222137690977e-19,
      "timestep_32": 6.341535705179862e-19,
      "timestep_33": 5.365207190353164e-19,
      "timestep_34": 4.4189172224834455e-19,
      "timestep_35": 3.0950379165470528e-19,
      "timestep_36": 2.8887010731669385e-19,
      "timestep_37": 2.203318863145048e-19,
      "timestep_38": 2.476027903394593e-19,
      "timestep_39": 1.8643459349875285e-19,
      "timestep_4": 4.79265138190774e-17,
      "timestep_40": 1.3324813380720907e-19,
      "timestep_41": 1.1992330103944255e-19,
      "timestep_42": 7.902687116936145e-20,
      "timestep_43": 9.32736484286066e-20,
      "timestep_44": 5.927013398997548e-20,
      "timestep_45": 3.6849600588356e-20,
      "timestep_46": 2.2338214611394847e-11,
      "timestep_47": 1.280198169695268e-10,
      "timestep_48": 1.490989831598455e-10,
      "timestep_49": 1.8096212028861913e-10,
      "timestep_5": 3.884034838048867e-17,
      "timestep_6": 3.3955297615436306e-17,
      "timestep_7": 2.533835699676318e-17,
      "timestep_8": 2.2245732172858097e-17,
      "timestep_9": 1.7254744386756067e-17
    },
    "temporal_importance": [
      5.187085760915977e-10,
      1.1023060936254936e-10,
      7.14389308249951e-17,
      6.114283506953525e-17,
      4.79265138190774e-17,
      3.884034838048867e-17,
      3.3955297615436306e-17,
      2.533835699676318e-17,
      2.2245732172858097e-17,
      1.7254744386756067e-17,
      1.3967561719694837e-17,
      1.287217110224394e-17,
      1.2066305279715179e-17,
      9.426103583123525e-18,
      7.274424002957726e-18,
      6.661398383043145e-18,
      5.3422835340374815e-18,
      5.6900918885104095e-18,
      4.378015932927266e-18,
      4.005811127058005e-18,
      3.293807349792014e-18,
      3.2925760914502287e-18,
      2.609748421955055e-18,
      2.0170642072789195e-18,
      2.196383522395462e-18,
      1.511979970435798e-18,
      1.3634091300369597e-18,
      1.1898308619618415e-18,
      1.1145019017208984e-18,
      9.40272642503701e-19,
      7.483064079054705e-19,
      7.811222137690977e-19,
      6.341535705179862e-19,
      5.365207190353164e-19,
      4.4189172224834455e-19,
      3.0950379165470528e-19,
      2.8887010731669385e-19,
      2.203318863145048e-19,
      2.476027903394593e-19,
      1.8643459349875285e-19,
      1.3324813380720907e-19,
      1.1992330103944255e-19,
      7.902687116936145e-20,
      9.32736484286066e-20,
      5.927013398997548e-20,
      3.6849600588356e-20,
      2.2338214611394847e-11,
      1.280198169695268e-10,
      1.490989831598455e-10,
      1.8096212028861913e-10
    ],
    "trend_analysis": {
      "confidence_level": "high",
      "prediction_trend": "stable"
    }
  }
}