{
  "confidence": 0.8,
  "employee_id": "205",
  "features_used": 11,
  "model_metadata": {
    "feature_dimensions": 11,
    "model_type": "GRU_CNN_Hybrid",
    "sequence_length": 50,
    "training_optimized": true
  },
  "predicted_attrition": 0,
  "risk_score": 2.130158049951092e-09,
  "sequence_length": 50,
  "xai_explanation": {
    "attention_weights": [
      [
        0.02000153437256813,
        0.02000023052096367,
        0.020000237971544266,
        0.020000223070383072,
        0.020000223070383072,
        0.02000020630657673,
        0.020000193268060684,
        0.020000169053673744,
        0.0200001522898674,
        0.02000013366341591,
        0.02000010758638382,
        0.020000092685222626,
        0.020000070333480835,
        0.020000051707029343,
        0.020000034943223,
        0.020000021904706955,
        0.02000000700354576,
        0.019999992102384567,
        0.019999979063868523,
        0.01999996416270733,
        0.019999954849481583,
        0.019999941810965538,
        0.019999932497739792,
        0.019999923184514046,
        0.01999991573393345,
        0.019999908283352852,
        0.019999904558062553,
        0.019999897107481956,
        0.019999895244836807,
        0.01999989151954651,
        0.01999988779425621,
        0.019999882206320763,
        0.019999880343675613,
        0.019999878481030464,
        0.019999872893095016,
        0.019999871030449867,
        0.019999869167804718,
        0.019999869167804718,
        0.01999986544251442,
        0.01999986357986927,
        0.01999986357986927,
        0.01999986171722412,
        0.019999859854578972,
        0.019999859854578972,
        0.019999859854578972,
        0.019999859854578972,
        0.019999856129288673,
        0.019999856129288673,
        0.019999856129288673,
        0.019999856129288673
      ]
    ],
    "feature_names": [
      "day_of_week",
      "day_index",
      "system_login_hours",
      "work_focused_hours",
      "meeting_collaboration_hours",
      "social_dining_hours",
      "break_relaxation_hours",
      "shared_work_hours",
      "internal_comm_volume",
      "cafeteria_usage",
      "convenience_food_usage"
    ],
    "gradient_importance": [
      1.5394905836241257e-11,
      4.237010048369072e-12,
      1.6708391614717044e-11,
      3.0572405718132245e-11,
      3.5334405540377034e-11,
      5.494521504445515e-12,
      2.430375067863366e-10,
      2.5674708886702646e-11,
      8.031639242567223e-11,
      1.5652064366822316e-10,
      1.8766108111911706e-10
    ],
    "sequence_importance": {
      "timestep_0": 1.7033183752346304e-09,
      "timestep_1": 3.619205490856814e-10,
      "timestep_10": 5.741172772877397e-17,
      "timestep_11": 4.2087975270657614e-17,
      "timestep_12": 3.726642219814727e-17,
      "timestep_13": 3.1235428499688445e-17,
      "timestep_14": 2.3812400672504955e-17,
      "timestep_15": 2.2396752191653128e-17,
      "timestep_16": 1.8233687826294198e-17,
      "timestep_17": 1.834304772071861e-17,
      "timestep_18": 1.5093314828710105e-17,
      "timestep_19": 1.4093351075445776e-17,
      "timestep_2": 3.498533269268939e-16,
      "timestep_20": 1.1610115999072797e-17,
      "timestep_21": 9.911260728817514e-18,
      "timestep_22": 8.477785678584556e-18,
      "timestep_23": 7.909944386040379e-18,
      "timestep_24": 6.6379229972588904e-18,
      "timestep_25": 5.380183708933742e-18,
      "timestep_26": 3.8298392050853114e-18,
      "timestep_27": 3.657440703358847e-18,
      "timestep_28": 3.1223363243273746e-18,
      "timestep_29": 2.3351542370895017e-18,
      "timestep_3": 2.605007212935442e-16,
      "timestep_30": 2.2792988662268586e-18,
      "timestep_31": 2.0329357352822807e-18,
      "timestep_32": 1.7230846311678797e-18,
      "timestep_33": 1.628189850910337e-18,
      "timestep_34": 1.3509089834152115e-18,
      "timestep_35": 9.349610055977684e-19,
      "timestep_36": 8.726299479121772e-19,
      "timestep_37": 6.664589542448798e-19,
      "timestep_38": 6.151927814206808e-19,
      "timestep_39": 5.639265051989053e-19,
      "timestep_4": 2.3759419754270934e-16,
      "timestep_40": 5.126604357722828e-19,
      "timestep_41": 3.6465474067757714e-19,
      "timestep_42": 3.241375731183516e-19,
      "timestep_43": 2.1118123956222813e-19,
      "timestep_44": 1.3277520621667894e-19,
      "timestep_45": 1.1064597933117164e-19,
      "timestep_46": 5.860942287050364e-11,
      "timestep_47": 4.052672086807263e-10,
      "timestep_48": 5.0484416647123e-10,
      "timestep_49": 6.067297775302904e-10,
      "timestep_5": 1.642547100725328e-16,
      "timestep_6": 1.3663092748954073e-16,
      "timestep_7": 1.0719908690618536e-16,
      "timestep_8": 8.540593502495708e-17,
      "timestep_9": 6.599563902558785e-17
    },
    "temporal_importance": [
      1.7033183752346304e-09,
      3.619205490856814e-10,
      3.498533269268939e-16,
      2.605007212935442e-16,
      2.3759419754270934e-16,
      1.642547100725328e-16,
      1.3663092748954073e-16,
      1.0719908690618536e-16,
      8.540593502495708e-17,
      6.599563902558785e-17,
      5.741172772877397e-17,
      4.2087975270657614e-17,
      3.726642219814727e-17,
      3.1235428499688445e-17,
      2.3812400672504955e-17,
      2.2396752191653128e-17,
      1.8233687826294198e-17,
      1.834304772071861e-17,
      1.5093314828710105e-17,
      1.4093351075445776e-17,
      1.1610115999072797e-17,
      9.911260728817514e-18,
      8.477785678584556e-18,
      7.909944386040379e-18,
      6.6379229972588904e-18,
      5.380183708933742e-18,
      3.8298392050853114e-18,
      3.657440703358847e-18,
      3.1223363243273746e-18,
      2.3351542370895017e-18,
      2.2792988662268586e-18,
      2.0329357352822807e-18,
      1.7230846311678797e-18,
      1.628189850910337e-18,
      1.3509089834152115e-18,
      9.349610055977684e-19,
      8.726299479121772e-19,
      6.664589542448798e-19,
      6.151927814206808e-19,
      5.639265051989053e-19,
      5.126604357722828e-19,
      3.6465474067757714e-19,
      3.241375731183516e-19,
      2.1118123956222813e-19,
      1.3277520621667894e-19,
      1.1064597933117164e-19,
      5.860942287050364e-11,
      4.052672086807263e-10,
      5.0484416647123e-10,
      6.067297775302904e-10
    ],
    "trend_analysis": {
      "confidence_level": "high",
      "prediction_trend": "stable"
    }
  }
}