{
  "prediction": {
    "risk_score": 9.242606756743044e-05,
    "attrition_probability": 9.242606756743044e-05
  },
  "confidence": 0.8
}