{
  "prediction": {
    "risk_score": 1.3087024198160878e-21,
    "attrition_probability": 1.3087024198160878e-21
  },
  "confidence": 0.8
}