{
  "confidence": 0.7,
  "employee_data": {
    "Age": 31,
    "AgeFactor": 1,
    "Attrition": "No",
    "BusinessTravel": "Non-Travel",
    "DailyRate": 979,
    "Department": "Research & Development",
    "DistanceFromHome": 1,
    "Education": 4,
    "EducationField": "Medical",
    "EmployeeCount": 1,
    "EmployeeNumber": 308,
    "EnvironmentSatisfaction": 3,
    "Gender": "Male",
    "HourlyRate": 90,
    "JobInvolvement": 1,
    "JobLevel": 2,
    "JobRole": "Manufacturing Director",
    "JobSatisfaction": 3,
    "MaritalStatus": "Married",
    "MonthlyIncome": 4345,
    "MonthlyRate": 4381,
    "Norm_EnvironmentSatisfaction": 0.6666666666666666,
    "Norm_JobInvolvement": 0,
    "Norm_JobLevel": 0.25,
    "Norm_JobSatisfaction": 0.6666666666666666,
    "Norm_MonthlyIncome": 0.1756714060031595,
    "Norm_NumCompaniesWorked": 0,
    "Norm_PercentSalaryHike": 0.0714285714285714,
    "Norm_PerformanceRating": 0,
    "Norm_RelationshipSatisfaction": 1,
    "Norm_TotalWorkingYears": 0.15,
    "Norm_TrainingTimesLastYear": 0.3333333333333333,
    "Norm_WorkLifeBalance": 0.6666666666666666,
    "Norm_YearsAtCompany": 0.125,
    "Norm_YearsSinceLastPromotion": 0.0666666666666666,
    "NumCompaniesWorked": 0,
    "Over18": "Y",
    "OverTime": "No",
    "OverTime_bin": 0,
    "PercentSalaryHike": 12,
    "PerformanceRating": 3,
    "Prob_N01": 0.4410646036779967,
    "Prob_N02": 4.499135889719849e-05,
    "Prob_N03": 0.5087966872902209,
    "Prob_P01": 0.0003324436748585,
    "Prob_P02": 0.0035741063320316,
    "Prob_P03": 0.0017601197288801,
    "Prob_P04": 0.0422518690818699,
    "Prob_S01": 0.0005127578877992,
    "Prob_S02": 0.0011143140093967,
    "Prob_S03": 0.0005481069580489,
    "RelationshipSatisfaction": 4,
    "Score_N01": 0.9857142857142858,
    "Score_N02": 0.0666666666666666,
    "Score_N03": 1,
    "Score_P01": 0.2666666666666667,
    "Score_P02": 0.5041666666666667,
    "Score_P03": 0.4333333333333333,
    "Score_P04": 0.7511600090273076,
    "Score_S01": 0.31,
    "Score_S02": 0.3876190476190476,
    "Score_S03": 0.3166666666666666,
    "StandardHours": 80,
    "StockOptionLevel": 1,
    "TotalWorkingYears": 6,
    "TrainingTimesLastYear": 2,
    "WorkLifeBalance": 3,
    "YearsAtCompany": 5,
    "YearsInCurrentRole": 4,
    "YearsSinceLastPromotion": 1,
    "YearsWithCurrManager": 4,
    "argmax_Persona": "신규 부모",
    "argmax_Persona_Code": "N03",
    "argmax_RiskTier": "Neutral",
    "is_married": 1,
    "softmax_Persona": "현상 유지자",
    "softmax_Persona_Code": "N01",
    "softmax_RiskTier": "Neutral"
  },
  "employee_id": 308,
  "feature_importance": {},
  "lime_explanation": {},
  "model_interpretation": {},
  "predicted_attrition": 0,
  "risk_score": 2.7370180760044605e-05,
  "shap_values": {},
  "xai_explanation": {}
}