{
  "confidence": 0.8,
  "employee_id": "593",
  "features_used": 11,
  "model_metadata": {
    "feature_dimensions": 11,
    "model_type": "GRU_CNN_Hybrid",
    "sequence_length": 50,
    "training_optimized": true
  },
  "predicted_attrition": 1,
  "risk_score": 0.9988190531730652,
  "sequence_length": 50,
  "xai_explanation": {
    "attention_weights": [
      [
        0.020002325996756554,
        0.020001638680696487,
        0.020001430064439774,
        0.020001253113150597,
        0.0200011245906353,
        0.020000945776700974,
        0.020000813528895378,
        0.02000069059431553,
        0.020000575110316277,
        0.020000452175736427,
        0.020000360906124115,
        0.02000027894973755,
        0.02000020630657673,
        0.020000137388706207,
        0.020000070333480835,
        0.020000020042061806,
        0.01999996416270733,
        0.01999991573393345,
        0.019999878481030464,
        0.019999844953417778,
        0.01999981701374054,
        0.019999779760837555,
        0.019999753683805466,
        0.019999725744128227,
        0.019999707117676735,
        0.019999686628580093,
        0.01999966986477375,
        0.019999651238322258,
        0.019999636337161064,
        0.01999962143599987,
        0.019999612122774124,
        0.019999602809548378,
        0.019999593496322632,
        0.019999584183096886,
        0.019999578595161438,
        0.019999569281935692,
        0.019999561831355095,
        0.019999558106064796,
        0.01999955251812935,
        0.019999545067548752,
        0.019999543204903603,
        0.019999537616968155,
        0.019999535754323006,
        0.019999532029032707,
        0.01999952830374241,
        0.01999952644109726,
        0.01999952457845211,
        0.019999520853161812,
        0.019999520853161812,
        0.019999518990516663
      ]
    ],
    "feature_names": [
      "day_of_week",
      "day_index",
      "system_login_hours",
      "work_focused_hours",
      "meeting_collaboration_hours",
      "social_dining_hours",
      "break_relaxation_hours",
      "shared_work_hours",
      "internal_comm_volume",
      "cafeteria_usage",
      "convenience_food_usage"
    ],
    "gradient_importance": [
      7.46428850106895e-06,
      3.3325561616948107e-06,
      1.0541862138779834e-05,
      2.3906066417112015e-05,
      2.6093213818967342e-05,
      5.283434802549891e-06,
      0.0001818834280129522,
      1.7218848370248452e-05,
      5.5836895626271144e-05,
      0.00011585956235649064,
      0.00013979933282826096
    ],
    "sequence_importance": {
      "timestep_0": 0.0010960689978674054,
      "timestep_1": 0.00026284041814506054,
      "timestep_10": 1.2892416301202303e-10,
      "timestep_11": 1.0671458855471272e-10,
      "timestep_12": 9.3389879163297e-11,
      "timestep_13": 8.061955270033394e-11,
      "timestep_14": 7.248183997443647e-11,
      "timestep_15": 5.403371847179095e-11,
      "timestep_16": 5.46092025766054e-11,
      "timestep_17": 4.5014637850560035e-11,
      "timestep_18": 3.3719235736917597e-11,
      "timestep_19": 3.0230755398985565e-11,
      "timestep_2": 4.2827777435583414e-10,
      "timestep_20": 2.5698932565321186e-11,
      "timestep_21": 2.8861408055136373e-11,
      "timestep_22": 2.079456398740298e-11,
      "timestep_23": 1.8802693776964752e-11,
      "timestep_24": 1.4035708359450005e-11,
      "timestep_25": 1.4167698264566653e-11,
      "timestep_26": 1.0599271460520754e-11,
      "timestep_27": 1.108059130561223e-11,
      "timestep_28": 8.725076217075411e-12,
      "timestep_29": 7.145900624699886e-12,
      "timestep_3": 3.9071118562716833e-10,
      "timestep_30": 6.608546609249144e-12,
      "timestep_31": 4.962250662460255e-12,
      "timestep_32": 4.356488260415237e-12,
      "timestep_33": 3.807310369752237e-12,
      "timestep_34": 2.7827026707200053e-12,
      "timestep_35": 2.7636363249955442e-12,
      "timestep_36": 2.4338519481054144e-12,
      "timestep_37": 1.6502320343558807e-12,
      "timestep_38": 1.7318230183249739e-12,
      "timestep_39": 1.2883824866347093e-12,
      "timestep_4": 2.67662947361913e-10,
      "timestep_40": 1.1712562343613175e-12,
      "timestep_41": 9.657947185048865e-13,
      "timestep_42": 6.348034619664544e-13,
      "timestep_43": 5.554525481059336e-13,
      "timestep_44": 4.761020137161731e-13,
      "timestep_45": 3.4520582464607485e-13,
      "timestep_46": 2.350966101481722e-13,
      "timestep_47": 0.00028960712370462716,
      "timestep_48": 0.000437397335190326,
      "timestep_49": 0.0005832627066411078,
      "timestep_5": 3.118257874135111e-10,
      "timestep_6": 2.3737023457925943e-10,
      "timestep_7": 1.9796203565292103e-10,
      "timestep_8": 1.769982493904365e-10,
      "timestep_9": 1.6729637120072027e-10
    },
    "temporal_importance": [
      0.0010960689978674054,
      0.00026284041814506054,
      4.2827777435583414e-10,
      3.9071118562716833e-10,
      2.67662947361913e-10,
      3.118257874135111e-10,
      2.3737023457925943e-10,
      1.9796203565292103e-10,
      1.769982493904365e-10,
      1.6729637120072027e-10,
      1.2892416301202303e-10,
      1.0671458855471272e-10,
      9.3389879163297e-11,
      8.061955270033394e-11,
      7.248183997443647e-11,
      5.403371847179095e-11,
      5.46092025766054e-11,
      4.5014637850560035e-11,
      3.3719235736917597e-11,
      3.0230755398985565e-11,
      2.5698932565321186e-11,
      2.8861408055136373e-11,
      2.079456398740298e-11,
      1.8802693776964752e-11,
      1.4035708359450005e-11,
      1.4167698264566653e-11,
      1.0599271460520754e-11,
      1.108059130561223e-11,
      8.725076217075411e-12,
      7.145900624699886e-12,
      6.608546609249144e-12,
      4.962250662460255e-12,
      4.356488260415237e-12,
      3.807310369752237e-12,
      2.7827026707200053e-12,
      2.7636363249955442e-12,
      2.4338519481054144e-12,
      1.6502320343558807e-12,
      1.7318230183249739e-12,
      1.2883824866347093e-12,
      1.1712562343613175e-12,
      9.657947185048865e-13,
      6.348034619664544e-13,
      5.554525481059336e-13,
      4.761020137161731e-13,
      3.4520582464607485e-13,
      2.350966101481722e-13,
      0.00028960712370462716,
      0.000437397335190326,
      0.0005832627066411078
    ],
    "trend_analysis": {
      "confidence_level": "high",
      "prediction_trend": "increasing"
    }
  }
}