{
  "prediction": {
    "employee_id": "1084",
    "attrition_probability": 0.04512883350253105,
    "attrition_prediction": 1,
    "risk_category": "LOW",
    "confidence_score": 0.9097423329949379,
    "prediction_timestamp": "2025-09-23T22:53:00.762757"
  },
  "explanation": {
    "employee_id": "1084",
    "feature_importance": {
      "RelationshipSatisfaction": 0.03405288979411125,
      "Education": 0.02487798221409321,
      "JobInvolvement": 0.03501373156905174,
      "EnvironmentSatisfaction": 0.048257846385240555,
      "JobLevel": 0.07228615880012512,
      "JobSatisfaction": 0.04019258916378021,
      "StockOptionLevel": 0.07264421880245209,
      "WorkLifeBalance": 0.03580893576145172,
      "Department": 0.037670474499464035,
      "JobRole": 0.046762410551309586,
      "MaritalStatus": 0.036864522844552994,
      "OverTime": 0.0779639258980751,
      "Age": 0.04039482772350311,
      "DailyRate": 0.03578038513660431,
      "DistanceFromHome": 0.036774344742298126,
      "MonthlyIncome": 0.04666806384921074,
      "NumCompaniesWorked": 0.050036631524562836,
      "TotalWorkingYears": 0.04981709271669388,
      "TrainingTimesLastYear": 0.02378365956246853,
      "YearsAtCompany": 0.02968277968466282,
      "YearsInCurrentRole": 0.03649982064962387,
      "YearsSinceLastPromotion": 0.03537580743432045,
      "YearsWithCurrManager": 0.05279093235731125
    },
    "shap_values": {
      "RelationshipSatisfaction": -0.2905258238315582,
      "Education": 0.04899635165929794,
      "JobInvolvement": -0.07020942121744156,
      "EnvironmentSatisfaction": -0.22623586654663086,
      "JobLevel": -0.08182815462350845,
      "JobSatisfaction": 0.2499540001153946,
      "StockOptionLevel": -0.3515467047691345,
      "WorkLifeBalance": 0.07950485497713089,
      "Department": -0.018076978623867035,
      "JobRole": -0.15284419059753418,
      "MaritalStatus": -0.15133655071258545,
      "OverTime": -0.5203357338905334,
      "Age": 0.16641920804977417,
      "DailyRate": -0.7189618945121765,
      "DistanceFromHome": 0.19730016589164734,
      "MonthlyIncome": -0.2553671896457672,
      "NumCompaniesWorked": -0.6530997157096863,
      "TotalWorkingYears": -0.002145367208868265,
      "TrainingTimesLastYear": 0.056717172265052795,
      "YearsAtCompany": -0.1892600953578949,
      "YearsInCurrentRole": -0.031188232824206352,
      "YearsSinceLastPromotion": -0.19846901297569275,
      "YearsWithCurrManager": -0.21480077505111694
    },
    "lime_explanation": {
      "features": [
        "OverTime=0",
        "NumCompaniesWorked <= 1.00",
        "DistanceFromHome > 14.00",
        "0.00 < StockOptionLevel <= 1.00",
        "2.00 < JobInvolvement <= 3.00",
        "WorkLifeBalance <= 2.00",
        "Age <= 30.00",
        "JobSatisfaction <= 2.00",
        "MonthlyIncome > 8201.00",
        "YearsWithCurrManager <= 2.00"
      ],
      "values": [
        -0.20388681405989803,
        -0.120166705126741,
        0.10984517047303968,
        -0.08589897499765566,
        -0.07963960254560816,
        0.07696507036163264,
        0.0760882181546147,
        0.06943134537512358,
        -0.06680129247668497,
        0.06431220227915524
      ],
      "intercept": 0.4730532078670181
    },
    "top_risk_factors": [],
    "top_protective_factors": [
      {
        "feature": "DailyRate",
        "impact": 0.7189618945121765,
        "type": "protective"
      },
      {
        "feature": "NumCompaniesWorked",
        "impact": 0.6530997157096863,
        "type": "protective"
      },
      {
        "feature": "OverTime",
        "impact": 0.5203357338905334,
        "type": "protective"
      },
      {
        "feature": "StockOptionLevel",
        "impact": 0.3515467047691345,
        "type": "protective"
      },
      {
        "feature": "RelationshipSatisfaction",
        "impact": 0.2905258238315582,
        "type": "protective"
      }
    ],
    "explanation_timestamp": "2025-09-23T22:53:00.851267"
  },
  "agent_type": "structura",
  "analysis_type": "individual"
}