{
  "confidence": 0.8,
  "employee_id": "1909",
  "features_used": 11,
  "model_metadata": {
    "feature_dimensions": 11,
    "model_type": "GRU_CNN_Hybrid",
    "sequence_length": 50,
    "training_optimized": true
  },
  "predicted_attrition": 0,
  "risk_score": 4.4569202262696044e-21,
  "sequence_length": 50,
  "xai_explanation": {
    "attention_weights": [
      [
        0.020004551857709885,
        0.019999658688902855,
        0.01999974437057972,
        0.019999800249934196,
        0.019999852403998375,
        0.01999989151954651,
        0.019999917596578598,
        0.019999932497739792,
        0.019999943673610687,
        0.019999952986836433,
        0.01999995857477188,
        0.01999995857477188,
        0.01999995857477188,
        0.01999995857477188,
        0.019999956712126732,
        0.019999952986836433,
        0.019999951124191284,
        0.019999949261546135,
        0.019999943673610687,
        0.01999993994832039,
        0.01999993994832039,
        0.01999993436038494,
        0.01999993436038494,
        0.019999928772449493,
        0.019999928772449493,
        0.019999925047159195,
        0.019999923184514046,
        0.019999923184514046,
        0.019999919459223747,
        0.019999919459223747,
        0.01999991573393345,
        0.01999991573393345,
        0.01999991573393345,
        0.01999991200864315,
        0.019999910145998,
        0.019999910145998,
        0.019999910145998,
        0.019999908283352852,
        0.019999908283352852,
        0.019999908283352852,
        0.019999906420707703,
        0.019999906420707703,
        0.019999906420707703,
        0.019999906420707703,
        0.019999906420707703,
        0.019999906420707703,
        0.019999906420707703,
        0.019999902695417404,
        0.019999902695417404,
        0.019999902695417404
      ]
    ],
    "feature_names": [
      "day_of_week",
      "day_index",
      "system_login_hours",
      "work_focused_hours",
      "meeting_collaboration_hours",
      "social_dining_hours",
      "break_relaxation_hours",
      "shared_work_hours",
      "internal_comm_volume",
      "cafeteria_usage",
      "convenience_food_usage"
    ],
    "gradient_importance": [
      3.268191092446217e-23,
      1.9206443791070288e-23,
      5.1511771452041674e-23,
      6.428969621860093e-23,
      1.0525559012552637e-22,
      4.320764096205906e-23,
      6.514910653229767e-22,
      7.837442902808759e-23,
      2.4520980145793795e-22,
      4.155653615476976e-22,
      5.174554943467083e-22
    ],
    "sequence_importance": {
      "timestep_0": 4.627539556202521e-21,
      "timestep_1": 1.792526438744945e-21,
      "timestep_10": 1.2695166858891925e-28,
      "timestep_11": 9.205120595413547e-29,
      "timestep_12": 6.68479029043697e-29,
      "timestep_13": 5.4994809191356e-29,
      "timestep_14": 4.3925466650679595e-29,
      "timestep_15": 3.1791000591321987e-29,
      "timestep_16": 2.3336691747665652e-29,
      "timestep_17": 1.7833860011353372e-29,
      "timestep_18": 1.409487917754599e-29,
      "timestep_19": 1.1096849484643834e-29,
      "timestep_2": 1.4953596832271566e-22,
      "timestep_20": 8.766305733065145e-30,
      "timestep_21": 7.953463990770974e-30,
      "timestep_22": 6.507842166604301e-30,
      "timestep_23": 5.4596036368574004e-30,
      "timestep_24": 4.4304393367237784e-30,
      "timestep_25": 4.517626034842912e-30,
      "timestep_26": 4.205099890857588e-30,
      "timestep_27": 3.6336542830245515e-30,
      "timestep_28": 2.8412823172369556e-30,
      "timestep_29": 2.2869306542140288e-30,
      "timestep_3": 7.167540881031537e-28,
      "timestep_30": 2.1797633733173586e-30,
      "timestep_31": 2.0722840692002062e-30,
      "timestep_32": 1.9346286025833208e-30,
      "timestep_33": 1.4078225337820828e-30,
      "timestep_34": 1.0684449955188918e-30,
      "timestep_35": 1.023301780667653e-30,
      "timestep_36": 9.550815428397153e-31,
      "timestep_37": 8.868613050117775e-31,
      "timestep_38": 8.186412552629359e-31,
      "timestep_39": 4.885942739390578e-31,
      "timestep_4": 6.379441199621044e-28,
      "timestep_40": 4.4417657420114655e-31,
      "timestep_41": 3.997588274434612e-31,
      "timestep_42": 3.5534115121543697e-31,
      "timestep_43": 1.7814768525483023e-31,
      "timestep_44": 1.5269802097054456e-31,
      "timestep_45": 1.2724833317637187e-31,
      "timestep_46": 1.0179864538219918e-31,
      "timestep_47": 6.663970275783474e-22,
      "timestep_48": 1.0575356709164491e-21,
      "timestep_49": 1.8166859287451754e-21,
      "timestep_5": 4.697476505009117e-28,
      "timestep_6": 3.605710634442228e-28,
      "timestep_7": 2.7436807617390284e-28,
      "timestep_8": 2.1609870459460245e-28,
      "timestep_9": 1.6442210417855552e-28
    },
    "temporal_importance": [
      4.627539556202521e-21,
      1.792526438744945e-21,
      1.4953596832271566e-22,
      7.167540881031537e-28,
      6.379441199621044e-28,
      4.697476505009117e-28,
      3.605710634442228e-28,
      2.7436807617390284e-28,
      2.1609870459460245e-28,
      1.6442210417855552e-28,
      1.2695166858891925e-28,
      9.205120595413547e-29,
      6.68479029043697e-29,
      5.4994809191356e-29,
      4.3925466650679595e-29,
      3.1791000591321987e-29,
      2.3336691747665652e-29,
      1.7833860011353372e-29,
      1.409487917754599e-29,
      1.1096849484643834e-29,
      8.766305733065145e-30,
      7.953463990770974e-30,
      6.507842166604301e-30,
      5.4596036368574004e-30,
      4.4304393367237784e-30,
      4.517626034842912e-30,
      4.205099890857588e-30,
      3.6336542830245515e-30,
      2.8412823172369556e-30,
      2.2869306542140288e-30,
      2.1797633733173586e-30,
      2.0722840692002062e-30,
      1.9346286025833208e-30,
      1.4078225337820828e-30,
      1.0684449955188918e-30,
      1.023301780667653e-30,
      9.550815428397153e-31,
      8.868613050117775e-31,
      8.186412552629359e-31,
      4.885942739390578e-31,
      4.4417657420114655e-31,
      3.997588274434612e-31,
      3.5534115121543697e-31,
      1.7814768525483023e-31,
      1.5269802097054456e-31,
      1.2724833317637187e-31,
      1.0179864538219918e-31,
      6.663970275783474e-22,
      1.0575356709164491e-21,
      1.8166859287451754e-21
    ],
    "trend_analysis": {
      "confidence_level": "high",
      "prediction_trend": "stable"
    }
  }
}