{
  "confidence": 0.7,
  "employee_data": {
    "Age": 36,
    "AgeFactor": 1,
    "Attrition": "No",
    "BusinessTravel": "Travel_Rarely",
    "DailyRate": 1299,
    "Department": "Research & Development",
    "DistanceFromHome": 27,
    "Education": 3,
    "EducationField": "Medical",
    "EmployeeCount": 1,
    "EmployeeNumber": 13,
    "EnvironmentSatisfaction": 3,
    "Gender": "Male",
    "HourlyRate": 94,
    "JobInvolvement": 3,
    "JobLevel": 2,
    "JobRole": "Healthcare Representative",
    "JobSatisfaction": 3,
    "MaritalStatus": "Married",
    "MonthlyIncome": 5237,
    "MonthlyRate": 16577,
    "Norm_EnvironmentSatisfaction": 0.6666666666666666,
    "Norm_JobInvolvement": 0.6666666666666666,
    "Norm_JobLevel": 0.25,
    "Norm_JobSatisfaction": 0.6666666666666666,
    "Norm_MonthlyIncome": 0.2226434965771458,
    "Norm_NumCompaniesWorked": 0.6666666666666666,
    "Norm_PercentSalaryHike": 0.1428571428571428,
    "Norm_PerformanceRating": 0,
    "Norm_RelationshipSatisfaction": 0.3333333333333333,
    "Norm_TotalWorkingYears": 0.425,
    "Norm_TrainingTimesLastYear": 0.5,
    "Norm_WorkLifeBalance": 0.3333333333333333,
    "Norm_YearsAtCompany": 0.175,
    "Norm_YearsSinceLastPromotion": 0.4666666666666667,
    "NumCompaniesWorked": 6,
    "Over18": "Y",
    "OverTime": "No",
    "OverTime_bin": 0,
    "PercentSalaryHike": 13,
    "PerformanceRating": 3,
    "Prob_N01": 0.0234758290361948,
    "Prob_N02": 0.0005721727205901,
    "Prob_N03": 0.8756959653932108,
    "Prob_P01": 0.0011144402852562,
    "Prob_P02": 0.0353990727357352,
    "Prob_P03": 0.0035787692601471,
    "Prob_P04": 0.0452868363285907,
    "Prob_S01": 0.0008535813958929,
    "Prob_S02": 0.0004466707996822,
    "Prob_S03": 0.0135766620446994,
    "RelationshipSatisfaction": 2,
    "Score_N01": 0.6380952380952382,
    "Score_N02": 0.2666666666666667,
    "Score_N03": 1,
    "Score_P01": 0.3333333333333333,
    "Score_P02": 0.6791666666666667,
    "Score_P03": 0.4499999999999999,
    "Score_P04": 0.7037997442262847,
    "Score_S01": 0.3066666666666666,
    "Score_S02": 0.2419047619047619,
    "Score_S03": 0.5833333333333334,
    "StandardHours": 80,
    "StockOptionLevel": 2,
    "TotalWorkingYears": 17,
    "TrainingTimesLastYear": 3,
    "WorkLifeBalance": 2,
    "YearsAtCompany": 7,
    "YearsInCurrentRole": 7,
    "YearsSinceLastPromotion": 7,
    "YearsWithCurrManager": 7,
    "argmax_Persona": "신규 부모",
    "argmax_Persona_Code": "N03",
    "argmax_RiskTier": "Neutral",
    "is_married": 1,
    "softmax_Persona": "신규 부모",
    "softmax_Persona_Code": "N03",
    "softmax_RiskTier": "Neutral"
  },
  "employee_id": 13,
  "feature_importance": {},
  "lime_explanation": {},
  "model_interpretation": {},
  "predicted_attrition": 0,
  "risk_score": 0.00033935453393496573,
  "shap_values": {},
  "xai_explanation": {}
}