{
  "prediction": {
    "risk_score": 2.8393820815861796e-23,
    "attrition_probability": 2.8393820815861796e-23
  },
  "confidence": 0.8
}