{
  "prediction": {
    "risk_score": 1.2187197404412638e-35,
    "attrition_probability": 1.2187197404412638e-35
  },
  "confidence": 0.8
}