{
  "confidence": 0.7,
  "employee_data": {
    "Age": 55,
    "AgeFactor": 0,
    "Attrition": "Yes",
    "BusinessTravel": "Travel_Rarely",
    "DailyRate": 267,
    "Department": "Sales",
    "DistanceFromHome": 13,
    "Education": 4,
    "EducationField": "Marketing",
    "EmployeeCount": 1,
    "EmployeeNumber": 1372,
    "EnvironmentSatisfaction": 1,
    "Gender": "Male",
    "HourlyRate": 85,
    "JobInvolvement": 4,
    "JobLevel": 4,
    "JobRole": "Sales Executive",
    "JobSatisfaction": 3,
    "MaritalStatus": "Single",
    "MonthlyIncome": 13695,
    "MonthlyRate": 9277,
    "Norm_EnvironmentSatisfaction": 0,
    "Norm_JobInvolvement": 1,
    "Norm_JobLevel": 0.75,
    "Norm_JobSatisfaction": 0.6666666666666666,
    "Norm_MonthlyIncome": 0.6680358083201685,
    "Norm_NumCompaniesWorked": 0.6666666666666666,
    "Norm_PercentSalaryHike": 0.4285714285714285,
    "Norm_PerformanceRating": 0,
    "Norm_RelationshipSatisfaction": 0.6666666666666666,
    "Norm_TotalWorkingYears": 0.6,
    "Norm_TrainingTimesLastYear": 0.3333333333333333,
    "Norm_WorkLifeBalance": 0.3333333333333333,
    "Norm_YearsAtCompany": 0.475,
    "Norm_YearsSinceLastPromotion": 0.2,
    "NumCompaniesWorked": 6,
    "Over18": "Y",
    "OverTime": "Yes",
    "OverTime_bin": 1,
    "PercentSalaryHike": 17,
    "PerformanceRating": 3,
    "Prob_N01": 0.0108569838881315,
    "Prob_N02": 0.0034623633546858,
    "Prob_N03": 0.0001723809210541,
    "Prob_P01": 0.2638246663038609,
    "Prob_P02": 0.0477964517888808,
    "Prob_P03": 0.0034623633546858,
    "Prob_P04": 0.0286605742494826,
    "Prob_S01": 0.0247448669872444,
    "Prob_S02": 0.0099651525639442,
    "Prob_S03": 0.6070541965880295,
    "RelationshipSatisfaction": 3,
    "Score_N01": 0.4142857142857142,
    "Score_N02": 0.3,
    "Score_N03": 0,
    "Score_P01": 0.7333333333333333,
    "Score_P02": 0.5625,
    "Score_P03": 0.3,
    "Score_P04": 0.5113571052433612,
    "Score_S01": 0.4966666666666667,
    "Score_S02": 0.4057142857142858,
    "Score_S03": 0.8166666666666668,
    "StandardHours": 80,
    "StockOptionLevel": 0,
    "TotalWorkingYears": 24,
    "TrainingTimesLastYear": 2,
    "WorkLifeBalance": 2,
    "YearsAtCompany": 19,
    "YearsInCurrentRole": 7,
    "YearsSinceLastPromotion": 3,
    "YearsWithCurrManager": 8,
    "argmax_Persona": "내재 동기 전문가",
    "argmax_Persona_Code": "S03",
    "argmax_RiskTier": "Stable",
    "is_married": 0,
    "softmax_Persona": "내재 동기 전문가",
    "softmax_Persona_Code": "S03",
    "softmax_RiskTier": "Stable"
  },
  "employee_id": 1372,
  "feature_importance": {},
  "lime_explanation": {},
  "model_interpretation": {},
  "predicted_attrition": 0,
  "risk_score": 0.9590667486190796,
  "shap_values": {},
  "xai_explanation": {}
}