{
  "prediction": {
    "risk_score": 5.626401254621438e-12,
    "attrition_probability": 5.626401254621438e-12
  },
  "confidence": 0.8
}