{
  "prediction": {
    "employee_id": "722",
    "attrition_probability": 0.03833601623773575,
    "attrition_prediction": 1,
    "risk_category": "LOW",
    "confidence_score": 0.9233279675245285,
    "prediction_timestamp": "2025-09-23T22:52:35.118678"
  },
  "explanation": {
    "employee_id": "722",
    "feature_importance": {
      "RelationshipSatisfaction": 0.03405288979411125,
      "Education": 0.02487798221409321,
      "JobInvolvement": 0.03501373156905174,
      "EnvironmentSatisfaction": 0.048257846385240555,
      "JobLevel": 0.07228615880012512,
      "JobSatisfaction": 0.04019258916378021,
      "StockOptionLevel": 0.07264421880245209,
      "WorkLifeBalance": 0.03580893576145172,
      "Department": 0.037670474499464035,
      "JobRole": 0.046762410551309586,
      "MaritalStatus": 0.036864522844552994,
      "OverTime": 0.0779639258980751,
      "Age": 0.04039482772350311,
      "DailyRate": 0.03578038513660431,
      "DistanceFromHome": 0.036774344742298126,
      "MonthlyIncome": 0.04666806384921074,
      "NumCompaniesWorked": 0.050036631524562836,
      "TotalWorkingYears": 0.04981709271669388,
      "TrainingTimesLastYear": 0.02378365956246853,
      "YearsAtCompany": 0.02968277968466282,
      "YearsInCurrentRole": 0.03649982064962387,
      "YearsSinceLastPromotion": 0.03537580743432045,
      "YearsWithCurrManager": 0.05279093235731125
    },
    "shap_values": {
      "RelationshipSatisfaction": -0.19700221717357635,
      "Education": 0.030008383095264435,
      "JobInvolvement": -0.11061322689056396,
      "EnvironmentSatisfaction": -0.42405858635902405,
      "JobLevel": -0.06719585508108139,
      "JobSatisfaction": -0.49513110518455505,
      "StockOptionLevel": 0.2680965065956116,
      "WorkLifeBalance": 0.19029118120670319,
      "Department": -0.005150262266397476,
      "JobRole": -0.29131171107292175,
      "MaritalStatus": -0.15280354022979736,
      "OverTime": -0.46850502490997314,
      "Age": 0.15086448192596436,
      "DailyRate": -0.49833330512046814,
      "DistanceFromHome": 0.13547012209892273,
      "MonthlyIncome": -0.43464040756225586,
      "NumCompaniesWorked": -0.25679782032966614,
      "TotalWorkingYears": -0.0667654275894165,
      "TrainingTimesLastYear": -0.010182136669754982,
      "YearsAtCompany": -0.05143582075834274,
      "YearsInCurrentRole": -0.0681205540895462,
      "YearsSinceLastPromotion": -0.1814403235912323,
      "YearsWithCurrManager": -0.4928029477596283
    },
    "lime_explanation": {
      "features": [
        "OverTime=0",
        "StockOptionLevel <= 0.00",
        "NumCompaniesWorked <= 1.00",
        "3.00 < JobSatisfaction <= 4.00",
        "WorkLifeBalance <= 2.00",
        "3.00 < EnvironmentSatisfaction <= 4.00",
        "2.00 < JobInvolvement <= 3.00",
        "YearsWithCurrManager > 7.00",
        "30.00 < Age <= 35.00",
        "3.00 < RelationshipSatisfaction <= 4.00"
      ],
      "values": [
        -0.19541124105189492,
        0.11390596161323563,
        -0.11211647614902001,
        -0.0878040528101623,
        0.08129176354880718,
        -0.07592832843902428,
        -0.06969507274930942,
        -0.06376686871474799,
        0.0589823256323649,
        -0.04832210233600554
      ],
      "intercept": 0.5200325881996902
    },
    "top_risk_factors": [],
    "top_protective_factors": [
      {
        "feature": "DailyRate",
        "impact": 0.49833330512046814,
        "type": "protective"
      },
      {
        "feature": "JobSatisfaction",
        "impact": 0.49513110518455505,
        "type": "protective"
      },
      {
        "feature": "YearsWithCurrManager",
        "impact": 0.4928029477596283,
        "type": "protective"
      },
      {
        "feature": "OverTime",
        "impact": 0.46850502490997314,
        "type": "protective"
      },
      {
        "feature": "MonthlyIncome",
        "impact": 0.43464040756225586,
        "type": "protective"
      }
    ],
    "explanation_timestamp": "2025-09-23T22:52:35.207411"
  },
  "agent_type": "structura",
  "analysis_type": "individual"
}