{
  "confidence": 0.8,
  "employee_id": "1956",
  "features_used": 11,
  "model_metadata": {
    "feature_dimensions": 11,
    "model_type": "GRU_CNN_Hybrid",
    "sequence_length": 50,
    "training_optimized": true
  },
  "predicted_attrition": 0,
  "risk_score": 4.89670647012862e-21,
  "sequence_length": 50,
  "xai_explanation": {
    "attention_weights": [
      [
        0.020004278048872948,
        0.019998962059617043,
        0.019999166950583458,
        0.019999342039227486,
        0.019999505952000618,
        0.019999630749225616,
        0.01999971829354763,
        0.0199997890740633,
        0.01999984309077263,
        0.019999882206320763,
        0.0199999138712883,
        0.01999993808567524,
        0.019999956712126732,
        0.019999973475933075,
        0.01999998278915882,
        0.019999990239739418,
        0.019999995827674866,
        0.019999997690320015,
        0.019999999552965164,
        0.020000005140900612,
        0.020000001415610313,
        0.020000001415610313,
        0.020000005140900612,
        0.020000005140900612,
        0.020000005140900612,
        0.020000001415610313,
        0.020000001415610313,
        0.020000001415610313,
        0.019999999552965164,
        0.019999999552965164,
        0.019999999552965164,
        0.019999997690320015,
        0.019999997690320015,
        0.019999997690320015,
        0.019999997690320015,
        0.019999997690320015,
        0.019999995827674866,
        0.019999995827674866,
        0.019999995827674866,
        0.019999995827674866,
        0.019999995827674866,
        0.019999995827674866,
        0.019999995827674866,
        0.019999992102384567,
        0.019999992102384567,
        0.019999992102384567,
        0.019999992102384567,
        0.019999992102384567,
        0.019999992102384567,
        0.019999992102384567
      ]
    ],
    "feature_names": [
      "day_of_week",
      "day_index",
      "system_login_hours",
      "work_focused_hours",
      "meeting_collaboration_hours",
      "social_dining_hours",
      "break_relaxation_hours",
      "shared_work_hours",
      "internal_comm_volume",
      "cafeteria_usage",
      "convenience_food_usage"
    ],
    "gradient_importance": [
      3.1796698548277466e-23,
      2.1586243082339396e-23,
      5.538038950745621e-23,
      7.337410480715575e-23,
      1.1269886510863388e-22,
      3.995003985394889e-23,
      7.033103158232118e-22,
      8.902551537441134e-23,
      2.471951308535513e-22,
      4.472801952666748e-22,
      5.601625809762993e-22
    ],
    "sequence_importance": {
      "timestep_0": 5.084143254331792e-21,
      "timestep_1": 1.969396677247284e-21,
      "timestep_10": 3.0794042955609934e-28,
      "timestep_11": 2.512669316769668e-28,
      "timestep_12": 1.7359678906231668e-28,
      "timestep_13": 1.5067975143100193e-28,
      "timestep_14": 1.0712426795970127e-28,
      "timestep_15": 7.784058139619734e-29,
      "timestep_16": 6.215736071012535e-29,
      "timestep_17": 4.1956489162769767e-29,
      "timestep_18": 3.7108730899752655e-29,
      "timestep_19": 2.7671520699712756e-29,
      "timestep_2": 1.64291567378664e-22,
      "timestep_20": 2.057933182775537e-29,
      "timestep_21": 1.432465315234077e-29,
      "timestep_22": 1.206103922791146e-29,
      "timestep_23": 1.0067117185639895e-29,
      "timestep_24": 8.050877677821357e-30,
      "timestep_25": 4.369015337034555e-30,
      "timestep_26": 4.284385009990042e-30,
      "timestep_27": 2.6669911115636986e-30,
      "timestep_28": 2.5510348945048003e-30,
      "timestep_29": 1.3665255364467346e-30,
      "timestep_3": 1.7896324600019345e-27,
      "timestep_30": 1.3014528022925586e-30,
      "timestep_31": 1.2363799740988345e-30,
      "timestep_32": 1.1713073339842066e-30,
      "timestep_33": 1.000627811193964e-30,
      "timestep_34": 7.80862841658017e-31,
      "timestep_35": 4.1943448698639485e-31,
      "timestep_36": 3.914721800173395e-31,
      "timestep_37": 3.635098965581712e-31,
      "timestep_38": 3.3554754256934184e-31,
      "timestep_39": 3.075852120903995e-31,
      "timestep_4": 1.6130800545875261e-27,
      "timestep_40": 2.7962288161145715e-31,
      "timestep_41": 2.5166057464240183e-31,
      "timestep_42": 2.236982676733465e-31,
      "timestep_43": 1.9573597245923468e-31,
      "timestep_44": 0,
      "timestep_45": 0,
      "timestep_46": 5.1787070024011875e-22,
      "timestep_47": 6.731592694756467e-22,
      "timestep_48": 1.2507696866270071e-21,
      "timestep_49": 1.166543171859628e-21,
      "timestep_5": 1.1981508703174374e-27,
      "timestep_6": 8.892561665480185e-28,
      "timestep_7": 6.903445329995007e-28,
      "timestep_8": 5.293538341287356e-28,
      "timestep_9": 3.934343375691445e-28
    },
    "temporal_importance": [
      5.084143254331792e-21,
      1.969396677247284e-21,
      1.64291567378664e-22,
      1.7896324600019345e-27,
      1.6130800545875261e-27,
      1.1981508703174374e-27,
      8.892561665480185e-28,
      6.903445329995007e-28,
      5.293538341287356e-28,
      3.934343375691445e-28,
      3.0794042955609934e-28,
      2.512669316769668e-28,
      1.7359678906231668e-28,
      1.5067975143100193e-28,
      1.0712426795970127e-28,
      7.784058139619734e-29,
      6.215736071012535e-29,
      4.1956489162769767e-29,
      3.7108730899752655e-29,
      2.7671520699712756e-29,
      2.057933182775537e-29,
      1.432465315234077e-29,
      1.206103922791146e-29,
      1.0067117185639895e-29,
      8.050877677821357e-30,
      4.369015337034555e-30,
      4.284385009990042e-30,
      2.6669911115636986e-30,
      2.5510348945048003e-30,
      1.3665255364467346e-30,
      1.3014528022925586e-30,
      1.2363799740988345e-30,
      1.1713073339842066e-30,
      1.000627811193964e-30,
      7.80862841658017e-31,
      4.1943448698639485e-31,
      3.914721800173395e-31,
      3.635098965581712e-31,
      3.3554754256934184e-31,
      3.075852120903995e-31,
      2.7962288161145715e-31,
      2.5166057464240183e-31,
      2.236982676733465e-31,
      1.9573597245923468e-31,
      0,
      0,
      5.1787070024011875e-22,
      6.731592694756467e-22,
      1.2507696866270071e-21,
      1.166543171859628e-21
    ],
    "trend_analysis": {
      "confidence_level": "high",
      "prediction_trend": "stable"
    }
  }
}