{
  "confidence": 0.8,
  "employee_id": "1543",
  "features_used": 11,
  "model_metadata": {
    "feature_dimensions": 11,
    "model_type": "GRU_CNN_Hybrid",
    "sequence_length": 50,
    "training_optimized": true
  },
  "predicted_attrition": 0,
  "risk_score": 6.437692597616038e-17,
  "sequence_length": 50,
  "xai_explanation": {
    "attention_weights": [
      [
        0.02000330202281475,
        0.019999630749225616,
        0.01999971829354763,
        0.019999787211418152,
        0.019999852403998375,
        0.01999988965690136,
        0.01999991573393345,
        0.01999993994832039,
        0.019999954849481583,
        0.019999966025352478,
        0.019999973475933075,
        0.019999975338578224,
        0.019999979063868523,
        0.019999975338578224,
        0.019999973475933075,
        0.019999971613287926,
        0.019999971613287926,
        0.019999966025352478,
        0.01999996416270733,
        0.01999996230006218,
        0.01999995857477188,
        0.019999956712126732,
        0.019999954849481583,
        0.019999952986836433,
        0.019999949261546135,
        0.019999947398900986,
        0.019999947398900986,
        0.019999941810965538,
        0.019999941810965538,
        0.01999993808567524,
        0.01999993808567524,
        0.01999993808567524,
        0.01999993808567524,
        0.01999993622303009,
        0.01999993622303009,
        0.019999932497739792,
        0.019999932497739792,
        0.019999932497739792,
        0.019999930635094643,
        0.019999928772449493,
        0.019999928772449493,
        0.019999928772449493,
        0.019999928772449493,
        0.019999928772449493,
        0.019999928772449493,
        0.019999928772449493,
        0.019999928772449493,
        0.019999926909804344,
        0.019999926909804344,
        0.019999926909804344
      ]
    ],
    "feature_names": [
      "day_of_week",
      "day_index",
      "system_login_hours",
      "work_focused_hours",
      "meeting_collaboration_hours",
      "social_dining_hours",
      "break_relaxation_hours",
      "shared_work_hours",
      "internal_comm_volume",
      "cafeteria_usage",
      "convenience_food_usage"
    ],
    "gradient_importance": [
      3.546001276874478e-19,
      1.8635988874968165e-19,
      5.390305401101671e-19,
      1.1078409264407386e-18,
      1.0544623411272323e-18,
      3.0338552440456266e-19,
      8.019480469935264e-18,
      8.504542179666079e-19,
      2.6122440258631275e-18,
      5.200778987418954e-18,
      6.2324709074389796e-18
    ],
    "sequence_importance": {
      "timestep_0": 5.50825757210043e-17,
      "timestep_1": 1.52566151708791e-17,
      "timestep_10": 1.95011385594337e-24,
      "timestep_11": 1.4660443498116954e-24,
      "timestep_12": 1.1329654833448775e-24,
      "timestep_13": 7.851614433983647e-25,
      "timestep_14": 6.51049123750197e-25,
      "timestep_15": 4.53139058898864e-25,
      "timestep_16": 3.956707884725462e-25,
      "timestep_17": 2.849314560218488e-25,
      "timestep_18": 2.2631095563584255e-25,
      "timestep_19": 1.8226946759493566e-25,
      "timestep_2": 2.1599216077892776e-18,
      "timestep_20": 1.4432623180398488e-25,
      "timestep_21": 1.2567848445093346e-25,
      "timestep_22": 1.0558021910840691e-25,
      "timestep_23": 8.083820078778044e-26,
      "timestep_24": 7.292587660460711e-26,
      "timestep_25": 5.53176260575074e-26,
      "timestep_26": 5.1549801425554344e-26,
      "timestep_27": 4.941298677448857e-26,
      "timestep_28": 4.049170024907384e-26,
      "timestep_29": 3.865116449767678e-26,
      "timestep_3": 1.1502036915672897e-23,
      "timestep_30": 2.189703460677765e-26,
      "timestep_31": 2.5254702412566313e-26,
      "timestep_32": 2.392550568363593e-26,
      "timestep_33": 1.6751656996850535e-26,
      "timestep_34": 1.5766261874152606e-26,
      "timestep_35": 1.4780869832942588e-26,
      "timestep_36": 1.3795476250988614e-26,
      "timestep_37": 1.2810085750522551e-26,
      "timestep_38": 7.699059797455504e-27,
      "timestep_39": 7.057470903221895e-27,
      "timestep_4": 1.0520262442662802e-23,
      "timestep_40": 3.6759550773038635e-27,
      "timestep_41": 3.308359376980483e-27,
      "timestep_42": 2.940763676657102e-27,
      "timestep_43": 1.82909506449691e-18,
      "timestep_44": 1.8237130138413338e-18,
      "timestep_45": 1.837976768279954e-27,
      "timestep_46": 1.4703813568460649e-27,
      "timestep_47": 9.625541791893735e-18,
      "timestep_48": 1.345756764892833e-17,
      "timestep_49": 2.1042695579212e-17,
      "timestep_5": 6.929257950430931e-24,
      "timestep_6": 5.590876933063415e-24,
      "timestep_7": 4.628571547194175e-24,
      "timestep_8": 3.374756418866351e-24,
      "timestep_9": 2.7393338900914838e-24
    },
    "temporal_importance": [
      5.50825757210043e-17,
      1.52566151708791e-17,
      2.1599216077892776e-18,
      1.1502036915672897e-23,
      1.0520262442662802e-23,
      6.929257950430931e-24,
      5.590876933063415e-24,
      4.628571547194175e-24,
      3.374756418866351e-24,
      2.7393338900914838e-24,
      1.95011385594337e-24,
      1.4660443498116954e-24,
      1.1329654833448775e-24,
      7.851614433983647e-25,
      6.51049123750197e-25,
      4.53139058898864e-25,
      3.956707884725462e-25,
      2.849314560218488e-25,
      2.2631095563584255e-25,
      1.8226946759493566e-25,
      1.4432623180398488e-25,
      1.2567848445093346e-25,
      1.0558021910840691e-25,
      8.083820078778044e-26,
      7.292587660460711e-26,
      5.53176260575074e-26,
      5.1549801425554344e-26,
      4.941298677448857e-26,
      4.049170024907384e-26,
      3.865116449767678e-26,
      2.189703460677765e-26,
      2.5254702412566313e-26,
      2.392550568363593e-26,
      1.6751656996850535e-26,
      1.5766261874152606e-26,
      1.4780869832942588e-26,
      1.3795476250988614e-26,
      1.2810085750522551e-26,
      7.699059797455504e-27,
      7.057470903221895e-27,
      3.6759550773038635e-27,
      3.308359376980483e-27,
      2.940763676657102e-27,
      1.82909506449691e-18,
      1.8237130138413338e-18,
      1.837976768279954e-27,
      1.4703813568460649e-27,
      9.625541791893735e-18,
      1.345756764892833e-17,
      2.1042695579212e-17
    ],
    "trend_analysis": {
      "confidence_level": "high",
      "prediction_trend": "stable"
    }
  }
}