{
  "confidence": 0.8,
  "employee_id": "2010",
  "features_used": 11,
  "model_metadata": {
    "feature_dimensions": 11,
    "model_type": "GRU_CNN_Hybrid",
    "sequence_length": 50,
    "training_optimized": true
  },
  "predicted_attrition": 0,
  "risk_score": 1.4519256328744118e-22,
  "sequence_length": 50,
  "xai_explanation": {
    "attention_weights": [
      [
        0.020006274804472923,
        0.019999541342258453,
        0.01999964378774166,
        0.019999723881483078,
        0.019999783486127853,
        0.019999831914901733,
        0.019999859854578972,
        0.019999884068965912,
        0.019999900832772255,
        0.0199999138712883,
        0.019999917596578598,
        0.019999923184514046,
        0.019999923184514046,
        0.019999926909804344,
        0.019999926909804344,
        0.019999926909804344,
        0.019999925047159195,
        0.019999923184514046,
        0.019999917596578598,
        0.01999991573393345,
        0.0199999138712883,
        0.0199999138712883,
        0.019999908283352852,
        0.019999908283352852,
        0.019999902695417404,
        0.019999900832772255,
        0.019999900832772255,
        0.019999898970127106,
        0.019999898970127106,
        0.019999897107481956,
        0.019999897107481956,
        0.019999893382191658,
        0.01999989151954651,
        0.01999989151954651,
        0.01999988965690136,
        0.01999988965690136,
        0.01999988965690136,
        0.01999988965690136,
        0.01999988965690136,
        0.01999988593161106,
        0.01999988593161106,
        0.019999884068965912,
        0.019999884068965912,
        0.019999884068965912,
        0.019999884068965912,
        0.019999882206320763,
        0.019999882206320763,
        0.019999882206320763,
        0.019999882206320763,
        0.019999882206320763
      ]
    ],
    "feature_names": [
      "day_of_week",
      "day_index",
      "system_login_hours",
      "work_focused_hours",
      "meeting_collaboration_hours",
      "social_dining_hours",
      "break_relaxation_hours",
      "shared_work_hours",
      "internal_comm_volume",
      "cafeteria_usage",
      "convenience_food_usage"
    ],
    "gradient_importance": [
      9.39843360453977e-25,
      6.280451015892405e-25,
      1.7177124750368655e-24,
      2.0943507615757903e-24,
      3.4288864764608065e-24,
      1.4444102339164618e-24,
      2.122346961785541e-23,
      2.553185987856029e-24,
      7.988141999204569e-24,
      1.353777294540805e-23,
      1.685702511098305e-23
    ],
    "sequence_importance": {
      "timestep_0": 1.507502840022277e-22,
      "timestep_1": 5.839469644606535e-23,
      "timestep_10": 4.3202705015319446e-30,
      "timestep_11": 3.5424423160900104e-30,
      "timestep_12": 2.6292223840322304e-30,
      "timestep_13": 2.243911698714048e-30,
      "timestep_14": 1.5041657686568333e-30,
      "timestep_15": 1.2018437619925796e-30,
      "timestep_16": 8.368628282939023e-31,
      "timestep_17": 5.8018145867038135e-31,
      "timestep_18": 4.964923264426847e-31,
      "timestep_19": 3.77161711790429e-31,
      "timestep_2": 4.871399105469759e-24,
      "timestep_20": 3.159490424755962e-31,
      "timestep_21": 2.3565661872403566e-31,
      "timestep_22": 2.0707574311769063e-31,
      "timestep_23": 1.7810030107754859e-31,
      "timestep_24": 1.551373010528794e-31,
      "timestep_25": 1.3973034345046535e-31,
      "timestep_26": 8.76988903951453e-32,
      "timestep_27": 8.932034379278255e-32,
      "timestep_28": 7.015192769464402e-32,
      "timestep_29": 6.699352131077838e-32,
      "timestep_3": 2.7797774435363954e-29,
      "timestep_30": 6.38351208043845e-32,
      "timestep_31": 6.750838783643854e-32,
      "timestep_32": 4.85598890989236e-32,
      "timestep_33": 4.586210899263531e-32,
      "timestep_34": 4.316433770255465e-32,
      "timestep_35": 3.263113543165129e-32,
      "timestep_36": 3.045572150498141e-32,
      "timestep_37": 1.750231301695324e-32,
      "timestep_38": 1.7363703131208092e-32,
      "timestep_39": 1.5916723951959581e-32,
      "timestep_4": 2.247124052060156e-29,
      "timestep_40": 1.4469749180814887e-32,
      "timestep_41": 1.3022772940302253e-32,
      "timestep_42": 1.1575797434473589e-32,
      "timestep_43": 1.0128823398012864e-32,
      "timestep_44": 4.9744558917838024e-33,
      "timestep_45": 4.145379726148843e-33,
      "timestep_46": 1.374357413380573e-23,
      "timestep_47": 1.8442316830671575e-23,
      "timestep_48": 3.7189077172773286e-23,
      "timestep_49": 4.575783894202134e-23,
      "timestep_5": 1.7767857790306114e-29,
      "timestep_6": 1.2424016837117692e-29,
      "timestep_7": 1.0485018404814851e-29,
      "timestep_8": 8.166547074258655e-30,
      "timestep_9": 5.771767916661767e-30
    },
    "temporal_importance": [
      1.507502840022277e-22,
      5.839469644606535e-23,
      4.871399105469759e-24,
      2.7797774435363954e-29,
      2.247124052060156e-29,
      1.7767857790306114e-29,
      1.2424016837117692e-29,
      1.0485018404814851e-29,
      8.166547074258655e-30,
      5.771767916661767e-30,
      4.3202705015319446e-30,
      3.5424423160900104e-30,
      2.6292223840322304e-30,
      2.243911698714048e-30,
      1.5041657686568333e-30,
      1.2018437619925796e-30,
      8.368628282939023e-31,
      5.8018145867038135e-31,
      4.964923264426847e-31,
      3.77161711790429e-31,
      3.159490424755962e-31,
      2.3565661872403566e-31,
      2.0707574311769063e-31,
      1.7810030107754859e-31,
      1.551373010528794e-31,
      1.3973034345046535e-31,
      8.76988903951453e-32,
      8.932034379278255e-32,
      7.015192769464402e-32,
      6.699352131077838e-32,
      6.38351208043845e-32,
      6.750838783643854e-32,
      4.85598890989236e-32,
      4.586210899263531e-32,
      4.316433770255465e-32,
      3.263113543165129e-32,
      3.045572150498141e-32,
      1.750231301695324e-32,
      1.7363703131208092e-32,
      1.5916723951959581e-32,
      1.4469749180814887e-32,
      1.3022772940302253e-32,
      1.1575797434473589e-32,
      1.0128823398012864e-32,
      4.9744558917838024e-33,
      4.145379726148843e-33,
      1.374357413380573e-23,
      1.8442316830671575e-23,
      3.7189077172773286e-23,
      4.575783894202134e-23
    ],
    "trend_analysis": {
      "confidence_level": "high",
      "prediction_trend": "stable"
    }
  }
}