{
  "confidence": 0.8,
  "employee_id": "419",
  "features_used": 11,
  "model_metadata": {
    "feature_dimensions": 11,
    "model_type": "GRU_CNN_Hybrid",
    "sequence_length": 50,
    "training_optimized": true
  },
  "predicted_attrition": 0,
  "risk_score": 4.0399276227360834e-19,
  "sequence_length": 50,
  "xai_explanation": {
    "attention_weights": [
      [
        0.02000381052494049,
        0.019999630749225616,
        0.01999971829354763,
        0.019999781623482704,
        0.01999984122812748,
        0.01999988593161106,
        0.0199999138712883,
        0.019999932497739792,
        0.019999947398900986,
        0.01999996043741703,
        0.01999996416270733,
        0.019999966025352478,
        0.019999969750642776,
        0.019999969750642776,
        0.019999971613287926,
        0.019999966025352478,
        0.01999996416270733,
        0.01999996230006218,
        0.01999996043741703,
        0.019999956712126732,
        0.019999954849481583,
        0.019999952986836433,
        0.019999949261546135,
        0.019999947398900986,
        0.019999945536255836,
        0.019999945536255836,
        0.019999943673610687,
        0.01999993994832039,
        0.01999993808567524,
        0.01999993808567524,
        0.01999993808567524,
        0.019999932497739792,
        0.019999932497739792,
        0.019999932497739792,
        0.019999930635094643,
        0.019999930635094643,
        0.019999930635094643,
        0.019999928772449493,
        0.019999928772449493,
        0.019999928772449493,
        0.019999926909804344,
        0.019999926909804344,
        0.019999926909804344,
        0.019999926909804344,
        0.019999926909804344,
        0.019999923184514046,
        0.019999923184514046,
        0.019999923184514046,
        0.019999923184514046,
        0.019999923184514046
      ]
    ],
    "feature_names": [
      "day_of_week",
      "day_index",
      "system_login_hours",
      "work_focused_hours",
      "meeting_collaboration_hours",
      "social_dining_hours",
      "break_relaxation_hours",
      "shared_work_hours",
      "internal_comm_volume",
      "cafeteria_usage",
      "convenience_food_usage"
    ],
    "gradient_importance": [
      2.5940808101285595e-21,
      1.7386821507465713e-21,
      4.7511081420350824e-21,
      5.8274502569320004e-21,
      9.540743190452102e-21,
      4.0068632911036495e-21,
      5.905348375532048e-20,
      7.104141332302944e-21,
      2.2226703335230712e-20,
      3.766833168019877e-20,
      4.69040261703778e-20
    ],
    "sequence_importance": {
      "timestep_0": 4.1945682627710476e-19,
      "timestep_1": 1.6248103269695691e-19,
      "timestep_10": 1.1227794863880463e-26,
      "timestep_11": 8.681932722298264e-27,
      "timestep_12": 6.581964962928509e-27,
      "timestep_13": 5.297347349234868e-27,
      "timestep_14": 3.984927396050041e-27,
      "timestep_15": 2.5250264684788456e-27,
      "timestep_16": 2.1175378256594054e-27,
      "timestep_17": 1.745073567029608e-27,
      "timestep_18": 1.3738330442864744e-27,
      "timestep_19": 9.938942515425103e-28,
      "timestep_2": 1.3554477169739414e-20,
      "timestep_20": 8.95986039849188e-28,
      "timestep_21": 6.118162802610666e-28,
      "timestep_22": 5.130915224195728e-28,
      "timestep_23": 4.588332610613234e-28,
      "timestep_24": 3.7632808335835126e-28,
      "timestep_25": 3.154358840842871e-28,
      "timestep_26": 3.334450142530091e-28,
      "timestep_27": 2.953108309821641e-28,
      "timestep_28": 2.8258195071959566e-28,
      "timestep_29": 1.6517830853415702e-28,
      "timestep_3": 6.614769404708454e-26,
      "timestep_30": 1.9758496874338884e-28,
      "timestep_31": 1.8510716956025775e-28,
      "timestep_32": 1.3511882729639853e-28,
      "timestep_33": 1.0512498415855719e-28,
      "timestep_34": 9.894116616340112e-29,
      "timestep_35": 6.039373851180135e-29,
      "timestep_36": 5.636748566656262e-29,
      "timestep_37": 5.23412268027928e-29,
      "timestep_38": 4.831497395755407e-29,
      "timestep_39": 4.428872412158087e-29,
      "timestep_4": 6.070056019272688e-26,
      "timestep_40": 4.026247729487321e-29,
      "timestep_41": 3.6236227458900014e-29,
      "timestep_42": 1.8455088275141473e-29,
      "timestep_43": 1.6148201864590596e-29,
      "timestep_44": 1.384131394940695e-29,
      "timestep_45": 1.1534428291172459e-29,
      "timestep_46": 3.964845020146013e-20,
      "timestep_47": 5.1456404978040586e-20,
      "timestep_48": 1.0222786563479605e-19,
      "timestep_49": 1.2670021085233051e-19,
      "timestep_5": 4.5178517020730266e-26,
      "timestep_6": 3.4052271820585476e-26,
      "timestep_7": 2.5752353465732242e-26,
      "timestep_8": 2.0137916388221593e-26,
      "timestep_9": 1.614200618407069e-26
    },
    "temporal_importance": [
      4.1945682627710476e-19,
      1.6248103269695691e-19,
      1.3554477169739414e-20,
      6.614769404708454e-26,
      6.070056019272688e-26,
      4.5178517020730266e-26,
      3.4052271820585476e-26,
      2.5752353465732242e-26,
      2.0137916388221593e-26,
      1.614200618407069e-26,
      1.1227794863880463e-26,
      8.681932722298264e-27,
      6.581964962928509e-27,
      5.297347349234868e-27,
      3.984927396050041e-27,
      2.5250264684788456e-27,
      2.1175378256594054e-27,
      1.745073567029608e-27,
      1.3738330442864744e-27,
      9.938942515425103e-28,
      8.95986039849188e-28,
      6.118162802610666e-28,
      5.130915224195728e-28,
      4.588332610613234e-28,
      3.7632808335835126e-28,
      3.154358840842871e-28,
      3.334450142530091e-28,
      2.953108309821641e-28,
      2.8258195071959566e-28,
      1.6517830853415702e-28,
      1.9758496874338884e-28,
      1.8510716956025775e-28,
      1.3511882729639853e-28,
      1.0512498415855719e-28,
      9.894116616340112e-29,
      6.039373851180135e-29,
      5.636748566656262e-29,
      5.23412268027928e-29,
      4.831497395755407e-29,
      4.428872412158087e-29,
      4.026247729487321e-29,
      3.6236227458900014e-29,
      1.8455088275141473e-29,
      1.6148201864590596e-29,
      1.384131394940695e-29,
      1.1534428291172459e-29,
      3.964845020146013e-20,
      5.1456404978040586e-20,
      1.0222786563479605e-19,
      1.2670021085233051e-19
    ],
    "trend_analysis": {
      "confidence_level": "high",
      "prediction_trend": "stable"
    }
  }
}