{
  "confidence": 0.8,
  "employee_id": "1971",
  "features_used": 11,
  "model_metadata": {
    "feature_dimensions": 11,
    "model_type": "GRU_CNN_Hybrid",
    "sequence_length": 50,
    "training_optimized": true
  },
  "predicted_attrition": 0,
  "risk_score": 2.559226840121331e-22,
  "sequence_length": 50,
  "xai_explanation": {
    "attention_weights": [
      [
        0.02000451274216175,
        0.019999351352453232,
        0.019999492913484573,
        0.01999959722161293,
        0.019999690353870392,
        0.019999757409095764,
        0.019999809563159943,
        0.019999848678708076,
        0.01999988593161106,
        0.019999908283352852,
        0.019999928772449493,
        0.019999943673610687,
        0.019999949261546135,
        0.01999995857477188,
        0.01999996043741703,
        0.019999966025352478,
        0.019999967887997627,
        0.019999967887997627,
        0.019999967887997627,
        0.019999967887997627,
        0.019999966025352478,
        0.019999966025352478,
        0.019999966025352478,
        0.019999966025352478,
        0.01999996230006218,
        0.01999996043741703,
        0.01999996043741703,
        0.01999996043741703,
        0.01999996043741703,
        0.01999995857477188,
        0.01999995857477188,
        0.01999995857477188,
        0.019999956712126732,
        0.019999952986836433,
        0.019999952986836433,
        0.019999952986836433,
        0.019999952986836433,
        0.019999952986836433,
        0.019999952986836433,
        0.019999952986836433,
        0.019999952986836433,
        0.019999952986836433,
        0.019999951124191284,
        0.019999951124191284,
        0.019999951124191284,
        0.019999951124191284,
        0.019999951124191284,
        0.019999951124191284,
        0.019999951124191284,
        0.019999951124191284
      ]
    ],
    "feature_names": [
      "day_of_week",
      "day_index",
      "system_login_hours",
      "work_focused_hours",
      "meeting_collaboration_hours",
      "social_dining_hours",
      "break_relaxation_hours",
      "shared_work_hours",
      "internal_comm_volume",
      "cafeteria_usage",
      "convenience_food_usage"
    ],
    "gradient_importance": [
      1.9734923405152737e-24,
      1.1191810264946587e-24,
      3.012418800032499e-24,
      3.691872980738861e-24,
      6.043612489609258e-24,
      2.4805123741777696e-24,
      3.7408907463509415e-23,
      4.5003236688192265e-24,
      1.4107554555474704e-23,
      2.3861996353375284e-23,
      2.9712720518744427e-23
    ],
    "sequence_importance": {
      "timestep_0": 2.657179130742772e-22,
      "timestep_1": 1.029286334708544e-22,
      "timestep_10": 1.1235526220752714e-29,
      "timestep_11": 8.041687380867984e-30,
      "timestep_12": 5.9365575544775535e-30,
      "timestep_13": 4.777122525357556e-30,
      "timestep_14": 3.208970931643091e-30,
      "timestep_15": 2.7121944176861514e-30,
      "timestep_16": 2.026103880252446e-30,
      "timestep_17": 1.3568127557643082e-30,
      "timestep_18": 1.1300090200951854e-30,
      "timestep_19": 8.83898589049965e-31,
      "timestep_2": 8.586517450502768e-24,
      "timestep_20": 6.392756285562752e-31,
      "timestep_21": 5.542430473449108e-31,
      "timestep_22": 4.420434751323704e-31,
      "timestep_23": 3.2951314231939563e-31,
      "timestep_24": 2.47862505375121e-31,
      "timestep_25": 1.8852265716990528e-31,
      "timestep_26": 1.6472587900219785e-31,
      "timestep_27": 1.412034259511418e-31,
      "timestep_28": 6.757459167827686e-32,
      "timestep_29": 6.450301318463471e-32,
      "timestep_3": 5.998430987974893e-29,
      "timestep_30": 6.802685725228398e-32,
      "timestep_31": 6.462550557346215e-32,
      "timestep_32": 7.051470288372304e-32,
      "timestep_33": 6.659720339039865e-32,
      "timestep_34": 4.081053369193986e-32,
      "timestep_35": 3.8259878458600486e-32,
      "timestep_36": 3.5709211470317606e-32,
      "timestep_37": 3.3158553298242357e-32,
      "timestep_38": 1.7536972467887236e-32,
      "timestep_39": 1.607555674864269e-32,
      "timestep_4": 5.1908392103385e-29,
      "timestep_40": 1.461414396813402e-32,
      "timestep_41": 1.3152728248889473e-32,
      "timestep_42": 1.1691313999012865e-32,
      "timestep_43": 0,
      "timestep_44": 8.768484764575679e-33,
      "timestep_45": 8.573518600506536e-24,
      "timestep_46": 8.235530356803689e-24,
      "timestep_47": 3.826517179991613e-23,
      "timestep_48": 5.2242452287780826e-23,
      "timestep_49": 9.687090115990259e-23,
      "timestep_5": 3.705663449475698e-29,
      "timestep_6": 2.94284412636834e-29,
      "timestep_7": 2.3082632999978363e-29,
      "timestep_8": 1.9108551791373755e-29,
      "timestep_9": 1.3284968459885934e-29
    },
    "temporal_importance": [
      2.657179130742772e-22,
      1.029286334708544e-22,
      8.586517450502768e-24,
      5.998430987974893e-29,
      5.1908392103385e-29,
      3.705663449475698e-29,
      2.94284412636834e-29,
      2.3082632999978363e-29,
      1.9108551791373755e-29,
      1.3284968459885934e-29,
      1.1235526220752714e-29,
      8.041687380867984e-30,
      5.9365575544775535e-30,
      4.777122525357556e-30,
      3.208970931643091e-30,
      2.7121944176861514e-30,
      2.026103880252446e-30,
      1.3568127557643082e-30,
      1.1300090200951854e-30,
      8.83898589049965e-31,
      6.392756285562752e-31,
      5.542430473449108e-31,
      4.420434751323704e-31,
      3.2951314231939563e-31,
      2.47862505375121e-31,
      1.8852265716990528e-31,
      1.6472587900219785e-31,
      1.412034259511418e-31,
      6.757459167827686e-32,
      6.450301318463471e-32,
      6.802685725228398e-32,
      6.462550557346215e-32,
      7.051470288372304e-32,
      6.659720339039865e-32,
      4.081053369193986e-32,
      3.8259878458600486e-32,
      3.5709211470317606e-32,
      3.3158553298242357e-32,
      1.7536972467887236e-32,
      1.607555674864269e-32,
      1.461414396813402e-32,
      1.3152728248889473e-32,
      1.1691313999012865e-32,
      0,
      8.768484764575679e-33,
      8.573518600506536e-24,
      8.235530356803689e-24,
      3.826517179991613e-23,
      5.2242452287780826e-23,
      9.687090115990259e-23
    ],
    "trend_analysis": {
      "confidence_level": "high",
      "prediction_trend": "stable"
    }
  }
}