{
  "confidence": 0.7,
  "employee_data": {
    "Age": 27,
    "AgeFactor": 0,
    "Attrition": "No",
    "BusinessTravel": "Travel_Frequently",
    "DailyRate": 472,
    "Department": "Research & Development",
    "DistanceFromHome": 1,
    "Education": 1,
    "EducationField": "Technical Degree",
    "EmployeeCount": 1,
    "EmployeeNumber": 274,
    "EnvironmentSatisfaction": 3,
    "Gender": "Male",
    "HourlyRate": 60,
    "JobInvolvement": 2,
    "JobLevel": 2,
    "JobRole": "Manufacturing Director",
    "JobSatisfaction": 1,
    "MaritalStatus": "Married",
    "MonthlyIncome": 4298,
    "MonthlyRate": 9679,
    "Norm_EnvironmentSatisfaction": 0.6666666666666666,
    "Norm_JobInvolvement": 0.3333333333333333,
    "Norm_JobLevel": 0.25,
    "Norm_JobSatisfaction": 0,
    "Norm_MonthlyIncome": 0.1731964191679831,
    "Norm_NumCompaniesWorked": 0.5555555555555556,
    "Norm_PercentSalaryHike": 0.5714285714285714,
    "Norm_PerformanceRating": 0,
    "Norm_RelationshipSatisfaction": 0.6666666666666666,
    "Norm_TotalWorkingYears": 0.15,
    "Norm_TrainingTimesLastYear": 0.1666666666666666,
    "Norm_WorkLifeBalance": 0.6666666666666666,
    "Norm_YearsAtCompany": 0.05,
    "Norm_YearsSinceLastPromotion": 0.1333333333333333,
    "NumCompaniesWorked": 5,
    "Over18": "Y",
    "OverTime": "No",
    "OverTime_bin": 0,
    "PercentSalaryHike": 19,
    "PerformanceRating": 3,
    "Prob_N01": 0.3686299811375582,
    "Prob_N02": 0.0014710609217932,
    "Prob_N03": 0.3046968016803803,
    "Prob_P01": 0.0295470484609368,
    "Prob_P02": 0.1700315241413781,
    "Prob_P03": 0.0250110365466403,
    "Prob_P04": 0.0694645969882426,
    "Prob_S01": 0.0015041170949878,
    "Prob_S02": 0.027905979890162,
    "Prob_S03": 0.0017378531379201,
    "RelationshipSatisfaction": 3,
    "Score_N01": 0.719047619047619,
    "Score_N02": 0.1666666666666666,
    "Score_N03": 0.7,
    "Score_P01": 0.4666666666666667,
    "Score_P02": 0.6416666666666666,
    "Score_P03": 0.45,
    "Score_P04": 0.5521500037613782,
    "Score_S01": 0.1688888888888889,
    "Score_S02": 0.4609523809523809,
    "Score_S03": 0.1833333333333333,
    "StandardHours": 80,
    "StockOptionLevel": 1,
    "TotalWorkingYears": 6,
    "TrainingTimesLastYear": 1,
    "WorkLifeBalance": 3,
    "YearsAtCompany": 2,
    "YearsInCurrentRole": 2,
    "YearsSinceLastPromotion": 2,
    "YearsWithCurrManager": 0,
    "argmax_Persona": "현상 유지자",
    "argmax_Persona_Code": "N01",
    "argmax_RiskTier": "Neutral",
    "is_married": 1,
    "softmax_Persona": "신규 부모",
    "softmax_Persona_Code": "N03",
    "softmax_RiskTier": "Neutral"
  },
  "employee_id": 274,
  "feature_importance": {},
  "lime_explanation": {},
  "model_interpretation": {},
  "predicted_attrition": 0,
  "risk_score": 0.0034165531396865845,
  "shap_values": {},
  "xai_explanation": {}
}