{
  "prediction": {
    "employee_id": "1218",
    "attrition_probability": 0.03831164166331291,
    "attrition_prediction": 1,
    "risk_category": "LOW",
    "confidence_score": 0.9233767166733742,
    "prediction_timestamp": "2025-09-23T22:53:09.532121"
  },
  "explanation": {
    "employee_id": "1218",
    "feature_importance": {
      "RelationshipSatisfaction": 0.03405288979411125,
      "Education": 0.02487798221409321,
      "JobInvolvement": 0.03501373156905174,
      "EnvironmentSatisfaction": 0.048257846385240555,
      "JobLevel": 0.07228615880012512,
      "JobSatisfaction": 0.04019258916378021,
      "StockOptionLevel": 0.07264421880245209,
      "WorkLifeBalance": 0.03580893576145172,
      "Department": 0.037670474499464035,
      "JobRole": 0.046762410551309586,
      "MaritalStatus": 0.036864522844552994,
      "OverTime": 0.0779639258980751,
      "Age": 0.04039482772350311,
      "DailyRate": 0.03578038513660431,
      "DistanceFromHome": 0.036774344742298126,
      "MonthlyIncome": 0.04666806384921074,
      "NumCompaniesWorked": 0.050036631524562836,
      "TotalWorkingYears": 0.04981709271669388,
      "TrainingTimesLastYear": 0.02378365956246853,
      "YearsAtCompany": 0.02968277968466282,
      "YearsInCurrentRole": 0.03649982064962387,
      "YearsSinceLastPromotion": 0.03537580743432045,
      "YearsWithCurrManager": 0.05279093235731125
    },
    "shap_values": {
      "RelationshipSatisfaction": -0.150127112865448,
      "Education": -0.041025131940841675,
      "JobInvolvement": -0.07342394441366196,
      "EnvironmentSatisfaction": -0.2986277639865875,
      "JobLevel": -0.1471802145242691,
      "JobSatisfaction": 0.3336712718009949,
      "StockOptionLevel": -0.4080917537212372,
      "WorkLifeBalance": -0.13689088821411133,
      "Department": -0.014536869712173939,
      "JobRole": -0.10360947251319885,
      "MaritalStatus": -0.1881835013628006,
      "OverTime": -0.4626493453979492,
      "Age": -0.2608371376991272,
      "DailyRate": -0.8255236744880676,
      "DistanceFromHome": 0.20497050881385803,
      "MonthlyIncome": -0.16552336513996124,
      "NumCompaniesWorked": -0.26476815342903137,
      "TotalWorkingYears": -0.1327061504125595,
      "TrainingTimesLastYear": 0.06418516486883163,
      "YearsAtCompany": -0.108738474547863,
      "YearsInCurrentRole": -0.09080737829208374,
      "YearsSinceLastPromotion": -0.15101294219493866,
      "YearsWithCurrManager": -0.0767853781580925
    },
    "lime_explanation": {
      "features": [
        "OverTime=0",
        "DistanceFromHome > 14.00",
        "JobSatisfaction <= 2.00",
        "2.00 < JobInvolvement <= 3.00",
        "30.00 < Age <= 35.00",
        "StockOptionLevel > 1.00",
        "2.00 < WorkLifeBalance <= 3.00",
        "DailyRate > 1162.00",
        "2.00 < EnvironmentSatisfaction <= 3.00",
        "MonthlyIncome > 8201.00"
      ],
      "values": [
        -0.2102211094216346,
        0.10615826647364325,
        0.06810048585567709,
        -0.06653666848537658,
        0.05970015692664731,
        -0.05878360141622377,
        -0.0579759975311428,
        -0.05768728405416277,
        -0.05755916176363231,
        -0.05219739957148489
      ],
      "intercept": 0.5085163490879601
    },
    "top_risk_factors": [
      {
        "feature": "JobSatisfaction",
        "impact": 0.3336712718009949,
        "type": "risk"
      }
    ],
    "top_protective_factors": [
      {
        "feature": "DailyRate",
        "impact": 0.8255236744880676,
        "type": "protective"
      },
      {
        "feature": "OverTime",
        "impact": 0.4626493453979492,
        "type": "protective"
      },
      {
        "feature": "StockOptionLevel",
        "impact": 0.4080917537212372,
        "type": "protective"
      },
      {
        "feature": "EnvironmentSatisfaction",
        "impact": 0.2986277639865875,
        "type": "protective"
      }
    ],
    "explanation_timestamp": "2025-09-23T22:53:09.607601"
  },
  "agent_type": "structura",
  "analysis_type": "individual"
}