{
  "prediction": {
    "employee_id": "1853",
    "attrition_probability": 0.22278958559036255,
    "attrition_prediction": 1,
    "risk_category": "LOW",
    "confidence_score": 0.5544208288192749,
    "prediction_timestamp": "2025-09-23T22:53:54.579003"
  },
  "explanation": {
    "employee_id": "1853",
    "feature_importance": {
      "RelationshipSatisfaction": 0.03405288979411125,
      "Education": 0.02487798221409321,
      "JobInvolvement": 0.03501373156905174,
      "EnvironmentSatisfaction": 0.048257846385240555,
      "JobLevel": 0.07228615880012512,
      "JobSatisfaction": 0.04019258916378021,
      "StockOptionLevel": 0.07264421880245209,
      "WorkLifeBalance": 0.03580893576145172,
      "Department": 0.037670474499464035,
      "JobRole": 0.046762410551309586,
      "MaritalStatus": 0.036864522844552994,
      "OverTime": 0.0779639258980751,
      "Age": 0.04039482772350311,
      "DailyRate": 0.03578038513660431,
      "DistanceFromHome": 0.036774344742298126,
      "MonthlyIncome": 0.04666806384921074,
      "NumCompaniesWorked": 0.050036631524562836,
      "TotalWorkingYears": 0.04981709271669388,
      "TrainingTimesLastYear": 0.02378365956246853,
      "YearsAtCompany": 0.02968277968466282,
      "YearsInCurrentRole": 0.03649982064962387,
      "YearsSinceLastPromotion": 0.03537580743432045,
      "YearsWithCurrManager": 0.05279093235731125
    },
    "shap_values": {
      "RelationshipSatisfaction": -0.2143007069826126,
      "Education": -0.03210381418466568,
      "JobInvolvement": -0.1212468296289444,
      "EnvironmentSatisfaction": -0.5036540627479553,
      "JobLevel": -0.11145035922527313,
      "JobSatisfaction": -0.5843626856803894,
      "StockOptionLevel": 0.4518011212348938,
      "WorkLifeBalance": -0.0924045741558075,
      "Department": -0.03331925347447395,
      "JobRole": -0.047712475061416626,
      "MaritalStatus": -0.08921206742525101,
      "OverTime": -0.5039677023887634,
      "Age": 0.46439212560653687,
      "DailyRate": -0.642794132232666,
      "DistanceFromHome": 0.051876965910196304,
      "MonthlyIncome": -0.40965741872787476,
      "NumCompaniesWorked": 0.4201403856277466,
      "TotalWorkingYears": 0.00379173643887043,
      "TrainingTimesLastYear": -0.01829017885029316,
      "YearsAtCompany": 0.07858183979988098,
      "YearsInCurrentRole": 0.08442556858062744,
      "YearsSinceLastPromotion": -0.09809572249650955,
      "YearsWithCurrManager": 0.4227941334247589
    },
    "lime_explanation": {
      "features": [
        "OverTime=0",
        "NumCompaniesWorked > 4.00",
        "StockOptionLevel <= 0.00",
        "3.00 < JobSatisfaction <= 4.00",
        "2.00 < JobInvolvement <= 3.00",
        "3.00 < EnvironmentSatisfaction <= 4.00",
        "DailyRate > 1162.00",
        "2.00 < RelationshipSatisfaction <= 3.00",
        "YearsWithCurrManager <= 2.00",
        "30.00 < Age <= 35.00"
      ],
      "values": [
        -0.2041561508192997,
        0.14917254679121028,
        0.1217255695854763,
        -0.09031518626363617,
        -0.08196579101045678,
        -0.07552084765023649,
        -0.07142201377210737,
        -0.060842208725573395,
        0.06003670523564777,
        0.0528747043868382
      ],
      "intercept": 0.45291785798272893
    },
    "top_risk_factors": [
      {
        "feature": "Age",
        "impact": 0.46439212560653687,
        "type": "risk"
      }
    ],
    "top_protective_factors": [
      {
        "feature": "DailyRate",
        "impact": 0.642794132232666,
        "type": "protective"
      },
      {
        "feature": "JobSatisfaction",
        "impact": 0.5843626856803894,
        "type": "protective"
      },
      {
        "feature": "OverTime",
        "impact": 0.5039677023887634,
        "type": "protective"
      },
      {
        "feature": "EnvironmentSatisfaction",
        "impact": 0.5036540627479553,
        "type": "protective"
      }
    ],
    "explanation_timestamp": "2025-09-23T22:53:54.650396"
  },
  "agent_type": "structura",
  "analysis_type": "individual"
}