{
  "confidence": 0.8,
  "employee_id": "1382",
  "features_used": 11,
  "model_metadata": {
    "feature_dimensions": 11,
    "model_type": "GRU_CNN_Hybrid",
    "sequence_length": 50,
    "training_optimized": true
  },
  "predicted_attrition": 0,
  "risk_score": 6.497091926960241e-12,
  "sequence_length": 50,
  "xai_explanation": {
    "attention_weights": [
      [
        0.020001409575343132,
        0.019999640062451363,
        0.019999725744128227,
        0.019999798387289047,
        0.019999884068965912,
        0.019999926909804344,
        0.019999971613287926,
        0.020000001415610313,
        0.020000020042061806,
        0.020000029355287552,
        0.02000003680586815,
        0.020000040531158447,
        0.020000040531158447,
        0.020000040531158447,
        0.02000003680586815,
        0.020000034943223,
        0.020000029355287552,
        0.020000025629997253,
        0.020000020042061806,
        0.020000018179416656,
        0.02000001259148121,
        0.02000000886619091,
        0.020000005140900612,
        0.020000003278255463,
        0.019999997690320015,
        0.019999995827674866,
        0.019999993965029716,
        0.019999992102384567,
        0.01999998837709427,
        0.01999998651444912,
        0.01999998465180397,
        0.01999998465180397,
        0.019999980926513672,
        0.019999979063868523,
        0.019999977201223373,
        0.019999975338578224,
        0.019999975338578224,
        0.019999975338578224,
        0.019999971613287926,
        0.019999971613287926,
        0.019999969750642776,
        0.019999969750642776,
        0.019999969750642776,
        0.019999969750642776,
        0.019999969750642776,
        0.019999969750642776,
        0.019999967887997627,
        0.019999967887997627,
        0.019999967887997627,
        0.019999967887997627
      ]
    ],
    "feature_names": [
      "day_of_week",
      "day_index",
      "system_login_hours",
      "work_focused_hours",
      "meeting_collaboration_hours",
      "social_dining_hours",
      "break_relaxation_hours",
      "shared_work_hours",
      "internal_comm_volume",
      "cafeteria_usage",
      "convenience_food_usage"
    ],
    "gradient_importance": [
      3.6105257103296803e-14,
      1.58293720470791e-14,
      4.873793697183354e-14,
      9.372156642342006e-14,
      1.0824997040241591e-13,
      1.9248832196683448e-14,
      7.45746129779401e-13,
      7.888661783268108e-14,
      2.4598712281519164e-13,
      4.802318482113876e-13,
      5.756122575112377e-13
    ],
    "sequence_importance": {
      "timestep_0": 5.221116941567239e-12,
      "timestep_1": 1.1095386762138837e-12,
      "timestep_10": 2.598857762010182e-19,
      "timestep_11": 1.8482991480918826e-19,
      "timestep_12": 1.4482325985957572e-19,
      "timestep_13": 1.0513217431365216e-19,
      "timestep_14": 7.76991299639402e-20,
      "timestep_15": 6.010311132916492e-20,
      "timestep_16": 4.7775784063129195e-20,
      "timestep_17": 3.907832565778076e-20,
      "timestep_18": 3.2467701766235835e-20,
      "timestep_19": 2.3648510485935726e-20,
      "timestep_2": 1.6528227725642833e-18,
      "timestep_20": 2.063519329639448e-20,
      "timestep_21": 1.702437705477719e-20,
      "timestep_22": 1.5437298571449226e-20,
      "timestep_23": 1.120725120742433e-20,
      "timestep_24": 1.0601055449806538e-20,
      "timestep_25": 8.839122778770942e-21,
      "timestep_26": 6.567562435974936e-21,
      "timestep_27": 6.564136583457517e-21,
      "timestep_28": 5.850747023402732e-21,
      "timestep_29": 4.9569133441570466e-21,
      "timestep_3": 1.3873351224599029e-18,
      "timestep_30": 4.7208679859596636e-21,
      "timestep_31": 3.348644214135773e-21,
      "timestep_32": 3.3550492093280902e-21,
      "timestep_33": 2.9006140330292863e-21,
      "timestep_34": 2.729989250489793e-21,
      "timestep_35": 2.01214127579064e-21,
      "timestep_36": 1.8779982682699677e-21,
      "timestep_37": 1.2928057492379554e-21,
      "timestep_38": 8.903339136168907e-22,
      "timestep_39": 8.161393366703199e-22,
      "timestep_4": 1.3452728849140048e-18,
      "timestep_40": 7.419447092366512e-22,
      "timestep_41": 6.677502837513742e-22,
      "timestep_42": 2.967778534024017e-22,
      "timestep_43": 2.596805901726653e-22,
      "timestep_44": 2.225833774300268e-22,
      "timestep_45": 1.8548612682206486e-22,
      "timestep_46": 1.4838890145765189e-22,
      "timestep_47": 9.714391834350633e-13,
      "timestep_48": 1.5416208891047556e-12,
      "timestep_49": 2.2851714010646562e-12,
      "timestep_5": 8.800602011620114e-19,
      "timestep_6": 7.786592317964328e-19,
      "timestep_7": 5.766992078324897e-19,
      "timestep_8": 4.364369830964402e-19,
      "timestep_9": 3.155054781372662e-19
    },
    "temporal_importance": [
      5.221116941567239e-12,
      1.1095386762138837e-12,
      1.6528227725642833e-18,
      1.3873351224599029e-18,
      1.3452728849140048e-18,
      8.800602011620114e-19,
      7.786592317964328e-19,
      5.766992078324897e-19,
      4.364369830964402e-19,
      3.155054781372662e-19,
      2.598857762010182e-19,
      1.8482991480918826e-19,
      1.4482325985957572e-19,
      1.0513217431365216e-19,
      7.76991299639402e-20,
      6.010311132916492e-20,
      4.7775784063129195e-20,
      3.907832565778076e-20,
      3.2467701766235835e-20,
      2.3648510485935726e-20,
      2.063519329639448e-20,
      1.702437705477719e-20,
      1.5437298571449226e-20,
      1.120725120742433e-20,
      1.0601055449806538e-20,
      8.839122778770942e-21,
      6.567562435974936e-21,
      6.564136583457517e-21,
      5.850747023402732e-21,
      4.9569133441570466e-21,
      4.7208679859596636e-21,
      3.348644214135773e-21,
      3.3550492093280902e-21,
      2.9006140330292863e-21,
      2.729989250489793e-21,
      2.01214127579064e-21,
      1.8779982682699677e-21,
      1.2928057492379554e-21,
      8.903339136168907e-22,
      8.161393366703199e-22,
      7.419447092366512e-22,
      6.677502837513742e-22,
      2.967778534024017e-22,
      2.596805901726653e-22,
      2.225833774300268e-22,
      1.8548612682206486e-22,
      1.4838890145765189e-22,
      9.714391834350633e-13,
      1.5416208891047556e-12,
      2.2851714010646562e-12
    ],
    "trend_analysis": {
      "confidence_level": "high",
      "prediction_trend": "stable"
    }
  }
}