{
  "confidence": 0.8,
  "employee_id": "1586",
  "features_used": 11,
  "model_metadata": {
    "feature_dimensions": 11,
    "model_type": "GRU_CNN_Hybrid",
    "sequence_length": 50,
    "training_optimized": true
  },
  "predicted_attrition": 0,
  "risk_score": 7.864927242459685e-13,
  "sequence_length": 50,
  "xai_explanation": {
    "attention_weights": [
      [
        0.020002709701657295,
        0.02000032365322113,
        0.020000305026769638,
        0.020000280812382698,
        0.020000247284770012,
        0.020000223070383072,
        0.020000185817480087,
        0.020000161603093147,
        0.020000137388706207,
        0.02000010944902897,
        0.02000008523464203,
        0.020000066608190536,
        0.020000044256448746,
        0.020000023767352104,
        0.020000003278255463,
        0.019999990239739418,
        0.019999973475933075,
        0.01999995857477188,
        0.019999947398900986,
        0.01999993436038494,
        0.019999923184514046,
        0.0199999138712883,
        0.019999904558062553,
        0.019999898970127106,
        0.01999988965690136,
        0.019999884068965912,
        0.019999880343675613,
        0.019999874755740166,
        0.01999986730515957,
        0.01999986544251442,
        0.01999986171722412,
        0.019999856129288673,
        0.019999856129288673,
        0.019999850541353226,
        0.019999848678708076,
        0.019999846816062927,
        0.019999846816062927,
        0.01999984122812748,
        0.01999984122812748,
        0.01999983936548233,
        0.01999983750283718,
        0.019999833777546883,
        0.019999833777546883,
        0.019999833777546883,
        0.019999831914901733,
        0.019999831914901733,
        0.019999831914901733,
        0.019999831914901733,
        0.019999830052256584,
        0.019999830052256584
      ]
    ],
    "feature_names": [
      "day_of_week",
      "day_index",
      "system_login_hours",
      "work_focused_hours",
      "meeting_collaboration_hours",
      "social_dining_hours",
      "break_relaxation_hours",
      "shared_work_hours",
      "internal_comm_volume",
      "cafeteria_usage",
      "convenience_food_usage"
    ],
    "gradient_importance": [
      4.372163845160412e-15,
      1.911671411515309e-15,
      6.034905190730128e-15,
      1.1346134230446388e-14,
      1.3103160930957349e-14,
      2.0124696027879916e-15,
      9.027371542348964e-14,
      9.54934187416068e-15,
      2.977741276753883e-14,
      5.813298925355301e-14,
      6.967932903844537e-14
    ],
    "sequence_importance": {
      "timestep_0": 6.320319701630384e-13,
      "timestep_1": 1.3431293024394192e-13,
      "timestep_10": 1.5543004822032687e-20,
      "timestep_11": 1.3369355925795894e-20,
      "timestep_12": 1.2115468862819845e-20,
      "timestep_13": 1.0741074347733177e-20,
      "timestep_14": 9.511270842162066e-21,
      "timestep_15": 8.189642210661899e-21,
      "timestep_16": 6.532393527450794e-21,
      "timestep_17": 6.519942601306667e-21,
      "timestep_18": 5.5846707276637695e-21,
      "timestep_19": 4.784352886282758e-21,
      "timestep_2": 8.572430701995896e-20,
      "timestep_20": 4.232802343984967e-21,
      "timestep_21": 3.3819860955598738e-21,
      "timestep_22": 3.1682271560293644e-21,
      "timestep_23": 2.6599297183253223e-21,
      "timestep_24": 2.5210524346571695e-21,
      "timestep_25": 1.8027850131483797e-21,
      "timestep_26": 1.83641870999854e-21,
      "timestep_27": 1.6908056396724053e-21,
      "timestep_28": 1.2890229529381417e-21,
      "timestep_29": 1.0777875605107726e-21,
      "timestep_3": 6.919109268769214e-20,
      "timestep_30": 1.1167709712322307e-21,
      "timestep_31": 9.197010467948323e-22,
      "timestep_32": 6.395544007584068e-22,
      "timestep_33": 5.282981539861432e-22,
      "timestep_34": 4.974502847128911e-22,
      "timestep_35": 4.19150601833295e-22,
      "timestep_36": 3.3366665540476805e-22,
      "timestep_37": 3.685835070924736e-22,
      "timestep_38": 3.353201835927582e-22,
      "timestep_39": 2.5798520818048774e-22,
      "timestep_4": 5.379974302991796e-20,
      "timestep_40": 1.6272019432078718e-22,
      "timestep_41": 1.4612306574591644e-22,
      "timestep_42": 9.629101266391824e-23,
      "timestep_43": 8.42546108373795e-23,
      "timestep_44": 7.221824056527696e-23,
      "timestep_45": 6.018185767139994e-23,
      "timestep_46": 4.8145484243853776e-23,
      "timestep_47": 1.4294831594471868e-13,
      "timestep_48": 1.834407598695284e-13,
      "timestep_49": 2.5359879127218043e-13,
      "timestep_5": 4.4893974050699676e-20,
      "timestep_6": 3.858015290269643e-20,
      "timestep_7": 2.897321587619448e-20,
      "timestep_8": 2.3543931915171722e-20,
      "timestep_9": 1.9948182639165112e-20
    },
    "temporal_importance": [
      6.320319701630384e-13,
      1.3431293024394192e-13,
      8.572430701995896e-20,
      6.919109268769214e-20,
      5.379974302991796e-20,
      4.4893974050699676e-20,
      3.858015290269643e-20,
      2.897321587619448e-20,
      2.3543931915171722e-20,
      1.9948182639165112e-20,
      1.5543004822032687e-20,
      1.3369355925795894e-20,
      1.2115468862819845e-20,
      1.0741074347733177e-20,
      9.511270842162066e-21,
      8.189642210661899e-21,
      6.532393527450794e-21,
      6.519942601306667e-21,
      5.5846707276637695e-21,
      4.784352886282758e-21,
      4.232802343984967e-21,
      3.3819860955598738e-21,
      3.1682271560293644e-21,
      2.6599297183253223e-21,
      2.5210524346571695e-21,
      1.8027850131483797e-21,
      1.83641870999854e-21,
      1.6908056396724053e-21,
      1.2890229529381417e-21,
      1.0777875605107726e-21,
      1.1167709712322307e-21,
      9.197010467948323e-22,
      6.395544007584068e-22,
      5.282981539861432e-22,
      4.974502847128911e-22,
      4.19150601833295e-22,
      3.3366665540476805e-22,
      3.685835070924736e-22,
      3.353201835927582e-22,
      2.5798520818048774e-22,
      1.6272019432078718e-22,
      1.4612306574591644e-22,
      9.629101266391824e-23,
      8.42546108373795e-23,
      7.221824056527696e-23,
      6.018185767139994e-23,
      4.8145484243853776e-23,
      1.4294831594471868e-13,
      1.834407598695284e-13,
      2.5359879127218043e-13
    ],
    "trend_analysis": {
      "confidence_level": "high",
      "prediction_trend": "stable"
    }
  }
}