{
  "prediction": {
    "employee_id": "1706",
    "attrition_probability": 0.03951156139373779,
    "attrition_prediction": 1,
    "risk_category": "LOW",
    "confidence_score": 0.9209768772125244,
    "prediction_timestamp": "2025-09-23T22:53:44.238995"
  },
  "explanation": {
    "employee_id": "1706",
    "feature_importance": {
      "RelationshipSatisfaction": 0.03405288979411125,
      "Education": 0.02487798221409321,
      "JobInvolvement": 0.03501373156905174,
      "EnvironmentSatisfaction": 0.048257846385240555,
      "JobLevel": 0.07228615880012512,
      "JobSatisfaction": 0.04019258916378021,
      "StockOptionLevel": 0.07264421880245209,
      "WorkLifeBalance": 0.03580893576145172,
      "Department": 0.037670474499464035,
      "JobRole": 0.046762410551309586,
      "MaritalStatus": 0.036864522844552994,
      "OverTime": 0.0779639258980751,
      "Age": 0.04039482772350311,
      "DailyRate": 0.03578038513660431,
      "DistanceFromHome": 0.036774344742298126,
      "MonthlyIncome": 0.04666806384921074,
      "NumCompaniesWorked": 0.050036631524562836,
      "TotalWorkingYears": 0.04981709271669388,
      "TrainingTimesLastYear": 0.02378365956246853,
      "YearsAtCompany": 0.02968277968466282,
      "YearsInCurrentRole": 0.03649982064962387,
      "YearsSinceLastPromotion": 0.03537580743432045,
      "YearsWithCurrManager": 0.05279093235731125
    },
    "shap_values": {
      "RelationshipSatisfaction": 0.341497540473938,
      "Education": 0.010874904692173004,
      "JobInvolvement": -0.07690908759832382,
      "EnvironmentSatisfaction": -0.33532434701919556,
      "JobLevel": -0.03635184094309807,
      "JobSatisfaction": -0.3335699737071991,
      "StockOptionLevel": -0.3021862506866455,
      "WorkLifeBalance": -0.13708195090293884,
      "Department": -0.021330608054995537,
      "JobRole": -0.34604132175445557,
      "MaritalStatus": -0.18120141327381134,
      "OverTime": -0.375113308429718,
      "Age": -0.43022483587265015,
      "DailyRate": -0.3708249032497406,
      "DistanceFromHome": -0.32798561453819275,
      "MonthlyIncome": -0.10628252476453781,
      "NumCompaniesWorked": -0.1095004752278328,
      "TotalWorkingYears": -0.016092997044324875,
      "TrainingTimesLastYear": -0.084574393928051,
      "YearsAtCompany": 0.06413499265909195,
      "YearsInCurrentRole": -0.20950056612491608,
      "YearsSinceLastPromotion": 0.3854135572910309,
      "YearsWithCurrManager": -0.46795883774757385
    },
    "lime_explanation": {
      "features": [
        "OverTime=0",
        "NumCompaniesWorked <= 1.00",
        "DistanceFromHome <= 2.00",
        "RelationshipSatisfaction <= 2.00",
        "3.00 < JobSatisfaction <= 4.00",
        "0.00 < StockOptionLevel <= 1.00",
        "2.00 < WorkLifeBalance <= 3.00",
        "2.00 < JobInvolvement <= 3.00",
        "3.00 < EnvironmentSatisfaction <= 4.00",
        "DailyRate > 1162.00"
      ],
      "values": [
        -0.21608121414584602,
        -0.11385935660664295,
        -0.10139271392272467,
        0.09174631272276404,
        -0.0805825799883981,
        -0.07805863258052535,
        -0.069707746023608,
        -0.06916873002765805,
        -0.06013628291858313,
        -0.05676644616931267
      ],
      "intercept": 0.6592861802643103
    },
    "top_risk_factors": [
      {
        "feature": "YearsSinceLastPromotion",
        "impact": 0.3854135572910309,
        "type": "risk"
      }
    ],
    "top_protective_factors": [
      {
        "feature": "YearsWithCurrManager",
        "impact": 0.46795883774757385,
        "type": "protective"
      },
      {
        "feature": "Age",
        "impact": 0.43022483587265015,
        "type": "protective"
      },
      {
        "feature": "OverTime",
        "impact": 0.375113308429718,
        "type": "protective"
      },
      {
        "feature": "DailyRate",
        "impact": 0.3708249032497406,
        "type": "protective"
      }
    ],
    "explanation_timestamp": "2025-09-23T22:53:44.308835"
  },
  "agent_type": "structura",
  "analysis_type": "individual"
}