{
  "prediction": {
    "risk_score": 1.8813447327792332e-11,
    "attrition_probability": 1.8813447327792332e-11
  },
  "confidence": 0.8
}