{
  "prediction": {
    "risk_score": 4.306218518568402e-15,
    "attrition_probability": 4.306218518568402e-15
  },
  "confidence": 0.8
}