{
  "confidence": 0.8,
  "employee_id": "321",
  "features_used": 11,
  "model_metadata": {
    "feature_dimensions": 11,
    "model_type": "GRU_CNN_Hybrid",
    "sequence_length": 50,
    "training_optimized": true
  },
  "predicted_attrition": 0,
  "risk_score": 3.5527955094165124e-22,
  "sequence_length": 50,
  "xai_explanation": {
    "attention_weights": [
      [
        0.02000524289906025,
        0.019999435171484947,
        0.019999561831355095,
        0.019999651238322258,
        0.019999735057353973,
        0.01999979466199875,
        0.019999848678708076,
        0.019999880343675613,
        0.019999906420707703,
        0.019999925047159195,
        0.01999993808567524,
        0.019999945536255836,
        0.019999952986836433,
        0.019999956712126732,
        0.01999995857477188,
        0.01999995857477188,
        0.01999995857477188,
        0.019999956712126732,
        0.019999956712126732,
        0.019999956712126732,
        0.019999954849481583,
        0.019999952986836433,
        0.019999952986836433,
        0.019999952986836433,
        0.019999949261546135,
        0.019999947398900986,
        0.019999947398900986,
        0.019999945536255836,
        0.019999941810965538,
        0.019999941810965538,
        0.019999941810965538,
        0.01999993994832039,
        0.01999993994832039,
        0.01999993808567524,
        0.01999993808567524,
        0.01999993808567524,
        0.01999993622303009,
        0.01999993622303009,
        0.01999993622303009,
        0.01999993622303009,
        0.019999932497739792,
        0.019999932497739792,
        0.019999932497739792,
        0.019999932497739792,
        0.019999932497739792,
        0.019999932497739792,
        0.019999932497739792,
        0.019999932497739792,
        0.019999932497739792,
        0.019999932497739792
      ]
    ],
    "feature_names": [
      "day_of_week",
      "day_index",
      "system_login_hours",
      "work_focused_hours",
      "meeting_collaboration_hours",
      "social_dining_hours",
      "break_relaxation_hours",
      "shared_work_hours",
      "internal_comm_volume",
      "cafeteria_usage",
      "convenience_food_usage"
    ],
    "gradient_importance": [
      3.7891663516233896e-24,
      1.8048210599893115e-24,
      4.17443970684609e-24,
      5.124784778100822e-24,
      8.509568013502984e-24,
      3.4897912715093e-24,
      5.193285909236141e-23,
      6.247533822469795e-24,
      1.9546619546063313e-23,
      3.3126310982253e-23,
      4.12483723753106e-23
    ],
    "sequence_importance": {
      "timestep_0": 3.50397019431087e-22,
      "timestep_1": 1.355364388018801e-22,
      "timestep_10": 1.2991209976587194e-29,
      "timestep_11": 1.028838697602399e-29,
      "timestep_12": 7.814937717938999e-30,
      "timestep_13": 6.044065446617318e-30,
      "timestep_14": 4.668473369262465e-30,
      "timestep_15": 3.281685695631285e-30,
      "timestep_16": 2.6078505801806083e-30,
      "timestep_17": 1.684667722242547e-30,
      "timestep_18": 1.5396498053680433e-30,
      "timestep_19": 1.2197963819160779e-30,
      "timestep_2": 2.520319084316127e-23,
      "timestep_20": 8.803693788506043e-31,
      "timestep_21": 6.3182722615172484e-31,
      "timestep_22": 5.8813372497346816e-31,
      "timestep_23": 4.614166564689504e-31,
      "timestep_24": 3.4600709130295856e-31,
      "timestep_25": 2.7740453569235937e-31,
      "timestep_26": 2.1650534721100387e-31,
      "timestep_27": 1.995161154376655e-31,
      "timestep_28": 1.90911003082019e-31,
      "timestep_29": 1.4526285463238448e-31,
      "timestep_3": 1.1920085074924815e-23,
      "timestep_30": 1.0806251388436941e-31,
      "timestep_31": 1.0126306664607753e-31,
      "timestep_32": 9.581841778941061e-32,
      "timestep_33": 9.049515635688136e-32,
      "timestep_34": 5.665258583463139e-32,
      "timestep_35": 5.311179701591502e-32,
      "timestep_36": 4.957100819719865e-32,
      "timestep_37": 4.603022231721816e-32,
      "timestep_38": 4.248943055976591e-32,
      "timestep_39": 3.894864174104954e-32,
      "timestep_4": 6.626928132670286e-29,
      "timestep_40": 3.5407852922333173e-32,
      "timestep_41": 3.186706704235268e-32,
      "timestep_42": 1.622993442173618e-32,
      "timestep_43": 1.420119280269015e-32,
      "timestep_44": 1.1898039568067508e-23,
      "timestep_45": 1.945152394166073e-23,
      "timestep_46": 5.808040795053806e-23,
      "timestep_47": 3.7229091353329716e-23,
      "timestep_48": 7.282036231701405e-23,
      "timestep_49": 9.107391577711891e-23,
      "timestep_5": 5.028415607552049e-29,
      "timestep_6": 4.250785582245799e-29,
      "timestep_7": 2.977158179446244e-29,
      "timestep_8": 2.340445589368547e-29,
      "timestep_9": 1.7380131981314506e-29
    },
    "temporal_importance": [
      3.50397019431087e-22,
      1.355364388018801e-22,
      2.520319084316127e-23,
      1.1920085074924815e-23,
      6.626928132670286e-29,
      5.028415607552049e-29,
      4.250785582245799e-29,
      2.977158179446244e-29,
      2.340445589368547e-29,
      1.7380131981314506e-29,
      1.2991209976587194e-29,
      1.028838697602399e-29,
      7.814937717938999e-30,
      6.044065446617318e-30,
      4.668473369262465e-30,
      3.281685695631285e-30,
      2.6078505801806083e-30,
      1.684667722242547e-30,
      1.5396498053680433e-30,
      1.2197963819160779e-30,
      8.803693788506043e-31,
      6.3182722615172484e-31,
      5.8813372497346816e-31,
      4.614166564689504e-31,
      3.4600709130295856e-31,
      2.7740453569235937e-31,
      2.1650534721100387e-31,
      1.995161154376655e-31,
      1.90911003082019e-31,
      1.4526285463238448e-31,
      1.0806251388436941e-31,
      1.0126306664607753e-31,
      9.581841778941061e-32,
      9.049515635688136e-32,
      5.665258583463139e-32,
      5.311179701591502e-32,
      4.957100819719865e-32,
      4.603022231721816e-32,
      4.248943055976591e-32,
      3.894864174104954e-32,
      3.5407852922333173e-32,
      3.186706704235268e-32,
      1.622993442173618e-32,
      1.420119280269015e-32,
      1.1898039568067508e-23,
      1.945152394166073e-23,
      5.808040795053806e-23,
      3.7229091353329716e-23,
      7.282036231701405e-23,
      9.107391577711891e-23
    ],
    "trend_analysis": {
      "confidence_level": "high",
      "prediction_trend": "stable"
    }
  }
}