{
  "confidence": 0.7,
  "employee_data": {
    "Age": 34,
    "AgeFactor": 1,
    "Attrition": "No",
    "BusinessTravel": "Travel_Rarely",
    "DailyRate": 1354,
    "Department": "Research & Development",
    "DistanceFromHome": 5,
    "Education": 3,
    "EducationField": "Medical",
    "EmployeeCount": 1,
    "EmployeeNumber": 153,
    "EnvironmentSatisfaction": 3,
    "Gender": "Female",
    "HourlyRate": 45,
    "JobInvolvement": 2,
    "JobLevel": 3,
    "JobRole": "Manager",
    "JobSatisfaction": 1,
    "MaritalStatus": "Single",
    "MonthlyIncome": 11631,
    "MonthlyRate": 5615,
    "Norm_EnvironmentSatisfaction": 0.6666666666666666,
    "Norm_JobInvolvement": 0.3333333333333333,
    "Norm_JobLevel": 0.5,
    "Norm_JobSatisfaction": 0,
    "Norm_MonthlyIncome": 0.5593470247498683,
    "Norm_NumCompaniesWorked": 0.2222222222222222,
    "Norm_PercentSalaryHike": 0.0714285714285714,
    "Norm_PerformanceRating": 0,
    "Norm_RelationshipSatisfaction": 1,
    "Norm_TotalWorkingYears": 0.35,
    "Norm_TrainingTimesLastYear": 1,
    "Norm_WorkLifeBalance": 0.6666666666666666,
    "Norm_YearsAtCompany": 0.275,
    "Norm_YearsSinceLastPromotion": 0.3333333333333333,
    "NumCompaniesWorked": 2,
    "Over18": "Y",
    "OverTime": "No",
    "OverTime_bin": 0,
    "PercentSalaryHike": 12,
    "PerformanceRating": 3,
    "Prob_N01": 0.7688161475010333,
    "Prob_N02": 0.0004152154807173,
    "Prob_N03": 0.0316385296465811,
    "Prob_P01": 0.0226699971122924,
    "Prob_P02": 0.0155808459655009,
    "Prob_P03": 0.00428180937091,
    "Prob_P04": 0.1385558212243186,
    "Prob_S01": 0.0123040838306969,
    "Prob_S02": 0.0035391956364898,
    "Prob_S03": 0.0021983542314593,
    "RelationshipSatisfaction": 4,
    "Score_N01": 0.819047619047619,
    "Score_N02": 0.0666666666666666,
    "Score_N03": 0.5,
    "Score_P01": 0.4666666666666667,
    "Score_P02": 0.4291666666666667,
    "Score_P03": 0.3,
    "Score_P04": 0.6476897615286241,
    "Score_S01": 0.4055555555555555,
    "Score_S02": 0.280952380952381,
    "Score_S03": 0.2333333333333333,
    "StandardHours": 80,
    "StockOptionLevel": 0,
    "TotalWorkingYears": 14,
    "TrainingTimesLastYear": 6,
    "WorkLifeBalance": 3,
    "YearsAtCompany": 11,
    "YearsInCurrentRole": 10,
    "YearsSinceLastPromotion": 5,
    "YearsWithCurrManager": 8,
    "argmax_Persona": "현상 유지자",
    "argmax_Persona_Code": "N01",
    "argmax_RiskTier": "Neutral",
    "is_married": 0,
    "softmax_Persona": "현상 유지자",
    "softmax_Persona_Code": "N01",
    "softmax_RiskTier": "Neutral"
  },
  "employee_id": 153,
  "feature_importance": {},
  "lime_explanation": {},
  "model_interpretation": {},
  "predicted_attrition": 0,
  "risk_score": 0.00022492856078315526,
  "shap_values": {},
  "xai_explanation": {}
}