{
  "prediction": {
    "risk_score": 1.3185682480568888e-15,
    "attrition_probability": 1.3185682480568888e-15
  },
  "confidence": 0.8
}