{
  "prediction": {
    "employee_id": "1938",
    "attrition_probability": 0.03325246647000313,
    "attrition_prediction": 1,
    "risk_category": "LOW",
    "confidence_score": 0.9334950670599937,
    "prediction_timestamp": "2025-09-23T22:53:59.948622"
  },
  "explanation": {
    "employee_id": "1938",
    "feature_importance": {
      "RelationshipSatisfaction": 0.03405288979411125,
      "Education": 0.02487798221409321,
      "JobInvolvement": 0.03501373156905174,
      "EnvironmentSatisfaction": 0.048257846385240555,
      "JobLevel": 0.07228615880012512,
      "JobSatisfaction": 0.04019258916378021,
      "StockOptionLevel": 0.07264421880245209,
      "WorkLifeBalance": 0.03580893576145172,
      "Department": 0.037670474499464035,
      "JobRole": 0.046762410551309586,
      "MaritalStatus": 0.036864522844552994,
      "OverTime": 0.0779639258980751,
      "Age": 0.04039482772350311,
      "DailyRate": 0.03578038513660431,
      "DistanceFromHome": 0.036774344742298126,
      "MonthlyIncome": 0.04666806384921074,
      "NumCompaniesWorked": 0.050036631524562836,
      "TotalWorkingYears": 0.04981709271669388,
      "TrainingTimesLastYear": 0.02378365956246853,
      "YearsAtCompany": 0.02968277968466282,
      "YearsInCurrentRole": 0.03649982064962387,
      "YearsSinceLastPromotion": 0.03537580743432045,
      "YearsWithCurrManager": 0.05279093235731125
    },
    "shap_values": {
      "RelationshipSatisfaction": -0.3121853470802307,
      "Education": 0.036167293787002563,
      "JobInvolvement": -0.07208015024662018,
      "EnvironmentSatisfaction": -0.4154828190803528,
      "JobLevel": 0.008080834522843361,
      "JobSatisfaction": -0.38680607080459595,
      "StockOptionLevel": -0.1663535088300705,
      "WorkLifeBalance": 0.10026631504297256,
      "Department": -0.08098071813583374,
      "JobRole": -0.16290634870529175,
      "MaritalStatus": -0.10954711586236954,
      "OverTime": -0.5009725093841553,
      "Age": -0.4908813238143921,
      "DailyRate": 0.05159100145101547,
      "DistanceFromHome": 0.22865207493305206,
      "MonthlyIncome": -1.110427737236023,
      "NumCompaniesWorked": 0.0915045291185379,
      "TotalWorkingYears": -0.49126479029655457,
      "TrainingTimesLastYear": -0.029835086315870285,
      "YearsAtCompany": -0.03350410982966423,
      "YearsInCurrentRole": 0.09864237159490585,
      "YearsSinceLastPromotion": -0.18858107924461365,
      "YearsWithCurrManager": 0.291812002658844
    },
    "lime_explanation": {
      "features": [
        "OverTime=0",
        "DistanceFromHome > 14.00",
        "3.00 < JobSatisfaction <= 4.00",
        "3.00 < EnvironmentSatisfaction <= 4.00",
        "2.00 < JobInvolvement <= 3.00",
        "0.00 < StockOptionLevel <= 1.00",
        "WorkLifeBalance <= 2.00",
        "MonthlyIncome > 8201.00",
        "YearsWithCurrManager <= 2.00",
        "TotalWorkingYears > 15.00"
      ],
      "values": [
        -0.21192579557353544,
        0.10659265453193467,
        -0.08577623562273425,
        -0.07760124123730053,
        -0.07513786750686816,
        -0.07333177626331108,
        0.07266875713859078,
        -0.06443125290839469,
        0.062088757696592466,
        -0.05604224501033057
      ],
      "intercept": 0.5277783551297291
    },
    "top_risk_factors": [],
    "top_protective_factors": [
      {
        "feature": "MonthlyIncome",
        "impact": 1.110427737236023,
        "type": "protective"
      },
      {
        "feature": "OverTime",
        "impact": 0.5009725093841553,
        "type": "protective"
      },
      {
        "feature": "TotalWorkingYears",
        "impact": 0.49126479029655457,
        "type": "protective"
      },
      {
        "feature": "Age",
        "impact": 0.4908813238143921,
        "type": "protective"
      },
      {
        "feature": "EnvironmentSatisfaction",
        "impact": 0.4154828190803528,
        "type": "protective"
      }
    ],
    "explanation_timestamp": "2025-09-23T22:54:00.020622"
  },
  "agent_type": "structura",
  "analysis_type": "individual"
}