{
  "confidence": 0.7,
  "employee_data": {
    "Age": 39,
    "AgeFactor": 1,
    "Attrition": "No",
    "BusinessTravel": "Travel_Frequently",
    "DailyRate": 766,
    "Department": "Sales",
    "DistanceFromHome": 20,
    "Education": 3,
    "EducationField": "Life Sciences",
    "EmployeeCount": 1,
    "EmployeeNumber": 1812,
    "EnvironmentSatisfaction": 3,
    "Gender": "Male",
    "HourlyRate": 83,
    "JobInvolvement": 3,
    "JobLevel": 2,
    "JobRole": "Sales Executive",
    "JobSatisfaction": 4,
    "MaritalStatus": "Divorced",
    "MonthlyIncome": 4127,
    "MonthlyRate": 19188,
    "Norm_EnvironmentSatisfaction": 0.6666666666666666,
    "Norm_JobInvolvement": 0.6666666666666666,
    "Norm_JobLevel": 0.25,
    "Norm_JobSatisfaction": 1,
    "Norm_MonthlyIncome": 0.1641916798314902,
    "Norm_NumCompaniesWorked": 0.2222222222222222,
    "Norm_PercentSalaryHike": 0.5,
    "Norm_PerformanceRating": 0,
    "Norm_RelationshipSatisfaction": 1,
    "Norm_TotalWorkingYears": 0.175,
    "Norm_TrainingTimesLastYear": 1,
    "Norm_WorkLifeBalance": 0.6666666666666666,
    "Norm_YearsAtCompany": 0.05,
    "Norm_YearsSinceLastPromotion": 0.1333333333333333,
    "NumCompaniesWorked": 2,
    "Over18": "Y",
    "OverTime": "No",
    "OverTime_bin": 0,
    "PercentSalaryHike": 18,
    "PerformanceRating": 3,
    "Prob_N01": 0.1198077679759905,
    "Prob_N02": 0.0008072583907009,
    "Prob_N03": 0.0615113590719583,
    "Prob_P01": 0.0021943558143134,
    "Prob_P02": 0.0933063835177386,
    "Prob_P03": 0.0015723246474952,
    "Prob_P04": 0.1429443135649953,
    "Prob_S01": 0.0048296664807225,
    "Prob_S02": 0.0360854062564884,
    "Prob_S03": 0.5369411642795965,
    "RelationshipSatisfaction": 4,
    "Score_N01": 0.5666666666666667,
    "Score_N02": 0.0666666666666666,
    "Score_N03": 0.5,
    "Score_P01": 0.1666666666666666,
    "Score_P02": 0.5416666666666666,
    "Score_P03": 0.1333333333333333,
    "Score_P04": 0.5843233280674041,
    "Score_S01": 0.2455555555555555,
    "Score_S02": 0.4466666666666666,
    "Score_S03": 0.7166666666666668,
    "StandardHours": 80,
    "StockOptionLevel": 1,
    "TotalWorkingYears": 7,
    "TrainingTimesLastYear": 6,
    "WorkLifeBalance": 3,
    "YearsAtCompany": 2,
    "YearsInCurrentRole": 1,
    "YearsSinceLastPromotion": 2,
    "YearsWithCurrManager": 2,
    "argmax_Persona": "내재 동기 전문가",
    "argmax_Persona_Code": "S03",
    "argmax_RiskTier": "Stable",
    "is_married": 0,
    "softmax_Persona": "내재 동기 전문가",
    "softmax_Persona_Code": "S03",
    "softmax_RiskTier": "Stable"
  },
  "employee_id": 1812,
  "feature_importance": {},
  "lime_explanation": {},
  "model_interpretation": {},
  "predicted_attrition": 0,
  "risk_score": 8.006669668247923e-05,
  "shap_values": {},
  "xai_explanation": {}
}