{
  "confidence": 0.8,
  "employee_id": "1936",
  "features_used": 11,
  "model_metadata": {
    "feature_dimensions": 11,
    "model_type": "GRU_CNN_Hybrid",
    "sequence_length": 50,
    "training_optimized": true
  },
  "predicted_attrition": 0,
  "risk_score": 5.753297491195575e-11,
  "sequence_length": 50,
  "xai_explanation": {
    "attention_weights": [
      [
        0.020002134144306183,
        0.02000037208199501,
        0.020000342279672623,
        0.020000319927930832,
        0.02000027894973755,
        0.02000024914741516,
        0.020000217482447624,
        0.020000174641609192,
        0.020000141113996506,
        0.020000120624899864,
        0.020000094547867775,
        0.020000070333480835,
        0.020000040531158447,
        0.020000020042061806,
        0.019999997690320015,
        0.01999998465180397,
        0.01999996416270733,
        0.019999951124191284,
        0.01999993808567524,
        0.019999925047159195,
        0.01999991200864315,
        0.019999902695417404,
        0.019999893382191658,
        0.019999884068965912,
        0.019999876618385315,
        0.019999869167804718,
        0.01999986171722412,
        0.019999857991933823,
        0.019999852403998375,
        0.019999848678708076,
        0.01999984309077263,
        0.01999984122812748,
        0.019999835640192032,
        0.019999833777546883,
        0.019999831914901733,
        0.019999826326966286,
        0.019999826326966286,
        0.019999824464321136,
        0.019999822601675987,
        0.01999981887638569,
        0.01999981701374054,
        0.01999981515109539,
        0.01999981515109539,
        0.01999981515109539,
        0.01999981328845024,
        0.01999981328845024,
        0.01999981328845024,
        0.01999981328845024,
        0.019999809563159943,
        0.019999809563159943
      ]
    ],
    "feature_names": [
      "day_of_week",
      "day_index",
      "system_login_hours",
      "work_focused_hours",
      "meeting_collaboration_hours",
      "social_dining_hours",
      "break_relaxation_hours",
      "shared_work_hours",
      "internal_comm_volume",
      "cafeteria_usage",
      "convenience_food_usage"
    ],
    "gradient_importance": [
      3.197189962864805e-13,
      1.4017113207989707e-13,
      4.315838322572346e-13,
      8.299194664829201e-13,
      9.585731730946123e-13,
      1.7045165192491885e-13,
      6.6037210422198456e-12,
      6.985516223627364e-13,
      2.178262344804116e-12,
      4.252544063415575e-12,
      5.097153601973936e-12
    ],
    "sequence_importance": {
      "timestep_0": 4.623397151237718e-11,
      "timestep_1": 9.825167589239125e-12,
      "timestep_10": 1.2316170279783e-18,
      "timestep_11": 1.2157056919079597e-18,
      "timestep_12": 9.827194156368597e-19,
      "timestep_13": 8.914915270347645e-19,
      "timestep_14": 7.565266186402928e-19,
      "timestep_15": 5.599530914277185e-19,
      "timestep_16": 5.888460449351012e-19,
      "timestep_17": 4.546888267099993e-19,
      "timestep_18": 3.9850731404146293e-19,
      "timestep_19": 3.918147766510554e-19,
      "timestep_2": 5.7928409554792964e-18,
      "timestep_20": 3.192382857477766e-19,
      "timestep_21": 3.0243780806712417e-19,
      "timestep_22": 2.466788037458434e-19,
      "timestep_23": 2.0896509345422786e-19,
      "timestep_24": 2.0449401422231682e-19,
      "timestep_25": 1.8296427356106026e-19,
      "timestep_26": 1.29025221683761e-19,
      "timestep_27": 1.1141343491855893e-19,
      "timestep_28": 8.978303671651232e-20,
      "timestep_29": 9.263457385722696e-20,
      "timestep_3": 4.762562687126124e-18,
      "timestep_30": 7.736509116813656e-20,
      "timestep_31": 6.712208133114974e-20,
      "timestep_32": 6.597832318853618e-20,
      "timestep_33": 4.406817961190753e-20,
      "timestep_34": 3.834902054497322e-20,
      "timestep_35": 3.0660625551711445e-20,
      "timestep_36": 2.900576995694242e-20,
      "timestep_37": 2.6961653182546167e-20,
      "timestep_38": 2.4817295688840413e-20,
      "timestep_39": 1.66171182344784e-20,
      "timestep_4": 3.835074017591853e-18,
      "timestep_40": 1.5106466716106363e-20,
      "timestep_41": 1.068882868320379e-20,
      "timestep_42": 7.04367071367491e-21,
      "timestep_43": 6.163210460826804e-21,
      "timestep_44": 5.282750611875481e-21,
      "timestep_45": 4.402291974614509e-21,
      "timestep_46": 3.521833741250321e-21,
      "timestep_47": 8.602277744296227e-12,
      "timestep_48": 1.365134307679261e-11,
      "timestep_49": 2.0235625675102398e-11,
      "timestep_5": 3.1242431824344625e-18,
      "timestep_6": 2.730112713658565e-18,
      "timestep_7": 2.2998183220921552e-18,
      "timestep_8": 1.828483157638774e-18,
      "timestep_9": 1.3350315617499858e-18
    },
    "temporal_importance": [
      4.623397151237718e-11,
      9.825167589239125e-12,
      5.7928409554792964e-18,
      4.762562687126124e-18,
      3.835074017591853e-18,
      3.1242431824344625e-18,
      2.730112713658565e-18,
      2.2998183220921552e-18,
      1.828483157638774e-18,
      1.3350315617499858e-18,
      1.2316170279783e-18,
      1.2157056919079597e-18,
      9.827194156368597e-19,
      8.914915270347645e-19,
      7.565266186402928e-19,
      5.599530914277185e-19,
      5.888460449351012e-19,
      4.546888267099993e-19,
      3.9850731404146293e-19,
      3.918147766510554e-19,
      3.192382857477766e-19,
      3.0243780806712417e-19,
      2.466788037458434e-19,
      2.0896509345422786e-19,
      2.0449401422231682e-19,
      1.8296427356106026e-19,
      1.29025221683761e-19,
      1.1141343491855893e-19,
      8.978303671651232e-20,
      9.263457385722696e-20,
      7.736509116813656e-20,
      6.712208133114974e-20,
      6.597832318853618e-20,
      4.406817961190753e-20,
      3.834902054497322e-20,
      3.0660625551711445e-20,
      2.900576995694242e-20,
      2.6961653182546167e-20,
      2.4817295688840413e-20,
      1.66171182344784e-20,
      1.5106466716106363e-20,
      1.068882868320379e-20,
      7.04367071367491e-21,
      6.163210460826804e-21,
      5.282750611875481e-21,
      4.402291974614509e-21,
      3.521833741250321e-21,
      8.602277744296227e-12,
      1.365134307679261e-11,
      2.0235625675102398e-11
    ],
    "trend_analysis": {
      "confidence_level": "high",
      "prediction_trend": "stable"
    }
  }
}