{
  "prediction": {
    "risk_score": 1.5970630461143278e-15,
    "attrition_probability": 1.5970630461143278e-15
  },
  "confidence": 0.8
}