{
  "prediction": {
    "risk_score": 3.921819900082335e-12,
    "attrition_probability": 3.921819900082335e-12
  },
  "confidence": 0.8
}