{
  "confidence": 0.7,
  "employee_data": {
    "Age": 32,
    "AgeFactor": 1,
    "Attrition": "No",
    "BusinessTravel": "Travel_Rarely",
    "DailyRate": 588,
    "Department": "Sales",
    "DistanceFromHome": 8,
    "Education": 2,
    "EducationField": "Technical Degree",
    "EmployeeCount": 1,
    "EmployeeNumber": 436,
    "EnvironmentSatisfaction": 3,
    "Gender": "Female",
    "HourlyRate": 65,
    "JobInvolvement": 2,
    "JobLevel": 2,
    "JobRole": "Sales Executive",
    "JobSatisfaction": 2,
    "MaritalStatus": "Married",
    "MonthlyIncome": 5228,
    "MonthlyRate": 24624,
    "Norm_EnvironmentSatisfaction": 0.6666666666666666,
    "Norm_JobInvolvement": 0.3333333333333333,
    "Norm_JobLevel": 0.25,
    "Norm_JobSatisfaction": 0.3333333333333333,
    "Norm_MonthlyIncome": 0.2221695629278567,
    "Norm_NumCompaniesWorked": 0.1111111111111111,
    "Norm_PercentSalaryHike": 0,
    "Norm_PerformanceRating": 0,
    "Norm_RelationshipSatisfaction": 1,
    "Norm_TotalWorkingYears": 0.325,
    "Norm_TrainingTimesLastYear": 0.3333333333333333,
    "Norm_WorkLifeBalance": 0.6666666666666666,
    "Norm_YearsAtCompany": 0.325,
    "Norm_YearsSinceLastPromotion": 0.7333333333333333,
    "NumCompaniesWorked": 1,
    "Over18": "Y",
    "OverTime": "Yes",
    "OverTime_bin": 1,
    "PercentSalaryHike": 11,
    "PerformanceRating": 3,
    "Prob_N01": 0.3312333189594598,
    "Prob_N02": 0.0001550754279502,
    "Prob_N03": 0.237339044139728,
    "Prob_P01": 0.1700608563477697,
    "Prob_P02": 0.0045319683139156,
    "Prob_P03": 0.0873121549262873,
    "Prob_P04": 0.1609045662669872,
    "Prob_S01": 0.0063424648000303,
    "Prob_S02": 0.0002313453534135,
    "Prob_S03": 0.0018892054644578,
    "RelationshipSatisfaction": 4,
    "Score_N01": 0.8333333333333333,
    "Score_N02": 0.0666666666666666,
    "Score_N03": 0.8,
    "Score_P01": 0.7666666666666667,
    "Score_P02": 0.4041666666666667,
    "Score_P03": 0.7,
    "Score_P04": 0.7611321748288573,
    "Score_S01": 0.4377777777777778,
    "Score_S02": 0.1066666666666666,
    "Score_S03": 0.3166666666666666,
    "StandardHours": 80,
    "StockOptionLevel": 0,
    "TotalWorkingYears": 13,
    "TrainingTimesLastYear": 2,
    "WorkLifeBalance": 3,
    "YearsAtCompany": 13,
    "YearsInCurrentRole": 12,
    "YearsSinceLastPromotion": 11,
    "YearsWithCurrManager": 9,
    "argmax_Persona": "현상 유지자",
    "argmax_Persona_Code": "N01",
    "argmax_RiskTier": "Neutral",
    "is_married": 1,
    "softmax_Persona": "신규 부모",
    "softmax_Persona_Code": "N03",
    "softmax_RiskTier": "Neutral"
  },
  "employee_id": 436,
  "feature_importance": {},
  "lime_explanation": {},
  "model_interpretation": {},
  "predicted_attrition": 0,
  "risk_score": 0.020262300968170166,
  "shap_values": {},
  "xai_explanation": {}
}