{
  "prediction": {
    "employee_id": "1830",
    "attrition_probability": 0.0859261229634285,
    "attrition_prediction": 1,
    "risk_category": "LOW",
    "confidence_score": 0.828147754073143,
    "prediction_timestamp": "2025-09-23T22:53:53.224175"
  },
  "explanation": {
    "employee_id": "1830",
    "feature_importance": {
      "RelationshipSatisfaction": 0.03405288979411125,
      "Education": 0.02487798221409321,
      "JobInvolvement": 0.03501373156905174,
      "EnvironmentSatisfaction": 0.048257846385240555,
      "JobLevel": 0.07228615880012512,
      "JobSatisfaction": 0.04019258916378021,
      "StockOptionLevel": 0.07264421880245209,
      "WorkLifeBalance": 0.03580893576145172,
      "Department": 0.037670474499464035,
      "JobRole": 0.046762410551309586,
      "MaritalStatus": 0.036864522844552994,
      "OverTime": 0.0779639258980751,
      "Age": 0.04039482772350311,
      "DailyRate": 0.03578038513660431,
      "DistanceFromHome": 0.036774344742298126,
      "MonthlyIncome": 0.04666806384921074,
      "NumCompaniesWorked": 0.050036631524562836,
      "TotalWorkingYears": 0.04981709271669388,
      "TrainingTimesLastYear": 0.02378365956246853,
      "YearsAtCompany": 0.02968277968466282,
      "YearsInCurrentRole": 0.03649982064962387,
      "YearsSinceLastPromotion": 0.03537580743432045,
      "YearsWithCurrManager": 0.05279093235731125
    },
    "shap_values": {
      "RelationshipSatisfaction": -0.3095105290412903,
      "Education": -0.1083301305770874,
      "JobInvolvement": -0.05554018169641495,
      "EnvironmentSatisfaction": -0.36251404881477356,
      "JobLevel": -0.08470892161130905,
      "JobSatisfaction": -0.4325411021709442,
      "StockOptionLevel": -0.16497062146663666,
      "WorkLifeBalance": 0.17031429708003998,
      "Department": -0.06602601706981659,
      "JobRole": -0.34522050619125366,
      "MaritalStatus": -0.12066265195608139,
      "OverTime": -0.3047354519367218,
      "Age": -0.23816946148872375,
      "DailyRate": 0.23015622794628143,
      "DistanceFromHome": -0.1336802989244461,
      "MonthlyIncome": -0.31138285994529724,
      "NumCompaniesWorked": 0.10878371447324753,
      "TotalWorkingYears": 0.026045572012662888,
      "TrainingTimesLastYear": -0.03768857195973396,
      "YearsAtCompany": 0.06348591297864914,
      "YearsInCurrentRole": 0.04515963792800903,
      "YearsSinceLastPromotion": -0.0895138680934906,
      "YearsWithCurrManager": -0.11845823377370834
    },
    "lime_explanation": {
      "features": [
        "OverTime=0",
        "0.00 < StockOptionLevel <= 1.00",
        "RelationshipSatisfaction <= 2.00",
        "3.00 < JobSatisfaction <= 4.00",
        "3.00 < EnvironmentSatisfaction <= 4.00",
        "2.00 < JobInvolvement <= 3.00",
        "WorkLifeBalance <= 2.00",
        "DailyRate <= 471.75",
        "Age > 42.00",
        "2.00 < DistanceFromHome <= 7.00"
      ],
      "values": [
        -0.2131888688122338,
        -0.0867274376000406,
        0.08591793832018137,
        -0.07968673116659955,
        -0.07222080220099025,
        -0.07151938576879417,
        0.06971033464338822,
        0.05686367320920661,
        -0.05615155636559217,
        -0.038199558669107105
      ],
      "intercept": 0.524435271623582
    },
    "top_risk_factors": [],
    "top_protective_factors": [
      {
        "feature": "JobSatisfaction",
        "impact": 0.4325411021709442,
        "type": "protective"
      },
      {
        "feature": "EnvironmentSatisfaction",
        "impact": 0.36251404881477356,
        "type": "protective"
      },
      {
        "feature": "JobRole",
        "impact": 0.34522050619125366,
        "type": "protective"
      },
      {
        "feature": "MonthlyIncome",
        "impact": 0.31138285994529724,
        "type": "protective"
      },
      {
        "feature": "RelationshipSatisfaction",
        "impact": 0.3095105290412903,
        "type": "protective"
      }
    ],
    "explanation_timestamp": "2025-09-23T22:53:53.311075"
  },
  "agent_type": "structura",
  "analysis_type": "individual"
}