{
  "prediction": {
    "employee_id": "21",
    "attrition_probability": 0.06984826922416687,
    "attrition_prediction": 1,
    "risk_category": "LOW",
    "confidence_score": 0.8603034615516663,
    "prediction_timestamp": "2025-09-23T22:51:44.713901"
  },
  "explanation": {
    "employee_id": "21",
    "feature_importance": {
      "RelationshipSatisfaction": 0.03405288979411125,
      "Education": 0.02487798221409321,
      "JobInvolvement": 0.03501373156905174,
      "EnvironmentSatisfaction": 0.048257846385240555,
      "JobLevel": 0.07228615880012512,
      "JobSatisfaction": 0.04019258916378021,
      "StockOptionLevel": 0.07264421880245209,
      "WorkLifeBalance": 0.03580893576145172,
      "Department": 0.037670474499464035,
      "JobRole": 0.046762410551309586,
      "MaritalStatus": 0.036864522844552994,
      "OverTime": 0.0779639258980751,
      "Age": 0.04039482772350311,
      "DailyRate": 0.03578038513660431,
      "DistanceFromHome": 0.036774344742298126,
      "MonthlyIncome": 0.04666806384921074,
      "NumCompaniesWorked": 0.050036631524562836,
      "TotalWorkingYears": 0.04981709271669388,
      "TrainingTimesLastYear": 0.02378365956246853,
      "YearsAtCompany": 0.02968277968466282,
      "YearsInCurrentRole": 0.03649982064962387,
      "YearsSinceLastPromotion": 0.03537580743432045,
      "YearsWithCurrManager": 0.05279093235731125
    },
    "shap_values": {
      "RelationshipSatisfaction": -0.17342707514762878,
      "Education": -0.061651915311813354,
      "JobInvolvement": -0.5134941339492798,
      "EnvironmentSatisfaction": 0.3804207444190979,
      "JobLevel": -0.026847030967473984,
      "JobSatisfaction": -0.006717711687088013,
      "StockOptionLevel": -0.39887988567352295,
      "WorkLifeBalance": 0.06010919436812401,
      "Department": -0.0849604606628418,
      "JobRole": 0.11544695496559143,
      "MaritalStatus": -0.1576726734638214,
      "OverTime": -0.5193743109703064,
      "Age": 0.098329097032547,
      "DailyRate": 0.3078210949897766,
      "DistanceFromHome": -0.4016798138618469,
      "MonthlyIncome": -0.10242746770381927,
      "NumCompaniesWorked": -0.792045533657074,
      "TotalWorkingYears": -0.02260493114590645,
      "TrainingTimesLastYear": -0.12364296615123749,
      "YearsAtCompany": -0.1413828730583191,
      "YearsInCurrentRole": -0.012817569077014923,
      "YearsSinceLastPromotion": -0.11061455309391022,
      "YearsWithCurrManager": -0.1761929839849472
    },
    "lime_explanation": {
      "features": [
        "OverTime=0",
        "NumCompaniesWorked <= 1.00",
        "EnvironmentSatisfaction <= 2.00",
        "WorkLifeBalance <= 2.00",
        "JobInvolvement > 3.00",
        "DailyRate <= 471.75",
        "StockOptionLevel > 1.00",
        "3.00 < RelationshipSatisfaction <= 4.00",
        "JobSatisfaction <= 2.00",
        "30.00 < Age <= 35.00"
      ],
      "values": [
        -0.211288853115222,
        -0.1201522138036994,
        0.11597614006788899,
        0.07157746249250317,
        -0.06850525518465146,
        0.06629025019251968,
        -0.06319667599484642,
        -0.06058453757272855,
        0.057656887105835455,
        0.04452904944894015
      ],
      "intercept": 0.42499614481117365
    },
    "top_risk_factors": [],
    "top_protective_factors": [
      {
        "feature": "NumCompaniesWorked",
        "impact": 0.792045533657074,
        "type": "protective"
      },
      {
        "feature": "OverTime",
        "impact": 0.5193743109703064,
        "type": "protective"
      },
      {
        "feature": "JobInvolvement",
        "impact": 0.5134941339492798,
        "type": "protective"
      },
      {
        "feature": "DistanceFromHome",
        "impact": 0.4016798138618469,
        "type": "protective"
      },
      {
        "feature": "StockOptionLevel",
        "impact": 0.39887988567352295,
        "type": "protective"
      }
    ],
    "explanation_timestamp": "2025-09-23T22:51:44.796444"
  },
  "agent_type": "structura",
  "analysis_type": "individual"
}