{
  "confidence": 0.7,
  "employee_data": {
    "Age": 50,
    "AgeFactor": 0,
    "Attrition": "No",
    "BusinessTravel": "Travel_Frequently",
    "DailyRate": 333,
    "Department": "Research & Development",
    "DistanceFromHome": 22,
    "Education": 5,
    "EducationField": "Medical",
    "EmployeeCount": 1,
    "EmployeeNumber": 1539,
    "EnvironmentSatisfaction": 3,
    "Gender": "Male",
    "HourlyRate": 88,
    "JobInvolvement": 1,
    "JobLevel": 4,
    "JobRole": "Research Director",
    "JobSatisfaction": 4,
    "MaritalStatus": "Single",
    "MonthlyIncome": 14411,
    "MonthlyRate": 24450,
    "Norm_EnvironmentSatisfaction": 0.6666666666666666,
    "Norm_JobInvolvement": 0,
    "Norm_JobLevel": 0.75,
    "Norm_JobSatisfaction": 1,
    "Norm_MonthlyIncome": 0.7057398630858347,
    "Norm_NumCompaniesWorked": 0.1111111111111111,
    "Norm_PercentSalaryHike": 0.1428571428571428,
    "Norm_PerformanceRating": 0,
    "Norm_RelationshipSatisfaction": 1,
    "Norm_TotalWorkingYears": 0.8,
    "Norm_TrainingTimesLastYear": 0.3333333333333333,
    "Norm_WorkLifeBalance": 0.6666666666666666,
    "Norm_YearsAtCompany": 0.8,
    "Norm_YearsSinceLastPromotion": 0.8666666666666667,
    "NumCompaniesWorked": 1,
    "Over18": "Y",
    "OverTime": "Yes",
    "OverTime_bin": 1,
    "PercentSalaryHike": 13,
    "PerformanceRating": 3,
    "Prob_N01": 0.6551192593390013,
    "Prob_N02": 7.708845476803674e-05,
    "Prob_N03": 3.957853235767966e-05,
    "Prob_P01": 0.0114409411024604,
    "Prob_P02": 0.0002095481457799,
    "Prob_P03": 0.1646570643961617,
    "Prob_P04": 0.0177457057368037,
    "Prob_S01": 0.1409364892257136,
    "Prob_S02": 8.97775081707969e-05,
    "Prob_S03": 0.0096845475587826,
    "RelationshipSatisfaction": 4,
    "Score_N01": 0.9714285714285716,
    "Score_N02": 0.0666666666666666,
    "Score_N03": 0,
    "Score_P01": 0.5666666666666667,
    "Score_P02": 0.1666666666666666,
    "Score_P03": 0.8333333333333333,
    "Score_P04": 0.6105611976228091,
    "Score_S01": 0.8177777777777779,
    "Score_S02": 0.0819047619047619,
    "Score_S03": 0.55,
    "StandardHours": 80,
    "StockOptionLevel": 0,
    "TotalWorkingYears": 32,
    "TrainingTimesLastYear": 2,
    "WorkLifeBalance": 3,
    "YearsAtCompany": 32,
    "YearsInCurrentRole": 6,
    "YearsSinceLastPromotion": 13,
    "YearsWithCurrManager": 9,
    "argmax_Persona": "현상 유지자",
    "argmax_Persona_Code": "N01",
    "argmax_RiskTier": "Neutral",
    "is_married": 0,
    "softmax_Persona": "현상 유지자",
    "softmax_Persona_Code": "N01",
    "softmax_RiskTier": "Neutral"
  },
  "employee_id": 1539,
  "feature_importance": {},
  "lime_explanation": {},
  "model_interpretation": {},
  "predicted_attrition": 0,
  "risk_score": 0.043520696461200714,
  "shap_values": {},
  "xai_explanation": {}
}