{
  "confidence": 0.7,
  "employee_data": {
    "Age": 20,
    "AgeFactor": 0,
    "Attrition": "Yes",
    "BusinessTravel": "Travel_Frequently",
    "DailyRate": 871,
    "Department": "Research & Development",
    "DistanceFromHome": 6,
    "Education": 3,
    "EducationField": "Life Sciences",
    "EmployeeCount": 1,
    "EmployeeNumber": 137,
    "EnvironmentSatisfaction": 4,
    "Gender": "Female",
    "HourlyRate": 66,
    "JobInvolvement": 2,
    "JobLevel": 1,
    "JobRole": "Laboratory Technician",
    "JobSatisfaction": 4,
    "MaritalStatus": "Single",
    "MonthlyIncome": 2926,
    "MonthlyRate": 19783,
    "Norm_EnvironmentSatisfaction": 1,
    "Norm_JobInvolvement": 0.3333333333333333,
    "Norm_JobLevel": 0,
    "Norm_JobSatisfaction": 1,
    "Norm_MonthlyIncome": 0.1009478672985782,
    "Norm_NumCompaniesWorked": 0.1111111111111111,
    "Norm_PercentSalaryHike": 0.5,
    "Norm_PerformanceRating": 0,
    "Norm_RelationshipSatisfaction": 0.3333333333333333,
    "Norm_TotalWorkingYears": 0.025,
    "Norm_TrainingTimesLastYear": 0.8333333333333334,
    "Norm_WorkLifeBalance": 0.6666666666666666,
    "Norm_YearsAtCompany": 0.025,
    "Norm_YearsSinceLastPromotion": 0.0666666666666666,
    "NumCompaniesWorked": 1,
    "Over18": "Y",
    "OverTime": "Yes",
    "OverTime_bin": 1,
    "PercentSalaryHike": 18,
    "PerformanceRating": 3,
    "Prob_N01": 0.4498924124975253,
    "Prob_N02": 0.0021720580701422,
    "Prob_N03": 0.000293956094129,
    "Prob_P01": 0.0849737006225151,
    "Prob_P02": 0.2844834664616047,
    "Prob_P03": 0.0025659834185113,
    "Prob_P04": 0.0791926640035821,
    "Prob_S01": 0.0021243224729638,
    "Prob_S02": 0.0334151192876703,
    "Prob_S03": 0.0608863170713556,
    "RelationshipSatisfaction": 2,
    "Score_N01": 0.7333333333333333,
    "Score_N02": 0.2,
    "Score_N03": 0,
    "Score_P01": 0.5666666666666667,
    "Score_P02": 0.6875,
    "Score_P03": 0.2166666666666666,
    "Score_P04": 0.5596208530805687,
    "Score_S01": 0.1977777777777777,
    "Score_S02": 0.4733333333333334,
    "Score_S03": 0.5333333333333333,
    "StandardHours": 80,
    "StockOptionLevel": 0,
    "TotalWorkingYears": 1,
    "TrainingTimesLastYear": 5,
    "WorkLifeBalance": 3,
    "YearsAtCompany": 1,
    "YearsInCurrentRole": 0,
    "YearsSinceLastPromotion": 1,
    "YearsWithCurrManager": 0,
    "argmax_Persona": "현상 유지자",
    "argmax_Persona_Code": "N01",
    "argmax_RiskTier": "Neutral",
    "is_married": 0,
    "softmax_Persona": "온보딩에 실패한 직원",
    "softmax_Persona_Code": "P02",
    "softmax_RiskTier": "High"
  },
  "employee_id": 137,
  "feature_importance": {},
  "lime_explanation": {},
  "model_interpretation": {},
  "predicted_attrition": 0,
  "risk_score": 0.4851819574832916,
  "shap_values": {},
  "xai_explanation": {}
}