{
  "prediction": {
    "employee_id": "1753",
    "attrition_probability": 0.11555926501750946,
    "attrition_prediction": 1,
    "risk_category": "LOW",
    "confidence_score": 0.7688814699649811,
    "prediction_timestamp": "2025-09-23T22:53:47.635424"
  },
  "explanation": {
    "employee_id": "1753",
    "feature_importance": {
      "RelationshipSatisfaction": 0.03405288979411125,
      "Education": 0.02487798221409321,
      "JobInvolvement": 0.03501373156905174,
      "EnvironmentSatisfaction": 0.048257846385240555,
      "JobLevel": 0.07228615880012512,
      "JobSatisfaction": 0.04019258916378021,
      "StockOptionLevel": 0.07264421880245209,
      "WorkLifeBalance": 0.03580893576145172,
      "Department": 0.037670474499464035,
      "JobRole": 0.046762410551309586,
      "MaritalStatus": 0.036864522844552994,
      "OverTime": 0.0779639258980751,
      "Age": 0.04039482772350311,
      "DailyRate": 0.03578038513660431,
      "DistanceFromHome": 0.036774344742298126,
      "MonthlyIncome": 0.04666806384921074,
      "NumCompaniesWorked": 0.050036631524562836,
      "TotalWorkingYears": 0.04981709271669388,
      "TrainingTimesLastYear": 0.02378365956246853,
      "YearsAtCompany": 0.02968277968466282,
      "YearsInCurrentRole": 0.03649982064962387,
      "YearsSinceLastPromotion": 0.03537580743432045,
      "YearsWithCurrManager": 0.05279093235731125
    },
    "shap_values": {
      "RelationshipSatisfaction": -0.16540521383285522,
      "Education": 0.04641754552721977,
      "JobInvolvement": -0.24943259358406067,
      "EnvironmentSatisfaction": -0.5024275779724121,
      "JobLevel": -0.0857354924082756,
      "JobSatisfaction": -0.04710749536752701,
      "StockOptionLevel": 0.39177724719047546,
      "WorkLifeBalance": -0.16234293580055237,
      "Department": -0.04117617756128311,
      "JobRole": -0.43560758233070374,
      "MaritalStatus": -0.1190033033490181,
      "OverTime": -0.5580496788024902,
      "Age": 0.47109800577163696,
      "DailyRate": -0.061067815870046616,
      "DistanceFromHome": -0.5672571659088135,
      "MonthlyIncome": -0.397232323884964,
      "NumCompaniesWorked": 0.7223789691925049,
      "TotalWorkingYears": -0.11436109244823456,
      "TrainingTimesLastYear": -0.017966123297810555,
      "YearsAtCompany": -0.06813228130340576,
      "YearsInCurrentRole": 0.0015730923041701317,
      "YearsSinceLastPromotion": -0.0939253494143486,
      "YearsWithCurrManager": -0.25747230648994446
    },
    "lime_explanation": {
      "features": [
        "OverTime=0",
        "NumCompaniesWorked > 4.00",
        "StockOptionLevel <= 0.00",
        "DistanceFromHome <= 2.00",
        "3.00 < EnvironmentSatisfaction <= 4.00",
        "JobInvolvement > 3.00",
        "Age <= 30.00",
        "YearsWithCurrManager <= 2.00",
        "DailyRate <= 471.75",
        "4968.00 < MonthlyIncome <= 8201.00"
      ],
      "values": [
        -0.2181107616727955,
        0.14248918573729707,
        0.1113396864055024,
        -0.09207302893138168,
        -0.08148569411323632,
        -0.07540787716958737,
        0.07402453397760525,
        0.06743220797190382,
        0.06503681872120692,
        -0.04446583108413223
      ],
      "intercept": 0.36958931269811
    },
    "top_risk_factors": [
      {
        "feature": "NumCompaniesWorked",
        "impact": 0.7223789691925049,
        "type": "risk"
      },
      {
        "feature": "Age",
        "impact": 0.47109800577163696,
        "type": "risk"
      }
    ],
    "top_protective_factors": [
      {
        "feature": "DistanceFromHome",
        "impact": 0.5672571659088135,
        "type": "protective"
      },
      {
        "feature": "OverTime",
        "impact": 0.5580496788024902,
        "type": "protective"
      },
      {
        "feature": "EnvironmentSatisfaction",
        "impact": 0.5024275779724121,
        "type": "protective"
      }
    ],
    "explanation_timestamp": "2025-09-23T22:53:47.727427"
  },
  "agent_type": "structura",
  "analysis_type": "individual"
}