{
  "prediction": {
    "risk_score": 5.383453326059719e-31,
    "attrition_probability": 5.383453326059719e-31
  },
  "confidence": 0.8
}