{
  "prediction": {
    "employee_id": "155",
    "attrition_probability": 0.45478343963623047,
    "attrition_prediction": 1,
    "risk_category": "MEDIUM",
    "confidence_score": 0.09043312072753906,
    "prediction_timestamp": "2025-09-23T22:51:54.825809"
  },
  "explanation": {
    "employee_id": "155",
    "feature_importance": {
      "RelationshipSatisfaction": 0.03405288979411125,
      "Education": 0.02487798221409321,
      "JobInvolvement": 0.03501373156905174,
      "EnvironmentSatisfaction": 0.048257846385240555,
      "JobLevel": 0.07228615880012512,
      "JobSatisfaction": 0.04019258916378021,
      "StockOptionLevel": 0.07264421880245209,
      "WorkLifeBalance": 0.03580893576145172,
      "Department": 0.037670474499464035,
      "JobRole": 0.046762410551309586,
      "MaritalStatus": 0.036864522844552994,
      "OverTime": 0.0779639258980751,
      "Age": 0.04039482772350311,
      "DailyRate": 0.03578038513660431,
      "DistanceFromHome": 0.036774344742298126,
      "MonthlyIncome": 0.04666806384921074,
      "NumCompaniesWorked": 0.050036631524562836,
      "TotalWorkingYears": 0.04981709271669388,
      "TrainingTimesLastYear": 0.02378365956246853,
      "YearsAtCompany": 0.02968277968466282,
      "YearsInCurrentRole": 0.03649982064962387,
      "YearsSinceLastPromotion": 0.03537580743432045,
      "YearsWithCurrManager": 0.05279093235731125
    },
    "shap_values": {
      "RelationshipSatisfaction": 0.2936573326587677,
      "Education": 0.013439575210213661,
      "JobInvolvement": -0.0771302580833435,
      "EnvironmentSatisfaction": 0.74690181016922,
      "JobLevel": -0.01459106057882309,
      "JobSatisfaction": -0.39182648062705994,
      "StockOptionLevel": -0.24986933171749115,
      "WorkLifeBalance": -0.06503812223672867,
      "Department": -0.0608510784804821,
      "JobRole": 0.01570028066635132,
      "MaritalStatus": -0.08084341883659363,
      "OverTime": -0.5790441036224365,
      "Age": -0.6085199117660522,
      "DailyRate": -0.2019285261631012,
      "DistanceFromHome": -0.39231419563293457,
      "MonthlyIncome": 0.04497990012168884,
      "NumCompaniesWorked": 0.4065469801425934,
      "TotalWorkingYears": 0.043033499270677567,
      "TrainingTimesLastYear": -0.006548336707055569,
      "YearsAtCompany": 0.06046626716852188,
      "YearsInCurrentRole": 0.10200914740562439,
      "YearsSinceLastPromotion": -0.08579084277153015,
      "YearsWithCurrManager": 0.6309143900871277
    },
    "lime_explanation": {
      "features": [
        "OverTime=0",
        "NumCompaniesWorked > 4.00",
        "EnvironmentSatisfaction <= 2.00",
        "RelationshipSatisfaction <= 2.00",
        "MonthlyIncome <= 2922.25",
        "3.00 < JobSatisfaction <= 4.00",
        "35.00 < Age <= 42.00",
        "0.00 < StockOptionLevel <= 1.00",
        "YearsWithCurrManager <= 2.00",
        "2.00 < JobInvolvement <= 3.00"
      ],
      "values": [
        -0.21474242215655126,
        0.14864300922904466,
        0.107950022016512,
        0.1002302722451584,
        0.08959603283290497,
        -0.08402147074773637,
        -0.08354742658046412,
        -0.07890818874270335,
        0.06293071319669764,
        -0.06283432912982562
      ],
      "intercept": 0.39401891646861786
    },
    "top_risk_factors": [
      {
        "feature": "EnvironmentSatisfaction",
        "impact": 0.74690181016922,
        "type": "risk"
      },
      {
        "feature": "YearsWithCurrManager",
        "impact": 0.6309143900871277,
        "type": "risk"
      },
      {
        "feature": "NumCompaniesWorked",
        "impact": 0.4065469801425934,
        "type": "risk"
      }
    ],
    "top_protective_factors": [
      {
        "feature": "Age",
        "impact": 0.6085199117660522,
        "type": "protective"
      },
      {
        "feature": "OverTime",
        "impact": 0.5790441036224365,
        "type": "protective"
      }
    ],
    "explanation_timestamp": "2025-09-23T22:51:54.912733"
  },
  "agent_type": "structura",
  "analysis_type": "individual"
}