{
  "prediction": {
    "risk_score": 1.685275894801764e-14,
    "attrition_probability": 1.685275894801764e-14
  },
  "confidence": 0.8
}