{
  "prediction": {
    "risk_score": 2.9978308653836813e-15,
    "attrition_probability": 2.9978308653836813e-15
  },
  "confidence": 0.8
}