{
  "confidence": 0.8,
  "employee_id": "238",
  "features_used": 11,
  "model_metadata": {
    "feature_dimensions": 11,
    "model_type": "GRU_CNN_Hybrid",
    "sequence_length": 50,
    "training_optimized": true
  },
  "predicted_attrition": 0,
  "risk_score": 2.7998409020285195e-25,
  "sequence_length": 50,
  "xai_explanation": {
    "attention_weights": [
      [
        0.020006967708468437,
        0.019999492913484573,
        0.019999580457806587,
        0.019999651238322258,
        0.019999727606773376,
        0.019999781623482704,
        0.019999811425805092,
        0.01999984309077263,
        0.01999986171722412,
        0.019999880343675613,
        0.01999988779425621,
        0.019999895244836807,
        0.019999900832772255,
        0.019999902695417404,
        0.019999902695417404,
        0.019999902695417404,
        0.019999900832772255,
        0.019999900832772255,
        0.019999897107481956,
        0.019999897107481956,
        0.019999895244836807,
        0.019999895244836807,
        0.019999893382191658,
        0.019999893382191658,
        0.01999988965690136,
        0.01999988965690136,
        0.01999988779425621,
        0.01999988593161106,
        0.01999988593161106,
        0.01999988593161106,
        0.019999884068965912,
        0.019999880343675613,
        0.019999880343675613,
        0.019999880343675613,
        0.019999880343675613,
        0.019999880343675613,
        0.019999880343675613,
        0.019999880343675613,
        0.019999880343675613,
        0.019999876618385315,
        0.019999876618385315,
        0.019999876618385315,
        0.019999876618385315,
        0.019999876618385315,
        0.019999876618385315,
        0.019999876618385315,
        0.019999876618385315,
        0.019999876618385315,
        0.019999876618385315,
        0.019999876618385315
      ]
    ],
    "feature_names": [
      "day_of_week",
      "day_index",
      "system_login_hours",
      "work_focused_hours",
      "meeting_collaboration_hours",
      "social_dining_hours",
      "break_relaxation_hours",
      "shared_work_hours",
      "internal_comm_volume",
      "cafeteria_usage",
      "convenience_food_usage"
    ],
    "gradient_importance": [
      1.9162567686485565e-27,
      1.2341539158083208e-27,
      3.371876161360385e-27,
      4.038670856334156e-27,
      6.612141203669146e-27,
      2.680288585026528e-27,
      4.092657831200439e-26,
      4.923471576548829e-27,
      1.5404046836907854e-26,
      2.6105752366063567e-26,
      3.2506477306389526e-26
    ],
    "sequence_importance": {
      "timestep_0": 2.907014065497649e-25,
      "timestep_1": 1.1260624573861279e-25,
      "timestep_10": 8.613073391137434e-33,
      "timestep_11": 6.270644492418753e-33,
      "timestep_12": 4.8343310876940316e-33,
      "timestep_13": 3.72005023784883e-33,
      "timestep_14": 2.8475663719158653e-33,
      "timestep_15": 2.0884034674800307e-33,
      "timestep_16": 1.4917881055468944e-33,
      "timestep_17": 1.104202455154839e-33,
      "timestep_18": 9.829051216389064e-34,
      "timestep_19": 7.380699899250229e-34,
      "timestep_2": 9.393824992849807e-27,
      "timestep_20": 6.14879834997778e-34,
      "timestep_21": 4.020034100291274e-34,
      "timestep_22": 3.819324179606878e-34,
      "timestep_23": 2.784092018776614e-34,
      "timestep_24": 2.2731133488463004e-34,
      "timestep_25": 1.8904909708029776e-34,
      "timestep_26": 1.474649168323165e-34,
      "timestep_27": 1.5723242540931025e-34,
      "timestep_28": 9.240296490790697e-35,
      "timestep_29": 8.820281109393614e-35,
      "timestep_3": 4.785498627903775e-32,
      "timestep_30": 8.400268023883935e-35,
      "timestep_31": 7.970669608462766e-35,
      "timestep_32": 7.551160470238255e-35,
      "timestep_33": 7.131651332013743e-35,
      "timestep_34": 4.4646236847080884e-35,
      "timestep_35": 4.185584399491287e-35,
      "timestep_36": 3.9065451142744856e-35,
      "timestep_37": 3.6275058290576843e-35,
      "timestep_38": 3.348466543840883e-35,
      "timestep_39": 3.0694272586240816e-35,
      "timestep_4": 4.715006876547252e-32,
      "timestep_40": 2.7903882603932057e-35,
      "timestep_41": 1.4389101222552106e-35,
      "timestep_42": 1.279031267613397e-35,
      "timestep_43": 1.1191524129715834e-35,
      "timestep_44": 9.592734865832884e-36,
      "timestep_45": 0,
      "timestep_46": 3.5527922425462887e-26,
      "timestep_47": 4.3948556528486357e-26,
      "timestep_48": 6.277644150184015e-26,
      "timestep_49": 8.013501140946159e-26,
      "timestep_5": 3.305322900440868e-32,
      "timestep_6": 2.3872740082025512e-32,
      "timestep_7": 2.061387301220273e-32,
      "timestep_8": 1.4554591954953424e-32,
      "timestep_9": 1.1903112367092117e-32
    },
    "temporal_importance": [
      2.907014065497649e-25,
      1.1260624573861279e-25,
      9.393824992849807e-27,
      4.785498627903775e-32,
      4.715006876547252e-32,
      3.305322900440868e-32,
      2.3872740082025512e-32,
      2.061387301220273e-32,
      1.4554591954953424e-32,
      1.1903112367092117e-32,
      8.613073391137434e-33,
      6.270644492418753e-33,
      4.8343310876940316e-33,
      3.72005023784883e-33,
      2.8475663719158653e-33,
      2.0884034674800307e-33,
      1.4917881055468944e-33,
      1.104202455154839e-33,
      9.829051216389064e-34,
      7.380699899250229e-34,
      6.14879834997778e-34,
      4.020034100291274e-34,
      3.819324179606878e-34,
      2.784092018776614e-34,
      2.2731133488463004e-34,
      1.8904909708029776e-34,
      1.474649168323165e-34,
      1.5723242540931025e-34,
      9.240296490790697e-35,
      8.820281109393614e-35,
      8.400268023883935e-35,
      7.970669608462766e-35,
      7.551160470238255e-35,
      7.131651332013743e-35,
      4.4646236847080884e-35,
      4.185584399491287e-35,
      3.9065451142744856e-35,
      3.6275058290576843e-35,
      3.348466543840883e-35,
      3.0694272586240816e-35,
      2.7903882603932057e-35,
      1.4389101222552106e-35,
      1.279031267613397e-35,
      1.1191524129715834e-35,
      9.592734865832884e-36,
      0,
      3.5527922425462887e-26,
      4.3948556528486357e-26,
      6.277644150184015e-26,
      8.013501140946159e-26
    ],
    "trend_analysis": {
      "confidence_level": "high",
      "prediction_trend": "stable"
    }
  }
}