{
  "confidence": 0.8,
  "employee_id": "1118",
  "features_used": 11,
  "model_metadata": {
    "feature_dimensions": 11,
    "model_type": "GRU_CNN_Hybrid",
    "sequence_length": 50,
    "training_optimized": true
  },
  "predicted_attrition": 0,
  "risk_score": 4.156119757681154e-06,
  "sequence_length": 50,
  "xai_explanation": {
    "attention_weights": [
      [
        0.020001687109470367,
        0.020000645890831947,
        0.020000584423542023,
        0.020000530406832695,
        0.020000474527478218,
        0.020000426098704338,
        0.020000368356704712,
        0.020000316202640533,
        0.020000264048576355,
        0.020000219345092773,
        0.02000017650425434,
        0.02000012993812561,
        0.020000092685222626,
        0.02000006102025509,
        0.0200000312179327,
        0.020000005140900612,
        0.019999979063868523,
        0.019999954849481583,
        0.019999928772449493,
        0.01999991200864315,
        0.019999897107481956,
        0.019999882206320763,
        0.019999869167804718,
        0.019999859854578972,
        0.019999848678708076,
        0.01999983936548233,
        0.019999831914901733,
        0.019999826326966286,
        0.01999981887638569,
        0.01999981328845024,
        0.019999805837869644,
        0.019999802112579346,
        0.019999796524643898,
        0.0199997927993536,
        0.019999787211418152,
        0.019999785348773003,
        0.019999783486127853,
        0.019999777898192406,
        0.019999776035547256,
        0.019999772310256958,
        0.01999977044761181,
        0.01999976858496666,
        0.01999976858496666,
        0.01999976672232151,
        0.019999762997031212,
        0.019999762997031212,
        0.019999762997031212,
        0.019999762997031212,
        0.019999761134386063,
        0.019999761134386063
      ]
    ],
    "feature_names": [
      "day_of_week",
      "day_index",
      "system_login_hours",
      "work_focused_hours",
      "meeting_collaboration_hours",
      "social_dining_hours",
      "break_relaxation_hours",
      "shared_work_hours",
      "internal_comm_volume",
      "cafeteria_usage",
      "convenience_food_usage"
    ],
    "gradient_importance": [
      3.311649976467379e-08,
      1.0005487993680617e-08,
      3.392644032373937e-08,
      5.83549528698768e-08,
      6.750765635388234e-08,
      1.2437078922289402e-08,
      4.6316407065205567e-07,
      4.9302407489904e-08,
      1.5359889005139848e-07,
      2.984783691317716e-07,
      3.5780391272055567e-07
    ],
    "sequence_importance": {
      "timestep_0": 3.2461668979522074e-06,
      "timestep_1": 6.953235924811452e-07,
      "timestep_10": 1.3180662073938865e-13,
      "timestep_11": 1.2912593086791824e-13,
      "timestep_12": 1.0393002105625604e-13,
      "timestep_13": 7.677159689217783e-14,
      "timestep_14": 6.942433146374036e-14,
      "timestep_15": 6.300722340786893e-14,
      "timestep_16": 5.664042233280084e-14,
      "timestep_17": 4.9571651173025214e-14,
      "timestep_18": 4.2311250667394565e-14,
      "timestep_19": 3.262412787293466e-14,
      "timestep_2": 5.175983339850143e-13,
      "timestep_20": 2.3762611480295306e-14,
      "timestep_21": 2.654071014069996e-14,
      "timestep_22": 1.8526596001679912e-14,
      "timestep_23": 1.5906385976709354e-14,
      "timestep_24": 1.3559649856122267e-14,
      "timestep_25": 1.2289217325787537e-14,
      "timestep_26": 9.314519777226318e-15,
      "timestep_27": 8.996265782020355e-15,
      "timestep_28": 8.398959323440303e-15,
      "timestep_29": 6.238348952133455e-15,
      "timestep_3": 4.318584606675252e-13,
      "timestep_30": 6.623549890391557e-15,
      "timestep_31": 5.450283897568157e-15,
      "timestep_32": 3.9426969650788006e-15,
      "timestep_33": 3.4112625647408218e-15,
      "timestep_34": 3.797974186260352e-15,
      "timestep_35": 2.7049910349688988e-15,
      "timestep_36": 2.5246572969819846e-15,
      "timestep_37": 1.602987088668306e-15,
      "timestep_38": 1.7013013558231653e-15,
      "timestep_39": 1.356372810800506e-15,
      "timestep_4": 3.4254413541767725e-13,
      "timestep_40": 1.2330655659874875e-15,
      "timestep_41": 7.773272178929549e-16,
      "timestep_42": 6.909574387833613e-16,
      "timestep_43": 6.045875537946492e-16,
      "timestep_44": 4.122562558543679e-16,
      "timestep_45": 1.317487630103642e-07,
      "timestep_46": 2.9274264079504064e-07,
      "timestep_47": 8.332110610353993e-07,
      "timestep_48": 7.647593065485125e-07,
      "timestep_49": 1.0255710094497772e-06,
      "timestep_5": 2.9111974875033197e-13,
      "timestep_6": 2.784420101171331e-13,
      "timestep_7": 2.0928290838610059e-13,
      "timestep_8": 1.886046792918053e-13,
      "timestep_9": 1.5192095628377422e-13
    },
    "temporal_importance": [
      3.2461668979522074e-06,
      6.953235924811452e-07,
      5.175983339850143e-13,
      4.318584606675252e-13,
      3.4254413541767725e-13,
      2.9111974875033197e-13,
      2.784420101171331e-13,
      2.0928290838610059e-13,
      1.886046792918053e-13,
      1.5192095628377422e-13,
      1.3180662073938865e-13,
      1.2912593086791824e-13,
      1.0393002105625604e-13,
      7.677159689217783e-14,
      6.942433146374036e-14,
      6.300722340786893e-14,
      5.664042233280084e-14,
      4.9571651173025214e-14,
      4.2311250667394565e-14,
      3.262412787293466e-14,
      2.3762611480295306e-14,
      2.654071014069996e-14,
      1.8526596001679912e-14,
      1.5906385976709354e-14,
      1.3559649856122267e-14,
      1.2289217325787537e-14,
      9.314519777226318e-15,
      8.996265782020355e-15,
      8.398959323440303e-15,
      6.238348952133455e-15,
      6.623549890391557e-15,
      5.450283897568157e-15,
      3.9426969650788006e-15,
      3.4112625647408218e-15,
      3.797974186260352e-15,
      2.7049910349688988e-15,
      2.5246572969819846e-15,
      1.602987088668306e-15,
      1.7013013558231653e-15,
      1.356372810800506e-15,
      1.2330655659874875e-15,
      7.773272178929549e-16,
      6.909574387833613e-16,
      6.045875537946492e-16,
      4.122562558543679e-16,
      1.317487630103642e-07,
      2.9274264079504064e-07,
      8.332110610353993e-07,
      7.647593065485125e-07,
      1.0255710094497772e-06
    ],
    "trend_analysis": {
      "confidence_level": "high",
      "prediction_trend": "stable"
    }
  }
}