{
  "confidence": 0.7,
  "employee_data": {
    "Age": 18,
    "AgeFactor": 0,
    "Attrition": "No",
    "BusinessTravel": "Non-Travel",
    "DailyRate": 1431,
    "Department": "Research & Development",
    "DistanceFromHome": 14,
    "Education": 3,
    "EducationField": "Medical",
    "EmployeeCount": 1,
    "EmployeeNumber": 1839,
    "EnvironmentSatisfaction": 2,
    "Gender": "Female",
    "HourlyRate": 33,
    "JobInvolvement": 3,
    "JobLevel": 1,
    "JobRole": "Research Scientist",
    "JobSatisfaction": 3,
    "MaritalStatus": "Single",
    "MonthlyIncome": 1514,
    "MonthlyRate": 8018,
    "Norm_EnvironmentSatisfaction": 0.3333333333333333,
    "Norm_JobInvolvement": 0.6666666666666666,
    "Norm_JobLevel": 0,
    "Norm_JobSatisfaction": 0.6666666666666666,
    "Norm_MonthlyIncome": 0.026592943654555,
    "Norm_NumCompaniesWorked": 0.1111111111111111,
    "Norm_PercentSalaryHike": 0.3571428571428571,
    "Norm_PerformanceRating": 0,
    "Norm_RelationshipSatisfaction": 0.6666666666666666,
    "Norm_TotalWorkingYears": 0,
    "Norm_TrainingTimesLastYear": 0.6666666666666666,
    "Norm_WorkLifeBalance": 0,
    "Norm_YearsAtCompany": 0,
    "Norm_YearsSinceLastPromotion": 0,
    "NumCompaniesWorked": 1,
    "Over18": "Y",
    "OverTime": "No",
    "OverTime_bin": 0,
    "PercentSalaryHike": 16,
    "PerformanceRating": 3,
    "Prob_N01": 0.1299725355697402,
    "Prob_N02": 0.0034843292021631,
    "Prob_N03": 0.0024966309696964,
    "Prob_P01": 0.0184477462934147,
    "Prob_P02": 0.5171203042463872,
    "Prob_P03": 0.0017889142607357,
    "Prob_P04": 0.2170220600775978,
    "Prob_S01": 0.0019991457987164,
    "Prob_S02": 0.0376837107389601,
    "Prob_S03": 0.069984622842588,
    "RelationshipSatisfaction": 3,
    "Score_N01": 0.5952380952380952,
    "Score_N02": 0.2333333333333333,
    "Score_N03": 0.2,
    "Score_P01": 0.4,
    "Score_P02": 0.7333333333333334,
    "Score_P03": 0.1666666666666666,
    "Score_P04": 0.6465056796810351,
    "Score_S01": 0.1777777777777777,
    "Score_S02": 0.4714285714285715,
    "Score_S03": 0.5333333333333333,
    "StandardHours": 80,
    "StockOptionLevel": 0,
    "TotalWorkingYears": 0,
    "TrainingTimesLastYear": 4,
    "WorkLifeBalance": 1,
    "YearsAtCompany": 0,
    "YearsInCurrentRole": 0,
    "YearsSinceLastPromotion": 0,
    "YearsWithCurrManager": 0,
    "argmax_Persona": "온보딩에 실패한 직원",
    "argmax_Persona_Code": "P02",
    "argmax_RiskTier": "High",
    "is_married": 0,
    "softmax_Persona": "현상 유지자",
    "softmax_Persona_Code": "N01",
    "softmax_RiskTier": "Neutral"
  },
  "employee_id": 1839,
  "feature_importance": {},
  "lime_explanation": {},
  "model_interpretation": {},
  "predicted_attrition": 0,
  "risk_score": 0.9968264102935791,
  "shap_values": {},
  "xai_explanation": {}
}