{
  "prediction": {
    "risk_score": 2.921119918714296e-32,
    "attrition_probability": 2.921119918714296e-32
  },
  "confidence": 0.8
}