{
  "confidence": 0.7,
  "employee_data": {
    "Age": 45,
    "AgeFactor": 1,
    "Attrition": "No",
    "BusinessTravel": "Travel_Rarely",
    "DailyRate": 930,
    "Department": "Sales",
    "DistanceFromHome": 9,
    "Education": 3,
    "EducationField": "Marketing",
    "EmployeeCount": 1,
    "EmployeeNumber": 864,
    "EnvironmentSatisfaction": 4,
    "Gender": "Male",
    "HourlyRate": 74,
    "JobInvolvement": 3,
    "JobLevel": 3,
    "JobRole": "Sales Executive",
    "JobSatisfaction": 1,
    "MaritalStatus": "Divorced",
    "MonthlyIncome": 10761,
    "MonthlyRate": 19239,
    "Norm_EnvironmentSatisfaction": 1,
    "Norm_JobInvolvement": 0.6666666666666666,
    "Norm_JobLevel": 0.5,
    "Norm_JobSatisfaction": 0,
    "Norm_MonthlyIncome": 0.513533438651922,
    "Norm_NumCompaniesWorked": 0.4444444444444444,
    "Norm_PercentSalaryHike": 0.0714285714285714,
    "Norm_PerformanceRating": 0,
    "Norm_RelationshipSatisfaction": 0.6666666666666666,
    "Norm_TotalWorkingYears": 0.45,
    "Norm_TrainingTimesLastYear": 0.3333333333333333,
    "Norm_WorkLifeBalance": 0.6666666666666666,
    "Norm_YearsAtCompany": 0.125,
    "Norm_YearsSinceLastPromotion": 0,
    "NumCompaniesWorked": 4,
    "Over18": "Y",
    "OverTime": "Yes",
    "OverTime_bin": 1,
    "PercentSalaryHike": 12,
    "PerformanceRating": 3,
    "Prob_N01": 0.0890010196177477,
    "Prob_N02": 0.0003551689462571,
    "Prob_N03": 0.0026243632684922,
    "Prob_P01": 0.758623016006156,
    "Prob_P02": 0.0282145641046145,
    "Prob_P03": 0.0018804384521944,
    "Prob_P04": 0.1020017797757806,
    "Prob_S01": 0.0039588335086399,
    "Prob_S02": 0.0082292546459814,
    "Prob_S03": 0.0051115616741358,
    "RelationshipSatisfaction": 3,
    "Score_N01": 0.6523809523809524,
    "Score_N02": 0.1,
    "Score_N03": 0.3,
    "Score_P01": 0.8666666666666666,
    "Score_P02": 0.5375,
    "Score_P03": 0.2666666666666667,
    "Score_P04": 0.6660151959678026,
    "Score_S01": 0.3411111111111111,
    "Score_S02": 0.4142857142857143,
    "Score_S03": 0.3666666666666667,
    "StandardHours": 80,
    "StockOptionLevel": 1,
    "TotalWorkingYears": 18,
    "TrainingTimesLastYear": 2,
    "WorkLifeBalance": 3,
    "YearsAtCompany": 5,
    "YearsInCurrentRole": 4,
    "YearsSinceLastPromotion": 0,
    "YearsWithCurrManager": 2,
    "argmax_Persona": "번아웃에 직면한 직원",
    "argmax_Persona_Code": "P01",
    "argmax_RiskTier": "High",
    "is_married": 0,
    "softmax_Persona": "번아웃에 직면한 직원",
    "softmax_Persona_Code": "P01",
    "softmax_RiskTier": "High"
  },
  "employee_id": 864,
  "feature_importance": {},
  "lime_explanation": {},
  "model_interpretation": {},
  "predicted_attrition": 0,
  "risk_score": 0.003989088349044323,
  "shap_values": {},
  "xai_explanation": {}
}