{
  "prediction": {
    "risk_score": 3.303063659073305e-31,
    "attrition_probability": 3.303063659073305e-31
  },
  "confidence": 0.8
}