{
  "prediction": {
    "risk_score": 3.7978592043684726e-24,
    "attrition_probability": 3.7978592043684726e-24
  },
  "confidence": 0.8
}