{
  "confidence": 0.7,
  "employee_data": {
    "Age": 32,
    "AgeFactor": 1,
    "Attrition": "No",
    "BusinessTravel": "Travel_Frequently",
    "DailyRate": 585,
    "Department": "Research & Development",
    "DistanceFromHome": 10,
    "Education": 3,
    "EducationField": "Life Sciences",
    "EmployeeCount": 1,
    "EmployeeNumber": 1720,
    "EnvironmentSatisfaction": 1,
    "Gender": "Male",
    "HourlyRate": 56,
    "JobInvolvement": 3,
    "JobLevel": 1,
    "JobRole": "Research Scientist",
    "JobSatisfaction": 3,
    "MaritalStatus": "Married",
    "MonthlyIncome": 3433,
    "MonthlyRate": 17360,
    "Norm_EnvironmentSatisfaction": 0,
    "Norm_JobInvolvement": 0.6666666666666666,
    "Norm_JobLevel": 0,
    "Norm_JobSatisfaction": 0.6666666666666666,
    "Norm_MonthlyIncome": 0.1276461295418641,
    "Norm_NumCompaniesWorked": 0.6666666666666666,
    "Norm_PercentSalaryHike": 0.1428571428571428,
    "Norm_PerformanceRating": 0,
    "Norm_RelationshipSatisfaction": 0,
    "Norm_TotalWorkingYears": 0.25,
    "Norm_TrainingTimesLastYear": 0.5,
    "Norm_WorkLifeBalance": 0.3333333333333333,
    "Norm_YearsAtCompany": 0.125,
    "Norm_YearsSinceLastPromotion": 0.0666666666666666,
    "NumCompaniesWorked": 6,
    "Over18": "Y",
    "OverTime": "No",
    "OverTime_bin": 0,
    "PercentSalaryHike": 13,
    "PerformanceRating": 3,
    "Prob_N01": 0.0164585961417634,
    "Prob_N02": 0.0041366882230253,
    "Prob_N03": 0.6139389674016231,
    "Prob_P01": 0.0007813194818749,
    "Prob_P02": 0.3286178487148666,
    "Prob_P03": 0.0003395600470945,
    "Prob_P04": 0.0281594340092475,
    "Prob_S01": 0.0002433054055631,
    "Prob_S02": 0.0015510670921796,
    "Prob_S03": 0.0057732134827615,
    "RelationshipSatisfaction": 1,
    "Score_N01": 0.6380952380952382,
    "Score_N02": 0.5,
    "Score_N03": 1,
    "Score_P01": 0.3333333333333333,
    "Score_P02": 0.9375,
    "Score_P03": 0.25,
    "Score_P04": 0.6917986910403973,
    "Score_S01": 0.2166666666666667,
    "Score_S02": 0.4019047619047619,
    "Score_S03": 0.5333333333333333,
    "StandardHours": 80,
    "StockOptionLevel": 1,
    "TotalWorkingYears": 10,
    "TrainingTimesLastYear": 3,
    "WorkLifeBalance": 2,
    "YearsAtCompany": 5,
    "YearsInCurrentRole": 2,
    "YearsSinceLastPromotion": 1,
    "YearsWithCurrManager": 3,
    "argmax_Persona": "신규 부모",
    "argmax_Persona_Code": "N03",
    "argmax_RiskTier": "Neutral",
    "is_married": 1,
    "softmax_Persona": "신규 부모",
    "softmax_Persona_Code": "N03",
    "softmax_RiskTier": "Neutral"
  },
  "employee_id": 1720,
  "feature_importance": {},
  "lime_explanation": {},
  "model_interpretation": {},
  "predicted_attrition": 0,
  "risk_score": 0.8704006671905518,
  "shap_values": {},
  "xai_explanation": {}
}