{
  "prediction": {
    "risk_score": 2.2069175429351162e-06,
    "attrition_probability": 2.2069175429351162e-06
  },
  "confidence": 0.8
}