{
  "prediction": {
    "employee_id": "81",
    "attrition_probability": 0.20653334259986877,
    "attrition_prediction": 1,
    "risk_category": "LOW",
    "confidence_score": 0.5869333148002625,
    "prediction_timestamp": "2025-09-23T22:51:49.352308"
  },
  "explanation": {
    "employee_id": "81",
    "feature_importance": {
      "RelationshipSatisfaction": 0.03405288979411125,
      "Education": 0.02487798221409321,
      "JobInvolvement": 0.03501373156905174,
      "EnvironmentSatisfaction": 0.048257846385240555,
      "JobLevel": 0.07228615880012512,
      "JobSatisfaction": 0.04019258916378021,
      "StockOptionLevel": 0.07264421880245209,
      "WorkLifeBalance": 0.03580893576145172,
      "Department": 0.037670474499464035,
      "JobRole": 0.046762410551309586,
      "MaritalStatus": 0.036864522844552994,
      "OverTime": 0.0779639258980751,
      "Age": 0.04039482772350311,
      "DailyRate": 0.03578038513660431,
      "DistanceFromHome": 0.036774344742298126,
      "MonthlyIncome": 0.04666806384921074,
      "NumCompaniesWorked": 0.050036631524562836,
      "TotalWorkingYears": 0.04981709271669388,
      "TrainingTimesLastYear": 0.02378365956246853,
      "YearsAtCompany": 0.02968277968466282,
      "YearsInCurrentRole": 0.03649982064962387,
      "YearsSinceLastPromotion": 0.03537580743432045,
      "YearsWithCurrManager": 0.05279093235731125
    },
    "shap_values": {
      "RelationshipSatisfaction": 0.006055011413991451,
      "Education": 0.059454139322042465,
      "JobInvolvement": -0.11390750110149384,
      "EnvironmentSatisfaction": 0.7221466302871704,
      "JobLevel": -0.0030969392973929644,
      "JobSatisfaction": 0.17432895302772522,
      "StockOptionLevel": 0.24053452908992767,
      "WorkLifeBalance": 0.06795400381088257,
      "Department": -0.03000488318502903,
      "JobRole": -0.39328721165657043,
      "MaritalStatus": -0.10956738144159317,
      "OverTime": -0.5048555731773376,
      "Age": -0.41998133063316345,
      "DailyRate": -0.5267056226730347,
      "DistanceFromHome": 0.4698428809642792,
      "MonthlyIncome": -0.15743927657604218,
      "NumCompaniesWorked": 0.4964943528175354,
      "TotalWorkingYears": -0.620037317276001,
      "TrainingTimesLastYear": -0.09566666185855865,
      "YearsAtCompany": -0.2755250930786133,
      "YearsInCurrentRole": -0.19023512303829193,
      "YearsSinceLastPromotion": 0.02379651740193367,
      "YearsWithCurrManager": -0.4415319263935089
    },
    "lime_explanation": {
      "features": [
        "OverTime=0",
        "NumCompaniesWorked > 4.00",
        "EnvironmentSatisfaction <= 2.00",
        "DistanceFromHome > 14.00",
        "StockOptionLevel <= 0.00",
        "2.00 < JobInvolvement <= 3.00",
        "WorkLifeBalance <= 2.00",
        "JobSatisfaction <= 2.00",
        "DailyRate > 1162.00",
        "YearsWithCurrManager > 7.00"
      ],
      "values": [
        -0.20018021238882946,
        0.1453117573690983,
        0.12252389181250004,
        0.11640867274518434,
        0.1088635192885446,
        -0.08446128563807993,
        0.07756841221144474,
        0.07055865605634985,
        -0.06527155519246632,
        -0.059267874321447304
      ],
      "intercept": 0.3109651177380911
    },
    "top_risk_factors": [
      {
        "feature": "EnvironmentSatisfaction",
        "impact": 0.7221466302871704,
        "type": "risk"
      },
      {
        "feature": "NumCompaniesWorked",
        "impact": 0.4964943528175354,
        "type": "risk"
      }
    ],
    "top_protective_factors": [
      {
        "feature": "TotalWorkingYears",
        "impact": 0.620037317276001,
        "type": "protective"
      },
      {
        "feature": "DailyRate",
        "impact": 0.5267056226730347,
        "type": "protective"
      },
      {
        "feature": "OverTime",
        "impact": 0.5048555731773376,
        "type": "protective"
      }
    ],
    "explanation_timestamp": "2025-09-23T22:51:49.441929"
  },
  "agent_type": "structura",
  "analysis_type": "individual"
}