{
  "confidence": 0.7,
  "employee_data": {
    "Age": 36,
    "AgeFactor": 1,
    "Attrition": "No",
    "BusinessTravel": "Travel_Rarely",
    "DailyRate": 1425,
    "Department": "Research & Development",
    "DistanceFromHome": 14,
    "Education": 1,
    "EducationField": "Life Sciences",
    "EmployeeCount": 1,
    "EmployeeNumber": 924,
    "EnvironmentSatisfaction": 3,
    "Gender": "Male",
    "HourlyRate": 68,
    "JobInvolvement": 3,
    "JobLevel": 2,
    "JobRole": "Healthcare Representative",
    "JobSatisfaction": 4,
    "MaritalStatus": "Married",
    "MonthlyIncome": 6586,
    "MonthlyRate": 4821,
    "Norm_EnvironmentSatisfaction": 0.6666666666666666,
    "Norm_JobInvolvement": 0.6666666666666666,
    "Norm_JobLevel": 0.25,
    "Norm_JobSatisfaction": 1,
    "Norm_MonthlyIncome": 0.2936808846761453,
    "Norm_NumCompaniesWorked": 0,
    "Norm_PercentSalaryHike": 0.4285714285714285,
    "Norm_PerformanceRating": 0,
    "Norm_RelationshipSatisfaction": 0,
    "Norm_TotalWorkingYears": 0.425,
    "Norm_TrainingTimesLastYear": 0.3333333333333333,
    "Norm_WorkLifeBalance": 0.3333333333333333,
    "Norm_YearsAtCompany": 0.4,
    "Norm_YearsSinceLastPromotion": 0.2666666666666666,
    "NumCompaniesWorked": 0,
    "Over18": "Y",
    "OverTime": "Yes",
    "OverTime_bin": 1,
    "PercentSalaryHike": 17,
    "PerformanceRating": 3,
    "Prob_N01": 0.0507512205528792,
    "Prob_N02": 0.0059540908735291,
    "Prob_N03": 0.4536889624036107,
    "Prob_P01": 0.0856907762747299,
    "Prob_P02": 0.1195911120842852,
    "Prob_P03": 0.008309603203189,
    "Prob_P04": 0.041612583329967,
    "Prob_S01": 0.0304903993426997,
    "Prob_S02": 0.0067388416550653,
    "Prob_S03": 0.1971724102800445,
    "RelationshipSatisfaction": 1,
    "Score_N01": 0.580952380952381,
    "Score_N02": 0.3666666666666667,
    "Score_N03": 0.8,
    "Score_P01": 0.6333333333333334,
    "Score_P02": 0.6666666666666666,
    "Score_P03": 0.4,
    "Score_P04": 0.5610990747009704,
    "Score_S01": 0.53,
    "Score_S02": 0.3790476190476191,
    "Score_S03": 0.7166666666666668,
    "StandardHours": 80,
    "StockOptionLevel": 1,
    "TotalWorkingYears": 17,
    "TrainingTimesLastYear": 2,
    "WorkLifeBalance": 2,
    "YearsAtCompany": 16,
    "YearsInCurrentRole": 8,
    "YearsSinceLastPromotion": 4,
    "YearsWithCurrManager": 11,
    "argmax_Persona": "신규 부모",
    "argmax_Persona_Code": "N03",
    "argmax_RiskTier": "Neutral",
    "is_married": 1,
    "softmax_Persona": "내재 동기 전문가",
    "softmax_Persona_Code": "S03",
    "softmax_RiskTier": "Stable"
  },
  "employee_id": 924,
  "feature_importance": {},
  "lime_explanation": {},
  "model_interpretation": {},
  "predicted_attrition": 0,
  "risk_score": 0.0015972841065376997,
  "shap_values": {},
  "xai_explanation": {}
}