{
  "confidence": 0.7,
  "employee_data": {
    "Age": 30,
    "AgeFactor": 1,
    "Attrition": "No",
    "BusinessTravel": "Travel_Rarely",
    "DailyRate": 979,
    "Department": "Sales",
    "DistanceFromHome": 15,
    "Education": 2,
    "EducationField": "Marketing",
    "EmployeeCount": 1,
    "EmployeeNumber": 1754,
    "EnvironmentSatisfaction": 3,
    "Gender": "Male",
    "HourlyRate": 94,
    "JobInvolvement": 2,
    "JobLevel": 3,
    "JobRole": "Sales Executive",
    "JobSatisfaction": 1,
    "MaritalStatus": "Divorced",
    "MonthlyIncome": 7140,
    "MonthlyRate": 3088,
    "Norm_EnvironmentSatisfaction": 0.6666666666666666,
    "Norm_JobInvolvement": 0.3333333333333333,
    "Norm_JobLevel": 0.5,
    "Norm_JobSatisfaction": 0,
    "Norm_MonthlyIncome": 0.3228541337546077,
    "Norm_NumCompaniesWorked": 0.2222222222222222,
    "Norm_PercentSalaryHike": 0,
    "Norm_PerformanceRating": 0,
    "Norm_RelationshipSatisfaction": 0,
    "Norm_TotalWorkingYears": 0.3,
    "Norm_TrainingTimesLastYear": 0.3333333333333333,
    "Norm_WorkLifeBalance": 0.6666666666666666,
    "Norm_YearsAtCompany": 0.175,
    "Norm_YearsSinceLastPromotion": 0.0666666666666666,
    "NumCompaniesWorked": 2,
    "Over18": "Y",
    "OverTime": "No",
    "OverTime_bin": 0,
    "PercentSalaryHike": 11,
    "PerformanceRating": 3,
    "Prob_N01": 0.4509866980264718,
    "Prob_N02": 0.0042408816247842,
    "Prob_N03": 0.0160884964650956,
    "Prob_P01": 0.0115279114572967,
    "Prob_P02": 0.2623740554155395,
    "Prob_P03": 0.0042408816247842,
    "Prob_P04": 0.2414561725062932,
    "Prob_S01": 0.0034337744087768,
    "Prob_S02": 0.0045332442115767,
    "Prob_S03": 0.0011178842593806,
    "RelationshipSatisfaction": 1,
    "Score_N01": 0.8333333333333333,
    "Score_N02": 0.3666666666666667,
    "Score_N03": 0.5,
    "Score_P01": 0.4666666666666667,
    "Score_P02": 0.7791666666666666,
    "Score_P03": 0.3666666666666667,
    "Score_P04": 0.770858346498157,
    "Score_S01": 0.3455555555555555,
    "Score_S02": 0.3733333333333333,
    "Score_S03": 0.2333333333333333,
    "StandardHours": 80,
    "StockOptionLevel": 1,
    "TotalWorkingYears": 12,
    "TrainingTimesLastYear": 2,
    "WorkLifeBalance": 3,
    "YearsAtCompany": 7,
    "YearsInCurrentRole": 7,
    "YearsSinceLastPromotion": 1,
    "YearsWithCurrManager": 7,
    "argmax_Persona": "현상 유지자",
    "argmax_Persona_Code": "N01",
    "argmax_RiskTier": "Neutral",
    "is_married": 0,
    "softmax_Persona": "온보딩에 실패한 직원",
    "softmax_Persona_Code": "P02",
    "softmax_RiskTier": "High"
  },
  "employee_id": 1754,
  "feature_importance": {},
  "lime_explanation": {},
  "model_interpretation": {},
  "predicted_attrition": 0,
  "risk_score": 0.036148082464933395,
  "shap_values": {},
  "xai_explanation": {}
}