{
  "confidence": 0.8,
  "employee_id": "728",
  "features_used": 11,
  "model_metadata": {
    "feature_dimensions": 11,
    "model_type": "GRU_CNN_Hybrid",
    "sequence_length": 50,
    "training_optimized": true
  },
  "predicted_attrition": 0,
  "risk_score": 3.86418952391665e-10,
  "sequence_length": 50,
  "xai_explanation": {
    "attention_weights": [
      [
        0.020001128315925598,
        0.019999636337161064,
        0.01999974064528942,
        0.01999981701374054,
        0.01999988779425621,
        0.019999926909804344,
        0.019999966025352478,
        0.019999992102384567,
        0.02000000886619091,
        0.020000018179416656,
        0.020000023767352104,
        0.020000025629997253,
        0.020000027492642403,
        0.020000027492642403,
        0.020000027492642403,
        0.020000023767352104,
        0.020000023767352104,
        0.020000018179416656,
        0.020000016316771507,
        0.02000001259148121,
        0.02000000886619091,
        0.02000000886619091,
        0.020000003278255463,
        0.020000001415610313,
        0.019999999552965164,
        0.019999995827674866,
        0.019999993965029716,
        0.019999992102384567,
        0.019999990239739418,
        0.019999990239739418,
        0.01999998651444912,
        0.01999998465180397,
        0.01999998465180397,
        0.01999998465180397,
        0.01999998278915882,
        0.019999979063868523,
        0.019999979063868523,
        0.019999979063868523,
        0.019999979063868523,
        0.019999979063868523,
        0.019999977201223373,
        0.019999977201223373,
        0.019999975338578224,
        0.019999975338578224,
        0.019999975338578224,
        0.019999975338578224,
        0.019999975338578224,
        0.019999975338578224,
        0.019999975338578224,
        0.019999975338578224
      ]
    ],
    "feature_names": [
      "day_of_week",
      "day_index",
      "system_login_hours",
      "work_focused_hours",
      "meeting_collaboration_hours",
      "social_dining_hours",
      "break_relaxation_hours",
      "shared_work_hours",
      "internal_comm_volume",
      "cafeteria_usage",
      "convenience_food_usage"
    ],
    "gradient_importance": [
      2.2941364519885044e-12,
      9.668472619739354e-13,
      2.964805918131974e-12,
      5.5741643939510865e-12,
      6.438248805612501e-12,
      1.1448402989500117e-12,
      4.4353840045197046e-11,
      4.691841533344121e-12,
      1.4630276157223676e-11,
      2.8562168255530374e-11,
      3.4234993312454165e-11
    ],
    "sequence_importance": {
      "timestep_0": 3.1053004612147106e-10,
      "timestep_1": 6.599068513857276e-11,
      "timestep_10": 1.2533551483605557e-17,
      "timestep_11": 1.0049277468383212e-17,
      "timestep_12": 7.727937354318499e-18,
      "timestep_13": 5.909780719446837e-18,
      "timestep_14": 4.641208260229388e-18,
      "timestep_15": 3.609123843008706e-18,
      "timestep_16": 2.889010387017245e-18,
      "timestep_17": 2.337748275490468e-18,
      "timestep_18": 1.9335812107521583e-18,
      "timestep_19": 1.587862107711386e-18,
      "timestep_2": 1.0262215099314165e-16,
      "timestep_20": 1.2145691457463118e-18,
      "timestep_21": 1.0615006141642929e-18,
      "timestep_22": 8.573356368800132e-19,
      "timestep_23": 6.870727603987958e-19,
      "timestep_24": 5.842389074171223e-19,
      "timestep_25": 5.359895139856925e-19,
      "timestep_26": 4.004133191185441e-19,
      "timestep_27": 3.9137611243246086e-19,
      "timestep_28": 3.352364240836467e-19,
      "timestep_29": 2.574739243299667e-19,
      "timestep_3": 7.683635711379751e-17,
      "timestep_30": 2.0964657395669792e-19,
      "timestep_31": 2.1063235352701092e-19,
      "timestep_32": 1.6531022303643555e-19,
      "timestep_33": 1.5612630811389778e-19,
      "timestep_34": 7.06059851254641e-20,
      "timestep_35": 9.928963608847673e-20,
      "timestep_36": 6.178020063407057e-20,
      "timestep_37": 5.736733423776795e-20,
      "timestep_38": 5.2954451685593993e-20,
      "timestep_39": 4.8541582058117106e-20,
      "timestep_4": 6.617311889781723e-17,
      "timestep_40": 4.412870919946595e-20,
      "timestep_41": 3.9715836340814794e-20,
      "timestep_42": 1.7651480125494685e-20,
      "timestep_43": 1.544504531175624e-20,
      "timestep_44": 1.323860969022423e-20,
      "timestep_45": 1.1032172453105086e-20,
      "timestep_46": 1.2945273325515316e-11,
      "timestep_47": 7.002409069256643e-11,
      "timestep_48": 7.886483827101998e-11,
      "timestep_49": 1.2462722520645286e-10,
      "timestep_5": 4.686044344561906e-17,
      "timestep_6": 3.925950064920399e-17,
      "timestep_7": 3.111059040164194e-17,
      "timestep_8": 2.2204629568220337e-17,
      "timestep_9": 1.7406910877880097e-17
    },
    "temporal_importance": [
      3.1053004612147106e-10,
      6.599068513857276e-11,
      1.0262215099314165e-16,
      7.683635711379751e-17,
      6.617311889781723e-17,
      4.686044344561906e-17,
      3.925950064920399e-17,
      3.111059040164194e-17,
      2.2204629568220337e-17,
      1.7406910877880097e-17,
      1.2533551483605557e-17,
      1.0049277468383212e-17,
      7.727937354318499e-18,
      5.909780719446837e-18,
      4.641208260229388e-18,
      3.609123843008706e-18,
      2.889010387017245e-18,
      2.337748275490468e-18,
      1.9335812107521583e-18,
      1.587862107711386e-18,
      1.2145691457463118e-18,
      1.0615006141642929e-18,
      8.573356368800132e-19,
      6.870727603987958e-19,
      5.842389074171223e-19,
      5.359895139856925e-19,
      4.004133191185441e-19,
      3.9137611243246086e-19,
      3.352364240836467e-19,
      2.574739243299667e-19,
      2.0964657395669792e-19,
      2.1063235352701092e-19,
      1.6531022303643555e-19,
      1.5612630811389778e-19,
      7.06059851254641e-20,
      9.928963608847673e-20,
      6.178020063407057e-20,
      5.736733423776795e-20,
      5.2954451685593993e-20,
      4.8541582058117106e-20,
      4.412870919946595e-20,
      3.9715836340814794e-20,
      1.7651480125494685e-20,
      1.544504531175624e-20,
      1.323860969022423e-20,
      1.1032172453105086e-20,
      1.2945273325515316e-11,
      7.002409069256643e-11,
      7.886483827101998e-11,
      1.2462722520645286e-10
    ],
    "trend_analysis": {
      "confidence_level": "high",
      "prediction_trend": "stable"
    }
  }
}