{
  "confidence": 0.8,
  "employee_id": "1640",
  "features_used": 11,
  "model_metadata": {
    "feature_dimensions": 11,
    "model_type": "GRU_CNN_Hybrid",
    "sequence_length": 50,
    "training_optimized": true
  },
  "predicted_attrition": 0,
  "risk_score": 5.881303127737023e-22,
  "sequence_length": 50,
  "xai_explanation": {
    "attention_weights": [
      [
        0.02000536024570465,
        0.019999733194708824,
        0.0199997890740633,
        0.019999833777546883,
        0.019999871030449867,
        0.019999900832772255,
        0.019999917596578598,
        0.019999928772449493,
        0.01999993622303009,
        0.01999993994832039,
        0.019999943673610687,
        0.019999943673610687,
        0.01999993994832039,
        0.01999993808567524,
        0.01999993808567524,
        0.01999993436038494,
        0.019999928772449493,
        0.019999928772449493,
        0.019999923184514046,
        0.019999919459223747,
        0.0199999138712883,
        0.0199999138712883,
        0.019999910145998,
        0.019999910145998,
        0.019999904558062553,
        0.019999904558062553,
        0.019999902695417404,
        0.019999900832772255,
        0.019999897107481956,
        0.019999895244836807,
        0.019999895244836807,
        0.019999895244836807,
        0.019999893382191658,
        0.01999989151954651,
        0.01999989151954651,
        0.01999989151954651,
        0.01999988779425621,
        0.01999988779425621,
        0.01999988779425621,
        0.01999988593161106,
        0.01999988593161106,
        0.01999988593161106,
        0.019999884068965912,
        0.019999884068965912,
        0.019999884068965912,
        0.019999884068965912,
        0.019999880343675613,
        0.019999880343675613,
        0.019999880343675613,
        0.019999880343675613
      ]
    ],
    "feature_names": [
      "day_of_week",
      "day_index",
      "system_login_hours",
      "work_focused_hours",
      "meeting_collaboration_hours",
      "social_dining_hours",
      "break_relaxation_hours",
      "shared_work_hours",
      "internal_comm_volume",
      "cafeteria_usage",
      "convenience_food_usage"
    ],
    "gradient_importance": [
      3.815006673865262e-24,
      2.556654017610607e-24,
      6.93699825363296e-24,
      8.483560847179658e-24,
      1.3889358784534193e-23,
      5.853573136528348e-24,
      8.596972697396205e-23,
      1.0342158949508339e-23,
      3.235749661035546e-23,
      5.48373439711893e-23,
      6.82825945764676e-23
    ],
    "sequence_importance": {
      "timestep_0": 6.10642812665125e-22,
      "timestep_1": 2.365389453103362e-22,
      "timestep_10": 1.3881203268747303e-29,
      "timestep_11": 1.0141239157425345e-29,
      "timestep_12": 7.070310759178978e-30,
      "timestep_13": 5.895017652989551e-30,
      "timestep_14": 4.347296339171474e-30,
      "timestep_15": 3.258075750535697e-30,
      "timestep_16": 2.4686539934500208e-30,
      "timestep_17": 2.0150540452756204e-30,
      "timestep_18": 1.616410056674479e-30,
      "timestep_19": 1.4161164457632926e-30,
      "timestep_2": 1.9732505152047782e-23,
      "timestep_20": 1.1673220319767268e-30,
      "timestep_21": 9.441148388233798e-31,
      "timestep_22": 7.73040443970809e-31,
      "timestep_23": 7.72054110170921e-31,
      "timestep_24": 6.09186358598955e-31,
      "timestep_25": 6.036491689495196e-31,
      "timestep_26": 5.918749943537173e-31,
      "timestep_27": 5.149291559991737e-31,
      "timestep_28": 3.949732018621676e-31,
      "timestep_29": 3.4581880061784384e-31,
      "timestep_3": 7.760161561981642e-29,
      "timestep_30": 2.623746884326326e-31,
      "timestep_31": 2.734536286495846e-31,
      "timestep_32": 1.9961654967499974e-31,
      "timestep_33": 1.8577231777245585e-31,
      "timestep_34": 1.748445343740761e-31,
      "timestep_35": 1.321778510211497e-31,
      "timestep_36": 7.634949243795612e-32,
      "timestep_37": 1.1455411090712445e-31,
      "timestep_38": 6.54424153725661e-32,
      "timestep_39": 6.447327317755891e-32,
      "timestep_4": 6.603281324071857e-29,
      "timestep_40": 5.861205263284759e-32,
      "timestep_41": 5.275084972055153e-32,
      "timestep_42": 4.688964093078372e-32,
      "timestep_43": 4.102843214101591e-32,
      "timestep_44": 2.0149905391933172e-32,
      "timestep_45": 1.6791587091927007e-32,
      "timestep_46": 5.516680383964581e-23,
      "timestep_47": 7.513152913180712e-23,
      "timestep_48": 1.5042787339482026e-22,
      "timestep_49": 1.8565233034846406e-22,
      "timestep_5": 5.100113465483279e-29,
      "timestep_6": 3.7205141749062465e-29,
      "timestep_7": 2.9830427982060086e-29,
      "timestep_8": 2.2102054796590217e-29,
      "timestep_9": 1.7023669431998272e-29
    },
    "temporal_importance": [
      6.10642812665125e-22,
      2.365389453103362e-22,
      1.9732505152047782e-23,
      7.760161561981642e-29,
      6.603281324071857e-29,
      5.100113465483279e-29,
      3.7205141749062465e-29,
      2.9830427982060086e-29,
      2.2102054796590217e-29,
      1.7023669431998272e-29,
      1.3881203268747303e-29,
      1.0141239157425345e-29,
      7.070310759178978e-30,
      5.895017652989551e-30,
      4.347296339171474e-30,
      3.258075750535697e-30,
      2.4686539934500208e-30,
      2.0150540452756204e-30,
      1.616410056674479e-30,
      1.4161164457632926e-30,
      1.1673220319767268e-30,
      9.441148388233798e-31,
      7.73040443970809e-31,
      7.72054110170921e-31,
      6.09186358598955e-31,
      6.036491689495196e-31,
      5.918749943537173e-31,
      5.149291559991737e-31,
      3.949732018621676e-31,
      3.4581880061784384e-31,
      2.623746884326326e-31,
      2.734536286495846e-31,
      1.9961654967499974e-31,
      1.8577231777245585e-31,
      1.748445343740761e-31,
      1.321778510211497e-31,
      7.634949243795612e-32,
      1.1455411090712445e-31,
      6.54424153725661e-32,
      6.447327317755891e-32,
      5.861205263284759e-32,
      5.275084972055153e-32,
      4.688964093078372e-32,
      4.102843214101591e-32,
      2.0149905391933172e-32,
      1.6791587091927007e-32,
      5.516680383964581e-23,
      7.513152913180712e-23,
      1.5042787339482026e-22,
      1.8565233034846406e-22
    ],
    "trend_analysis": {
      "confidence_level": "high",
      "prediction_trend": "stable"
    }
  }
}