{
  "prediction": {
    "employee_id": "1259",
    "attrition_probability": 0.14232654869556427,
    "attrition_prediction": 1,
    "risk_category": "LOW",
    "confidence_score": 0.7153469026088715,
    "prediction_timestamp": "2025-09-23T22:53:12.600885"
  },
  "explanation": {
    "employee_id": "1259",
    "feature_importance": {
      "RelationshipSatisfaction": 0.03405288979411125,
      "Education": 0.02487798221409321,
      "JobInvolvement": 0.03501373156905174,
      "EnvironmentSatisfaction": 0.048257846385240555,
      "JobLevel": 0.07228615880012512,
      "JobSatisfaction": 0.04019258916378021,
      "StockOptionLevel": 0.07264421880245209,
      "WorkLifeBalance": 0.03580893576145172,
      "Department": 0.037670474499464035,
      "JobRole": 0.046762410551309586,
      "MaritalStatus": 0.036864522844552994,
      "OverTime": 0.0779639258980751,
      "Age": 0.04039482772350311,
      "DailyRate": 0.03578038513660431,
      "DistanceFromHome": 0.036774344742298126,
      "MonthlyIncome": 0.04666806384921074,
      "NumCompaniesWorked": 0.050036631524562836,
      "TotalWorkingYears": 0.04981709271669388,
      "TrainingTimesLastYear": 0.02378365956246853,
      "YearsAtCompany": 0.02968277968466282,
      "YearsInCurrentRole": 0.03649982064962387,
      "YearsSinceLastPromotion": 0.03537580743432045,
      "YearsWithCurrManager": 0.05279093235731125
    },
    "shap_values": {
      "RelationshipSatisfaction": 0.04024587571620941,
      "Education": -0.010400958359241486,
      "JobInvolvement": -0.08219733834266663,
      "EnvironmentSatisfaction": 0.6385693550109863,
      "JobLevel": -0.023614563047885895,
      "JobSatisfaction": -0.04062501713633537,
      "StockOptionLevel": -0.4505491852760315,
      "WorkLifeBalance": -0.07990124076604843,
      "Department": -0.03311272710561752,
      "JobRole": -0.010011207312345505,
      "MaritalStatus": -0.14376722276210785,
      "OverTime": -0.6892364621162415,
      "Age": 0.164463609457016,
      "DailyRate": -0.42398813366889954,
      "DistanceFromHome": -0.2532349228858948,
      "MonthlyIncome": 0.24874326586723328,
      "NumCompaniesWorked": -0.23969128727912903,
      "TotalWorkingYears": -0.0317540280520916,
      "TrainingTimesLastYear": -0.00799877941608429,
      "YearsAtCompany": -0.2058752477169037,
      "YearsInCurrentRole": -0.08790715783834457,
      "YearsSinceLastPromotion": -0.09950084984302521,
      "YearsWithCurrManager": -0.25004035234451294
    },
    "lime_explanation": {
      "features": [
        "OverTime=0",
        "NumCompaniesWorked <= 1.00",
        "EnvironmentSatisfaction <= 2.00",
        "RelationshipSatisfaction <= 2.00",
        "MonthlyIncome <= 2922.25",
        "2.00 < WorkLifeBalance <= 3.00",
        "DailyRate > 1162.00",
        "Age <= 30.00",
        "2.00 < JobInvolvement <= 3.00",
        "StockOptionLevel > 1.00"
      ],
      "values": [
        -0.2092098242066027,
        -0.11542597261564044,
        0.10933648940752197,
        0.09362819303476921,
        0.0773666838695319,
        -0.07381241914164555,
        -0.0698101357754876,
        0.06893892169477397,
        -0.06076669134757946,
        -0.057581428269289955
      ],
      "intercept": 0.49053722335099553
    },
    "top_risk_factors": [
      {
        "feature": "EnvironmentSatisfaction",
        "impact": 0.6385693550109863,
        "type": "risk"
      }
    ],
    "top_protective_factors": [
      {
        "feature": "OverTime",
        "impact": 0.6892364621162415,
        "type": "protective"
      },
      {
        "feature": "StockOptionLevel",
        "impact": 0.4505491852760315,
        "type": "protective"
      },
      {
        "feature": "DailyRate",
        "impact": 0.42398813366889954,
        "type": "protective"
      },
      {
        "feature": "DistanceFromHome",
        "impact": 0.2532349228858948,
        "type": "protective"
      }
    ],
    "explanation_timestamp": "2025-09-23T22:53:12.676294"
  },
  "agent_type": "structura",
  "analysis_type": "individual"
}