{
  "prediction": {
    "employee_id": "966",
    "attrition_probability": 0.07432638853788376,
    "attrition_prediction": 1,
    "risk_category": "LOW",
    "confidence_score": 0.8513472229242325,
    "prediction_timestamp": "2025-09-23T22:52:51.813851"
  },
  "explanation": {
    "employee_id": "966",
    "feature_importance": {
      "RelationshipSatisfaction": 0.03405288979411125,
      "Education": 0.02487798221409321,
      "JobInvolvement": 0.03501373156905174,
      "EnvironmentSatisfaction": 0.048257846385240555,
      "JobLevel": 0.07228615880012512,
      "JobSatisfaction": 0.04019258916378021,
      "StockOptionLevel": 0.07264421880245209,
      "WorkLifeBalance": 0.03580893576145172,
      "Department": 0.037670474499464035,
      "JobRole": 0.046762410551309586,
      "MaritalStatus": 0.036864522844552994,
      "OverTime": 0.0779639258980751,
      "Age": 0.04039482772350311,
      "DailyRate": 0.03578038513660431,
      "DistanceFromHome": 0.036774344742298126,
      "MonthlyIncome": 0.04666806384921074,
      "NumCompaniesWorked": 0.050036631524562836,
      "TotalWorkingYears": 0.04981709271669388,
      "TrainingTimesLastYear": 0.02378365956246853,
      "YearsAtCompany": 0.02968277968466282,
      "YearsInCurrentRole": 0.03649982064962387,
      "YearsSinceLastPromotion": 0.03537580743432045,
      "YearsWithCurrManager": 0.05279093235731125
    },
    "shap_values": {
      "RelationshipSatisfaction": -0.2767394781112671,
      "Education": 0.0029388151597231627,
      "JobInvolvement": -0.07532931119203568,
      "EnvironmentSatisfaction": -0.24986374378204346,
      "JobLevel": -0.0931592732667923,
      "JobSatisfaction": 0.26711317896842957,
      "StockOptionLevel": -0.37372833490371704,
      "WorkLifeBalance": -0.1415451020002365,
      "Department": -0.06333431601524353,
      "JobRole": -0.2544809579849243,
      "MaritalStatus": -0.14064399898052216,
      "OverTime": -0.5015830397605896,
      "Age": 0.1674818992614746,
      "DailyRate": 0.018655462190508842,
      "DistanceFromHome": -0.2342047542333603,
      "MonthlyIncome": -0.4553300440311432,
      "NumCompaniesWorked": -0.23430973291397095,
      "TotalWorkingYears": -0.03703967481851578,
      "TrainingTimesLastYear": 0.06395455449819565,
      "YearsAtCompany": -0.06688541173934937,
      "YearsInCurrentRole": -0.12385823577642441,
      "YearsSinceLastPromotion": 0.14468522369861603,
      "YearsWithCurrManager": -0.14013396203517914
    },
    "lime_explanation": {
      "features": [
        "OverTime=0",
        "NumCompaniesWorked <= 1.00",
        "0.00 < StockOptionLevel <= 1.00",
        "JobSatisfaction <= 2.00",
        "2.00 < JobInvolvement <= 3.00",
        "30.00 < Age <= 35.00",
        "2.00 < EnvironmentSatisfaction <= 3.00",
        "2.00 < RelationshipSatisfaction <= 3.00",
        "2.00 < DistanceFromHome <= 7.00",
        "YearsSinceLastPromotion > 2.25"
      ],
      "values": [
        -0.21680919413527558,
        -0.11396258387551764,
        -0.08805766295775308,
        0.067262713148409,
        -0.0657289117125907,
        0.062300891446688614,
        -0.05279489912257318,
        -0.04637080312651337,
        -0.04525883273367149,
        0.03288922827301626
      ],
      "intercept": 0.5682459439621383
    },
    "top_risk_factors": [
      {
        "feature": "JobSatisfaction",
        "impact": 0.26711317896842957,
        "type": "risk"
      }
    ],
    "top_protective_factors": [
      {
        "feature": "OverTime",
        "impact": 0.5015830397605896,
        "type": "protective"
      },
      {
        "feature": "MonthlyIncome",
        "impact": 0.4553300440311432,
        "type": "protective"
      },
      {
        "feature": "StockOptionLevel",
        "impact": 0.37372833490371704,
        "type": "protective"
      },
      {
        "feature": "RelationshipSatisfaction",
        "impact": 0.2767394781112671,
        "type": "protective"
      }
    ],
    "explanation_timestamp": "2025-09-23T22:52:51.884944"
  },
  "agent_type": "structura",
  "analysis_type": "individual"
}