{
  "confidence": 0.8,
  "employee_id": "45",
  "features_used": 11,
  "model_metadata": {
    "feature_dimensions": 11,
    "model_type": "GRU_CNN_Hybrid",
    "sequence_length": 50,
    "training_optimized": true
  },
  "predicted_attrition": 1,
  "risk_score": 1,
  "sequence_length": 50,
  "xai_explanation": {
    "attention_weights": [
      [
        0.0200016051530838,
        0.020001452416181564,
        0.02000126615166664,
        0.02000110037624836,
        0.020000992342829704,
        0.020000891759991646,
        0.020000778138637543,
        0.020000647753477097,
        0.02000053972005844,
        0.020000437274575233,
        0.02000035159289837,
        0.020000291988253593,
        0.020000219345092773,
        0.020000142976641655,
        0.020000066608190536,
        0.020000023767352104,
        0.019999975338578224,
        0.01999993436038494,
        0.019999898970127106,
        0.019999857991933823,
        0.019999831914901733,
        0.019999807700514793,
        0.019999783486127853,
        0.019999759271740913,
        0.01999974250793457,
        0.019999723881483078,
        0.019999705255031586,
        0.01999969221651554,
        0.019999681040644646,
        0.01999966986477375,
        0.019999660551548004,
        0.01999964937567711,
        0.019999638199806213,
        0.019999632611870766,
        0.019999628886580467,
        0.01999961957335472,
        0.019999613985419273,
        0.019999606534838676,
        0.019999604672193527,
        0.01999960094690323,
        0.01999959535896778,
        0.019999593496322632,
        0.019999589771032333,
        0.019999586045742035,
        0.019999586045742035,
        0.019999584183096886,
        0.019999580457806587,
        0.019999578595161438,
        0.019999578595161438,
        0.01999957673251629
      ]
    ],
    "feature_names": [
      "day_of_week",
      "day_index",
      "system_login_hours",
      "work_focused_hours",
      "meeting_collaboration_hours",
      "social_dining_hours",
      "break_relaxation_hours",
      "shared_work_hours",
      "internal_comm_volume",
      "cafeteria_usage",
      "convenience_food_usage"
    ],
    "gradient_importance": [
      7.96721993934213e-11,
      2.8843656629806702e-11,
      7.543357605221956e-11,
      2.951671962403424e-10,
      1.3893666772624158e-10,
      6.345695496845494e-11,
      1.9001014095465507e-09,
      1.3867648696042068e-10,
      2.3864304976584094e-10,
      1.2587423325882696e-09,
      1.2740991595094897e-09
    ],
    "sequence_importance": {
      "timestep_0": 8.155515152097337e-10,
      "timestep_1": 1.7213310380477694e-14,
      "timestep_10": 3.595817067903904e-15,
      "timestep_11": 2.597484342753962e-15,
      "timestep_12": 2.3453995025963202e-15,
      "timestep_13": 1.974547514222943e-15,
      "timestep_14": 1.6485281327147886e-15,
      "timestep_15": 1.3336636457263813e-15,
      "timestep_16": 1.0670262501393185e-15,
      "timestep_17": 1.0017597145754145e-15,
      "timestep_18": 7.13191100736721e-16,
      "timestep_19": 6.742844951891668e-16,
      "timestep_2": 1.3981404501219128e-14,
      "timestep_20": 4.598913506349204e-16,
      "timestep_21": 4.46479483887655e-16,
      "timestep_22": 4.006488604523298e-16,
      "timestep_23": 3.2342182262650105e-16,
      "timestep_24": 2.441439856864716e-16,
      "timestep_25": 2.0772838492278414e-16,
      "timestep_26": 1.8667297226883476e-16,
      "timestep_27": 1.4676333412794369e-16,
      "timestep_28": 1.2125942354902292e-16,
      "timestep_29": 1.0083317770387116e-16,
      "timestep_3": 1.1658068512832888e-14,
      "timestep_30": 8.523323956539071e-17,
      "timestep_31": 6.77200657572996e-17,
      "timestep_32": 6.031166413770727e-17,
      "timestep_33": 4.5579067884880516e-17,
      "timestep_34": 3.197319419674694e-17,
      "timestep_35": 3.279526283311439e-17,
      "timestep_36": 2.9668172701806673e-17,
      "timestep_37": 2.1146526598422105e-17,
      "timestep_38": 1.7100878866653853e-17,
      "timestep_39": 1.4936665018666038e-17,
      "timestep_4": 9.277123272605041e-15,
      "timestep_40": 1.1341554442414593e-17,
      "timestep_41": 8.060941243778259e-18,
      "timestep_42": 6.923037265154893e-18,
      "timestep_43": 5.799261531393933e-18,
      "timestep_44": 4.567631785513715e-18,
      "timestep_45": 3.4840156704922044e-18,
      "timestep_46": 3.706871476438778e-10,
      "timestep_47": 5.897105470609176e-09,
      "timestep_48": 8.052427169502607e-09,
      "timestep_49": 9.826726987682832e-09,
      "timestep_5": 9.164428927104645e-15,
      "timestep_6": 7.782510767285252e-15,
      "timestep_7": 6.2663184035682655e-15,
      "timestep_8": 5.262417919097784e-15,
      "timestep_9": 4.2188309764331234e-15
    },
    "temporal_importance": [
      8.155515152097337e-10,
      1.7213310380477694e-14,
      1.3981404501219128e-14,
      1.1658068512832888e-14,
      9.277123272605041e-15,
      9.164428927104645e-15,
      7.782510767285252e-15,
      6.2663184035682655e-15,
      5.262417919097784e-15,
      4.2188309764331234e-15,
      3.595817067903904e-15,
      2.597484342753962e-15,
      2.3453995025963202e-15,
      1.974547514222943e-15,
      1.6485281327147886e-15,
      1.3336636457263813e-15,
      1.0670262501393185e-15,
      1.0017597145754145e-15,
      7.13191100736721e-16,
      6.742844951891668e-16,
      4.598913506349204e-16,
      4.46479483887655e-16,
      4.006488604523298e-16,
      3.2342182262650105e-16,
      2.441439856864716e-16,
      2.0772838492278414e-16,
      1.8667297226883476e-16,
      1.4676333412794369e-16,
      1.2125942354902292e-16,
      1.0083317770387116e-16,
      8.523323956539071e-17,
      6.77200657572996e-17,
      6.031166413770727e-17,
      4.5579067884880516e-17,
      3.197319419674694e-17,
      3.279526283311439e-17,
      2.9668172701806673e-17,
      2.1146526598422105e-17,
      1.7100878866653853e-17,
      1.4936665018666038e-17,
      1.1341554442414593e-17,
      8.060941243778259e-18,
      6.923037265154893e-18,
      5.799261531393933e-18,
      4.567631785513715e-18,
      3.4840156704922044e-18,
      3.706871476438778e-10,
      5.897105470609176e-09,
      8.052427169502607e-09,
      9.826726987682832e-09
    ],
    "trend_analysis": {
      "confidence_level": "high",
      "prediction_trend": "increasing"
    }
  }
}