{
  "confidence": 0.7,
  "employee_data": {
    "Age": 24,
    "AgeFactor": 0,
    "Attrition": "Yes",
    "BusinessTravel": "Travel_Rarely",
    "DailyRate": 813,
    "Department": "Research & Development",
    "DistanceFromHome": 1,
    "Education": 3,
    "EducationField": "Medical",
    "EmployeeCount": 1,
    "EmployeeNumber": 45,
    "EnvironmentSatisfaction": 2,
    "Gender": "Male",
    "HourlyRate": 61,
    "JobInvolvement": 3,
    "JobLevel": 1,
    "JobRole": "Research Scientist",
    "JobSatisfaction": 4,
    "MaritalStatus": "Married",
    "MonthlyIncome": 2293,
    "MonthlyRate": 3020,
    "Norm_EnvironmentSatisfaction": 0.3333333333333333,
    "Norm_JobInvolvement": 0.6666666666666666,
    "Norm_JobLevel": 0,
    "Norm_JobSatisfaction": 1,
    "Norm_MonthlyIncome": 0.0676145339652448,
    "Norm_NumCompaniesWorked": 0.2222222222222222,
    "Norm_PercentSalaryHike": 0.3571428571428571,
    "Norm_PerformanceRating": 0,
    "Norm_RelationshipSatisfaction": 0,
    "Norm_TotalWorkingYears": 0.15,
    "Norm_TrainingTimesLastYear": 0.3333333333333333,
    "Norm_WorkLifeBalance": 0.3333333333333333,
    "Norm_YearsAtCompany": 0.05,
    "Norm_YearsSinceLastPromotion": 0.1333333333333333,
    "NumCompaniesWorked": 2,
    "Over18": "Y",
    "OverTime": "Yes",
    "OverTime_bin": 1,
    "PercentSalaryHike": 16,
    "PerformanceRating": 3,
    "Prob_N01": 0.0337000707446236,
    "Prob_N02": 0.0066755548041271,
    "Prob_N03": 0.0130022053349246,
    "Prob_P01": 0.0493260489391818,
    "Prob_P02": 0.7715892258570709,
    "Prob_P03": 0.0024557993708516,
    "Prob_P04": 0.047755269639963,
    "Prob_S01": 0.0009237392351397,
    "Prob_S02": 0.0057320392941904,
    "Prob_S03": 0.0688400467799267,
    "RelationshipSatisfaction": 1,
    "Score_N01": 0.5952380952380952,
    "Score_N02": 0.4333333333333333,
    "Score_N03": 0.5,
    "Score_P01": 0.6333333333333334,
    "Score_P02": 0.9083333333333332,
    "Score_P03": 0.3333333333333333,
    "Score_P04": 0.6300970435567592,
    "Score_S01": 0.2355555555555555,
    "Score_S02": 0.4180952380952381,
    "Score_S03": 0.6666666666666667,
    "StandardHours": 80,
    "StockOptionLevel": 1,
    "TotalWorkingYears": 6,
    "TrainingTimesLastYear": 2,
    "WorkLifeBalance": 2,
    "YearsAtCompany": 2,
    "YearsInCurrentRole": 0,
    "YearsSinceLastPromotion": 2,
    "YearsWithCurrManager": 0,
    "argmax_Persona": "온보딩에 실패한 직원",
    "argmax_Persona_Code": "P02",
    "argmax_RiskTier": "High",
    "is_married": 1,
    "softmax_Persona": "온보딩에 실패한 직원",
    "softmax_Persona_Code": "P02",
    "softmax_RiskTier": "High"
  },
  "employee_id": 45,
  "feature_importance": {},
  "lime_explanation": {},
  "model_interpretation": {},
  "predicted_attrition": 0,
  "risk_score": 0.9713536500930786,
  "shap_values": {},
  "xai_explanation": {}
}