{
  "confidence": 0.8,
  "employee_id": "1246",
  "features_used": 11,
  "model_metadata": {
    "feature_dimensions": 11,
    "model_type": "GRU_CNN_Hybrid",
    "sequence_length": 50,
    "training_optimized": true
  },
  "predicted_attrition": 0,
  "risk_score": 1.2461812137765094e-10,
  "sequence_length": 50,
  "xai_explanation": {
    "attention_weights": [
      [
        0.02000226080417633,
        0.020000513643026352,
        0.020000478252768517,
        0.02000041864812374,
        0.020000368356704712,
        0.02000032365322113,
        0.020000280812382698,
        0.020000239834189415,
        0.020000191405415535,
        0.0200001522898674,
        0.020000120624899864,
        0.020000087097287178,
        0.020000053569674492,
        0.020000025629997253,
        0.020000001415610313,
        0.019999977201223373,
        0.01999995857477188,
        0.01999993994832039,
        0.019999923184514046,
        0.019999910145998,
        0.019999897107481956,
        0.019999884068965912,
        0.019999872893095016,
        0.01999986357986927,
        0.019999852403998375,
        0.019999846816062927,
        0.01999983936548233,
        0.019999833777546883,
        0.019999826326966286,
        0.019999824464321136,
        0.019999820739030838,
        0.01999981328845024,
        0.019999809563159943,
        0.019999805837869644,
        0.019999803975224495,
        0.019999800249934196,
        0.019999798387289047,
        0.019999796524643898,
        0.0199997927993536,
        0.01999979093670845,
        0.0199997890740633,
        0.019999787211418152,
        0.019999787211418152,
        0.019999787211418152,
        0.019999783486127853,
        0.019999783486127853,
        0.019999781623482704,
        0.019999781623482704,
        0.019999779760837555,
        0.019999779760837555
      ]
    ],
    "feature_names": [
      "day_of_week",
      "day_index",
      "system_login_hours",
      "work_focused_hours",
      "meeting_collaboration_hours",
      "social_dining_hours",
      "break_relaxation_hours",
      "shared_work_hours",
      "internal_comm_volume",
      "cafeteria_usage",
      "convenience_food_usage"
    ],
    "gradient_importance": [
      6.980643819064214e-13,
      3.037004783941477e-13,
      9.507060937108402e-13,
      1.7976265007796366e-12,
      2.0762944315244614e-12,
      3.8325543910353033e-13,
      1.430382721989698e-11,
      1.5130807847971162e-12,
      4.718311245183182e-12,
      9.211118846830235e-12,
      1.1040564296127542e-11
    ],
    "sequence_importance": {
      "timestep_0": 1.0014396256696756e-10,
      "timestep_1": 2.128156158243133e-11,
      "timestep_10": 3.0492340308978477e-18,
      "timestep_11": 2.9768151954494427e-18,
      "timestep_12": 2.6348806505062537e-18,
      "timestep_13": 2.3228844602683496e-18,
      "timestep_14": 1.737942035740251e-18,
      "timestep_15": 1.788185192941875e-18,
      "timestep_16": 1.390040313255681e-18,
      "timestep_17": 1.2032515572077847e-18,
      "timestep_18": 1.0456374613646337e-18,
      "timestep_19": 8.430108849233378e-19,
      "timestep_2": 1.2175905883697843e-17,
      "timestep_20": 7.892704080918396e-19,
      "timestep_21": 7.156010306536192e-19,
      "timestep_22": 6.786392921622997e-19,
      "timestep_23": 4.910210290563777e-19,
      "timestep_24": 4.235819759919067e-19,
      "timestep_25": 4.1407348315182137e-19,
      "timestep_26": 3.5238803993432787e-19,
      "timestep_27": 2.9484462608601123e-19,
      "timestep_28": 2.4141635823696347e-19,
      "timestep_29": 1.9084371173290484e-19,
      "timestep_3": 1.0797345699971055e-17,
      "timestep_30": 1.9602349087931775e-19,
      "timestep_31": 1.9944766964846637e-19,
      "timestep_32": 1.3009978099825567e-19,
      "timestep_33": 1.2291867713386192e-19,
      "timestep_34": 8.306152215527127e-20,
      "timestep_35": 8.77506668761666e-20,
      "timestep_36": 7.278388059248233e-20,
      "timestep_37": 5.755437399143297e-20,
      "timestep_38": 5.375281991720118e-20,
      "timestep_39": 3.599149117571173e-20,
      "timestep_4": 8.194826216184254e-18,
      "timestep_40": 3.2719529795144215e-20,
      "timestep_41": 2.315134262604868e-20,
      "timestep_42": 2.6175603802834912e-20,
      "timestep_43": 1.8006589408698554e-20,
      "timestep_44": 1.5434219262372027e-20,
      "timestep_45": 9.535128217368259e-21,
      "timestep_46": 5.984825807679728e-13,
      "timestep_47": 1.869806393051121e-11,
      "timestep_48": 2.921751382500837e-11,
      "timestep_49": 4.3681034483933345e-11,
      "timestep_5": 7.069702591615139e-18,
      "timestep_6": 6.11529332904533e-18,
      "timestep_7": 4.95558114716231e-18,
      "timestep_8": 4.9442053457881746e-18,
      "timestep_9": 4.005335498205787e-18
    },
    "temporal_importance": [
      1.0014396256696756e-10,
      2.128156158243133e-11,
      1.2175905883697843e-17,
      1.0797345699971055e-17,
      8.194826216184254e-18,
      7.069702591615139e-18,
      6.11529332904533e-18,
      4.95558114716231e-18,
      4.9442053457881746e-18,
      4.005335498205787e-18,
      3.0492340308978477e-18,
      2.9768151954494427e-18,
      2.6348806505062537e-18,
      2.3228844602683496e-18,
      1.737942035740251e-18,
      1.788185192941875e-18,
      1.390040313255681e-18,
      1.2032515572077847e-18,
      1.0456374613646337e-18,
      8.430108849233378e-19,
      7.892704080918396e-19,
      7.156010306536192e-19,
      6.786392921622997e-19,
      4.910210290563777e-19,
      4.235819759919067e-19,
      4.1407348315182137e-19,
      3.5238803993432787e-19,
      2.9484462608601123e-19,
      2.4141635823696347e-19,
      1.9084371173290484e-19,
      1.9602349087931775e-19,
      1.9944766964846637e-19,
      1.3009978099825567e-19,
      1.2291867713386192e-19,
      8.306152215527127e-20,
      8.77506668761666e-20,
      7.278388059248233e-20,
      5.755437399143297e-20,
      5.375281991720118e-20,
      3.599149117571173e-20,
      3.2719529795144215e-20,
      2.315134262604868e-20,
      2.6175603802834912e-20,
      1.8006589408698554e-20,
      1.5434219262372027e-20,
      9.535128217368259e-21,
      5.984825807679728e-13,
      1.869806393051121e-11,
      2.921751382500837e-11,
      4.3681034483933345e-11
    ],
    "trend_analysis": {
      "confidence_level": "high",
      "prediction_trend": "stable"
    }
  }
}