{
  "prediction": {
    "risk_score": 5.551337861620098e-11,
    "attrition_probability": 5.551337861620098e-11
  },
  "confidence": 0.8
}