{
  "prediction": {
    "risk_score": 6.045657681072458e-13,
    "attrition_probability": 6.045657681072458e-13
  },
  "confidence": 0.8
}