{
  "confidence": 0.8,
  "employee_id": "1886",
  "features_used": 11,
  "model_metadata": {
    "feature_dimensions": 11,
    "model_type": "GRU_CNN_Hybrid",
    "sequence_length": 50,
    "training_optimized": true
  },
  "predicted_attrition": 0,
  "risk_score": 0.3498649001121521,
  "sequence_length": 50,
  "xai_explanation": {
    "attention_weights": [
      [
        0.020002057775855064,
        0.02000131830573082,
        0.020001159980893135,
        0.02000102773308754,
        0.02000090293586254,
        0.02000078372657299,
        0.020000683143734932,
        0.020000586286187172,
        0.020000487565994263,
        0.020000407472252846,
        0.02000032365322113,
        0.020000241696834564,
        0.02000017836689949,
        0.020000116899609566,
        0.020000068470835686,
        0.020000020042061806,
        0.019999975338578224,
        0.019999930635094643,
        0.019999895244836807,
        0.01999986730515957,
        0.01999983936548233,
        0.01999981515109539,
        0.0199997927993536,
        0.01999976858496666,
        0.01999974623322487,
        0.019999735057353973,
        0.01999972015619278,
        0.019999705255031586,
        0.01999969407916069,
        0.019999682903289795,
        0.01999967359006405,
        0.019999662414193153,
        0.019999656826257706,
        0.01999964937567711,
        0.01999964378774166,
        0.019999634474515915,
        0.019999628886580467,
        0.01999962516129017,
        0.01999961957335472,
        0.019999615848064423,
        0.019999610260128975,
        0.019999608397483826,
        0.019999606534838676,
        0.019999602809548378,
        0.01999960094690323,
        0.01999959908425808,
        0.01999959722161293,
        0.019999593496322632,
        0.019999593496322632,
        0.019999591633677483
      ]
    ],
    "feature_names": [
      "day_of_week",
      "day_index",
      "system_login_hours",
      "work_focused_hours",
      "meeting_collaboration_hours",
      "social_dining_hours",
      "break_relaxation_hours",
      "shared_work_hours",
      "internal_comm_volume",
      "cafeteria_usage",
      "convenience_food_usage"
    ],
    "gradient_importance": [
      0.002457082038745284,
      0.0011827766429632902,
      0.003359941765666008,
      0.007048338185995817,
      0.00795573927462101,
      0.0015619525220245123,
      0.05513894930481911,
      0.0054596103727817535,
      0.01772504486143589,
      0.0352633073925972,
      0.04260792210698128
    ],
    "sequence_importance": {
      "timestep_0": 0.36050650477409363,
      "timestep_1": 0.08090487122535706,
      "timestep_10": 3.030213591159736e-08,
      "timestep_11": 2.7867388396884962e-08,
      "timestep_12": 2.093768891597847e-08,
      "timestep_13": 1.877418753792881e-08,
      "timestep_14": 1.377053227002989e-08,
      "timestep_15": 1.3857680336570866e-08,
      "timestep_16": 1.2144940164660056e-08,
      "timestep_17": 1.1150570244922164e-08,
      "timestep_18": 8.989974986661764e-09,
      "timestep_19": 6.450102230104449e-09,
      "timestep_2": 9.070360817986511e-08,
      "timestep_20": 6.095149718277071e-09,
      "timestep_21": 5.522935442314747e-09,
      "timestep_22": 4.619177929043872e-09,
      "timestep_23": 4.495298355777777e-09,
      "timestep_24": 3.7762948323916135e-09,
      "timestep_25": 2.6294122434933342e-09,
      "timestep_26": 2.327872117291463e-09,
      "timestep_27": 2.3457098485835104e-09,
      "timestep_28": 1.851413911069244e-09,
      "timestep_29": 1.5603288661125703e-09,
      "timestep_3": 7.899033249714194e-08,
      "timestep_30": 1.4861538666366414e-09,
      "timestep_31": 1.3501020301731614e-09,
      "timestep_32": 9.494866004544633e-10,
      "timestep_33": 8.493160064126926e-10,
      "timestep_34": 7.103446164613558e-10,
      "timestep_35": 8.686262820134516e-10,
      "timestep_36": 5.76125758211532e-10,
      "timestep_37": 4.624308158618362e-10,
      "timestep_38": 4.2696360336158534e-10,
      "timestep_39": 2.5094959443805465e-10,
      "timestep_4": 6.186186141121652e-08,
      "timestep_40": 2.5607418963069506e-10,
      "timestep_41": 2.0532218980573447e-10,
      "timestep_42": 1.601578036858342e-10,
      "timestep_43": 1.596948268067777e-10,
      "timestep_44": 8.659224726148551e-11,
      "timestep_45": 7.216018060862694e-11,
      "timestep_46": 5.772812089466228e-11,
      "timestep_47": 0.0749501883983612,
      "timestep_48": 0.12476136535406113,
      "timestep_49": 0.17597045004367828,
      "timestep_5": 5.980214012879514e-08,
      "timestep_6": 4.8712603728517934e-08,
      "timestep_7": 4.078806270513269e-08,
      "timestep_8": 3.954332683520079e-08,
      "timestep_9": 3.110580237830618e-08
    },
    "temporal_importance": [
      0.36050650477409363,
      0.08090487122535706,
      9.070360817986511e-08,
      7.899033249714194e-08,
      6.186186141121652e-08,
      5.980214012879514e-08,
      4.8712603728517934e-08,
      4.078806270513269e-08,
      3.954332683520079e-08,
      3.110580237830618e-08,
      3.030213591159736e-08,
      2.7867388396884962e-08,
      2.093768891597847e-08,
      1.877418753792881e-08,
      1.377053227002989e-08,
      1.3857680336570866e-08,
      1.2144940164660056e-08,
      1.1150570244922164e-08,
      8.989974986661764e-09,
      6.450102230104449e-09,
      6.095149718277071e-09,
      5.522935442314747e-09,
      4.619177929043872e-09,
      4.495298355777777e-09,
      3.7762948323916135e-09,
      2.6294122434933342e-09,
      2.327872117291463e-09,
      2.3457098485835104e-09,
      1.851413911069244e-09,
      1.5603288661125703e-09,
      1.4861538666366414e-09,
      1.3501020301731614e-09,
      9.494866004544633e-10,
      8.493160064126926e-10,
      7.103446164613558e-10,
      8.686262820134516e-10,
      5.76125758211532e-10,
      4.624308158618362e-10,
      4.2696360336158534e-10,
      2.5094959443805465e-10,
      2.5607418963069506e-10,
      2.0532218980573447e-10,
      1.601578036858342e-10,
      1.596948268067777e-10,
      8.659224726148551e-11,
      7.216018060862694e-11,
      5.772812089466228e-11,
      0.0749501883983612,
      0.12476136535406113,
      0.17597045004367828
    ],
    "trend_analysis": {
      "confidence_level": "medium",
      "prediction_trend": "stable"
    }
  }
}