{
  "prediction": {
    "employee_id": "1729",
    "attrition_probability": 0.10760360211133957,
    "attrition_prediction": 1,
    "risk_category": "LOW",
    "confidence_score": 0.7847927957773209,
    "prediction_timestamp": "2025-09-23T22:53:46.007118"
  },
  "explanation": {
    "employee_id": "1729",
    "feature_importance": {
      "RelationshipSatisfaction": 0.03405288979411125,
      "Education": 0.02487798221409321,
      "JobInvolvement": 0.03501373156905174,
      "EnvironmentSatisfaction": 0.048257846385240555,
      "JobLevel": 0.07228615880012512,
      "JobSatisfaction": 0.04019258916378021,
      "StockOptionLevel": 0.07264421880245209,
      "WorkLifeBalance": 0.03580893576145172,
      "Department": 0.037670474499464035,
      "JobRole": 0.046762410551309586,
      "MaritalStatus": 0.036864522844552994,
      "OverTime": 0.0779639258980751,
      "Age": 0.04039482772350311,
      "DailyRate": 0.03578038513660431,
      "DistanceFromHome": 0.036774344742298126,
      "MonthlyIncome": 0.04666806384921074,
      "NumCompaniesWorked": 0.050036631524562836,
      "TotalWorkingYears": 0.04981709271669388,
      "TrainingTimesLastYear": 0.02378365956246853,
      "YearsAtCompany": 0.02968277968466282,
      "YearsInCurrentRole": 0.03649982064962387,
      "YearsSinceLastPromotion": 0.03537580743432045,
      "YearsWithCurrManager": 0.05279093235731125
    },
    "shap_values": {
      "RelationshipSatisfaction": -0.03768124431371689,
      "Education": -0.06507166475057602,
      "JobInvolvement": -0.08306720107793808,
      "EnvironmentSatisfaction": -0.19622071087360382,
      "JobLevel": 0.03096112050116062,
      "JobSatisfaction": -0.38995444774627686,
      "StockOptionLevel": -0.2620682120323181,
      "WorkLifeBalance": 0.14056536555290222,
      "Department": -0.011854189448058605,
      "JobRole": -0.09737364202737808,
      "MaritalStatus": -0.17226393520832062,
      "OverTime": -0.6903051733970642,
      "Age": 0.2100333720445633,
      "DailyRate": 0.05710560828447342,
      "DistanceFromHome": 0.17536690831184387,
      "MonthlyIncome": -0.06505308300256729,
      "NumCompaniesWorked": -0.20635448396205902,
      "TotalWorkingYears": -0.09755878895521164,
      "TrainingTimesLastYear": -0.021244527772068977,
      "YearsAtCompany": -0.1053367629647255,
      "YearsInCurrentRole": 0.10793319344520569,
      "YearsSinceLastPromotion": -0.1495075225830078,
      "YearsWithCurrManager": -0.46179133653640747
    },
    "lime_explanation": {
      "features": [
        "OverTime=0",
        "NumCompaniesWorked <= 1.00",
        "DistanceFromHome > 14.00",
        "EnvironmentSatisfaction <= 2.00",
        "3.00 < JobSatisfaction <= 4.00",
        "MonthlyIncome <= 2922.25",
        "RelationshipSatisfaction <= 2.00",
        "0.00 < StockOptionLevel <= 1.00",
        "2.00 < JobInvolvement <= 3.00",
        "WorkLifeBalance <= 2.00"
      ],
      "values": [
        -0.20970894147895913,
        -0.11615612087344847,
        0.1090354452225871,
        0.10869111477822135,
        -0.09492865731877762,
        0.0908382327016912,
        0.08448739299643479,
        -0.07657410975415993,
        -0.074056719850346,
        0.07399873500355984
      ],
      "intercept": 0.4609636816266557
    },
    "top_risk_factors": [
      {
        "feature": "Age",
        "impact": 0.2100333720445633,
        "type": "risk"
      }
    ],
    "top_protective_factors": [
      {
        "feature": "OverTime",
        "impact": 0.6903051733970642,
        "type": "protective"
      },
      {
        "feature": "YearsWithCurrManager",
        "impact": 0.46179133653640747,
        "type": "protective"
      },
      {
        "feature": "JobSatisfaction",
        "impact": 0.38995444774627686,
        "type": "protective"
      },
      {
        "feature": "StockOptionLevel",
        "impact": 0.2620682120323181,
        "type": "protective"
      }
    ],
    "explanation_timestamp": "2025-09-23T22:53:46.081636"
  },
  "agent_type": "structura",
  "analysis_type": "individual"
}