{
  "prediction": {
    "risk_score": 3.398236749695202e-27,
    "attrition_probability": 3.398236749695202e-27
  },
  "confidence": 0.8
}