{
  "prediction": {
    "risk_score": 5.966337994323112e-06,
    "attrition_probability": 5.966337994323112e-06
  },
  "confidence": 0.8
}