{
  "prediction": {
    "employee_id": "825",
    "attrition_probability": 0.23332944512367249,
    "attrition_prediction": 1,
    "risk_category": "LOW",
    "confidence_score": 0.533341109752655,
    "prediction_timestamp": "2025-09-23T22:52:42.064550"
  },
  "explanation": {
    "employee_id": "825",
    "feature_importance": {
      "RelationshipSatisfaction": 0.03405288979411125,
      "Education": 0.02487798221409321,
      "JobInvolvement": 0.03501373156905174,
      "EnvironmentSatisfaction": 0.048257846385240555,
      "JobLevel": 0.07228615880012512,
      "JobSatisfaction": 0.04019258916378021,
      "StockOptionLevel": 0.07264421880245209,
      "WorkLifeBalance": 0.03580893576145172,
      "Department": 0.037670474499464035,
      "JobRole": 0.046762410551309586,
      "MaritalStatus": 0.036864522844552994,
      "OverTime": 0.0779639258980751,
      "Age": 0.04039482772350311,
      "DailyRate": 0.03578038513660431,
      "DistanceFromHome": 0.036774344742298126,
      "MonthlyIncome": 0.04666806384921074,
      "NumCompaniesWorked": 0.050036631524562836,
      "TotalWorkingYears": 0.04981709271669388,
      "TrainingTimesLastYear": 0.02378365956246853,
      "YearsAtCompany": 0.02968277968466282,
      "YearsInCurrentRole": 0.03649982064962387,
      "YearsSinceLastPromotion": 0.03537580743432045,
      "YearsWithCurrManager": 0.05279093235731125
    },
    "shap_values": {
      "RelationshipSatisfaction": 0.0023511582985520363,
      "Education": -0.0440383106470108,
      "JobInvolvement": -0.08705602586269379,
      "EnvironmentSatisfaction": -0.28824716806411743,
      "JobLevel": 0.025415383279323578,
      "JobSatisfaction": 0.16593840718269348,
      "StockOptionLevel": 0.11824490129947662,
      "WorkLifeBalance": -0.14738331735134125,
      "Department": -0.05564285069704056,
      "JobRole": -0.3105534315109253,
      "MaritalStatus": -0.07533654570579529,
      "OverTime": -0.5978573560714722,
      "Age": -0.2261577993631363,
      "DailyRate": 0.6358640193939209,
      "DistanceFromHome": -0.21455523371696472,
      "MonthlyIncome": -0.43625175952911377,
      "NumCompaniesWorked": 0.5032675862312317,
      "TotalWorkingYears": -0.5431784987449646,
      "TrainingTimesLastYear": 0.04427148401737213,
      "YearsAtCompany": -0.13542065024375916,
      "YearsInCurrentRole": -0.0966702476143837,
      "YearsSinceLastPromotion": 0.47360074520111084,
      "YearsWithCurrManager": -0.17549560964107513
    },
    "lime_explanation": {
      "features": [
        "OverTime=0",
        "NumCompaniesWorked > 4.00",
        "StockOptionLevel <= 0.00",
        "DistanceFromHome <= 2.00",
        "3.00 < EnvironmentSatisfaction <= 4.00",
        "2.00 < WorkLifeBalance <= 3.00",
        "MonthlyIncome > 8201.00",
        "2.00 < JobInvolvement <= 3.00",
        "JobSatisfaction <= 2.00",
        "DailyRate <= 471.75"
      ],
      "values": [
        -0.2035432489292981,
        0.15627793304591958,
        0.11190294854432536,
        -0.10658239122522425,
        -0.08231465568222769,
        -0.07463467613518562,
        -0.06925302512375306,
        -0.06758545652883745,
        0.067529315182004,
        0.06640582593326583
      ],
      "intercept": 0.4718988174008412
    },
    "top_risk_factors": [
      {
        "feature": "DailyRate",
        "impact": 0.6358640193939209,
        "type": "risk"
      },
      {
        "feature": "NumCompaniesWorked",
        "impact": 0.5032675862312317,
        "type": "risk"
      },
      {
        "feature": "YearsSinceLastPromotion",
        "impact": 0.47360074520111084,
        "type": "risk"
      }
    ],
    "top_protective_factors": [
      {
        "feature": "OverTime",
        "impact": 0.5978573560714722,
        "type": "protective"
      },
      {
        "feature": "TotalWorkingYears",
        "impact": 0.5431784987449646,
        "type": "protective"
      }
    ],
    "explanation_timestamp": "2025-09-23T22:52:42.134904"
  },
  "agent_type": "structura",
  "analysis_type": "individual"
}