{
  "prediction": {
    "employee_id": "816",
    "attrition_probability": 0.5771394968032837,
    "attrition_prediction": 1,
    "risk_category": "MEDIUM",
    "confidence_score": 0.15427899360656738,
    "prediction_timestamp": "2025-09-23T22:52:41.526000"
  },
  "explanation": {
    "employee_id": "816",
    "feature_importance": {
      "RelationshipSatisfaction": 0.03405288979411125,
      "Education": 0.02487798221409321,
      "JobInvolvement": 0.03501373156905174,
      "EnvironmentSatisfaction": 0.048257846385240555,
      "JobLevel": 0.07228615880012512,
      "JobSatisfaction": 0.04019258916378021,
      "StockOptionLevel": 0.07264421880245209,
      "WorkLifeBalance": 0.03580893576145172,
      "Department": 0.037670474499464035,
      "JobRole": 0.046762410551309586,
      "MaritalStatus": 0.036864522844552994,
      "OverTime": 0.0779639258980751,
      "Age": 0.04039482772350311,
      "DailyRate": 0.03578038513660431,
      "DistanceFromHome": 0.036774344742298126,
      "MonthlyIncome": 0.04666806384921074,
      "NumCompaniesWorked": 0.050036631524562836,
      "TotalWorkingYears": 0.04981709271669388,
      "TrainingTimesLastYear": 0.02378365956246853,
      "YearsAtCompany": 0.02968277968466282,
      "YearsInCurrentRole": 0.03649982064962387,
      "YearsSinceLastPromotion": 0.03537580743432045,
      "YearsWithCurrManager": 0.05279093235731125
    },
    "shap_values": {
      "RelationshipSatisfaction": -0.21830154955387115,
      "Education": -0.12635104358196259,
      "JobInvolvement": 0.056810781359672546,
      "EnvironmentSatisfaction": -0.12288227677345276,
      "JobLevel": 0.07202167063951492,
      "JobSatisfaction": 0.24908801913261414,
      "StockOptionLevel": -0.30178388953208923,
      "WorkLifeBalance": -0.17693981528282166,
      "Department": -0.06855913996696472,
      "JobRole": -0.004957094788551331,
      "MaritalStatus": -0.21024858951568604,
      "OverTime": -0.6745004653930664,
      "Age": 0.34169480204582214,
      "DailyRate": 0.0853981003165245,
      "DistanceFromHome": -0.6488345861434937,
      "MonthlyIncome": 0.5983965396881104,
      "NumCompaniesWorked": -0.14904430508613586,
      "TotalWorkingYears": 0.3692491352558136,
      "TrainingTimesLastYear": 0.08190132677555084,
      "YearsAtCompany": 0.10389111191034317,
      "YearsInCurrentRole": 0.14271338284015656,
      "YearsSinceLastPromotion": -0.08783768117427826,
      "YearsWithCurrManager": 0.72483229637146
    },
    "lime_explanation": {
      "features": [
        "OverTime=0",
        "EnvironmentSatisfaction <= 2.00",
        "JobInvolvement <= 2.00",
        "NumCompaniesWorked <= 1.00",
        "DistanceFromHome <= 2.00",
        "0.00 < StockOptionLevel <= 1.00",
        "MonthlyIncome <= 2922.25",
        "Age <= 30.00",
        "JobSatisfaction <= 2.00",
        "YearsWithCurrManager <= 2.00"
      ],
      "values": [
        -0.19748977995556383,
        0.12091876133299112,
        0.11881202739268996,
        -0.11830583161505198,
        -0.10519793509412603,
        -0.09320408432901627,
        0.08801829065086374,
        0.0735240502486814,
        0.0669852785568734,
        0.06623336623995248
      ],
      "intercept": 0.3789837138993772
    },
    "top_risk_factors": [
      {
        "feature": "YearsWithCurrManager",
        "impact": 0.72483229637146,
        "type": "risk"
      },
      {
        "feature": "MonthlyIncome",
        "impact": 0.5983965396881104,
        "type": "risk"
      },
      {
        "feature": "TotalWorkingYears",
        "impact": 0.3692491352558136,
        "type": "risk"
      }
    ],
    "top_protective_factors": [
      {
        "feature": "OverTime",
        "impact": 0.6745004653930664,
        "type": "protective"
      },
      {
        "feature": "DistanceFromHome",
        "impact": 0.6488345861434937,
        "type": "protective"
      }
    ],
    "explanation_timestamp": "2025-09-23T22:52:41.604524"
  },
  "agent_type": "structura",
  "analysis_type": "individual"
}