{
  "confidence": 0.8,
  "employee_id": "103",
  "features_used": 11,
  "model_metadata": {
    "feature_dimensions": 11,
    "model_type": "GRU_CNN_Hybrid",
    "sequence_length": 50,
    "training_optimized": true
  },
  "predicted_attrition": 0,
  "risk_score": 7.900534410425764e-27,
  "sequence_length": 50,
  "xai_explanation": {
    "attention_weights": [
      [
        0.020008616149425507,
        0.019999586045742035,
        0.019999632611870766,
        0.01999969594180584,
        0.01999974437057972,
        0.019999777898192406,
        0.019999809563159943,
        0.019999824464321136,
        0.01999984309077263,
        0.019999854266643524,
        0.019999857991933823,
        0.019999859854578972,
        0.019999859854578972,
        0.01999986171722412,
        0.019999859854578972,
        0.019999857991933823,
        0.019999857991933823,
        0.019999852403998375,
        0.019999850541353226,
        0.019999846816062927,
        0.019999844953417778,
        0.01999984309077263,
        0.01999984122812748,
        0.01999984122812748,
        0.01999983750283718,
        0.019999835640192032,
        0.019999833777546883,
        0.019999833777546883,
        0.019999831914901733,
        0.019999828189611435,
        0.019999828189611435,
        0.019999828189611435,
        0.019999826326966286,
        0.019999824464321136,
        0.019999824464321136,
        0.019999824464321136,
        0.019999820739030838,
        0.019999820739030838,
        0.019999820739030838,
        0.019999820739030838,
        0.019999820739030838,
        0.019999820739030838,
        0.01999981887638569,
        0.01999981887638569,
        0.01999981887638569,
        0.01999981887638569,
        0.01999981701374054,
        0.01999981701374054,
        0.01999981701374054,
        0.01999981701374054
      ]
    ],
    "feature_names": [
      "day_of_week",
      "day_index",
      "system_login_hours",
      "work_focused_hours",
      "meeting_collaboration_hours",
      "social_dining_hours",
      "break_relaxation_hours",
      "shared_work_hours",
      "internal_comm_volume",
      "cafeteria_usage",
      "convenience_food_usage"
    ],
    "gradient_importance": [
      5.890469975676729e-29,
      3.239530023182548e-29,
      9.275145602632144e-29,
      1.139609822245357e-28,
      1.8657791799935122e-28,
      7.802373131537749e-29,
      1.1548443132914488e-27,
      1.3892777505859962e-28,
      4.346632254452525e-28,
      7.366383518139797e-28,
      9.172505212546592e-28
    ],
    "sequence_importance": {
      "timestep_0": 8.202858419003917e-27,
      "timestep_1": 3.1774633557172098e-27,
      "timestep_10": 1.797664110463961e-34,
      "timestep_11": 1.4764367462558804e-34,
      "timestep_12": 1.224210211674847e-34,
      "timestep_13": 9.059460919418592e-35,
      "timestep_14": 6.001421549304027e-35,
      "timestep_15": 4.859381147816543e-35,
      "timestep_16": 3.6473864920603364e-35,
      "timestep_17": 2.845648548290724e-35,
      "timestep_18": 2.2578261825671008e-35,
      "timestep_19": 1.7593639159011228e-35,
      "timestep_2": 2.6506968640240126e-28,
      "timestep_20": 1.5022418893072398e-35,
      "timestep_21": 1.3318322296223968e-35,
      "timestep_22": 1.0020785853143791e-35,
      "timestep_23": 9.510339054229196e-36,
      "timestep_24": 8.46341511549291e-36,
      "timestep_25": 7.325045981457304e-36,
      "timestep_26": 6.385370835472463e-36,
      "timestep_27": 4.475737429912277e-36,
      "timestep_28": 4.283340271799251e-36,
      "timestep_29": 2.677506220910244e-36,
      "timestep_3": 1.169112334852284e-33,
      "timestep_30": 3.5466707186633116e-36,
      "timestep_31": 4.208053819034855e-36,
      "timestep_32": 2.637258238521784e-36,
      "timestep_33": 2.490743852078084e-36,
      "timestep_34": 2.3486872538883188e-36,
      "timestep_35": 1.0988575395953421e-36,
      "timestep_36": 1.4644005708899699e-36,
      "timestep_37": 9.523429737854388e-37,
      "timestep_38": 8.790856011973855e-37,
      "timestep_39": 8.058284976586372e-37,
      "timestep_4": 1.0087536914005116e-33,
      "timestep_40": 7.325713044367873e-37,
      "timestep_41": 7.085989216647881e-37,
      "timestep_42": 6.2986567825211106e-37,
      "timestep_43": 5.511324796809849e-37,
      "timestep_44": 4.72399191426757e-37,
      "timestep_45": 2.255640318392337e-37,
      "timestep_46": 1.7598320283787582e-29,
      "timestep_47": 1.2991068661477525e-27,
      "timestep_48": 1.910030429731347e-27,
      "timestep_49": 3.0594065464281944e-27,
      "timestep_5": 7.13369593454133e-34,
      "timestep_6": 6.07965632327539e-34,
      "timestep_7": 4.366021577001621e-34,
      "timestep_8": 3.793802865635832e-34,
      "timestep_9": 2.728596517214561e-34
    },
    "temporal_importance": [
      8.202858419003917e-27,
      3.1774633557172098e-27,
      2.6506968640240126e-28,
      1.169112334852284e-33,
      1.0087536914005116e-33,
      7.13369593454133e-34,
      6.07965632327539e-34,
      4.366021577001621e-34,
      3.793802865635832e-34,
      2.728596517214561e-34,
      1.797664110463961e-34,
      1.4764367462558804e-34,
      1.224210211674847e-34,
      9.059460919418592e-35,
      6.001421549304027e-35,
      4.859381147816543e-35,
      3.6473864920603364e-35,
      2.845648548290724e-35,
      2.2578261825671008e-35,
      1.7593639159011228e-35,
      1.5022418893072398e-35,
      1.3318322296223968e-35,
      1.0020785853143791e-35,
      9.510339054229196e-36,
      8.46341511549291e-36,
      7.325045981457304e-36,
      6.385370835472463e-36,
      4.475737429912277e-36,
      4.283340271799251e-36,
      2.677506220910244e-36,
      3.5466707186633116e-36,
      4.208053819034855e-36,
      2.637258238521784e-36,
      2.490743852078084e-36,
      2.3486872538883188e-36,
      1.0988575395953421e-36,
      1.4644005708899699e-36,
      9.523429737854388e-37,
      8.790856011973855e-37,
      8.058284976586372e-37,
      7.325713044367873e-37,
      7.085989216647881e-37,
      6.2986567825211106e-37,
      5.511324796809849e-37,
      4.72399191426757e-37,
      2.255640318392337e-37,
      1.7598320283787582e-29,
      1.2991068661477525e-27,
      1.910030429731347e-27,
      3.0594065464281944e-27
    ],
    "trend_analysis": {
      "confidence_level": "high",
      "prediction_trend": "stable"
    }
  }
}