{
  "confidence": 0.8,
  "employee_id": "1259",
  "features_used": 11,
  "model_metadata": {
    "feature_dimensions": 11,
    "model_type": "GRU_CNN_Hybrid",
    "sequence_length": 50,
    "training_optimized": true
  },
  "predicted_attrition": 0,
  "risk_score": 7.486077984179124e-25,
  "sequence_length": 50,
  "xai_explanation": {
    "attention_weights": [
      [
        0.02000528760254383,
        0.019999150186777115,
        0.019999321550130844,
        0.019999466836452484,
        0.019999593496322632,
        0.019999679177999496,
        0.019999749958515167,
        0.019999803975224495,
        0.019999846816062927,
        0.019999874755740166,
        0.019999900832772255,
        0.019999923184514046,
        0.01999993436038494,
        0.019999943673610687,
        0.019999951124191284,
        0.01999995857477188,
        0.01999996230006218,
        0.019999966025352478,
        0.019999966025352478,
        0.019999966025352478,
        0.019999969750642776,
        0.019999969750642776,
        0.019999969750642776,
        0.019999969750642776,
        0.019999969750642776,
        0.019999967887997627,
        0.019999966025352478,
        0.019999966025352478,
        0.019999966025352478,
        0.019999966025352478,
        0.01999996230006218,
        0.01999996230006218,
        0.01999996230006218,
        0.01999996043741703,
        0.01999996043741703,
        0.01999996043741703,
        0.01999996043741703,
        0.01999996043741703,
        0.01999996043741703,
        0.01999996043741703,
        0.01999996043741703,
        0.01999995857477188,
        0.01999995857477188,
        0.01999995857477188,
        0.01999995857477188,
        0.01999995857477188,
        0.01999995857477188,
        0.01999995857477188,
        0.01999995857477188,
        0.01999995857477188
      ]
    ],
    "feature_names": [
      "day_of_week",
      "day_index",
      "system_login_hours",
      "work_focused_hours",
      "meeting_collaboration_hours",
      "social_dining_hours",
      "break_relaxation_hours",
      "shared_work_hours",
      "internal_comm_volume",
      "cafeteria_usage",
      "convenience_food_usage"
    ],
    "gradient_importance": [
      5.583323294073084e-27,
      3.263922780559625e-27,
      8.923650026642484e-27,
      1.0798424190218884e-26,
      1.7679223376666316e-26,
      7.034644781521018e-27,
      1.0942748141721814e-25,
      1.3164170281914077e-26,
      4.11865880989604e-26,
      6.98002802756292e-26,
      8.691424167287391e-26
    ],
    "sequence_importance": {
      "timestep_0": 7.772631214962591e-25,
      "timestep_1": 3.0108109042924323e-25,
      "timestep_10": 3.8405263599910186e-32,
      "timestep_11": 3.0278221858007244e-32,
      "timestep_12": 2.066112200763403e-32,
      "timestep_13": 1.6394209757263595e-32,
      "timestep_14": 1.383406534577721e-32,
      "timestep_15": 1.0528729514898483e-32,
      "timestep_16": 7.830662147178212e-33,
      "timestep_17": 5.525088302435671e-33,
      "timestep_18": 4.3600672389372254e-33,
      "timestep_19": 3.22861241662651e-33,
      "timestep_2": 2.5116833561939386e-26,
      "timestep_20": 2.9277066176381363e-33,
      "timestep_21": 2.2717409132739673e-33,
      "timestep_22": 1.589459196472749e-33,
      "timestep_23": 9.62263440838467e-34,
      "timestep_24": 9.491531890779445e-34,
      "timestep_25": 6.8559426906538515e-34,
      "timestep_26": 4.328969627721718e-34,
      "timestep_27": 4.146994377842293e-34,
      "timestep_28": 3.2052468490922768e-34,
      "timestep_29": 2.3584220962923432e-34,
      "timestep_3": 2.2371133917052764e-31,
      "timestep_30": 1.79686720794605e-34,
      "timestep_31": 1.7765569844101188e-34,
      "timestep_32": 1.619904339446928e-34,
      "timestep_33": 1.2683805598506963e-34,
      "timestep_34": 1.1937698441464682e-34,
      "timestep_35": 1.11915912844224e-34,
      "timestep_36": 1.044548527532382e-34,
      "timestep_37": 9.69937926622524e-35,
      "timestep_38": 8.953272683154809e-35,
      "timestep_39": 4.702390663021861e-35,
      "timestep_4": 1.927076521577028e-31,
      "timestep_40": 4.27490102018122e-35,
      "timestep_41": 3.8474113773405786e-35,
      "timestep_42": 0,
      "timestep_43": 0,
      "timestep_44": 0,
      "timestep_45": 3.720477185014252e-27,
      "timestep_46": 1.2411533037459078e-26,
      "timestep_47": 1.3892519700877607e-25,
      "timestep_48": 1.6944660753627798e-25,
      "timestep_49": 2.71015851046137e-25,
      "timestep_5": 1.317424361586616e-31,
      "timestep_6": 1.108032024731986e-31,
      "timestep_7": 8.323985828681235e-32,
      "timestep_8": 6.375726781352954e-32,
      "timestep_9": 4.955273513751512e-32
    },
    "temporal_importance": [
      7.772631214962591e-25,
      3.0108109042924323e-25,
      2.5116833561939386e-26,
      2.2371133917052764e-31,
      1.927076521577028e-31,
      1.317424361586616e-31,
      1.108032024731986e-31,
      8.323985828681235e-32,
      6.375726781352954e-32,
      4.955273513751512e-32,
      3.8405263599910186e-32,
      3.0278221858007244e-32,
      2.066112200763403e-32,
      1.6394209757263595e-32,
      1.383406534577721e-32,
      1.0528729514898483e-32,
      7.830662147178212e-33,
      5.525088302435671e-33,
      4.3600672389372254e-33,
      3.22861241662651e-33,
      2.9277066176381363e-33,
      2.2717409132739673e-33,
      1.589459196472749e-33,
      9.62263440838467e-34,
      9.491531890779445e-34,
      6.8559426906538515e-34,
      4.328969627721718e-34,
      4.146994377842293e-34,
      3.2052468490922768e-34,
      2.3584220962923432e-34,
      1.79686720794605e-34,
      1.7765569844101188e-34,
      1.619904339446928e-34,
      1.2683805598506963e-34,
      1.1937698441464682e-34,
      1.11915912844224e-34,
      1.044548527532382e-34,
      9.69937926622524e-35,
      8.953272683154809e-35,
      4.702390663021861e-35,
      4.27490102018122e-35,
      3.8474113773405786e-35,
      0,
      0,
      0,
      3.720477185014252e-27,
      1.2411533037459078e-26,
      1.3892519700877607e-25,
      1.6944660753627798e-25,
      2.71015851046137e-25
    ],
    "trend_analysis": {
      "confidence_level": "high",
      "prediction_trend": "stable"
    }
  }
}