{
  "prediction": {
    "employee_id": "1783",
    "attrition_probability": 0.6975177526473999,
    "attrition_prediction": 1,
    "risk_category": "MEDIUM",
    "confidence_score": 0.3950355052947998,
    "prediction_timestamp": "2025-09-23T22:53:50.005931"
  },
  "explanation": {
    "employee_id": "1783",
    "feature_importance": {
      "RelationshipSatisfaction": 0.03405288979411125,
      "Education": 0.02487798221409321,
      "JobInvolvement": 0.03501373156905174,
      "EnvironmentSatisfaction": 0.048257846385240555,
      "JobLevel": 0.07228615880012512,
      "JobSatisfaction": 0.04019258916378021,
      "StockOptionLevel": 0.07264421880245209,
      "WorkLifeBalance": 0.03580893576145172,
      "Department": 0.037670474499464035,
      "JobRole": 0.046762410551309586,
      "MaritalStatus": 0.036864522844552994,
      "OverTime": 0.0779639258980751,
      "Age": 0.04039482772350311,
      "DailyRate": 0.03578038513660431,
      "DistanceFromHome": 0.036774344742298126,
      "MonthlyIncome": 0.04666806384921074,
      "NumCompaniesWorked": 0.050036631524562836,
      "TotalWorkingYears": 0.04981709271669388,
      "TrainingTimesLastYear": 0.02378365956246853,
      "YearsAtCompany": 0.02968277968466282,
      "YearsInCurrentRole": 0.03649982064962387,
      "YearsSinceLastPromotion": 0.03537580743432045,
      "YearsWithCurrManager": 0.05279093235731125
    },
    "shap_values": {
      "RelationshipSatisfaction": -0.2307264357805252,
      "Education": -0.24055704474449158,
      "JobInvolvement": -0.09721361100673676,
      "EnvironmentSatisfaction": -0.17592853307724,
      "JobLevel": 0.07280858606100082,
      "JobSatisfaction": 0.29995042085647583,
      "StockOptionLevel": 0.2894694209098816,
      "WorkLifeBalance": -0.14430513978004456,
      "Department": -0.041069649159908295,
      "JobRole": -0.003925584256649017,
      "MaritalStatus": -0.20813754200935364,
      "OverTime": -0.6595279574394226,
      "Age": 0.6101454496383667,
      "DailyRate": -0.438981294631958,
      "DistanceFromHome": 0.024329831823706627,
      "MonthlyIncome": 0.629294753074646,
      "NumCompaniesWorked": -0.11472901701927185,
      "TotalWorkingYears": 0.4490576982498169,
      "TrainingTimesLastYear": -0.4117410480976105,
      "YearsAtCompany": 0.17330661416053772,
      "YearsInCurrentRole": 0.1186322271823883,
      "YearsSinceLastPromotion": -0.07398440688848495,
      "YearsWithCurrManager": 0.7340525388717651
    },
    "lime_explanation": {
      "features": [
        "OverTime=0",
        "NumCompaniesWorked <= 1.00",
        "StockOptionLevel <= 0.00",
        "MonthlyIncome <= 2922.25",
        "JobSatisfaction <= 2.00",
        "2.00 < JobInvolvement <= 3.00",
        "Age <= 30.00",
        "2.00 < WorkLifeBalance <= 3.00",
        "YearsWithCurrManager <= 2.00",
        "DailyRate > 1162.00"
      ],
      "values": [
        -0.21336761649459463,
        -0.13120855994749134,
        0.11483759438068364,
        0.092337423229213,
        0.0750015840313488,
        -0.07494454617897989,
        0.07335880072750148,
        -0.0658683003164791,
        0.06567080824502305,
        -0.0629889054353754
      ],
      "intercept": 0.45940220655830377
    },
    "top_risk_factors": [
      {
        "feature": "YearsWithCurrManager",
        "impact": 0.7340525388717651,
        "type": "risk"
      },
      {
        "feature": "MonthlyIncome",
        "impact": 0.629294753074646,
        "type": "risk"
      },
      {
        "feature": "Age",
        "impact": 0.6101454496383667,
        "type": "risk"
      },
      {
        "feature": "TotalWorkingYears",
        "impact": 0.4490576982498169,
        "type": "risk"
      }
    ],
    "top_protective_factors": [
      {
        "feature": "OverTime",
        "impact": 0.6595279574394226,
        "type": "protective"
      }
    ],
    "explanation_timestamp": "2025-09-23T22:53:50.093458"
  },
  "agent_type": "structura",
  "analysis_type": "individual"
}