{
  "confidence": 0.8,
  "employee_id": "1251",
  "features_used": 11,
  "model_metadata": {
    "feature_dimensions": 11,
    "model_type": "GRU_CNN_Hybrid",
    "sequence_length": 50,
    "training_optimized": true
  },
  "predicted_attrition": 0,
  "risk_score": 2.663370446023053e-28,
  "sequence_length": 50,
  "xai_explanation": {
    "attention_weights": [
      [
        0.02000749111175537,
        0.01999896764755249,
        0.019999150186777115,
        0.019999314099550247,
        0.019999459385871887,
        0.019999569281935692,
        0.019999653100967407,
        0.01999971829354763,
        0.01999977044761181,
        0.019999811425805092,
        0.01999984122812748,
        0.01999986357986927,
        0.019999882206320763,
        0.019999897107481956,
        0.019999908283352852,
        0.0199999138712883,
        0.019999923184514046,
        0.019999926909804344,
        0.019999932497739792,
        0.019999932497739792,
        0.01999993622303009,
        0.01999993622303009,
        0.01999993994832039,
        0.01999993994832039,
        0.01999993994832039,
        0.01999993994832039,
        0.01999993994832039,
        0.01999993994832039,
        0.01999993994832039,
        0.019999941810965538,
        0.01999993994832039,
        0.01999993994832039,
        0.01999993994832039,
        0.01999993994832039,
        0.01999993994832039,
        0.01999993622303009,
        0.01999993622303009,
        0.01999993622303009,
        0.01999993622303009,
        0.01999993622303009,
        0.01999993622303009,
        0.01999993622303009,
        0.01999993622303009,
        0.01999993622303009,
        0.01999993622303009,
        0.01999993622303009,
        0.01999993622303009,
        0.01999993622303009,
        0.01999993622303009,
        0.01999993622303009
      ]
    ],
    "feature_names": [
      "day_of_week",
      "day_index",
      "system_login_hours",
      "work_focused_hours",
      "meeting_collaboration_hours",
      "social_dining_hours",
      "break_relaxation_hours",
      "shared_work_hours",
      "internal_comm_volume",
      "cafeteria_usage",
      "convenience_food_usage"
    ],
    "gradient_importance": [
      2.4095559679426563e-30,
      1.0460108268927706e-30,
      3.216810444528047e-30,
      3.8418142080918925e-30,
      6.2898287776906275e-30,
      2.4745299605713632e-30,
      3.89315784531321e-29,
      4.68348809966484e-30,
      1.4653164138706316e-29,
      2.483320702292914e-29,
      3.0921924703917247e-29
    ],
    "sequence_importance": {
      "timestep_0": 2.76530919575574e-28,
      "timestep_1": 1.071171540559692e-28,
      "timestep_10": 1.4523327409764775e-35,
      "timestep_11": 1.1139386679166576e-35,
      "timestep_12": 8.612378029979681e-36,
      "timestep_13": 7.041732758345087e-36,
      "timestep_14": 4.822035095360194e-36,
      "timestep_15": 3.933710341023945e-36,
      "timestep_16": 3.0959424622522976e-36,
      "timestep_17": 2.2571500437266376e-36,
      "timestep_18": 1.838295879130584e-36,
      "timestep_19": 1.4481062275052501e-36,
      "timestep_2": 8.935947811561126e-30,
      "timestep_20": 1.0767732551637864e-36,
      "timestep_21": 8.23544049156263e-37,
      "timestep_22": 6.901997158827752e-37,
      "timestep_23": 4.6456245779098975e-37,
      "timestep_24": 3.4995007702765953e-37,
      "timestep_25": 2.500500969970913e-37,
      "timestep_26": 1.6974682757459702e-37,
      "timestep_27": 1.5855685397602676e-37,
      "timestep_28": 1.5166305968209754e-37,
      "timestep_29": 6.723461981435459e-38,
      "timestep_3": 8.625182911496323e-35,
      "timestep_30": 6.403296671422839e-38,
      "timestep_31": 6.083131921929605e-38,
      "timestep_32": 5.762966611916985e-38,
      "timestep_33": 6.368868449712536e-38,
      "timestep_34": 2.43348930795262e-38,
      "timestep_35": 2.2813962962705045e-38,
      "timestep_36": 0,
      "timestep_37": 0,
      "timestep_38": 0,
      "timestep_39": 0,
      "timestep_4": 7.552942652835571e-35,
      "timestep_40": 0,
      "timestep_41": 0,
      "timestep_42": 0,
      "timestep_43": 0,
      "timestep_44": 0,
      "timestep_45": 0,
      "timestep_46": 7.450213982404282e-30,
      "timestep_47": 5.201749603473454e-29,
      "timestep_48": 6.408564991869446e-29,
      "timestep_49": 8.978004103015467e-29,
      "timestep_5": 5.589051472962097e-35,
      "timestep_6": 4.240226519705292e-35,
      "timestep_7": 3.21871389323481e-35,
      "timestep_8": 2.5409670706310585e-35,
      "timestep_9": 1.9821790709896353e-35
    },
    "temporal_importance": [
      2.76530919575574e-28,
      1.071171540559692e-28,
      8.935947811561126e-30,
      8.625182911496323e-35,
      7.552942652835571e-35,
      5.589051472962097e-35,
      4.240226519705292e-35,
      3.21871389323481e-35,
      2.5409670706310585e-35,
      1.9821790709896353e-35,
      1.4523327409764775e-35,
      1.1139386679166576e-35,
      8.612378029979681e-36,
      7.041732758345087e-36,
      4.822035095360194e-36,
      3.933710341023945e-36,
      3.0959424622522976e-36,
      2.2571500437266376e-36,
      1.838295879130584e-36,
      1.4481062275052501e-36,
      1.0767732551637864e-36,
      8.23544049156263e-37,
      6.901997158827752e-37,
      4.6456245779098975e-37,
      3.4995007702765953e-37,
      2.500500969970913e-37,
      1.6974682757459702e-37,
      1.5855685397602676e-37,
      1.5166305968209754e-37,
      6.723461981435459e-38,
      6.403296671422839e-38,
      6.083131921929605e-38,
      5.762966611916985e-38,
      6.368868449712536e-38,
      2.43348930795262e-38,
      2.2813962962705045e-38,
      0,
      0,
      0,
      0,
      0,
      0,
      0,
      0,
      0,
      0,
      7.450213982404282e-30,
      5.201749603473454e-29,
      6.408564991869446e-29,
      8.978004103015467e-29
    ],
    "trend_analysis": {
      "confidence_level": "high",
      "prediction_trend": "stable"
    }
  }
}