{
  "confidence": 0.8,
  "employee_id": "631",
  "features_used": 11,
  "model_metadata": {
    "feature_dimensions": 11,
    "model_type": "GRU_CNN_Hybrid",
    "sequence_length": 50,
    "training_optimized": true
  },
  "predicted_attrition": 1,
  "risk_score": 0.9999986886978149,
  "sequence_length": 50,
  "xai_explanation": {
    "attention_weights": [
      [
        0.02000495046377182,
        0.020004337653517723,
        0.02000380866229534,
        0.02000340260565281,
        0.02000286430120468,
        0.020002469420433044,
        0.020002130419015884,
        0.020001789554953575,
        0.020001474767923355,
        0.02000119537115097,
        0.020000947639346123,
        0.02000073343515396,
        0.02000054344534874,
        0.02000037208199501,
        0.020000198855996132,
        0.02000006102025509,
        0.019999941810965538,
        0.01999981328845024,
        0.019999703392386436,
        0.019999608397483826,
        0.019999513402581215,
        0.019999440759420395,
        0.019999373704195023,
        0.019999312236905098,
        0.019999250769615173,
        0.019999198615550995,
        0.019999150186777115,
        0.01999911293387413,
        0.01999906823039055,
        0.01999904029071331,
        0.019999012351036072,
        0.019998986274003983,
        0.019998960196971893,
        0.01999894343316555,
        0.01999892294406891,
        0.019998902454972267,
        0.019998885691165924,
        0.01999886892735958,
        0.019998857751488686,
        0.01999884657561779,
        0.019998833537101746,
        0.01999882608652115,
        0.019998816773295403,
        0.019998811185359955,
        0.019998803734779358,
        0.01999879814684391,
        0.019998792558908463,
        0.019998786970973015,
        0.019998783245682716,
        0.01999877765774727
      ]
    ],
    "feature_names": [
      "day_of_week",
      "day_index",
      "system_login_hours",
      "work_focused_hours",
      "meeting_collaboration_hours",
      "social_dining_hours",
      "break_relaxation_hours",
      "shared_work_hours",
      "internal_comm_volume",
      "cafeteria_usage",
      "convenience_food_usage"
    ],
    "gradient_importance": [
      4.599568725893732e-09,
      1.4033648687572509e-09,
      3.335804299453571e-09,
      1.5225515070937945e-08,
      7.514200817126948e-09,
      2.3891681966148326e-09,
      9.893359020907155e-08,
      7.186991002328114e-09,
      1.220431578019543e-08,
      6.517927175764271e-08,
      6.651518447142735e-08
    ],
    "sequence_importance": {
      "timestep_0": 4.0130661460580086e-08,
      "timestep_1": 8.775486847606428e-13,
      "timestep_10": 2.079276285654394e-13,
      "timestep_11": 1.6604919479343283e-13,
      "timestep_12": 1.3810458852903107e-13,
      "timestep_13": 1.2820605308720007e-13,
      "timestep_14": 1.1549310498844972e-13,
      "timestep_15": 9.252080574112878e-14,
      "timestep_16": 7.28077605258344e-14,
      "timestep_17": 7.437437845496733e-14,
      "timestep_18": 5.855660737113383e-14,
      "timestep_19": 4.851336143246211e-14,
      "timestep_2": 7.507508070075941e-13,
      "timestep_20": 4.368118415804326e-14,
      "timestep_21": 3.3537466559300025e-14,
      "timestep_22": 3.1082405936187427e-14,
      "timestep_23": 2.443841671726215e-14,
      "timestep_24": 2.4162563497329842e-14,
      "timestep_25": 1.972538479126998e-14,
      "timestep_26": 1.567539331572953e-14,
      "timestep_27": 1.3120621668132049e-14,
      "timestep_28": 1.2336241206887307e-14,
      "timestep_29": 9.206129206130922e-15,
      "timestep_3": 5.860398429556601e-13,
      "timestep_30": 8.5447701160795e-15,
      "timestep_31": 6.4964623375349424e-15,
      "timestep_32": 5.964579856767866e-15,
      "timestep_33": 4.359633263255206e-15,
      "timestep_34": 4.012699579488159e-15,
      "timestep_35": 4.193621158340467e-15,
      "timestep_36": 3.0311256129578797e-15,
      "timestep_37": 2.6383892578427668e-15,
      "timestep_38": 2.0943844650510605e-15,
      "timestep_39": 1.6674169674385595e-15,
      "timestep_4": 5.543725743219208e-13,
      "timestep_40": 1.496738769775634e-15,
      "timestep_41": 1.0975513058551138e-15,
      "timestep_42": 8.30118228693224e-16,
      "timestep_43": 6.990771495553002e-16,
      "timestep_44": 5.422202002509599e-16,
      "timestep_45": 4.043598706129285e-16,
      "timestep_46": 2.735119149869787e-16,
      "timestep_47": 4.427042767929379e-07,
      "timestep_48": 4.5643582780030556e-07,
      "timestep_49": 3.5384593388698704e-07,
      "timestep_5": 4.370878387959659e-13,
      "timestep_6": 4.1731879453846266e-13,
      "timestep_7": 3.2203696632114587e-13,
      "timestep_8": 2.793268275100985e-13,
      "timestep_9": 2.387188482912833e-13
    },
    "temporal_importance": [
      4.0130661460580086e-08,
      8.775486847606428e-13,
      7.507508070075941e-13,
      5.860398429556601e-13,
      5.543725743219208e-13,
      4.370878387959659e-13,
      4.1731879453846266e-13,
      3.2203696632114587e-13,
      2.793268275100985e-13,
      2.387188482912833e-13,
      2.079276285654394e-13,
      1.6604919479343283e-13,
      1.3810458852903107e-13,
      1.2820605308720007e-13,
      1.1549310498844972e-13,
      9.252080574112878e-14,
      7.28077605258344e-14,
      7.437437845496733e-14,
      5.855660737113383e-14,
      4.851336143246211e-14,
      4.368118415804326e-14,
      3.3537466559300025e-14,
      3.1082405936187427e-14,
      2.443841671726215e-14,
      2.4162563497329842e-14,
      1.972538479126998e-14,
      1.567539331572953e-14,
      1.3120621668132049e-14,
      1.2336241206887307e-14,
      9.206129206130922e-15,
      8.5447701160795e-15,
      6.4964623375349424e-15,
      5.964579856767866e-15,
      4.359633263255206e-15,
      4.012699579488159e-15,
      4.193621158340467e-15,
      3.0311256129578797e-15,
      2.6383892578427668e-15,
      2.0943844650510605e-15,
      1.6674169674385595e-15,
      1.496738769775634e-15,
      1.0975513058551138e-15,
      8.30118228693224e-16,
      6.990771495553002e-16,
      5.422202002509599e-16,
      4.043598706129285e-16,
      2.735119149869787e-16,
      4.427042767929379e-07,
      4.5643582780030556e-07,
      3.5384593388698704e-07
    ],
    "trend_analysis": {
      "confidence_level": "high",
      "prediction_trend": "increasing"
    }
  }
}