{
  "prediction": {
    "employee_id": "1697",
    "attrition_probability": 0.02860715053975582,
    "attrition_prediction": 1,
    "risk_category": "LOW",
    "confidence_score": 0.9427856989204884,
    "prediction_timestamp": "2025-09-23T22:53:43.607666"
  },
  "explanation": {
    "employee_id": "1697",
    "feature_importance": {
      "RelationshipSatisfaction": 0.03405288979411125,
      "Education": 0.02487798221409321,
      "JobInvolvement": 0.03501373156905174,
      "EnvironmentSatisfaction": 0.048257846385240555,
      "JobLevel": 0.07228615880012512,
      "JobSatisfaction": 0.04019258916378021,
      "StockOptionLevel": 0.07264421880245209,
      "WorkLifeBalance": 0.03580893576145172,
      "Department": 0.037670474499464035,
      "JobRole": 0.046762410551309586,
      "MaritalStatus": 0.036864522844552994,
      "OverTime": 0.0779639258980751,
      "Age": 0.04039482772350311,
      "DailyRate": 0.03578038513660431,
      "DistanceFromHome": 0.036774344742298126,
      "MonthlyIncome": 0.04666806384921074,
      "NumCompaniesWorked": 0.050036631524562836,
      "TotalWorkingYears": 0.04981709271669388,
      "TrainingTimesLastYear": 0.02378365956246853,
      "YearsAtCompany": 0.02968277968466282,
      "YearsInCurrentRole": 0.03649982064962387,
      "YearsSinceLastPromotion": 0.03537580743432045,
      "YearsWithCurrManager": 0.05279093235731125
    },
    "shap_values": {
      "RelationshipSatisfaction": -0.27912887930870056,
      "Education": -0.07851488143205643,
      "JobInvolvement": 0.5570372343063354,
      "EnvironmentSatisfaction": -0.3303481340408325,
      "JobLevel": 0.015525241382420063,
      "JobSatisfaction": -0.4393369257450104,
      "StockOptionLevel": -0.2422763556241989,
      "WorkLifeBalance": -0.08552425354719162,
      "Department": -0.17529648542404175,
      "JobRole": -0.31606313586235046,
      "MaritalStatus": -0.11824948340654373,
      "OverTime": -0.41687196493148804,
      "Age": -0.50680011510849,
      "DailyRate": 0.08792037516832352,
      "DistanceFromHome": -0.6405157446861267,
      "MonthlyIncome": -0.592694878578186,
      "NumCompaniesWorked": -0.231090247631073,
      "TotalWorkingYears": -0.16604474186897278,
      "TrainingTimesLastYear": -0.012170505709946156,
      "YearsAtCompany": -0.12708096206188202,
      "YearsInCurrentRole": 0.10004966706037521,
      "YearsSinceLastPromotion": -0.1473068743944168,
      "YearsWithCurrManager": 0.3444230258464813
    },
    "lime_explanation": {
      "features": [
        "OverTime=0",
        "JobInvolvement <= 2.00",
        "DistanceFromHome <= 2.00",
        "3.00 < JobSatisfaction <= 4.00",
        "DailyRate <= 471.75",
        "0.00 < StockOptionLevel <= 1.00",
        "TotalWorkingYears > 15.00",
        "2.00 < EnvironmentSatisfaction <= 3.00",
        "Age > 42.00",
        "YearsWithCurrManager <= 2.00"
      ],
      "values": [
        -0.20178391286106478,
        0.11929234174713917,
        -0.09450939117428085,
        -0.07881668200247632,
        0.07330588111479967,
        -0.07233128033684229,
        -0.05690539956730419,
        -0.05400928742962777,
        -0.05374744942518745,
        0.051945019449239994
      ],
      "intercept": 0.4803231726988535
    },
    "top_risk_factors": [
      {
        "feature": "JobInvolvement",
        "impact": 0.5570372343063354,
        "type": "risk"
      }
    ],
    "top_protective_factors": [
      {
        "feature": "DistanceFromHome",
        "impact": 0.6405157446861267,
        "type": "protective"
      },
      {
        "feature": "MonthlyIncome",
        "impact": 0.592694878578186,
        "type": "protective"
      },
      {
        "feature": "Age",
        "impact": 0.50680011510849,
        "type": "protective"
      },
      {
        "feature": "JobSatisfaction",
        "impact": 0.4393369257450104,
        "type": "protective"
      }
    ],
    "explanation_timestamp": "2025-09-23T22:53:43.683099"
  },
  "agent_type": "structura",
  "analysis_type": "individual"
}