{
  "confidence": 0.8,
  "employee_id": "1483",
  "features_used": 11,
  "model_metadata": {
    "feature_dimensions": 11,
    "model_type": "GRU_CNN_Hybrid",
    "sequence_length": 50,
    "training_optimized": true
  },
  "predicted_attrition": 0,
  "risk_score": 1.4446323248762383e-08,
  "sequence_length": 50,
  "xai_explanation": {
    "attention_weights": [
      [
        0.02000155672430992,
        0.020000144839286804,
        0.020000159740447998,
        0.020000159740447998,
        0.020000163465738297,
        0.020000163465738297,
        0.0200001522898674,
        0.02000013366341591,
        0.020000116899609566,
        0.020000094547867775,
        0.02000008150935173,
        0.020000068470835686,
        0.020000053569674492,
        0.020000034943223,
        0.020000023767352104,
        0.02000000886619091,
        0.019999997690320015,
        0.01999998465180397,
        0.019999973475933075,
        0.019999967887997627,
        0.01999995857477188,
        0.019999954849481583,
        0.019999945536255836,
        0.01999993994832039,
        0.019999932497739792,
        0.019999925047159195,
        0.019999923184514046,
        0.019999917596578598,
        0.01999991573393345,
        0.01999991200864315,
        0.019999906420707703,
        0.019999904558062553,
        0.019999900832772255,
        0.019999900832772255,
        0.019999898970127106,
        0.019999897107481956,
        0.019999895244836807,
        0.01999989151954651,
        0.01999988965690136,
        0.01999988965690136,
        0.01999988779425621,
        0.01999988779425621,
        0.01999988779425621,
        0.01999988593161106,
        0.01999988593161106,
        0.01999988593161106,
        0.019999882206320763,
        0.019999882206320763,
        0.019999882206320763,
        0.019999882206320763
      ]
    ],
    "feature_names": [
      "day_of_week",
      "day_index",
      "system_login_hours",
      "work_focused_hours",
      "meeting_collaboration_hours",
      "social_dining_hours",
      "break_relaxation_hours",
      "shared_work_hours",
      "internal_comm_volume",
      "cafeteria_usage",
      "convenience_food_usage"
    ],
    "gradient_importance": [
      1.0808854505883758e-10,
      2.6659379565030505e-11,
      1.1907001773447945e-10,
      2.0733423311547483e-10,
      2.3962887230055685e-10,
      3.9824376435459996e-11,
      1.6482182285670888e-09,
      1.7411933006528102e-10,
      5.446851303325673e-10,
      1.0614827905541802e-09,
      1.272669303276075e-09
    ],
    "sequence_importance": {
      "timestep_0": 1.155146911457905e-08,
      "timestep_1": 2.454451974998051e-09,
      "timestep_10": 3.4887770379033454e-16,
      "timestep_11": 2.7669615006372403e-16,
      "timestep_12": 2.4003431417529177e-16,
      "timestep_13": 2.2572676302586416e-16,
      "timestep_14": 1.5629641201660502e-16,
      "timestep_15": 1.3893532032721546e-16,
      "timestep_16": 1.149492795548846e-16,
      "timestep_17": 1.1013022456782417e-16,
      "timestep_18": 9.452729534424872e-17,
      "timestep_19": 6.537172646804115e-17,
      "timestep_2": 2.09285599409774e-15,
      "timestep_20": 5.939688840700733e-17,
      "timestep_21": 5.4449425210376613e-17,
      "timestep_22": 4.552908301482516e-17,
      "timestep_23": 4.063919158882814e-17,
      "timestep_24": 3.579544029739932e-17,
      "timestep_25": 3.139695702098535e-17,
      "timestep_26": 2.5413461687660544e-17,
      "timestep_27": 2.296605263079785e-17,
      "timestep_28": 1.421641735262019e-17,
      "timestep_29": 1.5091102947752138e-17,
      "timestep_3": 1.6865644648485982e-15,
      "timestep_30": 1.3421920300430358e-17,
      "timestep_31": 1.132502323787272e-17,
      "timestep_32": 8.173698368978425e-18,
      "timestep_33": 8.857193573227929e-18,
      "timestep_34": 7.265505341593179e-18,
      "timestep_35": 6.341056974400347e-18,
      "timestep_36": 5.451678997228232e-18,
      "timestep_37": 4.5200353994771075e-18,
      "timestep_38": 3.297539175125547e-18,
      "timestep_39": 2.4763810578173647e-18,
      "timestep_4": 1.393815055200935e-15,
      "timestep_40": 2.2512549619194733e-18,
      "timestep_41": 2.026129279611888e-18,
      "timestep_42": 1.2006690993353942e-18,
      "timestep_43": 1.0505853455961963e-18,
      "timestep_44": 9.00501695254575e-19,
      "timestep_45": 7.504178898165887e-19,
      "timestep_46": 7.731986162440307e-10,
      "timestep_47": 2.9116504762782824e-09,
      "timestep_48": 3.393219039082851e-09,
      "timestep_49": 3.6513680967686923e-09,
      "timestep_5": 1.1045567977244989e-15,
      "timestep_6": 8.600633315379461e-16,
      "timestep_7": 6.776707740936119e-16,
      "timestep_8": 5.51565885334931e-16,
      "timestep_9": 4.621279411321454e-16
    },
    "temporal_importance": [
      1.155146911457905e-08,
      2.454451974998051e-09,
      2.09285599409774e-15,
      1.6865644648485982e-15,
      1.393815055200935e-15,
      1.1045567977244989e-15,
      8.600633315379461e-16,
      6.776707740936119e-16,
      5.51565885334931e-16,
      4.621279411321454e-16,
      3.4887770379033454e-16,
      2.7669615006372403e-16,
      2.4003431417529177e-16,
      2.2572676302586416e-16,
      1.5629641201660502e-16,
      1.3893532032721546e-16,
      1.149492795548846e-16,
      1.1013022456782417e-16,
      9.452729534424872e-17,
      6.537172646804115e-17,
      5.939688840700733e-17,
      5.4449425210376613e-17,
      4.552908301482516e-17,
      4.063919158882814e-17,
      3.579544029739932e-17,
      3.139695702098535e-17,
      2.5413461687660544e-17,
      2.296605263079785e-17,
      1.421641735262019e-17,
      1.5091102947752138e-17,
      1.3421920300430358e-17,
      1.132502323787272e-17,
      8.173698368978425e-18,
      8.857193573227929e-18,
      7.265505341593179e-18,
      6.341056974400347e-18,
      5.451678997228232e-18,
      4.5200353994771075e-18,
      3.297539175125547e-18,
      2.4763810578173647e-18,
      2.2512549619194733e-18,
      2.026129279611888e-18,
      1.2006690993353942e-18,
      1.0505853455961963e-18,
      9.00501695254575e-19,
      7.504178898165887e-19,
      7.731986162440307e-10,
      2.9116504762782824e-09,
      3.393219039082851e-09,
      3.6513680967686923e-09
    ],
    "trend_analysis": {
      "confidence_level": "high",
      "prediction_trend": "stable"
    }
  }
}