{
  "prediction": {
    "employee_id": "1249",
    "attrition_probability": 0.10129646956920624,
    "attrition_prediction": 1,
    "risk_category": "LOW",
    "confidence_score": 0.7974070608615875,
    "prediction_timestamp": "2025-09-23T22:53:11.770826"
  },
  "explanation": {
    "employee_id": "1249",
    "feature_importance": {
      "RelationshipSatisfaction": 0.03405288979411125,
      "Education": 0.02487798221409321,
      "JobInvolvement": 0.03501373156905174,
      "EnvironmentSatisfaction": 0.048257846385240555,
      "JobLevel": 0.07228615880012512,
      "JobSatisfaction": 0.04019258916378021,
      "StockOptionLevel": 0.07264421880245209,
      "WorkLifeBalance": 0.03580893576145172,
      "Department": 0.037670474499464035,
      "JobRole": 0.046762410551309586,
      "MaritalStatus": 0.036864522844552994,
      "OverTime": 0.0779639258980751,
      "Age": 0.04039482772350311,
      "DailyRate": 0.03578038513660431,
      "DistanceFromHome": 0.036774344742298126,
      "MonthlyIncome": 0.04666806384921074,
      "NumCompaniesWorked": 0.050036631524562836,
      "TotalWorkingYears": 0.04981709271669388,
      "TrainingTimesLastYear": 0.02378365956246853,
      "YearsAtCompany": 0.02968277968466282,
      "YearsInCurrentRole": 0.03649982064962387,
      "YearsSinceLastPromotion": 0.03537580743432045,
      "YearsWithCurrManager": 0.05279093235731125
    },
    "shap_values": {
      "RelationshipSatisfaction": 0.41657984256744385,
      "Education": 0.05141014978289604,
      "JobInvolvement": -0.059439871460199356,
      "EnvironmentSatisfaction": 0.7040119171142578,
      "JobLevel": -0.029309650883078575,
      "JobSatisfaction": -0.40819457173347473,
      "StockOptionLevel": -0.34917953610420227,
      "WorkLifeBalance": -0.08502215892076492,
      "Department": -0.02824067696928978,
      "JobRole": -0.170431986451149,
      "MaritalStatus": -0.19292357563972473,
      "OverTime": -0.6165459752082825,
      "Age": 0.33335641026496887,
      "DailyRate": -0.37404578924179077,
      "DistanceFromHome": -0.8461365699768066,
      "MonthlyIncome": -0.2058926820755005,
      "NumCompaniesWorked": -0.22140800952911377,
      "TotalWorkingYears": -0.014172747731208801,
      "TrainingTimesLastYear": -0.06069627404212952,
      "YearsAtCompany": 0.0036562029272317886,
      "YearsInCurrentRole": -0.052117399871349335,
      "YearsSinceLastPromotion": -0.05467861518263817,
      "YearsWithCurrManager": -0.19876480102539062
    },
    "lime_explanation": {
      "features": [
        "OverTime=0",
        "NumCompaniesWorked <= 1.00",
        "EnvironmentSatisfaction <= 2.00",
        "DistanceFromHome <= 2.00",
        "RelationshipSatisfaction <= 2.00",
        "3.00 < JobSatisfaction <= 4.00",
        "Age <= 30.00",
        "2.00 < WorkLifeBalance <= 3.00",
        "2.00 < JobInvolvement <= 3.00",
        "StockOptionLevel > 1.00"
      ],
      "values": [
        -0.21348173464670378,
        -0.1208338698698648,
        0.11500851352224133,
        -0.10430234965134956,
        0.09581100050221167,
        -0.08926672461635579,
        0.07645853354382397,
        -0.0674783365075693,
        -0.06470631758055283,
        -0.06289352940168778
      ],
      "intercept": 0.5493909679790787
    },
    "top_risk_factors": [
      {
        "feature": "EnvironmentSatisfaction",
        "impact": 0.7040119171142578,
        "type": "risk"
      },
      {
        "feature": "RelationshipSatisfaction",
        "impact": 0.41657984256744385,
        "type": "risk"
      }
    ],
    "top_protective_factors": [
      {
        "feature": "DistanceFromHome",
        "impact": 0.8461365699768066,
        "type": "protective"
      },
      {
        "feature": "OverTime",
        "impact": 0.6165459752082825,
        "type": "protective"
      },
      {
        "feature": "JobSatisfaction",
        "impact": 0.40819457173347473,
        "type": "protective"
      }
    ],
    "explanation_timestamp": "2025-09-23T22:53:11.853162"
  },
  "agent_type": "structura",
  "analysis_type": "individual"
}