{
  "confidence": 0.7,
  "employee_data": {
    "Age": 29,
    "AgeFactor": 1,
    "Attrition": "No",
    "BusinessTravel": "Travel_Rarely",
    "DailyRate": 694,
    "Department": "Research & Development",
    "DistanceFromHome": 1,
    "Education": 3,
    "EducationField": "Life Sciences",
    "EmployeeCount": 1,
    "EmployeeNumber": 1264,
    "EnvironmentSatisfaction": 4,
    "Gender": "Female",
    "HourlyRate": 87,
    "JobInvolvement": 2,
    "JobLevel": 4,
    "JobRole": "Research Director",
    "JobSatisfaction": 4,
    "MaritalStatus": "Divorced",
    "MonthlyIncome": 16124,
    "MonthlyRate": 3423,
    "Norm_EnvironmentSatisfaction": 1,
    "Norm_JobInvolvement": 0.3333333333333333,
    "Norm_JobLevel": 0.75,
    "Norm_JobSatisfaction": 1,
    "Norm_MonthlyIncome": 0.7959452343338599,
    "Norm_NumCompaniesWorked": 0.3333333333333333,
    "Norm_PercentSalaryHike": 0.2142857142857142,
    "Norm_PerformanceRating": 0,
    "Norm_RelationshipSatisfaction": 0.3333333333333333,
    "Norm_TotalWorkingYears": 0.225,
    "Norm_TrainingTimesLastYear": 0.3333333333333333,
    "Norm_WorkLifeBalance": 0.3333333333333333,
    "Norm_YearsAtCompany": 0.175,
    "Norm_YearsSinceLastPromotion": 0.0666666666666666,
    "NumCompaniesWorked": 3,
    "Over18": "Y",
    "OverTime": "No",
    "OverTime_bin": 0,
    "PercentSalaryHike": 14,
    "PerformanceRating": 3,
    "Prob_N01": 0.5867815345743591,
    "Prob_N02": 0.0015998192802237,
    "Prob_N03": 0.0321332292233619,
    "Prob_P01": 0.0022327276653725,
    "Prob_P02": 0.0989773140639446,
    "Prob_P03": 0.0084702272616948,
    "Prob_P04": 0.0508544117356682,
    "Prob_S01": 0.0040682950552273,
    "Prob_S02": 0.0138987017279976,
    "Prob_S03": 0.2009837394121499,
    "RelationshipSatisfaction": 2,
    "Score_N01": 0.7904761904761904,
    "Score_N02": 0.2,
    "Score_N03": 0.5,
    "Score_P01": 0.2333333333333333,
    "Score_P02": 0.6125,
    "Score_P03": 0.3666666666666667,
    "Score_P04": 0.5459076205521703,
    "Score_S01": 0.2933333333333333,
    "Score_S02": 0.4161904761904762,
    "Score_S03": 0.6833333333333333,
    "StandardHours": 80,
    "StockOptionLevel": 2,
    "TotalWorkingYears": 9,
    "TrainingTimesLastYear": 2,
    "WorkLifeBalance": 2,
    "YearsAtCompany": 7,
    "YearsInCurrentRole": 7,
    "YearsSinceLastPromotion": 1,
    "YearsWithCurrManager": 7,
    "argmax_Persona": "현상 유지자",
    "argmax_Persona_Code": "N01",
    "argmax_RiskTier": "Neutral",
    "is_married": 0,
    "softmax_Persona": "현상 유지자",
    "softmax_Persona_Code": "N01",
    "softmax_RiskTier": "Neutral"
  },
  "employee_id": 1264,
  "feature_importance": {},
  "lime_explanation": {},
  "model_interpretation": {},
  "predicted_attrition": 0,
  "risk_score": 2.166968806704972e-05,
  "shap_values": {},
  "xai_explanation": {}
}