{
  "prediction": {
    "risk_score": 6.801913893239586e-11,
    "attrition_probability": 6.801913893239586e-11
  },
  "confidence": 0.8
}