{
  "prediction": {
    "risk_score": 2.713699671867196e-17,
    "attrition_probability": 2.713699671867196e-17
  },
  "confidence": 0.8
}