{
  "confidence": 0.8,
  "employee_id": "1719",
  "features_used": 11,
  "model_metadata": {
    "feature_dimensions": 11,
    "model_type": "GRU_CNN_Hybrid",
    "sequence_length": 50,
    "training_optimized": true
  },
  "predicted_attrition": 0,
  "risk_score": 6.832254774048191e-28,
  "sequence_length": 50,
  "xai_explanation": {
    "attention_weights": [
      [
        0.02000780962407589,
        0.019999271258711815,
        0.019999394193291664,
        0.01999950408935547,
        0.019999593496322632,
        0.019999679177999496,
        0.01999974250793457,
        0.019999785348773003,
        0.01999981887638569,
        0.019999846816062927,
        0.01999986171722412,
        0.019999874755740166,
        0.019999884068965912,
        0.019999895244836807,
        0.019999898970127106,
        0.019999906420707703,
        0.019999908283352852,
        0.019999908283352852,
        0.01999991200864315,
        0.01999991200864315,
        0.01999991200864315,
        0.0199999138712883,
        0.0199999138712883,
        0.01999991200864315,
        0.01999991200864315,
        0.01999991200864315,
        0.019999908283352852,
        0.019999908283352852,
        0.019999908283352852,
        0.019999908283352852,
        0.019999908283352852,
        0.019999908283352852,
        0.019999906420707703,
        0.019999906420707703,
        0.019999906420707703,
        0.019999906420707703,
        0.019999904558062553,
        0.019999904558062553,
        0.019999904558062553,
        0.019999904558062553,
        0.019999904558062553,
        0.019999904558062553,
        0.019999904558062553,
        0.019999904558062553,
        0.019999904558062553,
        0.019999904558062553,
        0.019999904558062553,
        0.019999904558062553,
        0.019999904558062553,
        0.019999904558062553
      ]
    ],
    "feature_names": [
      "day_of_week",
      "day_index",
      "system_login_hours",
      "work_focused_hours",
      "meeting_collaboration_hours",
      "social_dining_hours",
      "break_relaxation_hours",
      "shared_work_hours",
      "internal_comm_volume",
      "cafeteria_usage",
      "convenience_food_usage"
    ],
    "gradient_importance": [
      5.009973098006857e-30,
      2.9442533654198344e-30,
      7.896485052439724e-30,
      9.855299498310987e-30,
      1.613514466142076e-29,
      6.623514572307137e-30,
      9.987024680563567e-29,
      1.2014417429245984e-29,
      3.758940690268525e-29,
      6.370403291874521e-29,
      7.932327661947708e-29
    ],
    "sequence_importance": {
      "timestep_0": 7.0937811345389085e-28,
      "timestep_1": 2.747850881551113e-28,
      "timestep_10": 2.5453232299941277e-35,
      "timestep_11": 2.010105384413504e-35,
      "timestep_12": 1.6100942134599984e-35,
      "timestep_13": 1.296649190086494e-35,
      "timestep_14": 9.568584282737774e-36,
      "timestep_15": 7.322228497133769e-36,
      "timestep_16": 5.53599832207107e-36,
      "timestep_17": 3.787010310559691e-36,
      "timestep_18": 3.091358220824942e-36,
      "timestep_19": 2.4267757654827538e-36,
      "timestep_2": 2.2923126880131105e-29,
      "timestep_20": 1.793891264343754e-36,
      "timestep_21": 1.5027091562038046e-36,
      "timestep_22": 1.2023806272521669e-36,
      "timestep_23": 8.997933397006902e-37,
      "timestep_24": 6.335174396293661e-37,
      "timestep_25": 4.302041889000253e-37,
      "timestep_26": 4.123588659542153e-37,
      "timestep_27": 2.3574342261649606e-37,
      "timestep_28": 1.8040168452599862e-37,
      "timestep_29": 1.7220158859323809e-37,
      "timestep_3": 1.5853521523724454e-34,
      "timestep_30": 1.6400150387086527e-37,
      "timestep_31": 1.5606707170616529e-37,
      "timestep_32": 1.2256978301245741e-37,
      "timestep_33": 1.1576034688608054e-37,
      "timestep_34": 1.0895089954931595e-37,
      "timestep_35": 1.0214146342293908e-37,
      "timestep_36": 9.53320272965622e-38,
      "timestep_37": 5.071980173445175e-38,
      "timestep_38": 4.6818281326706235e-38,
      "timestep_39": 4.291676091896072e-38,
      "timestep_4": 1.2989017426156941e-34,
      "timestep_40": 0,
      "timestep_41": 0,
      "timestep_42": 0,
      "timestep_43": 0,
      "timestep_44": 0,
      "timestep_45": 0,
      "timestep_46": 0,
      "timestep_47": 1.0215524833256068e-28,
      "timestep_48": 1.621147678828067e-28,
      "timestep_49": 2.7848862736404363e-28,
      "timestep_5": 1.1432148626889748e-34,
      "timestep_6": 8.501204417711184e-35,
      "timestep_7": 6.090366523220446e-35,
      "timestep_8": 5.010464888292713e-35,
      "timestep_9": 3.5431661182876636e-35
    },
    "temporal_importance": [
      7.0937811345389085e-28,
      2.747850881551113e-28,
      2.2923126880131105e-29,
      1.5853521523724454e-34,
      1.2989017426156941e-34,
      1.1432148626889748e-34,
      8.501204417711184e-35,
      6.090366523220446e-35,
      5.010464888292713e-35,
      3.5431661182876636e-35,
      2.5453232299941277e-35,
      2.010105384413504e-35,
      1.6100942134599984e-35,
      1.296649190086494e-35,
      9.568584282737774e-36,
      7.322228497133769e-36,
      5.53599832207107e-36,
      3.787010310559691e-36,
      3.091358220824942e-36,
      2.4267757654827538e-36,
      1.793891264343754e-36,
      1.5027091562038046e-36,
      1.2023806272521669e-36,
      8.997933397006902e-37,
      6.335174396293661e-37,
      4.302041889000253e-37,
      4.123588659542153e-37,
      2.3574342261649606e-37,
      1.8040168452599862e-37,
      1.7220158859323809e-37,
      1.6400150387086527e-37,
      1.5606707170616529e-37,
      1.2256978301245741e-37,
      1.1576034688608054e-37,
      1.0895089954931595e-37,
      1.0214146342293908e-37,
      9.53320272965622e-38,
      5.071980173445175e-38,
      4.6818281326706235e-38,
      4.291676091896072e-38,
      0,
      0,
      0,
      0,
      0,
      0,
      0,
      1.0215524833256068e-28,
      1.621147678828067e-28,
      2.7848862736404363e-28
    ],
    "trend_analysis": {
      "confidence_level": "high",
      "prediction_trend": "stable"
    }
  }
}