{
  "confidence": 0.7,
  "employee_data": {
    "Age": 45,
    "AgeFactor": 1,
    "Attrition": "No",
    "BusinessTravel": "Travel_Rarely",
    "DailyRate": 1005,
    "Department": "Research & Development",
    "DistanceFromHome": 28,
    "Education": 2,
    "EducationField": "Technical Degree",
    "EmployeeCount": 1,
    "EmployeeNumber": 1719,
    "EnvironmentSatisfaction": 4,
    "Gender": "Female",
    "HourlyRate": 48,
    "JobInvolvement": 2,
    "JobLevel": 4,
    "JobRole": "Research Director",
    "JobSatisfaction": 2,
    "MaritalStatus": "Single",
    "MonthlyIncome": 16704,
    "MonthlyRate": 17119,
    "Norm_EnvironmentSatisfaction": 1,
    "Norm_JobInvolvement": 0.3333333333333333,
    "Norm_JobLevel": 0.75,
    "Norm_JobSatisfaction": 0.3333333333333333,
    "Norm_MonthlyIncome": 0.8264876250658241,
    "Norm_NumCompaniesWorked": 0.1111111111111111,
    "Norm_PercentSalaryHike": 0,
    "Norm_PerformanceRating": 0,
    "Norm_RelationshipSatisfaction": 0.6666666666666666,
    "Norm_TotalWorkingYears": 0.525,
    "Norm_TrainingTimesLastYear": 0.3333333333333333,
    "Norm_WorkLifeBalance": 0.6666666666666666,
    "Norm_YearsAtCompany": 0.525,
    "Norm_YearsSinceLastPromotion": 0.5333333333333333,
    "NumCompaniesWorked": 1,
    "Over18": "Y",
    "OverTime": "No",
    "OverTime_bin": 0,
    "PercentSalaryHike": 11,
    "PerformanceRating": 3,
    "Prob_N01": 0.7249708894550955,
    "Prob_N02": 0.0004736901648072,
    "Prob_N03": 0.0258626066873727,
    "Prob_P01": 0.0068173091070041,
    "Prob_P02": 0.0050926492079577,
    "Prob_P03": 0.0703018537948687,
    "Prob_P04": 0.0853574444437377,
    "Prob_S01": 0.0687568209894499,
    "Prob_S02": 0.0011268936160506,
    "Prob_S03": 0.0112398425336553,
    "RelationshipSatisfaction": 3,
    "Score_N01": 0.8333333333333333,
    "Score_N02": 0.1,
    "Score_N03": 0.5,
    "Score_P01": 0.3666666666666667,
    "Score_P02": 0.3375,
    "Score_P03": 0.6000000000000001,
    "Score_P04": 0.6194049499736705,
    "Score_S01": 0.5977777777777779,
    "Score_S02": 0.1866666666666666,
    "Score_S03": 0.4166666666666667,
    "StandardHours": 80,
    "StockOptionLevel": 0,
    "TotalWorkingYears": 21,
    "TrainingTimesLastYear": 2,
    "WorkLifeBalance": 3,
    "YearsAtCompany": 21,
    "YearsInCurrentRole": 6,
    "YearsSinceLastPromotion": 8,
    "YearsWithCurrManager": 6,
    "argmax_Persona": "현상 유지자",
    "argmax_Persona_Code": "N01",
    "argmax_RiskTier": "Neutral",
    "is_married": 0,
    "softmax_Persona": "현상 유지자",
    "softmax_Persona_Code": "N01",
    "softmax_RiskTier": "Neutral"
  },
  "employee_id": 1719,
  "feature_importance": {},
  "lime_explanation": {},
  "model_interpretation": {},
  "predicted_attrition": 0,
  "risk_score": 0.07969976216554642,
  "shap_values": {},
  "xai_explanation": {}
}