{
  "confidence": 0.8,
  "employee_id": "460",
  "features_used": 11,
  "model_metadata": {
    "feature_dimensions": 11,
    "model_type": "GRU_CNN_Hybrid",
    "sequence_length": 50,
    "training_optimized": true
  },
  "predicted_attrition": 0,
  "risk_score": 4.601828085259996e-10,
  "sequence_length": 50,
  "xai_explanation": {
    "attention_weights": [
      [
        0.020001869648694992,
        0.020000167191028595,
        0.020000169053673744,
        0.020000165328383446,
        0.020000159740447998,
        0.02000015415251255,
        0.020000142976641655,
        0.020000122487545013,
        0.02000010572373867,
        0.020000090822577477,
        0.020000075921416283,
        0.02000005729496479,
        0.020000040531158447,
        0.020000025629997253,
        0.02000000886619091,
        0.019999997690320015,
        0.01999998651444912,
        0.019999973475933075,
        0.01999996230006218,
        0.019999952986836433,
        0.01999993994832039,
        0.019999928772449493,
        0.019999923184514046,
        0.0199999138712883,
        0.019999910145998,
        0.019999904558062553,
        0.019999898970127106,
        0.019999895244836807,
        0.01999988965690136,
        0.01999988779425621,
        0.01999988593161106,
        0.019999880343675613,
        0.019999876618385315,
        0.019999876618385315,
        0.019999872893095016,
        0.019999871030449867,
        0.019999869167804718,
        0.01999986730515957,
        0.01999986730515957,
        0.01999986357986927,
        0.01999986171722412,
        0.01999986171722412,
        0.01999986171722412,
        0.01999986171722412,
        0.019999859854578972,
        0.019999859854578972,
        0.019999856129288673,
        0.019999856129288673,
        0.019999856129288673,
        0.019999856129288673
      ]
    ],
    "feature_names": [
      "day_of_week",
      "day_index",
      "system_login_hours",
      "work_focused_hours",
      "meeting_collaboration_hours",
      "social_dining_hours",
      "break_relaxation_hours",
      "shared_work_hours",
      "internal_comm_volume",
      "cafeteria_usage",
      "convenience_food_usage"
    ],
    "gradient_importance": [
      3.3863944634560106e-12,
      8.337301118585549e-13,
      3.705840755791057e-12,
      6.6382073449222645e-12,
      7.667250515042134e-12,
      1.1939205049951718e-12,
      5.282057430333609e-11,
      5.587449340010986e-12,
      1.7423064727073445e-11,
      3.4014423222483714e-11,
      4.077013032732779e-11
    ],
    "sequence_importance": {
      "timestep_0": 3.698073791635892e-10,
      "timestep_1": 7.85876641540284e-11,
      "timestep_10": 1.0142213691745382e-17,
      "timestep_11": 8.483787701109241e-18,
      "timestep_12": 6.955471430563404e-18,
      "timestep_13": 5.7973102123289204e-18,
      "timestep_14": 5.4514060276260894e-18,
      "timestep_15": 4.289140339192118e-18,
      "timestep_16": 3.3928585058324825e-18,
      "timestep_17": 3.5069604199135065e-18,
      "timestep_18": 3.217553705023813e-18,
      "timestep_19": 2.5088139824549563e-18,
      "timestep_2": 6.003819160975234e-17,
      "timestep_20": 2.4797669148596974e-18,
      "timestep_21": 2.094216376987506e-18,
      "timestep_22": 1.6340781361007957e-18,
      "timestep_23": 1.4026580229219883e-18,
      "timestep_24": 1.245830162251069e-18,
      "timestep_25": 1.0825752116181892e-18,
      "timestep_26": 8.307209972735429e-19,
      "timestep_27": 6.571111412387829e-19,
      "timestep_28": 5.709685005487223e-19,
      "timestep_29": 5.600434609096399e-19,
      "timestep_3": 4.6514711728073947e-17,
      "timestep_30": 5.545722298442728e-19,
      "timestep_31": 4.271629184118312e-19,
      "timestep_32": 4.0367913157448003e-19,
      "timestep_33": 2.9324325611889685e-19,
      "timestep_34": 2.3537956827715734e-19,
      "timestep_35": 1.8125893733070562e-19,
      "timestep_36": 1.6917497887934522e-19,
      "timestep_37": 1.5709102042798482e-19,
      "timestep_38": 1.4500704905192734e-19,
      "timestep_39": 1.045026898674993e-19,
      "timestep_4": 4.016140875829506e-17,
      "timestep_40": 9.500243652179682e-20,
      "timestep_41": 6.338705067274311e-20,
      "timestep_42": 5.63440471965545e-20,
      "timestep_43": 3.678202380971954e-20,
      "timestep_44": 3.1527439747833126e-20,
      "timestep_45": 2.6272863763882382e-20,
      "timestep_46": 1.5411200093851107e-11,
      "timestep_47": 9.074296175581864e-11,
      "timestep_48": 1.1081085354858189e-10,
      "timestep_49": 1.2573506125157508e-10,
      "timestep_5": 3.1292685941689365e-17,
      "timestep_6": 2.496415041381154e-17,
      "timestep_7": 1.9397873400929905e-17,
      "timestep_8": 1.5630121959032518e-17,
      "timestep_9": 1.2210292608942284e-17
    },
    "temporal_importance": [
      3.698073791635892e-10,
      7.85876641540284e-11,
      6.003819160975234e-17,
      4.6514711728073947e-17,
      4.016140875829506e-17,
      3.1292685941689365e-17,
      2.496415041381154e-17,
      1.9397873400929905e-17,
      1.5630121959032518e-17,
      1.2210292608942284e-17,
      1.0142213691745382e-17,
      8.483787701109241e-18,
      6.955471430563404e-18,
      5.7973102123289204e-18,
      5.4514060276260894e-18,
      4.289140339192118e-18,
      3.3928585058324825e-18,
      3.5069604199135065e-18,
      3.217553705023813e-18,
      2.5088139824549563e-18,
      2.4797669148596974e-18,
      2.094216376987506e-18,
      1.6340781361007957e-18,
      1.4026580229219883e-18,
      1.245830162251069e-18,
      1.0825752116181892e-18,
      8.307209972735429e-19,
      6.571111412387829e-19,
      5.709685005487223e-19,
      5.600434609096399e-19,
      5.545722298442728e-19,
      4.271629184118312e-19,
      4.0367913157448003e-19,
      2.9324325611889685e-19,
      2.3537956827715734e-19,
      1.8125893733070562e-19,
      1.6917497887934522e-19,
      1.5709102042798482e-19,
      1.4500704905192734e-19,
      1.045026898674993e-19,
      9.500243652179682e-20,
      6.338705067274311e-20,
      5.63440471965545e-20,
      3.678202380971954e-20,
      3.1527439747833126e-20,
      2.6272863763882382e-20,
      1.5411200093851107e-11,
      9.074296175581864e-11,
      1.1081085354858189e-10,
      1.2573506125157508e-10
    ],
    "trend_analysis": {
      "confidence_level": "high",
      "prediction_trend": "stable"
    }
  }
}