{
  "prediction": {
    "risk_score": 3.21554814838778e-14,
    "attrition_probability": 3.21554814838778e-14
  },
  "confidence": 0.8
}