{
  "confidence": 0.8,
  "employee_id": "809",
  "features_used": 11,
  "model_metadata": {
    "feature_dimensions": 11,
    "model_type": "GRU_CNN_Hybrid",
    "sequence_length": 50,
    "training_optimized": true
  },
  "predicted_attrition": 0,
  "risk_score": 8.9992109991156e-28,
  "sequence_length": 50,
  "xai_explanation": {
    "attention_weights": [
      [
        0.020007196813821793,
        0.01999838650226593,
        0.019998693838715553,
        0.01999896578490734,
        0.019999194890260696,
        0.019999375566840172,
        0.019999511539936066,
        0.01999962516129017,
        0.019999710842967033,
        0.019999783486127853,
        0.019999835640192032,
        0.019999874755740166,
        0.019999904558062553,
        0.019999926909804344,
        0.019999945536255836,
        0.019999956712126732,
        0.019999969750642776,
        0.019999979063868523,
        0.01999998278915882,
        0.01999998837709427,
        0.019999993965029716,
        0.019999995827674866,
        0.019999997690320015,
        0.019999997690320015,
        0.019999997690320015,
        0.019999997690320015,
        0.019999999552965164,
        0.020000003278255463,
        0.020000003278255463,
        0.020000003278255463,
        0.020000003278255463,
        0.020000003278255463,
        0.019999999552965164,
        0.019999999552965164,
        0.019999999552965164,
        0.019999999552965164,
        0.019999999552965164,
        0.019999999552965164,
        0.019999999552965164,
        0.019999999552965164,
        0.019999999552965164,
        0.019999999552965164,
        0.019999999552965164,
        0.019999999552965164,
        0.019999999552965164,
        0.019999999552965164,
        0.019999999552965164,
        0.019999999552965164,
        0.019999999552965164,
        0.019999999552965164
      ]
    ],
    "feature_names": [
      "day_of_week",
      "day_index",
      "system_login_hours",
      "work_focused_hours",
      "meeting_collaboration_hours",
      "social_dining_hours",
      "break_relaxation_hours",
      "shared_work_hours",
      "internal_comm_volume",
      "cafeteria_usage",
      "convenience_food_usage"
    ],
    "gradient_importance": [
      6.743104289424201e-30,
      3.8544726835779314e-30,
      1.066178567178868e-29,
      1.2981124423136235e-29,
      2.1252673047499605e-29,
      8.361187121579674e-30,
      1.315456976188255e-28,
      1.5828676545121833e-29,
      4.9511494046691096e-29,
      8.390877137231726e-29,
      1.0448195226131275e-28
    ],
    "sequence_importance": {
      "timestep_0": 9.343687643793562e-28,
      "timestep_1": 3.6193755888801414e-28,
      "timestep_10": 8.470477982612273e-35,
      "timestep_11": 5.988163373518068e-35,
      "timestep_12": 4.6447208412938974e-35,
      "timestep_13": 3.453546153474484e-35,
      "timestep_14": 2.58704237398315e-35,
      "timestep_15": 2.044692067196231e-35,
      "timestep_16": 1.5994707119630345e-35,
      "timestep_17": 1.1822198659862329e-35,
      "timestep_18": 9.484459380932985e-36,
      "timestep_19": 7.226438334922474e-36,
      "timestep_2": 3.019376971239643e-29,
      "timestep_20": 5.5038813684166606e-36,
      "timestep_21": 4.219300797454954e-36,
      "timestep_22": 3.394334284622361e-36,
      "timestep_23": 2.252528852861375e-36,
      "timestep_24": 1.8497222237541165e-36,
      "timestep_25": 1.5050338318834055e-36,
      "timestep_26": 1.1662771700433446e-36,
      "timestep_27": 8.266234081368107e-37,
      "timestep_28": 5.122794282566276e-37,
      "timestep_29": 4.889939732022281e-37,
      "timestep_3": 4.779089373525611e-34,
      "timestep_30": 2.163023234002884e-37,
      "timestep_31": 2.0548716911495577e-37,
      "timestep_32": 1.946720820919494e-37,
      "timestep_33": 1.9730990874196987e-37,
      "timestep_34": 1.8570343560863914e-37,
      "timestep_35": 0,
      "timestep_36": 7.194731546933767e-38,
      "timestep_37": 0,
      "timestep_38": 0,
      "timestep_39": 0,
      "timestep_4": 3.955026048448436e-34,
      "timestep_40": 0,
      "timestep_41": 0,
      "timestep_42": 0,
      "timestep_43": 0,
      "timestep_44": 0,
      "timestep_45": 0,
      "timestep_46": 2.5814068473436062e-30,
      "timestep_47": 1.732686105997931e-28,
      "timestep_48": 2.0792910236350623e-28,
      "timestep_49": 3.3122304480204525e-28,
      "timestep_5": 3.0635506478277466e-34,
      "timestep_6": 2.286198529516372e-34,
      "timestep_7": 1.885972434803264e-34,
      "timestep_8": 1.3742651650053072e-34,
      "timestep_9": 1.090052097523705e-34
    },
    "temporal_importance": [
      9.343687643793562e-28,
      3.6193755888801414e-28,
      3.019376971239643e-29,
      4.779089373525611e-34,
      3.955026048448436e-34,
      3.0635506478277466e-34,
      2.286198529516372e-34,
      1.885972434803264e-34,
      1.3742651650053072e-34,
      1.090052097523705e-34,
      8.470477982612273e-35,
      5.988163373518068e-35,
      4.6447208412938974e-35,
      3.453546153474484e-35,
      2.58704237398315e-35,
      2.044692067196231e-35,
      1.5994707119630345e-35,
      1.1822198659862329e-35,
      9.484459380932985e-36,
      7.226438334922474e-36,
      5.5038813684166606e-36,
      4.219300797454954e-36,
      3.394334284622361e-36,
      2.252528852861375e-36,
      1.8497222237541165e-36,
      1.5050338318834055e-36,
      1.1662771700433446e-36,
      8.266234081368107e-37,
      5.122794282566276e-37,
      4.889939732022281e-37,
      2.163023234002884e-37,
      2.0548716911495577e-37,
      1.946720820919494e-37,
      1.9730990874196987e-37,
      1.8570343560863914e-37,
      0,
      7.194731546933767e-38,
      0,
      0,
      0,
      0,
      0,
      0,
      0,
      0,
      0,
      2.5814068473436062e-30,
      1.732686105997931e-28,
      2.0792910236350623e-28,
      3.3122304480204525e-28
    ],
    "trend_analysis": {
      "confidence_level": "high",
      "prediction_trend": "stable"
    }
  }
}