{
  "prediction": {
    "risk_score": 1.1666843879876154e-10,
    "attrition_probability": 1.1666843879876154e-10
  },
  "confidence": 0.8
}