{
  "confidence": 0.8,
  "employee_id": "584",
  "features_used": 11,
  "model_metadata": {
    "feature_dimensions": 11,
    "model_type": "GRU_CNN_Hybrid",
    "sequence_length": 50,
    "training_optimized": true
  },
  "predicted_attrition": 1,
  "risk_score": 0.9999998807907104,
  "sequence_length": 50,
  "xai_explanation": {
    "attention_weights": [
      [
        0.020002376288175583,
        0.020002147182822227,
        0.020001882687211037,
        0.020001627504825592,
        0.020001405850052834,
        0.020001141354441643,
        0.0200009997934103,
        0.02000080980360508,
        0.020000683143734932,
        0.02000059001147747,
        0.020000478252768517,
        0.020000390708446503,
        0.02000029943883419,
        0.020000213757157326,
        0.020000146701931953,
        0.020000068470835686,
        0.019999992102384567,
        0.01999993994832039,
        0.019999869167804718,
        0.019999824464321136,
        0.019999777898192406,
        0.01999974437057972,
        0.019999703392386436,
        0.0199996717274189,
        0.019999638199806213,
        0.019999612122774124,
        0.019999591633677483,
        0.01999957114458084,
        0.01999955251812935,
        0.019999535754323006,
        0.01999952271580696,
        0.019999507814645767,
        0.01999950036406517,
        0.019999485462903976,
        0.01999947614967823,
        0.019999464973807335,
        0.01999945566058159,
        0.019999448210000992,
        0.019999438896775246,
        0.019999433308839798,
        0.0199994258582592,
        0.019999418407678604,
        0.019999414682388306,
        0.019999412819743156,
        0.01999940536916256,
        0.01999940350651741,
        0.019999399781227112,
        0.019999397918581963,
        0.019999396055936813,
        0.019999392330646515
      ]
    ],
    "feature_names": [
      "day_of_week",
      "day_index",
      "system_login_hours",
      "work_focused_hours",
      "meeting_collaboration_hours",
      "social_dining_hours",
      "break_relaxation_hours",
      "shared_work_hours",
      "internal_comm_volume",
      "cafeteria_usage",
      "convenience_food_usage"
    ],
    "gradient_importance": [
      5.010121206794338e-10,
      1.370210195306143e-10,
      3.1436525604888743e-10,
      1.3900712803049942e-09,
      6.506473138045976e-10,
      1.8377559196647297e-10,
      8.901738901556655e-09,
      6.460459389678874e-10,
      1.122302695222288e-09,
      5.908313838176582e-09,
      5.9720570710908305e-09
    ],
    "sequence_importance": {
      "timestep_0": 3.7103646821634584e-09,
      "timestep_1": 8.909703080569112e-14,
      "timestep_10": 1.9433736100937272e-14,
      "timestep_11": 1.6669486429220226e-14,
      "timestep_12": 1.3865216144811308e-14,
      "timestep_13": 1.0397511539630196e-14,
      "timestep_14": 9.577348171528697e-15,
      "timestep_15": 7.807615976808922e-15,
      "timestep_16": 6.598125349446772e-15,
      "timestep_17": 5.170802835522759e-15,
      "timestep_18": 5.076268452895022e-15,
      "timestep_19": 3.620602098973512e-15,
      "timestep_2": 7.661684736084626e-14,
      "timestep_20": 3.3449087565099985e-15,
      "timestep_21": 2.630087911443201e-15,
      "timestep_22": 2.432096712879587e-15,
      "timestep_23": 1.9860216342846865e-15,
      "timestep_24": 1.8203648596913213e-15,
      "timestep_25": 1.3640750931481261e-15,
      "timestep_26": 1.1175065550594779e-15,
      "timestep_27": 9.355460902973618e-16,
      "timestep_28": 7.925209772634474e-16,
      "timestep_29": 6.255942885239111e-16,
      "timestep_3": 6.777454167545063e-14,
      "timestep_30": 4.81189517637597e-16,
      "timestep_31": 4.714401684147e-16,
      "timestep_32": 3.149366171378219e-16,
      "timestep_33": 3.2218952203714405e-16,
      "timestep_34": 2.689508013846919e-16,
      "timestep_35": 2.46508742856528e-16,
      "timestep_36": 1.9949942013553921e-16,
      "timestep_37": 1.5686901952383873e-16,
      "timestep_38": 1.4087072443724253e-16,
      "timestep_39": 1.0854966108824764e-16,
      "timestep_4": 5.287922674062674e-14,
      "timestep_40": 1.0242356147167992e-16,
      "timestep_41": 6.716672824961593e-17,
      "timestep_42": 5.269134877134621e-17,
      "timestep_43": 3.3595083619726614e-17,
      "timestep_44": 3.490347489927114e-17,
      "timestep_45": 2.7738575399679724e-17,
      "timestep_46": 4.027032485254267e-09,
      "timestep_47": 2.8989296296799694e-08,
      "timestep_48": 3.980407470294267e-08,
      "timestep_49": 4.041115886366242e-08,
      "timestep_5": 4.7982485226836374e-14,
      "timestep_6": 3.9178251978353937e-14,
      "timestep_7": 3.699373367859436e-14,
      "timestep_8": 2.8265084568127215e-14,
      "timestep_9": 2.2442058316405646e-14
    },
    "temporal_importance": [
      3.7103646821634584e-09,
      8.909703080569112e-14,
      7.661684736084626e-14,
      6.777454167545063e-14,
      5.287922674062674e-14,
      4.7982485226836374e-14,
      3.9178251978353937e-14,
      3.699373367859436e-14,
      2.8265084568127215e-14,
      2.2442058316405646e-14,
      1.9433736100937272e-14,
      1.6669486429220226e-14,
      1.3865216144811308e-14,
      1.0397511539630196e-14,
      9.577348171528697e-15,
      7.807615976808922e-15,
      6.598125349446772e-15,
      5.170802835522759e-15,
      5.076268452895022e-15,
      3.620602098973512e-15,
      3.3449087565099985e-15,
      2.630087911443201e-15,
      2.432096712879587e-15,
      1.9860216342846865e-15,
      1.8203648596913213e-15,
      1.3640750931481261e-15,
      1.1175065550594779e-15,
      9.355460902973618e-16,
      7.925209772634474e-16,
      6.255942885239111e-16,
      4.81189517637597e-16,
      4.714401684147e-16,
      3.149366171378219e-16,
      3.2218952203714405e-16,
      2.689508013846919e-16,
      2.46508742856528e-16,
      1.9949942013553921e-16,
      1.5686901952383873e-16,
      1.4087072443724253e-16,
      1.0854966108824764e-16,
      1.0242356147167992e-16,
      6.716672824961593e-17,
      5.269134877134621e-17,
      3.3595083619726614e-17,
      3.490347489927114e-17,
      2.7738575399679724e-17,
      4.027032485254267e-09,
      2.8989296296799694e-08,
      3.980407470294267e-08,
      4.041115886366242e-08
    ],
    "trend_analysis": {
      "confidence_level": "high",
      "prediction_trend": "increasing"
    }
  }
}