{
  "prediction": {
    "risk_score": 2.6534201138660854e-22,
    "attrition_probability": 2.6534201138660854e-22
  },
  "confidence": 0.8
}