{
  "prediction": {
    "risk_score": 0.00020147408940829337,
    "attrition_probability": 0.00020147408940829337
  },
  "confidence": 0.8
}