{
  "confidence": 0.8,
  "employee_id": "1619",
  "features_used": 11,
  "model_metadata": {
    "feature_dimensions": 11,
    "model_type": "GRU_CNN_Hybrid",
    "sequence_length": 50,
    "training_optimized": true
  },
  "predicted_attrition": 0,
  "risk_score": 8.935303076419587e-30,
  "sequence_length": 50,
  "xai_explanation": {
    "attention_weights": [
      [
        0.02000991813838482,
        0.019998477771878242,
        0.019998768344521523,
        0.019999003037810326,
        0.019999224692583084,
        0.01999937742948532,
        0.019999511539936066,
        0.019999604672193527,
        0.019999677315354347,
        0.01999974064528942,
        0.019999787211418152,
        0.019999820739030838,
        0.019999850541353226,
        0.019999869167804718,
        0.01999988779425621,
        0.019999902695417404,
        0.01999991200864315,
        0.019999917596578598,
        0.019999926909804344,
        0.019999930635094643,
        0.019999932497739792,
        0.019999932497739792,
        0.01999993622303009,
        0.01999993808567524,
        0.01999993994832039,
        0.01999993994832039,
        0.01999993994832039,
        0.01999993994832039,
        0.01999993994832039,
        0.01999993994832039,
        0.01999993994832039,
        0.01999993994832039,
        0.01999993994832039,
        0.01999993994832039,
        0.01999993994832039,
        0.01999993994832039,
        0.01999993994832039,
        0.01999993994832039,
        0.01999993994832039,
        0.01999993994832039,
        0.01999993994832039,
        0.01999993994832039,
        0.01999993994832039,
        0.01999993994832039,
        0.01999993994832039,
        0.01999993994832039,
        0.01999993994832039,
        0.01999993994832039,
        0.01999993994832039,
        0.01999993994832039
      ]
    ],
    "feature_names": [
      "day_of_week",
      "day_index",
      "system_login_hours",
      "work_focused_hours",
      "meeting_collaboration_hours",
      "social_dining_hours",
      "break_relaxation_hours",
      "shared_work_hours",
      "internal_comm_volume",
      "cafeteria_usage",
      "convenience_food_usage"
    ],
    "gradient_importance": [
      9.079622984748572e-32,
      3.9079823971865433e-32,
      1.0946753526213326e-31,
      1.2888831236497808e-31,
      2.127641248505288e-31,
      8.503413874137924e-32,
      1.306105126814469e-30,
      1.593012664467407e-31,
      4.91595122937611e-31,
      8.331224993091339e-31,
      1.0373918201938974e-30
    ],
    "sequence_importance": {
      "timestep_0": 9.277263975107693e-30,
      "timestep_1": 3.593644593062676e-30,
      "timestep_10": 7.151920197290486e-37,
      "timestep_11": 5.368441679154662e-37,
      "timestep_12": 4.242105775291906e-37,
      "timestep_13": 3.0182545202316806e-37,
      "timestep_14": 2.586412673052756e-37,
      "timestep_15": 1.898831614057009e-37,
      "timestep_16": 1.4635918983617896e-37,
      "timestep_17": 9.60960152193121e-38,
      "timestep_18": 9.048972834921066e-38,
      "timestep_19": 6.42658849397746e-38,
      "timestep_2": 2.9979100275772426e-31,
      "timestep_20": 4.711242788735266e-38,
      "timestep_21": 4.224409281453395e-38,
      "timestep_22": 3.3750590206716157e-38,
      "timestep_23": 2.2628550156397907e-38,
      "timestep_24": 1.554233095864606e-38,
      "timestep_25": 1.2063316050879123e-38,
      "timestep_26": 1.158078452988273e-38,
      "timestep_27": 8.208135182050367e-39,
      "timestep_28": 5.0868017073023384e-39,
      "timestep_29": 4.8555832567933506e-39,
      "timestep_3": 4.1630522735229984e-36,
      "timestep_30": 2.147786971852219e-39,
      "timestep_31": 2.0403984640386867e-39,
      "timestep_32": 2.0744864504818522e-39,
      "timestep_33": 1.9592366582834576e-39,
      "timestep_34": 2.01051577428696e-39,
      "timestep_35": 0,
      "timestep_36": 0,
      "timestep_37": 0,
      "timestep_38": 0,
      "timestep_39": 0,
      "timestep_4": 3.776074353136346e-36,
      "timestep_40": 0,
      "timestep_41": 0,
      "timestep_42": 0,
      "timestep_43": 0,
      "timestep_44": 0,
      "timestep_45": 2.4994515222635984e-31,
      "timestep_46": 3.8526632216138237e-31,
      "timestep_47": 1.751840359505032e-30,
      "timestep_48": 1.8322870551351943e-30,
      "timestep_49": 3.0351540614502777e-30,
      "timestep_5": 2.5386945367067957e-36,
      "timestep_6": 2.202252685405147e-36,
      "timestep_7": 1.5315918681610014e-36,
      "timestep_8": 1.2028862605796462e-36,
      "timestep_9": 9.647607650984505e-37
    },
    "temporal_importance": [
      9.277263975107693e-30,
      3.593644593062676e-30,
      2.9979100275772426e-31,
      4.1630522735229984e-36,
      3.776074353136346e-36,
      2.5386945367067957e-36,
      2.202252685405147e-36,
      1.5315918681610014e-36,
      1.2028862605796462e-36,
      9.647607650984505e-37,
      7.151920197290486e-37,
      5.368441679154662e-37,
      4.242105775291906e-37,
      3.0182545202316806e-37,
      2.586412673052756e-37,
      1.898831614057009e-37,
      1.4635918983617896e-37,
      9.60960152193121e-38,
      9.048972834921066e-38,
      6.42658849397746e-38,
      4.711242788735266e-38,
      4.224409281453395e-38,
      3.3750590206716157e-38,
      2.2628550156397907e-38,
      1.554233095864606e-38,
      1.2063316050879123e-38,
      1.158078452988273e-38,
      8.208135182050367e-39,
      5.0868017073023384e-39,
      4.8555832567933506e-39,
      2.147786971852219e-39,
      2.0403984640386867e-39,
      2.0744864504818522e-39,
      1.9592366582834576e-39,
      2.01051577428696e-39,
      0,
      0,
      0,
      0,
      0,
      0,
      0,
      0,
      0,
      0,
      2.4994515222635984e-31,
      3.8526632216138237e-31,
      1.751840359505032e-30,
      1.8322870551351943e-30,
      3.0351540614502777e-30
    ],
    "trend_analysis": {
      "confidence_level": "high",
      "prediction_trend": "stable"
    }
  }
}