{
  "prediction": {
    "risk_score": 4.256629742295008e-17,
    "attrition_probability": 4.256629742295008e-17
  },
  "confidence": 0.8
}