{
  "prediction": {
    "employee_id": "1077",
    "attrition_probability": 0.28061529994010925,
    "attrition_prediction": 1,
    "risk_category": "LOW",
    "confidence_score": 0.4387694001197815,
    "prediction_timestamp": "2025-09-23T22:53:00.143793"
  },
  "explanation": {
    "employee_id": "1077",
    "feature_importance": {
      "RelationshipSatisfaction": 0.03405288979411125,
      "Education": 0.02487798221409321,
      "JobInvolvement": 0.03501373156905174,
      "EnvironmentSatisfaction": 0.048257846385240555,
      "JobLevel": 0.07228615880012512,
      "JobSatisfaction": 0.04019258916378021,
      "StockOptionLevel": 0.07264421880245209,
      "WorkLifeBalance": 0.03580893576145172,
      "Department": 0.037670474499464035,
      "JobRole": 0.046762410551309586,
      "MaritalStatus": 0.036864522844552994,
      "OverTime": 0.0779639258980751,
      "Age": 0.04039482772350311,
      "DailyRate": 0.03578038513660431,
      "DistanceFromHome": 0.036774344742298126,
      "MonthlyIncome": 0.04666806384921074,
      "NumCompaniesWorked": 0.050036631524562836,
      "TotalWorkingYears": 0.04981709271669388,
      "TrainingTimesLastYear": 0.02378365956246853,
      "YearsAtCompany": 0.02968277968466282,
      "YearsInCurrentRole": 0.03649982064962387,
      "YearsSinceLastPromotion": 0.03537580743432045,
      "YearsWithCurrManager": 0.05279093235731125
    },
    "shap_values": {
      "RelationshipSatisfaction": 0.03052375651896,
      "Education": 0.03231284022331238,
      "JobInvolvement": -0.10064961016178131,
      "EnvironmentSatisfaction": -0.39690566062927246,
      "JobLevel": 0.06271424144506454,
      "JobSatisfaction": -0.5037562251091003,
      "StockOptionLevel": 0.2222973108291626,
      "WorkLifeBalance": -0.187398299574852,
      "Department": 0.005504640284925699,
      "JobRole": -0.10184544324874878,
      "MaritalStatus": -0.14082016050815582,
      "OverTime": -0.8316823840141296,
      "Age": 0.36536905169487,
      "DailyRate": -0.05010542273521423,
      "DistanceFromHome": 0.12072014808654785,
      "MonthlyIncome": 0.46492040157318115,
      "NumCompaniesWorked": -0.179138645529747,
      "TotalWorkingYears": 0.45670750737190247,
      "TrainingTimesLastYear": -0.03845222294330597,
      "YearsAtCompany": 0.04533309489488602,
      "YearsInCurrentRole": -0.014620417729020119,
      "YearsSinceLastPromotion": -0.10109689086675644,
      "YearsWithCurrManager": -0.37662816047668457
    },
    "lime_explanation": {
      "features": [
        "OverTime=0",
        "NumCompaniesWorked <= 1.00",
        "StockOptionLevel <= 0.00",
        "RelationshipSatisfaction <= 2.00",
        "MonthlyIncome <= 2922.25",
        "Age <= 30.00",
        "3.00 < EnvironmentSatisfaction <= 4.00",
        "3.00 < JobSatisfaction <= 4.00",
        "2.00 < WorkLifeBalance <= 3.00",
        "2.00 < JobInvolvement <= 3.00"
      ],
      "values": [
        -0.20693818584819232,
        -0.11847868202282817,
        0.1060994168419828,
        0.09224365555841574,
        0.09193916404180812,
        0.07847436112753957,
        -0.07760473264040996,
        -0.07680416351848551,
        -0.0697927851932931,
        -0.06665478304670944
      ],
      "intercept": 0.49964859567179143
    },
    "top_risk_factors": [
      {
        "feature": "MonthlyIncome",
        "impact": 0.46492040157318115,
        "type": "risk"
      },
      {
        "feature": "TotalWorkingYears",
        "impact": 0.45670750737190247,
        "type": "risk"
      }
    ],
    "top_protective_factors": [
      {
        "feature": "OverTime",
        "impact": 0.8316823840141296,
        "type": "protective"
      },
      {
        "feature": "JobSatisfaction",
        "impact": 0.5037562251091003,
        "type": "protective"
      },
      {
        "feature": "EnvironmentSatisfaction",
        "impact": 0.39690566062927246,
        "type": "protective"
      }
    ],
    "explanation_timestamp": "2025-09-23T22:53:00.216316"
  },
  "agent_type": "structura",
  "analysis_type": "individual"
}