{
  "confidence": 0.7,
  "employee_data": {
    "Age": 34,
    "AgeFactor": 1,
    "Attrition": "No",
    "BusinessTravel": "Travel_Rarely",
    "DailyRate": 1239,
    "Department": "Sales",
    "DistanceFromHome": 13,
    "Education": 4,
    "EducationField": "Medical",
    "EmployeeCount": 1,
    "EmployeeNumber": 1951,
    "EnvironmentSatisfaction": 4,
    "Gender": "Male",
    "HourlyRate": 39,
    "JobInvolvement": 3,
    "JobLevel": 3,
    "JobRole": "Sales Executive",
    "JobSatisfaction": 3,
    "MaritalStatus": "Divorced",
    "MonthlyIncome": 8628,
    "MonthlyRate": 22914,
    "Norm_EnvironmentSatisfaction": 1,
    "Norm_JobInvolvement": 0.6666666666666666,
    "Norm_JobLevel": 0.5,
    "Norm_JobSatisfaction": 0.6666666666666666,
    "Norm_MonthlyIncome": 0.4012111637704055,
    "Norm_NumCompaniesWorked": 0.1111111111111111,
    "Norm_PercentSalaryHike": 0.5,
    "Norm_PerformanceRating": 0,
    "Norm_RelationshipSatisfaction": 0.6666666666666666,
    "Norm_TotalWorkingYears": 0.225,
    "Norm_TrainingTimesLastYear": 0.3333333333333333,
    "Norm_WorkLifeBalance": 0.3333333333333333,
    "Norm_YearsAtCompany": 0.2,
    "Norm_YearsSinceLastPromotion": 0.0666666666666666,
    "NumCompaniesWorked": 1,
    "Over18": "Y",
    "OverTime": "No",
    "OverTime_bin": 0,
    "PercentSalaryHike": 18,
    "PerformanceRating": 3,
    "Prob_N01": 0.1845721389096468,
    "Prob_N02": 0.0017356356535001,
    "Prob_N03": 0.0947624958126742,
    "Prob_P01": 0.0178983235230107,
    "Prob_P02": 0.0947624958126742,
    "Prob_P03": 0.0128247092110165,
    "Prob_P04": 0.1406858038038218,
    "Prob_S01": 0.0206796783319755,
    "Prob_S02": 0.0725812809570886,
    "Prob_S03": 0.3594974379845913,
    "RelationshipSatisfaction": 3,
    "Score_N01": 0.5666666666666667,
    "Score_N02": 0.1,
    "Score_N03": 0.5,
    "Score_P01": 0.3333333333333333,
    "Score_P02": 0.5,
    "Score_P03": 0.3,
    "Score_P04": 0.5395155344918379,
    "Score_S01": 0.3477777777777778,
    "Score_S02": 0.4733333333333334,
    "Score_S03": 0.6333333333333333,
    "StandardHours": 80,
    "StockOptionLevel": 1,
    "TotalWorkingYears": 9,
    "TrainingTimesLastYear": 2,
    "WorkLifeBalance": 2,
    "YearsAtCompany": 8,
    "YearsInCurrentRole": 7,
    "YearsSinceLastPromotion": 1,
    "YearsWithCurrManager": 1,
    "argmax_Persona": "내재 동기 전문가",
    "argmax_Persona_Code": "S03",
    "argmax_RiskTier": "Stable",
    "is_married": 0,
    "softmax_Persona": "온보딩에 실패한 직원",
    "softmax_Persona_Code": "P02",
    "softmax_RiskTier": "High"
  },
  "employee_id": 1951,
  "feature_importance": {},
  "lime_explanation": {},
  "model_interpretation": {},
  "predicted_attrition": 0,
  "risk_score": 0.0014840750955045223,
  "shap_values": {},
  "xai_explanation": {}
}