{
  "prediction": {
    "employee_id": "1803",
    "attrition_probability": 0.0900227352976799,
    "attrition_prediction": 1,
    "risk_category": "LOW",
    "confidence_score": 0.8199545294046402,
    "prediction_timestamp": "2025-09-23T22:53:51.487115"
  },
  "explanation": {
    "employee_id": "1803",
    "feature_importance": {
      "RelationshipSatisfaction": 0.03405288979411125,
      "Education": 0.02487798221409321,
      "JobInvolvement": 0.03501373156905174,
      "EnvironmentSatisfaction": 0.048257846385240555,
      "JobLevel": 0.07228615880012512,
      "JobSatisfaction": 0.04019258916378021,
      "StockOptionLevel": 0.07264421880245209,
      "WorkLifeBalance": 0.03580893576145172,
      "Department": 0.037670474499464035,
      "JobRole": 0.046762410551309586,
      "MaritalStatus": 0.036864522844552994,
      "OverTime": 0.0779639258980751,
      "Age": 0.04039482772350311,
      "DailyRate": 0.03578038513660431,
      "DistanceFromHome": 0.036774344742298126,
      "MonthlyIncome": 0.04666806384921074,
      "NumCompaniesWorked": 0.050036631524562836,
      "TotalWorkingYears": 0.04981709271669388,
      "TrainingTimesLastYear": 0.02378365956246853,
      "YearsAtCompany": 0.02968277968466282,
      "YearsInCurrentRole": 0.03649982064962387,
      "YearsSinceLastPromotion": 0.03537580743432045,
      "YearsWithCurrManager": 0.05279093235731125
    },
    "shap_values": {
      "RelationshipSatisfaction": -0.2555260956287384,
      "Education": 0.06358721852302551,
      "JobInvolvement": -0.30950576066970825,
      "EnvironmentSatisfaction": -0.21029552817344666,
      "JobLevel": -0.08360639214515686,
      "JobSatisfaction": 0.2704043686389923,
      "StockOptionLevel": -0.5167044401168823,
      "WorkLifeBalance": 0.08572007715702057,
      "Department": -0.048546142876148224,
      "JobRole": -0.293506920337677,
      "MaritalStatus": -0.14018554985523224,
      "OverTime": -0.47198668122291565,
      "Age": -0.7509703636169434,
      "DailyRate": -0.4784654974937439,
      "DistanceFromHome": 0.2518916428089142,
      "MonthlyIncome": -0.44334661960601807,
      "NumCompaniesWorked": 0.3199102580547333,
      "TotalWorkingYears": -0.08028646558523178,
      "TrainingTimesLastYear": 0.05673101544380188,
      "YearsAtCompany": 0.0064393579959869385,
      "YearsInCurrentRole": 0.0995553657412529,
      "YearsSinceLastPromotion": -0.10176932066679001,
      "YearsWithCurrManager": 0.4418204724788666
    },
    "lime_explanation": {
      "features": [
        "OverTime=0",
        "NumCompaniesWorked > 4.00",
        "EnvironmentSatisfaction <= 2.00",
        "JobSatisfaction <= 2.00",
        "35.00 < Age <= 42.00",
        "JobInvolvement > 3.00",
        "WorkLifeBalance <= 2.00",
        "StockOptionLevel > 1.00",
        "YearsWithCurrManager <= 2.00",
        "7.00 < DistanceFromHome <= 14.00"
      ],
      "values": [
        -0.20993797592140595,
        0.14801708803986977,
        0.11658465611048774,
        0.0814346309107151,
        -0.07966670791654983,
        -0.07868289730932719,
        0.07023097302256924,
        -0.06718217103319027,
        0.0662724209373642,
        0.049559558454187816
      ],
      "intercept": 0.31222775672258923
    },
    "top_risk_factors": [],
    "top_protective_factors": [
      {
        "feature": "Age",
        "impact": 0.7509703636169434,
        "type": "protective"
      },
      {
        "feature": "StockOptionLevel",
        "impact": 0.5167044401168823,
        "type": "protective"
      },
      {
        "feature": "DailyRate",
        "impact": 0.4784654974937439,
        "type": "protective"
      },
      {
        "feature": "OverTime",
        "impact": 0.47198668122291565,
        "type": "protective"
      },
      {
        "feature": "MonthlyIncome",
        "impact": 0.44334661960601807,
        "type": "protective"
      }
    ],
    "explanation_timestamp": "2025-09-23T22:53:51.557642"
  },
  "agent_type": "structura",
  "analysis_type": "individual"
}