{
  "confidence": 0.7,
  "employee_data": {
    "Age": 26,
    "AgeFactor": 0,
    "Attrition": "No",
    "BusinessTravel": "Travel_Rarely",
    "DailyRate": 1355,
    "Department": "Human Resources",
    "DistanceFromHome": 25,
    "Education": 1,
    "EducationField": "Life Sciences",
    "EmployeeCount": 1,
    "EmployeeNumber": 177,
    "EnvironmentSatisfaction": 3,
    "Gender": "Female",
    "HourlyRate": 61,
    "JobInvolvement": 3,
    "JobLevel": 1,
    "JobRole": "Human Resources",
    "JobSatisfaction": 3,
    "MaritalStatus": "Married",
    "MonthlyIncome": 2942,
    "MonthlyRate": 8916,
    "Norm_EnvironmentSatisfaction": 0.6666666666666666,
    "Norm_JobInvolvement": 0.6666666666666666,
    "Norm_JobLevel": 0,
    "Norm_JobSatisfaction": 0.6666666666666666,
    "Norm_MonthlyIncome": 0.1017904160084254,
    "Norm_NumCompaniesWorked": 0.1111111111111111,
    "Norm_PercentSalaryHike": 0.8571428571428571,
    "Norm_PerformanceRating": 1,
    "Norm_RelationshipSatisfaction": 1,
    "Norm_TotalWorkingYears": 0.2,
    "Norm_TrainingTimesLastYear": 0.5,
    "Norm_WorkLifeBalance": 0.6666666666666666,
    "Norm_YearsAtCompany": 0.2,
    "Norm_YearsSinceLastPromotion": 0.3333333333333333,
    "NumCompaniesWorked": 1,
    "Over18": "Y",
    "OverTime": "No",
    "OverTime_bin": 0,
    "PercentSalaryHike": 23,
    "PerformanceRating": 4,
    "Prob_N01": 0.001133702588122,
    "Prob_N02": 0.0465149895807567,
    "Prob_N03": 0.1764624225940392,
    "Prob_P01": 0.0008519517520743,
    "Prob_P02": 0.0171119083730642,
    "Prob_P03": 0.0074368047230709,
    "Prob_P04": 0.0103540200813073,
    "Prob_S01": 0.0047156451138813,
    "Prob_S02": 0.7020891087480582,
    "Prob_S03": 0.0333294464456257,
    "RelationshipSatisfaction": 4,
    "Score_N01": 0.1952380952380952,
    "Score_N02": 0.5666666666666667,
    "Score_N03": 0.7,
    "Score_P01": 0.1666666666666666,
    "Score_P02": 0.4666666666666667,
    "Score_P03": 0.3833333333333333,
    "Score_P04": 0.4164266907394869,
    "Score_S01": 0.3377777777777778,
    "Score_S02": 0.8380952380952382,
    "Score_S03": 0.5333333333333333,
    "StandardHours": 80,
    "StockOptionLevel": 1,
    "TotalWorkingYears": 8,
    "TrainingTimesLastYear": 3,
    "WorkLifeBalance": 3,
    "YearsAtCompany": 8,
    "YearsInCurrentRole": 7,
    "YearsSinceLastPromotion": 5,
    "YearsWithCurrManager": 7,
    "argmax_Persona": "라이징 스타",
    "argmax_Persona_Code": "S02",
    "argmax_RiskTier": "Stable",
    "is_married": 1,
    "softmax_Persona": "라이징 스타",
    "softmax_Persona_Code": "S02",
    "softmax_RiskTier": "Stable"
  },
  "employee_id": 177,
  "feature_importance": {},
  "lime_explanation": {},
  "model_interpretation": {},
  "predicted_attrition": 0,
  "risk_score": 0.000670299690682441,
  "shap_values": {},
  "xai_explanation": {}
}