{
  "prediction": {
    "risk_score": 3.3003203873739103e-22,
    "attrition_probability": 3.3003203873739103e-22
  },
  "confidence": 0.8
}