{
  "confidence": 0.8,
  "employee_id": "423",
  "features_used": 11,
  "model_metadata": {
    "feature_dimensions": 11,
    "model_type": "GRU_CNN_Hybrid",
    "sequence_length": 50,
    "training_optimized": true
  },
  "predicted_attrition": 0,
  "risk_score": 2.5704169903661978e-09,
  "sequence_length": 50,
  "xai_explanation": {
    "attention_weights": [
      [
        0.020002005621790886,
        0.02000056765973568,
        0.0200005155056715,
        0.02000046707689762,
        0.020000426098704338,
        0.020000381395220757,
        0.02000032365322113,
        0.0200002733618021,
        0.020000237971544266,
        0.020000195130705833,
        0.020000150427222252,
        0.020000116899609566,
        0.02000008150935173,
        0.02000005543231964,
        0.020000023767352104,
        0.019999997690320015,
        0.019999975338578224,
        0.019999956712126732,
        0.01999993808567524,
        0.019999919459223747,
        0.019999904558062553,
        0.01999988965690136,
        0.019999876618385315,
        0.01999986357986927,
        0.019999854266643524,
        0.019999846816062927,
        0.01999983750283718,
        0.019999828189611435,
        0.019999822601675987,
        0.01999981328845024,
        0.019999809563159943,
        0.019999803975224495,
        0.019999800249934196,
        0.01999979466199875,
        0.0199997927993536,
        0.01999979093670845,
        0.019999787211418152,
        0.019999785348773003,
        0.019999779760837555,
        0.019999777898192406,
        0.019999776035547256,
        0.019999776035547256,
        0.01999977044761181,
        0.01999977044761181,
        0.01999977044761181,
        0.01999976672232151,
        0.01999976672232151,
        0.01999976672232151,
        0.01999976672232151,
        0.019999762997031212
      ]
    ],
    "feature_names": [
      "day_of_week",
      "day_index",
      "system_login_hours",
      "work_focused_hours",
      "meeting_collaboration_hours",
      "social_dining_hours",
      "break_relaxation_hours",
      "shared_work_hours",
      "internal_comm_volume",
      "cafeteria_usage",
      "convenience_food_usage"
    ],
    "gradient_importance": [
      1.8424593448140847e-11,
      5.17815347891859e-12,
      2.0314298854184898e-11,
      3.68908376069399e-11,
      4.263703626272708e-11,
      6.63008146647992e-12,
      2.9326660544448657e-10,
      3.098089493280831e-11,
      9.691555197255397e-11,
      1.8886910091442388e-10,
      2.2644540409455516e-10
    ],
    "sequence_importance": {
      "timestep_0": 2.0553467816597504e-09,
      "timestep_1": 4.367192996124203e-10,
      "timestep_10": 7.900623053153641e-17,
      "timestep_11": 6.087962619862088e-17,
      "timestep_12": 5.648555675795549e-17,
      "timestep_13": 4.208352173023963e-17,
      "timestep_14": 4.469716431172343e-17,
      "timestep_15": 3.747219826477086e-17,
      "timestep_16": 2.7703269676774735e-17,
      "timestep_17": 2.3067453393368274e-17,
      "timestep_18": 2.6818848165833038e-17,
      "timestep_19": 2.0264351710024102e-17,
      "timestep_2": 3.1492793505011254e-16,
      "timestep_20": 1.720192394156088e-17,
      "timestep_21": 1.50577576428989e-17,
      "timestep_22": 1.4684563529017026e-17,
      "timestep_23": 1.1775464440438472e-17,
      "timestep_24": 9.069046108631335e-18,
      "timestep_25": 8.159786845436508e-18,
      "timestep_26": 8.586591361998557e-18,
      "timestep_27": 7.097380054911163e-18,
      "timestep_28": 6.063227686159099e-18,
      "timestep_29": 5.5026093347237344e-18,
      "timestep_3": 2.612538659325513e-16,
      "timestep_30": 4.272214155907752e-18,
      "timestep_31": 3.788672907540385e-18,
      "timestep_32": 2.957438696395541e-18,
      "timestep_33": 2.567193288161652e-18,
      "timestep_34": 2.0683696711822147e-18,
      "timestep_35": 1.2792739015972004e-18,
      "timestep_36": 1.5673153548858751e-18,
      "timestep_37": 1.2842702792921739e-18,
      "timestep_38": 1.17324599407773e-18,
      "timestep_39": 9.740871655594094e-19,
      "timestep_4": 2.1254755240640789e-16,
      "timestep_40": 7.520362686850487e-19,
      "timestep_41": 6.768324712105425e-19,
      "timestep_42": 4.948309195602203e-19,
      "timestep_43": 3.4219619251069717e-19,
      "timestep_44": 2.933109556821555e-19,
      "timestep_45": 2.444257705524021e-19,
      "timestep_46": 7.648873201482331e-11,
      "timestep_47": 4.840400302796866e-10,
      "timestep_48": 6.087206849691995e-10,
      "timestep_49": 7.321037664986818e-10,
      "timestep_5": 1.747417852878189e-16,
      "timestep_6": 1.5374845750192528e-16,
      "timestep_7": 1.2354391111243717e-16,
      "timestep_8": 9.387714461767184e-17,
      "timestep_9": 8.701521159795654e-17
    },
    "temporal_importance": [
      2.0553467816597504e-09,
      4.367192996124203e-10,
      3.1492793505011254e-16,
      2.612538659325513e-16,
      2.1254755240640789e-16,
      1.747417852878189e-16,
      1.5374845750192528e-16,
      1.2354391111243717e-16,
      9.387714461767184e-17,
      8.701521159795654e-17,
      7.900623053153641e-17,
      6.087962619862088e-17,
      5.648555675795549e-17,
      4.208352173023963e-17,
      4.469716431172343e-17,
      3.747219826477086e-17,
      2.7703269676774735e-17,
      2.3067453393368274e-17,
      2.6818848165833038e-17,
      2.0264351710024102e-17,
      1.720192394156088e-17,
      1.50577576428989e-17,
      1.4684563529017026e-17,
      1.1775464440438472e-17,
      9.069046108631335e-18,
      8.159786845436508e-18,
      8.586591361998557e-18,
      7.097380054911163e-18,
      6.063227686159099e-18,
      5.5026093347237344e-18,
      4.272214155907752e-18,
      3.788672907540385e-18,
      2.957438696395541e-18,
      2.567193288161652e-18,
      2.0683696711822147e-18,
      1.2792739015972004e-18,
      1.5673153548858751e-18,
      1.2842702792921739e-18,
      1.17324599407773e-18,
      9.740871655594094e-19,
      7.520362686850487e-19,
      6.768324712105425e-19,
      4.948309195602203e-19,
      3.4219619251069717e-19,
      2.933109556821555e-19,
      2.444257705524021e-19,
      7.648873201482331e-11,
      4.840400302796866e-10,
      6.087206849691995e-10,
      7.321037664986818e-10
    ],
    "trend_analysis": {
      "confidence_level": "high",
      "prediction_trend": "stable"
    }
  }
}