{
  "prediction": {
    "risk_score": 5.812417129115417e-26,
    "attrition_probability": 5.812417129115417e-26
  },
  "confidence": 0.8
}