{
  "prediction": {
    "employee_id": "2009",
    "attrition_probability": 0.1231391429901123,
    "attrition_prediction": 1,
    "risk_category": "LOW",
    "confidence_score": 0.7537217140197754,
    "prediction_timestamp": "2025-09-23T22:54:05.028997"
  },
  "explanation": {
    "employee_id": "2009",
    "feature_importance": {
      "RelationshipSatisfaction": 0.03405288979411125,
      "Education": 0.02487798221409321,
      "JobInvolvement": 0.03501373156905174,
      "EnvironmentSatisfaction": 0.048257846385240555,
      "JobLevel": 0.07228615880012512,
      "JobSatisfaction": 0.04019258916378021,
      "StockOptionLevel": 0.07264421880245209,
      "WorkLifeBalance": 0.03580893576145172,
      "Department": 0.037670474499464035,
      "JobRole": 0.046762410551309586,
      "MaritalStatus": 0.036864522844552994,
      "OverTime": 0.0779639258980751,
      "Age": 0.04039482772350311,
      "DailyRate": 0.03578038513660431,
      "DistanceFromHome": 0.036774344742298126,
      "MonthlyIncome": 0.04666806384921074,
      "NumCompaniesWorked": 0.050036631524562836,
      "TotalWorkingYears": 0.04981709271669388,
      "TrainingTimesLastYear": 0.02378365956246853,
      "YearsAtCompany": 0.02968277968466282,
      "YearsInCurrentRole": 0.03649982064962387,
      "YearsSinceLastPromotion": 0.03537580743432045,
      "YearsWithCurrManager": 0.05279093235731125
    },
    "shap_values": {
      "RelationshipSatisfaction": 0.5109236240386963,
      "Education": -0.015279543586075306,
      "JobInvolvement": -0.07946306467056274,
      "EnvironmentSatisfaction": -0.1820823848247528,
      "JobLevel": -0.059883929789066315,
      "JobSatisfaction": -0.3499884009361267,
      "StockOptionLevel": -0.2038646638393402,
      "WorkLifeBalance": -0.16350246965885162,
      "Department": -0.02531599812209606,
      "JobRole": -0.14834243059158325,
      "MaritalStatus": -0.10893568396568298,
      "OverTime": -0.5831295847892761,
      "Age": -0.047804661095142365,
      "DailyRate": -0.016227323561906815,
      "DistanceFromHome": 0.3184070885181427,
      "MonthlyIncome": -0.21744899451732635,
      "NumCompaniesWorked": -0.6008219718933105,
      "TotalWorkingYears": -0.0908711701631546,
      "TrainingTimesLastYear": -0.2590550184249878,
      "YearsAtCompany": -0.017031442373991013,
      "YearsInCurrentRole": -0.06756875663995743,
      "YearsSinceLastPromotion": 0.1410713791847229,
      "YearsWithCurrManager": 0.027897045016288757
    },
    "lime_explanation": {
      "features": [
        "OverTime=0",
        "EnvironmentSatisfaction <= 2.00",
        "NumCompaniesWorked <= 1.00",
        "DistanceFromHome > 14.00",
        "RelationshipSatisfaction <= 2.00",
        "3.00 < JobSatisfaction <= 4.00",
        "0.00 < StockOptionLevel <= 1.00",
        "2.00 < JobInvolvement <= 3.00",
        "2.00 < WorkLifeBalance <= 3.00",
        "YearsWithCurrManager <= 2.00"
      ],
      "values": [
        -0.21046751101302863,
        0.11163577679018023,
        -0.1115552325789405,
        0.11115602461019829,
        0.09620192599055676,
        -0.07712024992170613,
        -0.07670245696007635,
        -0.07215611264594173,
        -0.06875891424342363,
        0.06028157553811126
      ],
      "intercept": 0.502817465045872
    },
    "top_risk_factors": [
      {
        "feature": "RelationshipSatisfaction",
        "impact": 0.5109236240386963,
        "type": "risk"
      },
      {
        "feature": "DistanceFromHome",
        "impact": 0.3184070885181427,
        "type": "risk"
      }
    ],
    "top_protective_factors": [
      {
        "feature": "NumCompaniesWorked",
        "impact": 0.6008219718933105,
        "type": "protective"
      },
      {
        "feature": "OverTime",
        "impact": 0.5831295847892761,
        "type": "protective"
      },
      {
        "feature": "JobSatisfaction",
        "impact": 0.3499884009361267,
        "type": "protective"
      }
    ],
    "explanation_timestamp": "2025-09-23T22:54:05.097532"
  },
  "agent_type": "structura",
  "analysis_type": "individual"
}