{
  "prediction": {
    "risk_score": 5.4627760647729815e-28,
    "attrition_probability": 5.4627760647729815e-28
  },
  "confidence": 0.8
}