{
  "prediction": {
    "risk_score": 2.9782469893047114e-12,
    "attrition_probability": 2.9782469893047114e-12
  },
  "confidence": 0.8
}