{
  "confidence": 0.7,
  "employee_data": {
    "Age": 51,
    "AgeFactor": 0,
    "Attrition": "No",
    "BusinessTravel": "Travel_Rarely",
    "DailyRate": 1405,
    "Department": "Research & Development",
    "DistanceFromHome": 11,
    "Education": 2,
    "EducationField": "Technical Degree",
    "EmployeeCount": 1,
    "EmployeeNumber": 1367,
    "EnvironmentSatisfaction": 4,
    "Gender": "Female",
    "HourlyRate": 82,
    "JobInvolvement": 2,
    "JobLevel": 4,
    "JobRole": "Manufacturing Director",
    "JobSatisfaction": 2,
    "MaritalStatus": "Single",
    "MonthlyIncome": 13142,
    "MonthlyRate": 24439,
    "Norm_EnvironmentSatisfaction": 1,
    "Norm_JobInvolvement": 0.3333333333333333,
    "Norm_JobLevel": 0.75,
    "Norm_JobSatisfaction": 0.3333333333333333,
    "Norm_MonthlyIncome": 0.6389152185360716,
    "Norm_NumCompaniesWorked": 0.3333333333333333,
    "Norm_PercentSalaryHike": 0.3571428571428571,
    "Norm_PerformanceRating": 0,
    "Norm_RelationshipSatisfaction": 0.3333333333333333,
    "Norm_TotalWorkingYears": 0.725,
    "Norm_TrainingTimesLastYear": 0.1666666666666666,
    "Norm_WorkLifeBalance": 0.3333333333333333,
    "Norm_YearsAtCompany": 0.125,
    "Norm_YearsSinceLastPromotion": 0,
    "NumCompaniesWorked": 3,
    "Over18": "Y",
    "OverTime": "No",
    "OverTime_bin": 0,
    "PercentSalaryHike": 16,
    "PerformanceRating": 3,
    "Prob_N01": 0.6173295749550122,
    "Prob_N02": 0.0022397302161303,
    "Prob_N03": 0.0022397302161303,
    "Prob_P01": 0.0230966769619661,
    "Prob_P02": 0.1779238090097448,
    "Prob_P03": 0.0140088427149109,
    "Prob_P04": 0.0753484321032078,
    "Prob_S01": 0.0344561931253032,
    "Prob_S02": 0.0338060957435875,
    "Prob_S03": 0.0195509149540064,
    "RelationshipSatisfaction": 2,
    "Score_N01": 0.7619047619047619,
    "Score_N02": 0.2,
    "Score_N03": 0.2,
    "Score_P01": 0.4333333333333333,
    "Score_P02": 0.6375,
    "Score_P03": 0.3833333333333333,
    "Score_P04": 0.5515767697284285,
    "Score_S01": 0.4733333333333333,
    "Score_S02": 0.4714285714285715,
    "Score_S03": 0.4166666666666667,
    "StandardHours": 80,
    "StockOptionLevel": 0,
    "TotalWorkingYears": 29,
    "TrainingTimesLastYear": 1,
    "WorkLifeBalance": 2,
    "YearsAtCompany": 5,
    "YearsInCurrentRole": 2,
    "YearsSinceLastPromotion": 0,
    "YearsWithCurrManager": 3,
    "argmax_Persona": "현상 유지자",
    "argmax_Persona_Code": "N01",
    "argmax_RiskTier": "Neutral",
    "is_married": 0,
    "softmax_Persona": "온보딩에 실패한 직원",
    "softmax_Persona_Code": "P02",
    "softmax_RiskTier": "High"
  },
  "employee_id": 1367,
  "feature_importance": {},
  "lime_explanation": {},
  "model_interpretation": {},
  "predicted_attrition": 0,
  "risk_score": 0.07027760148048401,
  "shap_values": {},
  "xai_explanation": {}
}