{
  "confidence": 0.7,
  "employee_data": {
    "Age": 52,
    "AgeFactor": 0,
    "Attrition": "No",
    "BusinessTravel": "Travel_Rarely",
    "DailyRate": 699,
    "Department": "Research & Development",
    "DistanceFromHome": 1,
    "Education": 4,
    "EducationField": "Life Sciences",
    "EmployeeCount": 1,
    "EmployeeNumber": 259,
    "EnvironmentSatisfaction": 3,
    "Gender": "Male",
    "HourlyRate": 65,
    "JobInvolvement": 2,
    "JobLevel": 5,
    "JobRole": "Manager",
    "JobSatisfaction": 3,
    "MaritalStatus": "Married",
    "MonthlyIncome": 19999,
    "MonthlyRate": 5678,
    "Norm_EnvironmentSatisfaction": 0.6666666666666666,
    "Norm_JobInvolvement": 0.3333333333333333,
    "Norm_JobLevel": 1,
    "Norm_JobSatisfaction": 0.6666666666666666,
    "Norm_MonthlyIncome": 1,
    "Norm_NumCompaniesWorked": 0,
    "Norm_PercentSalaryHike": 0.2142857142857142,
    "Norm_PerformanceRating": 0,
    "Norm_RelationshipSatisfaction": 0,
    "Norm_TotalWorkingYears": 0.85,
    "Norm_TrainingTimesLastYear": 0.8333333333333334,
    "Norm_WorkLifeBalance": 0.6666666666666666,
    "Norm_YearsAtCompany": 0.825,
    "Norm_YearsSinceLastPromotion": 0.7333333333333333,
    "NumCompaniesWorked": 0,
    "Over18": "Y",
    "OverTime": "No",
    "OverTime_bin": 0,
    "PercentSalaryHike": 14,
    "PerformanceRating": 3,
    "Prob_N01": 0.2513862655314255,
    "Prob_N02": 0.0036287760845516,
    "Prob_N03": 0.1017204900283783,
    "Prob_P01": 0.0013349521181211,
    "Prob_P02": 0.0087049812965695,
    "Prob_P03": 0.0226969092304088,
    "Prob_P04": 0.0158804040718131,
    "Prob_S01": 0.5568126110760553,
    "Prob_S02": 0.0004137335353513,
    "Prob_S03": 0.0374208770273251,
    "RelationshipSatisfaction": 1,
    "Score_N01": 0.7904761904761904,
    "Score_N02": 0.3666666666666667,
    "Score_N03": 0.7,
    "Score_P01": 0.2666666666666667,
    "Score_P02": 0.4541666666666667,
    "Score_P03": 0.55,
    "Score_P04": 0.5142857142857142,
    "Score_S01": 0.8700000000000001,
    "Score_S02": 0.1495238095238095,
    "Score_S03": 0.6000000000000001,
    "StandardHours": 80,
    "StockOptionLevel": 1,
    "TotalWorkingYears": 34,
    "TrainingTimesLastYear": 5,
    "WorkLifeBalance": 3,
    "YearsAtCompany": 33,
    "YearsInCurrentRole": 18,
    "YearsSinceLastPromotion": 11,
    "YearsWithCurrManager": 9,
    "argmax_Persona": "안정적인 핵심인재",
    "argmax_Persona_Code": "S01",
    "argmax_RiskTier": "Stable",
    "is_married": 1,
    "softmax_Persona": "신규 부모",
    "softmax_Persona_Code": "N03",
    "softmax_RiskTier": "Neutral"
  },
  "employee_id": 259,
  "feature_importance": {},
  "lime_explanation": {},
  "model_interpretation": {},
  "predicted_attrition": 0,
  "risk_score": 0.00013401494652498513,
  "shap_values": {},
  "xai_explanation": {}
}