{
  "confidence": 0.8,
  "employee_id": "1486",
  "features_used": 11,
  "model_metadata": {
    "feature_dimensions": 11,
    "model_type": "GRU_CNN_Hybrid",
    "sequence_length": 50,
    "training_optimized": true
  },
  "predicted_attrition": 1,
  "risk_score": 0.9999896287918091,
  "sequence_length": 50,
  "xai_explanation": {
    "attention_weights": [
      [
        0.02000158093869686,
        0.02000112272799015,
        0.0200010035187006,
        0.0200008824467659,
        0.020000789314508438,
        0.020000668242573738,
        0.020000576972961426,
        0.020000483840703964,
        0.02000040002167225,
        0.02000032365322113,
        0.0200002770870924,
        0.020000221207737923,
        0.020000161603093147,
        0.02000010758638382,
        0.020000066608190536,
        0.020000025629997253,
        0.019999990239739418,
        0.019999947398900986,
        0.019999919459223747,
        0.019999895244836807,
        0.01999986730515957,
        0.019999844953417778,
        0.019999828189611435,
        0.019999809563159943,
        0.0199997927993536,
        0.019999781623482704,
        0.01999976858496666,
        0.019999753683805466,
        0.019999748095870018,
        0.019999735057353973,
        0.019999727606773376,
        0.019999723881483078,
        0.019999714568257332,
        0.019999708980321884,
        0.019999701529741287,
        0.01999969780445099,
        0.019999690353870392,
        0.019999688491225243,
        0.019999682903289795,
        0.019999681040644646,
        0.019999675452709198,
        0.01999967359006405,
        0.0199996717274189,
        0.0199996680021286,
        0.019999666139483452,
        0.019999666139483452,
        0.019999664276838303,
        0.019999664276838303,
        0.019999662414193153,
        0.019999662414193153
      ]
    ],
    "feature_names": [
      "day_of_week",
      "day_index",
      "system_login_hours",
      "work_focused_hours",
      "meeting_collaboration_hours",
      "social_dining_hours",
      "break_relaxation_hours",
      "shared_work_hours",
      "internal_comm_volume",
      "cafeteria_usage",
      "convenience_food_usage"
    ],
    "gradient_importance": [
      6.356341231139595e-08,
      1.1250586240407756e-08,
      2.1953697526555516e-08,
      1.6341644482054107e-07,
      8.637736925720674e-08,
      1.6883754838659115e-08,
      8.762235097492521e-07,
      7.855782513388476e-08,
      1.6925740453643812e-07,
      6.017939995217603e-07,
      6.107433137003682e-07
    ],
    "sequence_importance": {
      "timestep_0": 1.988948952202918e-07,
      "timestep_1": 4.132144279522798e-12,
      "timestep_10": 9.01762117668653e-13,
      "timestep_11": 7.779405375094028e-13,
      "timestep_12": 6.603114864785209e-13,
      "timestep_13": 5.913983495628439e-13,
      "timestep_14": 4.50647684316699e-13,
      "timestep_15": 3.6711882448955957e-13,
      "timestep_16": 3.134233324264546e-13,
      "timestep_17": 2.9580125241596145e-13,
      "timestep_18": 2.290238040447007e-13,
      "timestep_19": 1.7762275482911816e-13,
      "timestep_2": 3.8522292994391805e-12,
      "timestep_20": 1.7321236946924584e-13,
      "timestep_21": 1.3619510521537675e-13,
      "timestep_22": 1.1570143443589281e-13,
      "timestep_23": 1.0113409404637758e-13,
      "timestep_24": 8.008508813788298e-14,
      "timestep_25": 6.772592198427824e-14,
      "timestep_26": 5.813223708829585e-14,
      "timestep_27": 4.7474506015840814e-14,
      "timestep_28": 3.924739358377241e-14,
      "timestep_29": 3.4128285592537055e-14,
      "timestep_3": 3.3001505174434786e-12,
      "timestep_30": 2.4855497434556062e-14,
      "timestep_31": 2.3609706786722855e-14,
      "timestep_32": 1.9217407274340313e-14,
      "timestep_33": 1.5488598833937432e-14,
      "timestep_34": 1.4573994680348867e-14,
      "timestep_35": 1.2152005611628866e-14,
      "timestep_36": 9.290988354918647e-15,
      "timestep_37": 7.525107619010037e-15,
      "timestep_38": 5.992724220506285e-15,
      "timestep_39": 6.418704712976998e-15,
      "timestep_4": 2.337998935078578e-12,
      "timestep_40": 4.993932615257168e-15,
      "timestep_41": 4.1159749186150865e-15,
      "timestep_42": 3.322142628470171e-15,
      "timestep_43": 2.0519411263718052e-15,
      "timestep_44": 1.2525220186650372e-15,
      "timestep_45": 3.460334596638859e-07,
      "timestep_46": 9.8951306881645e-07,
      "timestep_47": 3.4077609143423615e-06,
      "timestep_48": 3.0146657081786543e-06,
      "timestep_49": 4.315927981224377e-06,
      "timestep_5": 2.1892045468097088e-12,
      "timestep_6": 2.237100478821863e-12,
      "timestep_7": 1.7796056512101033e-12,
      "timestep_8": 1.3435111313395143e-12,
      "timestep_9": 1.1426856639726313e-12
    },
    "temporal_importance": [
      1.988948952202918e-07,
      4.132144279522798e-12,
      3.8522292994391805e-12,
      3.3001505174434786e-12,
      2.337998935078578e-12,
      2.1892045468097088e-12,
      2.237100478821863e-12,
      1.7796056512101033e-12,
      1.3435111313395143e-12,
      1.1426856639726313e-12,
      9.01762117668653e-13,
      7.779405375094028e-13,
      6.603114864785209e-13,
      5.913983495628439e-13,
      4.50647684316699e-13,
      3.6711882448955957e-13,
      3.134233324264546e-13,
      2.9580125241596145e-13,
      2.290238040447007e-13,
      1.7762275482911816e-13,
      1.7321236946924584e-13,
      1.3619510521537675e-13,
      1.1570143443589281e-13,
      1.0113409404637758e-13,
      8.008508813788298e-14,
      6.772592198427824e-14,
      5.813223708829585e-14,
      4.7474506015840814e-14,
      3.924739358377241e-14,
      3.4128285592537055e-14,
      2.4855497434556062e-14,
      2.3609706786722855e-14,
      1.9217407274340313e-14,
      1.5488598833937432e-14,
      1.4573994680348867e-14,
      1.2152005611628866e-14,
      9.290988354918647e-15,
      7.525107619010037e-15,
      5.992724220506285e-15,
      6.418704712976998e-15,
      4.993932615257168e-15,
      4.1159749186150865e-15,
      3.322142628470171e-15,
      2.0519411263718052e-15,
      1.2525220186650372e-15,
      3.460334596638859e-07,
      9.8951306881645e-07,
      3.4077609143423615e-06,
      3.0146657081786543e-06,
      4.315927981224377e-06
    ],
    "trend_analysis": {
      "confidence_level": "high",
      "prediction_trend": "increasing"
    }
  }
}