{
  "confidence": 0.8,
  "employee_id": "1996",
  "features_used": 11,
  "model_metadata": {
    "feature_dimensions": 11,
    "model_type": "GRU_CNN_Hybrid",
    "sequence_length": 50,
    "training_optimized": true
  },
  "predicted_attrition": 0,
  "risk_score": 1.5591433067422188e-17,
  "sequence_length": 50,
  "xai_explanation": {
    "attention_weights": [
      [
        0.020002540200948715,
        0.019999099895358086,
        0.01999930664896965,
        0.01999947428703308,
        0.01999960094690323,
        0.019999708980321884,
        0.01999979093670845,
        0.019999850541353226,
        0.019999904558062553,
        0.01999993436038494,
        0.01999996416270733,
        0.01999998465180397,
        0.019999995827674866,
        0.02000000886619091,
        0.020000016316771507,
        0.020000023767352104,
        0.020000027492642403,
        0.020000029355287552,
        0.02000003308057785,
        0.02000003308057785,
        0.02000003308057785,
        0.020000034943223,
        0.02000003308057785,
        0.02000003308057785,
        0.02000003308057785,
        0.02000003308057785,
        0.02000003308057785,
        0.020000029355287552,
        0.020000027492642403,
        0.020000027492642403,
        0.020000027492642403,
        0.020000027492642403,
        0.020000025629997253,
        0.020000025629997253,
        0.020000023767352104,
        0.020000023767352104,
        0.020000023767352104,
        0.020000023767352104,
        0.020000023767352104,
        0.020000023767352104,
        0.020000023767352104,
        0.020000023767352104,
        0.020000023767352104,
        0.020000020042061806,
        0.020000020042061806,
        0.020000020042061806,
        0.020000020042061806,
        0.020000020042061806,
        0.020000020042061806,
        0.020000020042061806
      ]
    ],
    "feature_names": [
      "day_of_week",
      "day_index",
      "system_login_hours",
      "work_focused_hours",
      "meeting_collaboration_hours",
      "social_dining_hours",
      "break_relaxation_hours",
      "shared_work_hours",
      "internal_comm_volume",
      "cafeteria_usage",
      "convenience_food_usage"
    ],
    "gradient_importance": [
      1.035900705449575e-19,
      5.428389571985437e-20,
      1.3407618037446586e-19,
      3.0147533172563044e-19,
      2.889480949388211e-19,
      7.30139143509545e-20,
      2.11090123032816e-18,
      2.426312022134683e-19,
      6.795695084599039e-19,
      1.3644160156375898e-18,
      1.628898744695295e-18
    ],
    "sequence_importance": {
      "timestep_0": 1.39357781318381e-17,
      "timestep_1": 4.635310876052191e-18,
      "timestep_10": 9.08636910511952e-25,
      "timestep_11": 6.831552695546264e-25,
      "timestep_12": 4.913758865320251e-25,
      "timestep_13": 3.6045643209393286e-25,
      "timestep_14": 3.07468004140752e-25,
      "timestep_15": 2.246964531856946e-25,
      "timestep_16": 1.838867064063486e-25,
      "timestep_17": 1.271343149255672e-25,
      "timestep_18": 1.104427207503343e-25,
      "timestep_19": 7.447769542766911e-26,
      "timestep_2": 1.1060420154035889e-18,
      "timestep_20": 5.233407399527585e-26,
      "timestep_21": 4.5770319855529487e-26,
      "timestep_22": 3.2738470205258546e-26,
      "timestep_23": 2.585222602967234e-26,
      "timestep_24": 1.9269556176384187e-26,
      "timestep_25": 1.4070494424815244e-26,
      "timestep_26": 9.907193945477868e-27,
      "timestep_27": 9.494393973057797e-27,
      "timestep_28": 7.726857899900812e-27,
      "timestep_29": 4.351267004863693e-27,
      "timestep_3": 5.231141375585749e-19,
      "timestep_30": 4.1440639058668475e-27,
      "timestep_31": 3.9368600364980246e-27,
      "timestep_32": 3.7296569375011794e-27,
      "timestep_33": 4.0573231026595574e-27,
      "timestep_34": 2.8490603297621093e-27,
      "timestep_35": 1.3354971198539549e-27,
      "timestep_36": 1.2464636896408662e-27,
      "timestep_37": 1.1574306446137664e-27,
      "timestep_38": 1.068397310697175e-27,
      "timestep_39": 9.793642656700752e-28,
      "timestep_4": 4.095805262952754e-24,
      "timestep_40": 8.903311243464782e-28,
      "timestep_41": 8.012978385781354e-28,
      "timestep_42": 7.122647935510357e-28,
      "timestep_43": 6.232316522274387e-28,
      "timestep_44": 5.863228080246906e-20,
      "timestep_45": 2.1331630904550114e-19,
      "timestep_46": 2.2003244176288177e-18,
      "timestep_47": 2.397622296564047e-18,
      "timestep_48": 3.2646264857326745e-18,
      "timestep_49": 3.4006919062333597e-18,
      "timestep_5": 3.4415267891756154e-24,
      "timestep_6": 2.6029420089462602e-24,
      "timestep_7": 1.955390152107941e-24,
      "timestep_8": 1.5807118890956507e-24,
      "timestep_9": 1.101969264834094e-24
    },
    "temporal_importance": [
      1.39357781318381e-17,
      4.635310876052191e-18,
      1.1060420154035889e-18,
      5.231141375585749e-19,
      4.095805262952754e-24,
      3.4415267891756154e-24,
      2.6029420089462602e-24,
      1.955390152107941e-24,
      1.5807118890956507e-24,
      1.101969264834094e-24,
      9.08636910511952e-25,
      6.831552695546264e-25,
      4.913758865320251e-25,
      3.6045643209393286e-25,
      3.07468004140752e-25,
      2.246964531856946e-25,
      1.838867064063486e-25,
      1.271343149255672e-25,
      1.104427207503343e-25,
      7.447769542766911e-26,
      5.233407399527585e-26,
      4.5770319855529487e-26,
      3.2738470205258546e-26,
      2.585222602967234e-26,
      1.9269556176384187e-26,
      1.4070494424815244e-26,
      9.907193945477868e-27,
      9.494393973057797e-27,
      7.726857899900812e-27,
      4.351267004863693e-27,
      4.1440639058668475e-27,
      3.9368600364980246e-27,
      3.7296569375011794e-27,
      4.0573231026595574e-27,
      2.8490603297621093e-27,
      1.3354971198539549e-27,
      1.2464636896408662e-27,
      1.1574306446137664e-27,
      1.068397310697175e-27,
      9.793642656700752e-28,
      8.903311243464782e-28,
      8.012978385781354e-28,
      7.122647935510357e-28,
      6.232316522274387e-28,
      5.863228080246906e-20,
      2.1331630904550114e-19,
      2.2003244176288177e-18,
      2.397622296564047e-18,
      3.2646264857326745e-18,
      3.4006919062333597e-18
    ],
    "trend_analysis": {
      "confidence_level": "high",
      "prediction_trend": "stable"
    }
  }
}