{
  "confidence": 0.8,
  "employee_id": "683",
  "features_used": 11,
  "model_metadata": {
    "feature_dimensions": 11,
    "model_type": "GRU_CNN_Hybrid",
    "sequence_length": 50,
    "training_optimized": true
  },
  "predicted_attrition": 0,
  "risk_score": 4.937430090336512e-20,
  "sequence_length": 50,
  "xai_explanation": {
    "attention_weights": [
      [
        0.020004775375127792,
        0.019999757409095764,
        0.019999809563159943,
        0.019999850541353226,
        0.01999988965690136,
        0.01999991573393345,
        0.019999930635094643,
        0.01999993994832039,
        0.019999949261546135,
        0.019999952986836433,
        0.019999956712126732,
        0.019999951124191284,
        0.019999949261546135,
        0.019999949261546135,
        0.019999943673610687,
        0.01999993994832039,
        0.01999993436038494,
        0.019999930635094643,
        0.019999925047159195,
        0.019999919459223747,
        0.01999991573393345,
        0.01999991573393345,
        0.019999910145998,
        0.019999908283352852,
        0.019999906420707703,
        0.019999902695417404,
        0.019999900832772255,
        0.019999897107481956,
        0.019999897107481956,
        0.019999897107481956,
        0.019999893382191658,
        0.01999989151954651,
        0.01999988965690136,
        0.01999988965690136,
        0.01999988965690136,
        0.01999988779425621,
        0.01999988779425621,
        0.01999988779425621,
        0.01999988593161106,
        0.01999988593161106,
        0.01999988593161106,
        0.019999884068965912,
        0.019999884068965912,
        0.019999884068965912,
        0.019999884068965912,
        0.019999884068965912,
        0.019999884068965912,
        0.019999880343675613,
        0.019999880343675613,
        0.019999880343675613
      ]
    ],
    "feature_names": [
      "day_of_week",
      "day_index",
      "system_login_hours",
      "work_focused_hours",
      "meeting_collaboration_hours",
      "social_dining_hours",
      "break_relaxation_hours",
      "shared_work_hours",
      "internal_comm_volume",
      "cafeteria_usage",
      "convenience_food_usage"
    ],
    "gradient_importance": [
      3.6205287475694713e-22,
      2.127705031271547e-22,
      5.706515280076076e-22,
      7.12206192966306e-22,
      1.1660298190478336e-21,
      4.786576237101582e-22,
      7.217270397973075e-21,
      8.682378313092287e-22,
      2.7164544673272156e-21,
      4.603666429021773e-21,
      5.732412939883983e-21
    ],
    "sequence_importance": {
      "timestep_0": 5.126425996903247e-20,
      "timestep_1": 1.9857748533758338e-20,
      "timestep_10": 1.2018027223814873e-27,
      "timestep_11": 8.147658185309868e-28,
      "timestep_12": 6.986295465825143e-28,
      "timestep_13": 4.750939838782821e-28,
      "timestep_14": 3.7950820295664777e-28,
      "timestep_15": 2.916518770514443e-28,
      "timestep_16": 2.2577813960560103e-28,
      "timestep_17": 2.003249531640821e-28,
      "timestep_18": 1.4633924700414996e-28,
      "timestep_19": 1.4895730802230135e-28,
      "timestep_2": 1.6565696317438907e-21,
      "timestep_20": 1.102417948348052e-28,
      "timestep_21": 8.300861579043497e-29,
      "timestep_22": 7.82870119573063e-29,
      "timestep_23": 6.13216575775382e-29,
      "timestep_24": 6.068654004865897e-29,
      "timestep_25": 5.813309398014177e-29,
      "timestep_26": 4.658358400240871e-29,
      "timestep_27": 3.906580674245928e-29,
      "timestep_28": 3.316987916280264e-29,
      "timestep_29": 2.533427230451517e-29,
      "timestep_3": 6.797502716352684e-27,
      "timestep_30": 2.8433851919949834e-29,
      "timestep_31": 2.2956638061163443e-29,
      "timestep_32": 2.143168522656486e-29,
      "timestep_33": 1.5595726290551582e-29,
      "timestep_34": 1.1836168851311022e-29,
      "timestep_35": 1.1336065030064419e-29,
      "timestep_36": 1.0356646898541212e-29,
      "timestep_37": 5.9517821811512115e-30,
      "timestep_38": 9.068849767102382e-30,
      "timestep_39": 5.412600789943161e-30,
      "timestep_4": 6.095842526409682e-27,
      "timestep_40": 4.920546001694604e-30,
      "timestep_41": 4.4284908372878554e-30,
      "timestep_42": 3.936436049039299e-30,
      "timestep_43": 3.444381260790742e-30,
      "timestep_44": 1.6915847071609775e-30,
      "timestep_45": 1.409654048020212e-30,
      "timestep_46": 1.1277231067608023e-30,
      "timestep_47": 7.382400366721807e-21,
      "timestep_48": 1.1715465644339368e-20,
      "timestep_49": 2.0125393160707527e-20,
      "timestep_5": 4.4481131624891826e-27,
      "timestep_6": 3.311507116881589e-27,
      "timestep_7": 2.609544363344324e-27,
      "timestep_8": 2.043237759520879e-27,
      "timestep_9": 1.622005873211286e-27
    },
    "temporal_importance": [
      5.126425996903247e-20,
      1.9857748533758338e-20,
      1.6565696317438907e-21,
      6.797502716352684e-27,
      6.095842526409682e-27,
      4.4481131624891826e-27,
      3.311507116881589e-27,
      2.609544363344324e-27,
      2.043237759520879e-27,
      1.622005873211286e-27,
      1.2018027223814873e-27,
      8.147658185309868e-28,
      6.986295465825143e-28,
      4.750939838782821e-28,
      3.7950820295664777e-28,
      2.916518770514443e-28,
      2.2577813960560103e-28,
      2.003249531640821e-28,
      1.4633924700414996e-28,
      1.4895730802230135e-28,
      1.102417948348052e-28,
      8.300861579043497e-29,
      7.82870119573063e-29,
      6.13216575775382e-29,
      6.068654004865897e-29,
      5.813309398014177e-29,
      4.658358400240871e-29,
      3.906580674245928e-29,
      3.316987916280264e-29,
      2.533427230451517e-29,
      2.8433851919949834e-29,
      2.2956638061163443e-29,
      2.143168522656486e-29,
      1.5595726290551582e-29,
      1.1836168851311022e-29,
      1.1336065030064419e-29,
      1.0356646898541212e-29,
      5.9517821811512115e-30,
      9.068849767102382e-30,
      5.412600789943161e-30,
      4.920546001694604e-30,
      4.4284908372878554e-30,
      3.936436049039299e-30,
      3.444381260790742e-30,
      1.6915847071609775e-30,
      1.409654048020212e-30,
      1.1277231067608023e-30,
      7.382400366721807e-21,
      1.1715465644339368e-20,
      2.0125393160707527e-20
    ],
    "trend_analysis": {
      "confidence_level": "high",
      "prediction_trend": "stable"
    }
  }
}