{
  "confidence": 0.8,
  "employee_id": "334",
  "features_used": 11,
  "model_metadata": {
    "feature_dimensions": 11,
    "model_type": "GRU_CNN_Hybrid",
    "sequence_length": 50,
    "training_optimized": true
  },
  "predicted_attrition": 0,
  "risk_score": 3.3635182312974354e-12,
  "sequence_length": 50,
  "xai_explanation": {
    "attention_weights": [
      [
        0.020002083852887154,
        0.019999897107481956,
        0.019999949261546135,
        0.020000003278255463,
        0.020000034943223,
        0.020000046119093895,
        0.02000005915760994,
        0.02000005543231964,
        0.02000005543231964,
        0.020000051707029343,
        0.020000046119093895,
        0.020000042393803596,
        0.02000003308057785,
        0.020000020042061806,
        0.02000001259148121,
        0.020000003278255463,
        0.019999995827674866,
        0.01999998651444912,
        0.019999979063868523,
        0.019999973475933075,
        0.019999966025352478,
        0.01999996043741703,
        0.019999952986836433,
        0.019999949261546135,
        0.019999947398900986,
        0.019999941810965538,
        0.01999993622303009,
        0.01999993436038494,
        0.019999930635094643,
        0.019999926909804344,
        0.019999925047159195,
        0.019999923184514046,
        0.019999919459223747,
        0.019999917596578598,
        0.01999991573393345,
        0.01999991573393345,
        0.0199999138712883,
        0.019999910145998,
        0.019999910145998,
        0.019999908283352852,
        0.019999908283352852,
        0.019999906420707703,
        0.019999906420707703,
        0.019999906420707703,
        0.019999904558062553,
        0.019999904558062553,
        0.019999904558062553,
        0.019999904558062553,
        0.019999904558062553,
        0.019999904558062553
      ]
    ],
    "feature_names": [
      "day_of_week",
      "day_index",
      "system_login_hours",
      "work_focused_hours",
      "meeting_collaboration_hours",
      "social_dining_hours",
      "break_relaxation_hours",
      "shared_work_hours",
      "internal_comm_volume",
      "cafeteria_usage",
      "convenience_food_usage"
    ],
    "gradient_importance": [
      1.869161665452989e-14,
      8.194810830624861e-15,
      2.523153093522603e-14,
      4.851939569517835e-14,
      5.6040756887462684e-14,
      9.965069879837828e-15,
      3.860711392505295e-13,
      4.0839334409896455e-14,
      1.2734699904835833e-13,
      2.48615012040862e-13,
      2.97993238158184e-13
    ],
    "sequence_importance": {
      "timestep_0": 2.7029613356571724e-12,
      "timestep_1": 5.744056489134786e-13,
      "timestep_10": 9.325141794964424e-20,
      "timestep_11": 7.104327932616908e-20,
      "timestep_12": 5.258110888599701e-20,
      "timestep_13": 4.244011691416698e-20,
      "timestep_14": 3.380465181832027e-20,
      "timestep_15": 2.6231601668482764e-20,
      "timestep_16": 2.0873707271732452e-20,
      "timestep_17": 1.9893312453336717e-20,
      "timestep_18": 1.6295076788731047e-20,
      "timestep_19": 1.2348691790294317e-20,
      "timestep_2": 6.986691605025416e-19,
      "timestep_20": 1.0496462338758329e-20,
      "timestep_21": 1.0588742252465575e-20,
      "timestep_22": 8.797639347933981e-21,
      "timestep_23": 7.66544234685056e-21,
      "timestep_24": 6.505001651492428e-21,
      "timestep_25": 5.518112576715228e-21,
      "timestep_26": 4.466647676402772e-21,
      "timestep_27": 4.662176128766045e-21,
      "timestep_28": 3.809318989894062e-21,
      "timestep_29": 3.2894820191378e-21,
      "timestep_3": 6.030084109977747e-19,
      "timestep_30": 2.901403045395801e-21,
      "timestep_31": 2.29355837915948e-21,
      "timestep_32": 2.193278481861981e-21,
      "timestep_33": 2.0556813490490464e-21,
      "timestep_34": 1.4132438320760123e-21,
      "timestep_35": 1.041628095125163e-21,
      "timestep_36": 9.721861211426229e-22,
      "timestep_37": 9.02744046185887e-22,
      "timestep_38": 8.333020217162489e-22,
      "timestep_39": 7.638600477337089e-22,
      "timestep_4": 4.636030419787536e-19,
      "timestep_40": 5.148044673212843e-22,
      "timestep_41": 4.633239347610894e-22,
      "timestep_42": 4.1184352841863933e-22,
      "timestep_43": 2.6886118930455914e-22,
      "timestep_44": 1.1522621136589372e-22,
      "timestep_45": 1.9204366878079022e-22,
      "timestep_46": 7.681747634755823e-23,
      "timestep_47": 5.029120024070688e-13,
      "timestep_48": 7.980938501218893e-13,
      "timestep_49": 1.1830286099703824e-12,
      "timestep_5": 3.233215852934622e-19,
      "timestep_6": 2.730477707103854e-19,
      "timestep_7": 1.916277497066344e-19,
      "timestep_8": 1.5779757484277289e-19,
      "timestep_9": 1.1346931478287705e-19
    },
    "temporal_importance": [
      2.7029613356571724e-12,
      5.744056489134786e-13,
      6.986691605025416e-19,
      6.030084109977747e-19,
      4.636030419787536e-19,
      3.233215852934622e-19,
      2.730477707103854e-19,
      1.916277497066344e-19,
      1.5779757484277289e-19,
      1.1346931478287705e-19,
      9.325141794964424e-20,
      7.104327932616908e-20,
      5.258110888599701e-20,
      4.244011691416698e-20,
      3.380465181832027e-20,
      2.6231601668482764e-20,
      2.0873707271732452e-20,
      1.9893312453336717e-20,
      1.6295076788731047e-20,
      1.2348691790294317e-20,
      1.0496462338758329e-20,
      1.0588742252465575e-20,
      8.797639347933981e-21,
      7.66544234685056e-21,
      6.505001651492428e-21,
      5.518112576715228e-21,
      4.466647676402772e-21,
      4.662176128766045e-21,
      3.809318989894062e-21,
      3.2894820191378e-21,
      2.901403045395801e-21,
      2.29355837915948e-21,
      2.193278481861981e-21,
      2.0556813490490464e-21,
      1.4132438320760123e-21,
      1.041628095125163e-21,
      9.721861211426229e-22,
      9.02744046185887e-22,
      8.333020217162489e-22,
      7.638600477337089e-22,
      5.148044673212843e-22,
      4.633239347610894e-22,
      4.1184352841863933e-22,
      2.6886118930455914e-22,
      1.1522621136589372e-22,
      1.9204366878079022e-22,
      7.681747634755823e-23,
      5.029120024070688e-13,
      7.980938501218893e-13,
      1.1830286099703824e-12
    ],
    "trend_analysis": {
      "confidence_level": "high",
      "prediction_trend": "stable"
    }
  }
}