{
  "prediction": {
    "risk_score": 2.018134071586368e-26,
    "attrition_probability": 2.018134071586368e-26
  },
  "confidence": 0.8
}