{
  "prediction": {
    "employee_id": "423",
    "attrition_probability": 0.03321370854973793,
    "attrition_prediction": 1,
    "risk_category": "LOW",
    "confidence_score": 0.9335725829005241,
    "prediction_timestamp": "2025-09-23T22:52:13.664639"
  },
  "explanation": {
    "employee_id": "423",
    "feature_importance": {
      "RelationshipSatisfaction": 0.03405288979411125,
      "Education": 0.02487798221409321,
      "JobInvolvement": 0.03501373156905174,
      "EnvironmentSatisfaction": 0.048257846385240555,
      "JobLevel": 0.07228615880012512,
      "JobSatisfaction": 0.04019258916378021,
      "StockOptionLevel": 0.07264421880245209,
      "WorkLifeBalance": 0.03580893576145172,
      "Department": 0.037670474499464035,
      "JobRole": 0.046762410551309586,
      "MaritalStatus": 0.036864522844552994,
      "OverTime": 0.0779639258980751,
      "Age": 0.04039482772350311,
      "DailyRate": 0.03578038513660431,
      "DistanceFromHome": 0.036774344742298126,
      "MonthlyIncome": 0.04666806384921074,
      "NumCompaniesWorked": 0.050036631524562836,
      "TotalWorkingYears": 0.04981709271669388,
      "TrainingTimesLastYear": 0.02378365956246853,
      "YearsAtCompany": 0.02968277968466282,
      "YearsInCurrentRole": 0.03649982064962387,
      "YearsSinceLastPromotion": 0.03537580743432045,
      "YearsWithCurrManager": 0.05279093235731125
    },
    "shap_values": {
      "RelationshipSatisfaction": -0.24744485318660736,
      "Education": -0.033934202045202255,
      "JobInvolvement": -0.08082142472267151,
      "EnvironmentSatisfaction": -0.19601964950561523,
      "JobLevel": 0.021968217566609383,
      "JobSatisfaction": -0.4288294315338135,
      "StockOptionLevel": -0.2551285922527313,
      "WorkLifeBalance": -0.19850975275039673,
      "Department": -0.05868949741125107,
      "JobRole": -0.025124527513980865,
      "MaritalStatus": -0.15243010222911835,
      "OverTime": -0.5745334625244141,
      "Age": 0.3724749982357025,
      "DailyRate": -0.009371999651193619,
      "DistanceFromHome": -0.28576725721359253,
      "MonthlyIncome": -0.31577569246292114,
      "NumCompaniesWorked": -0.7368514537811279,
      "TotalWorkingYears": 0.04299721494317055,
      "TrainingTimesLastYear": 0.013797691091895103,
      "YearsAtCompany": -0.21692036092281342,
      "YearsInCurrentRole": 0.007622282952070236,
      "YearsSinceLastPromotion": -0.1414041668176651,
      "YearsWithCurrManager": -0.14760354161262512
    },
    "lime_explanation": {
      "features": [
        "OverTime=0",
        "NumCompaniesWorked <= 1.00",
        "3.00 < JobSatisfaction <= 4.00",
        "0.00 < StockOptionLevel <= 1.00",
        "2.00 < JobInvolvement <= 3.00",
        "2.00 < WorkLifeBalance <= 3.00",
        "2.00 < EnvironmentSatisfaction <= 3.00",
        "2.00 < RelationshipSatisfaction <= 3.00",
        "30.00 < Age <= 35.00",
        "YearsInCurrentRole <= 2.00"
      ],
      "values": [
        -0.21347894641264814,
        -0.11405056547841243,
        -0.09567166512802348,
        -0.07494212970970789,
        -0.06557865977392821,
        -0.059560788396931505,
        -0.05099468450734322,
        -0.047336457086816344,
        0.04661128757410606,
        0.043429020280393596
      ],
      "intercept": 0.6356788071886854
    },
    "top_risk_factors": [
      {
        "feature": "Age",
        "impact": 0.3724749982357025,
        "type": "risk"
      }
    ],
    "top_protective_factors": [
      {
        "feature": "NumCompaniesWorked",
        "impact": 0.7368514537811279,
        "type": "protective"
      },
      {
        "feature": "OverTime",
        "impact": 0.5745334625244141,
        "type": "protective"
      },
      {
        "feature": "JobSatisfaction",
        "impact": 0.4288294315338135,
        "type": "protective"
      },
      {
        "feature": "MonthlyIncome",
        "impact": 0.31577569246292114,
        "type": "protective"
      }
    ],
    "explanation_timestamp": "2025-09-23T22:52:13.736645"
  },
  "agent_type": "structura",
  "analysis_type": "individual"
}