{
  "prediction": {
    "risk_score": 1.732327581705451e-36,
    "attrition_probability": 1.732327581705451e-36
  },
  "confidence": 0.8
}