{
  "prediction": {
    "employee_id": "638",
    "attrition_probability": 0.00777418864890933,
    "attrition_prediction": 0,
    "risk_category": "LOW",
    "confidence_score": 0.9844516227021813,
    "prediction_timestamp": "2025-09-23T22:52:29.782699"
  },
  "explanation": {
    "employee_id": "638",
    "feature_importance": {
      "RelationshipSatisfaction": 0.03405288979411125,
      "Education": 0.02487798221409321,
      "JobInvolvement": 0.03501373156905174,
      "EnvironmentSatisfaction": 0.048257846385240555,
      "JobLevel": 0.07228615880012512,
      "JobSatisfaction": 0.04019258916378021,
      "StockOptionLevel": 0.07264421880245209,
      "WorkLifeBalance": 0.03580893576145172,
      "Department": 0.037670474499464035,
      "JobRole": 0.046762410551309586,
      "MaritalStatus": 0.036864522844552994,
      "OverTime": 0.0779639258980751,
      "Age": 0.04039482772350311,
      "DailyRate": 0.03578038513660431,
      "DistanceFromHome": 0.036774344742298126,
      "MonthlyIncome": 0.04666806384921074,
      "NumCompaniesWorked": 0.050036631524562836,
      "TotalWorkingYears": 0.04981709271669388,
      "TrainingTimesLastYear": 0.02378365956246853,
      "YearsAtCompany": 0.02968277968466282,
      "YearsInCurrentRole": 0.03649982064962387,
      "YearsSinceLastPromotion": 0.03537580743432045,
      "YearsWithCurrManager": 0.05279093235731125
    },
    "shap_values": {
      "RelationshipSatisfaction": -0.3338526487350464,
      "Education": -0.036914385855197906,
      "JobInvolvement": 0.0007651648484170437,
      "EnvironmentSatisfaction": -0.29115521907806396,
      "JobLevel": 0.02687326818704605,
      "JobSatisfaction": -0.09255373477935791,
      "StockOptionLevel": -0.24322162568569183,
      "WorkLifeBalance": -0.14561603963375092,
      "Department": -0.03924809396266937,
      "JobRole": -0.3411632478237152,
      "MaritalStatus": -0.1202431470155716,
      "OverTime": -0.4585495889186859,
      "Age": -0.22374564409255981,
      "DailyRate": -0.7117244601249695,
      "DistanceFromHome": 0.16308793425559998,
      "MonthlyIncome": -0.7134865522384644,
      "NumCompaniesWorked": -0.17748211324214935,
      "TotalWorkingYears": -0.5382184386253357,
      "TrainingTimesLastYear": -0.044074032455682755,
      "YearsAtCompany": -0.15439844131469727,
      "YearsInCurrentRole": -0.11435393244028091,
      "YearsSinceLastPromotion": -0.16406746208667755,
      "YearsWithCurrManager": -0.37108513712882996
    },
    "lime_explanation": {
      "features": [
        "OverTime=0",
        "DistanceFromHome > 14.00",
        "NumCompaniesWorked <= 1.00",
        "JobInvolvement <= 2.00",
        "3.00 < EnvironmentSatisfaction <= 4.00",
        "0.00 < StockOptionLevel <= 1.00",
        "2.00 < WorkLifeBalance <= 3.00",
        "DailyRate > 1162.00",
        "YearsWithCurrManager > 7.00",
        "MonthlyIncome > 8201.00"
      ],
      "values": [
        -0.21472305511708267,
        0.11677275968232266,
        -0.11149883405802627,
        0.11050360097045736,
        -0.07023053171706962,
        -0.06969172771159687,
        -0.06617235108262982,
        -0.06406966457681941,
        -0.06267331512363905,
        -0.061729404875945505
      ],
      "intercept": 0.573417372766649
    },
    "top_risk_factors": [],
    "top_protective_factors": [
      {
        "feature": "MonthlyIncome",
        "impact": 0.7134865522384644,
        "type": "protective"
      },
      {
        "feature": "DailyRate",
        "impact": 0.7117244601249695,
        "type": "protective"
      },
      {
        "feature": "TotalWorkingYears",
        "impact": 0.5382184386253357,
        "type": "protective"
      },
      {
        "feature": "OverTime",
        "impact": 0.4585495889186859,
        "type": "protective"
      },
      {
        "feature": "YearsWithCurrManager",
        "impact": 0.37108513712882996,
        "type": "protective"
      }
    ],
    "explanation_timestamp": "2025-09-23T22:52:29.872239"
  },
  "agent_type": "structura",
  "analysis_type": "individual"
}