{
  "prediction": {
    "risk_score": 1.5275247733370634e-08,
    "attrition_probability": 1.5275247733370634e-08
  },
  "confidence": 0.8
}