{
  "prediction": {
    "risk_score": 6.852842556246243e-15,
    "attrition_probability": 6.852842556246243e-15
  },
  "confidence": 0.8
}