{
  "prediction": {
    "employee_id": "1544",
    "attrition_probability": 0.08988074958324432,
    "attrition_prediction": 1,
    "risk_category": "LOW",
    "confidence_score": 0.8202385008335114,
    "prediction_timestamp": "2025-09-23T22:53:31.595785"
  },
  "explanation": {
    "employee_id": "1544",
    "feature_importance": {
      "RelationshipSatisfaction": 0.03405288979411125,
      "Education": 0.02487798221409321,
      "JobInvolvement": 0.03501373156905174,
      "EnvironmentSatisfaction": 0.048257846385240555,
      "JobLevel": 0.07228615880012512,
      "JobSatisfaction": 0.04019258916378021,
      "StockOptionLevel": 0.07264421880245209,
      "WorkLifeBalance": 0.03580893576145172,
      "Department": 0.037670474499464035,
      "JobRole": 0.046762410551309586,
      "MaritalStatus": 0.036864522844552994,
      "OverTime": 0.0779639258980751,
      "Age": 0.04039482772350311,
      "DailyRate": 0.03578038513660431,
      "DistanceFromHome": 0.036774344742298126,
      "MonthlyIncome": 0.04666806384921074,
      "NumCompaniesWorked": 0.050036631524562836,
      "TotalWorkingYears": 0.04981709271669388,
      "TrainingTimesLastYear": 0.02378365956246853,
      "YearsAtCompany": 0.02968277968466282,
      "YearsInCurrentRole": 0.03649982064962387,
      "YearsSinceLastPromotion": 0.03537580743432045,
      "YearsWithCurrManager": 0.05279093235731125
    },
    "shap_values": {
      "RelationshipSatisfaction": -0.30669334530830383,
      "Education": -0.14379854500293732,
      "JobInvolvement": 0.5723510980606079,
      "EnvironmentSatisfaction": -0.26867759227752686,
      "JobLevel": -0.08754156529903412,
      "JobSatisfaction": 0.17713305354118347,
      "StockOptionLevel": -0.3540891706943512,
      "WorkLifeBalance": -0.18043206632137299,
      "Department": -0.12555013597011566,
      "JobRole": -0.18325358629226685,
      "MaritalStatus": -0.19348354637622833,
      "OverTime": -0.45458677411079407,
      "Age": 0.19700215756893158,
      "DailyRate": -0.06797334551811218,
      "DistanceFromHome": -0.10028108954429626,
      "MonthlyIncome": -0.14274446666240692,
      "NumCompaniesWorked": -0.2658455967903137,
      "TotalWorkingYears": -0.04316576197743416,
      "TrainingTimesLastYear": -0.085719533264637,
      "YearsAtCompany": -0.16343042254447937,
      "YearsInCurrentRole": -0.09574942290782928,
      "YearsSinceLastPromotion": -0.18040888011455536,
      "YearsWithCurrManager": -0.09343819320201874
    },
    "lime_explanation": {
      "features": [
        "OverTime=0",
        "JobInvolvement <= 2.00",
        "0.00 < StockOptionLevel <= 1.00",
        "2.00 < WorkLifeBalance <= 3.00",
        "JobSatisfaction <= 2.00",
        "Age <= 30.00",
        "MonthlyIncome > 8201.00",
        "DailyRate <= 471.75",
        "2.00 < RelationshipSatisfaction <= 3.00",
        "2.00 < EnvironmentSatisfaction <= 3.00"
      ],
      "values": [
        -0.2077779804655053,
        0.10135607839802105,
        -0.08678071459387934,
        -0.0746720018788233,
        0.0739290553821105,
        0.06553499353896369,
        -0.059451730861542464,
        0.05721229954860559,
        -0.05389866654483211,
        -0.04988399815860186
      ],
      "intercept": 0.47658569765568226
    },
    "top_risk_factors": [
      {
        "feature": "JobInvolvement",
        "impact": 0.5723510980606079,
        "type": "risk"
      }
    ],
    "top_protective_factors": [
      {
        "feature": "OverTime",
        "impact": 0.45458677411079407,
        "type": "protective"
      },
      {
        "feature": "StockOptionLevel",
        "impact": 0.3540891706943512,
        "type": "protective"
      },
      {
        "feature": "RelationshipSatisfaction",
        "impact": 0.30669334530830383,
        "type": "protective"
      },
      {
        "feature": "EnvironmentSatisfaction",
        "impact": 0.26867759227752686,
        "type": "protective"
      }
    ],
    "explanation_timestamp": "2025-09-23T22:53:31.690844"
  },
  "agent_type": "structura",
  "analysis_type": "individual"
}