{
  "confidence": 0.8,
  "employee_id": "1624",
  "features_used": 11,
  "model_metadata": {
    "feature_dimensions": 11,
    "model_type": "GRU_CNN_Hybrid",
    "sequence_length": 50,
    "training_optimized": true
  },
  "predicted_attrition": 1,
  "risk_score": 0.9999936819076538,
  "sequence_length": 50,
  "xai_explanation": {
    "attention_weights": [
      [
        0.02000380866229534,
        0.02000316232442856,
        0.020002741366624832,
        0.020002417266368866,
        0.020002102479338646,
        0.020001808181405067,
        0.020001526921987534,
        0.02000129036605358,
        0.020001081749796867,
        0.020000876858830452,
        0.020000698044896126,
        0.020000547170639038,
        0.02000039629638195,
        0.0200002733618021,
        0.020000161603093147,
        0.02000005543231964,
        0.019999952986836433,
        0.01999986730515957,
        0.019999781623482704,
        0.019999699667096138,
        0.01999964378774166,
        0.019999593496322632,
        0.019999543204903603,
        0.01999949850142002,
        0.01999945007264614,
        0.019999416545033455,
        0.01999938301742077,
        0.01999935321509838,
        0.019999325275421143,
        0.019999297335743904,
        0.019999273121356964,
        0.019999252632260323,
        0.01999923586845398,
        0.019999220967292786,
        0.019999206066131592,
        0.019999196752905846,
        0.01999918557703495,
        0.019999174401164055,
        0.01999916322529316,
        0.019999157637357712,
        0.019999144598841667,
        0.01999913714826107,
        0.019999133422970772,
        0.019999125972390175,
        0.019999120384454727,
        0.01999911665916443,
        0.01999911107122898,
        0.019999107345938683,
        0.019999101758003235,
        0.019999101758003235
      ]
    ],
    "feature_names": [
      "day_of_week",
      "day_index",
      "system_login_hours",
      "work_focused_hours",
      "meeting_collaboration_hours",
      "social_dining_hours",
      "break_relaxation_hours",
      "shared_work_hours",
      "internal_comm_volume",
      "cafeteria_usage",
      "convenience_food_usage"
    ],
    "gradient_importance": [
      2.3352455968961294e-08,
      6.699344634597537e-09,
      1.4838620110424472e-08,
      7.256631562313487e-08,
      3.585532937222524e-08,
      1.2085333622735561e-08,
      4.7162475880213606e-07,
      3.523242497749379e-08,
      5.676659498021763e-08,
      3.102952916833601e-07,
      3.174380935888621e-07
    ],
    "sequence_importance": {
      "timestep_0": 1.2036538521442708e-07,
      "timestep_1": 3.3082176321280743e-12,
      "timestep_10": 8.230542983267419e-13,
      "timestep_11": 6.577348258055005e-13,
      "timestep_12": 6.329221543567576e-13,
      "timestep_13": 4.911509025005978e-13,
      "timestep_14": 4.1597915433413957e-13,
      "timestep_15": 3.6038072482799666e-13,
      "timestep_16": 3.329251750585488e-13,
      "timestep_17": 2.6080201366573963e-13,
      "timestep_18": 2.521817661377962e-13,
      "timestep_19": 2.2732311096441277e-13,
      "timestep_2": 2.7760504398705033e-12,
      "timestep_20": 1.5231967163270577e-13,
      "timestep_21": 1.30704691861383e-13,
      "timestep_22": 1.3029292542880017e-13,
      "timestep_23": 1.094910159716786e-13,
      "timestep_24": 9.998598493208763e-14,
      "timestep_25": 7.012535625967875e-14,
      "timestep_26": 6.809306672119972e-14,
      "timestep_27": 5.984666565485644e-14,
      "timestep_28": 5.0282748884772355e-14,
      "timestep_29": 4.571671613864438e-14,
      "timestep_3": 2.3011861513544396e-12,
      "timestep_30": 4.059186865215843e-14,
      "timestep_31": 3.2522822732443044e-14,
      "timestep_32": 2.607402039775126e-14,
      "timestep_33": 1.8812520443355074e-14,
      "timestep_34": 1.8567843118079408e-14,
      "timestep_35": 1.2636785437232078e-14,
      "timestep_36": 1.300358797284287e-14,
      "timestep_37": 1.0559083074318954e-14,
      "timestep_38": 9.743737629621437e-15,
      "timestep_39": 7.67682138425865e-15,
      "timestep_4": 1.993009056400208e-12,
      "timestep_40": 7.815004645207822e-15,
      "timestep_41": 4.9323812720790394e-15,
      "timestep_42": 4.144107847408717e-15,
      "timestep_43": 3.450587763382997e-15,
      "timestep_44": 2.384032675320589e-15,
      "timestep_45": 1.828814013340183e-15,
      "timestep_46": 1.4630499401227254e-15,
      "timestep_47": 1.4061275805943296e-06,
      "timestep_48": 2.230938207503641e-06,
      "timestep_49": 2.4096123070194153e-06,
      "timestep_5": 1.7601875903008879e-12,
      "timestep_6": 1.6829895766942715e-12,
      "timestep_7": 1.318862120208708e-12,
      "timestep_8": 1.08710057015321e-12,
      "timestep_9": 9.79527656902457e-13
    },
    "temporal_importance": [
      1.2036538521442708e-07,
      3.3082176321280743e-12,
      2.7760504398705033e-12,
      2.3011861513544396e-12,
      1.993009056400208e-12,
      1.7601875903008879e-12,
      1.6829895766942715e-12,
      1.318862120208708e-12,
      1.08710057015321e-12,
      9.79527656902457e-13,
      8.230542983267419e-13,
      6.577348258055005e-13,
      6.329221543567576e-13,
      4.911509025005978e-13,
      4.1597915433413957e-13,
      3.6038072482799666e-13,
      3.329251750585488e-13,
      2.6080201366573963e-13,
      2.521817661377962e-13,
      2.2732311096441277e-13,
      1.5231967163270577e-13,
      1.30704691861383e-13,
      1.3029292542880017e-13,
      1.094910159716786e-13,
      9.998598493208763e-14,
      7.012535625967875e-14,
      6.809306672119972e-14,
      5.984666565485644e-14,
      5.0282748884772355e-14,
      4.571671613864438e-14,
      4.059186865215843e-14,
      3.2522822732443044e-14,
      2.607402039775126e-14,
      1.8812520443355074e-14,
      1.8567843118079408e-14,
      1.2636785437232078e-14,
      1.300358797284287e-14,
      1.0559083074318954e-14,
      9.743737629621437e-15,
      7.67682138425865e-15,
      7.815004645207822e-15,
      4.9323812720790394e-15,
      4.144107847408717e-15,
      3.450587763382997e-15,
      2.384032675320589e-15,
      1.828814013340183e-15,
      1.4630499401227254e-15,
      1.4061275805943296e-06,
      2.230938207503641e-06,
      2.4096123070194153e-06
    ],
    "trend_analysis": {
      "confidence_level": "high",
      "prediction_trend": "increasing"
    }
  }
}