{
  "confidence": 0.8,
  "employee_id": "1733",
  "features_used": 11,
  "model_metadata": {
    "feature_dimensions": 11,
    "model_type": "GRU_CNN_Hybrid",
    "sequence_length": 50,
    "training_optimized": true
  },
  "predicted_attrition": 1,
  "risk_score": 0.9999953508377075,
  "sequence_length": 50,
  "xai_explanation": {
    "attention_weights": [
      [
        0.020002685487270355,
        0.020002225413918495,
        0.02000197023153305,
        0.020001720637083054,
        0.02000153250992298,
        0.020001299679279327,
        0.020001115277409554,
        0.020000921562314034,
        0.020000727847218513,
        0.02000061422586441,
        0.020000508055090904,
        0.020000409334897995,
        0.020000291988253593,
        0.020000208169221878,
        0.020000113174319267,
        0.02000003680586815,
        0.01999996230006218,
        0.01999989151954651,
        0.019999846816062927,
        0.0199997927993536,
        0.019999748095870018,
        0.019999707117676735,
        0.01999966986477375,
        0.019999640062451363,
        0.019999610260128975,
        0.019999578595161438,
        0.019999554380774498,
        0.01999952644109726,
        0.019999511539936066,
        0.01999950036406517,
        0.019999483600258827,
        0.019999468699097633,
        0.019999457523226738,
        0.019999444484710693,
        0.019999433308839798,
        0.019999422132968903,
        0.019999414682388306,
        0.01999940723180771,
        0.01999940164387226,
        0.019999392330646515,
        0.019999388605356216,
        0.01999938115477562,
        0.019999375566840172,
        0.019999373704195023,
        0.019999369978904724,
        0.019999366253614426,
        0.019999364390969276,
        0.01999935880303383,
        0.01999935880303383,
        0.01999935694038868
      ]
    ],
    "feature_names": [
      "day_of_week",
      "day_index",
      "system_login_hours",
      "work_focused_hours",
      "meeting_collaboration_hours",
      "social_dining_hours",
      "break_relaxation_hours",
      "shared_work_hours",
      "internal_comm_volume",
      "cafeteria_usage",
      "convenience_food_usage"
    ],
    "gradient_importance": [
      1.7191727152976455e-08,
      5.205035513711209e-09,
      1.1051543680196119e-08,
      5.3699167779086565e-08,
      2.6376220318979904e-08,
      7.717538608176255e-09,
      3.475132643870893e-07,
      2.577498214861862e-08,
      4.200265379949997e-08,
      2.2884829320446443e-07,
      2.3404838600527e-07
    ],
    "sequence_importance": {
      "timestep_0": 8.866874878776798e-08,
      "timestep_1": 2.7323544902341235e-12,
      "timestep_10": 5.9988944150699e-13,
      "timestep_11": 4.828727478631278e-13,
      "timestep_12": 4.5271878151668943e-13,
      "timestep_13": 3.5377281074229494e-13,
      "timestep_14": 3.4220957773230254e-13,
      "timestep_15": 2.633894621503763e-13,
      "timestep_16": 2.317739099602645e-13,
      "timestep_17": 2.1482944275504762e-13,
      "timestep_18": 1.4676329812904343e-13,
      "timestep_19": 1.4520382238172175e-13,
      "timestep_2": 2.147895576676273e-12,
      "timestep_20": 1.1453320659503968e-13,
      "timestep_21": 1.0445385333589241e-13,
      "timestep_22": 8.441266078056814e-14,
      "timestep_23": 6.736526213160093e-14,
      "timestep_24": 6.478972631833446e-14,
      "timestep_25": 5.443834334597879e-14,
      "timestep_26": 4.441158066846064e-14,
      "timestep_27": 4.2554911553133526e-14,
      "timestep_28": 2.6830329340091046e-14,
      "timestep_29": 1.9751392090882475e-14,
      "timestep_3": 2.0046700844461585e-12,
      "timestep_30": 2.39278743845682e-14,
      "timestep_31": 1.9465794603924953e-14,
      "timestep_32": 1.3444098468490782e-14,
      "timestep_33": 1.3333386180086962e-14,
      "timestep_34": 1.1722137237930256e-14,
      "timestep_35": 1.0358662373504378e-14,
      "timestep_36": 7.595403730335619e-15,
      "timestep_37": 7.050988550080968e-15,
      "timestep_38": 4.934168511597746e-15,
      "timestep_39": 4.764591245008014e-15,
      "timestep_4": 1.5502585109725131e-12,
      "timestep_40": 3.892155356149084e-15,
      "timestep_41": 2.9099001633709756e-15,
      "timestep_42": 2.4108615968919216e-15,
      "timestep_43": 1.858508447372077e-15,
      "timestep_44": 1.5611779659083073e-15,
      "timestep_45": 9.307425664534827e-16,
      "timestep_46": 1.8231612841645983e-07,
      "timestep_47": 1.4785225630475907e-06,
      "timestep_48": 1.6708382872820948e-06,
      "timestep_49": 1.1224946092625032e-06,
      "timestep_5": 1.4276034781407487e-12,
      "timestep_6": 1.3249724668124019e-12,
      "timestep_7": 1.138325219675329e-12,
      "timestep_8": 1.000539928686095e-12,
      "timestep_9": 7.089524822236071e-13
    },
    "temporal_importance": [
      8.866874878776798e-08,
      2.7323544902341235e-12,
      2.147895576676273e-12,
      2.0046700844461585e-12,
      1.5502585109725131e-12,
      1.4276034781407487e-12,
      1.3249724668124019e-12,
      1.138325219675329e-12,
      1.000539928686095e-12,
      7.089524822236071e-13,
      5.9988944150699e-13,
      4.828727478631278e-13,
      4.5271878151668943e-13,
      3.5377281074229494e-13,
      3.4220957773230254e-13,
      2.633894621503763e-13,
      2.317739099602645e-13,
      2.1482944275504762e-13,
      1.4676329812904343e-13,
      1.4520382238172175e-13,
      1.1453320659503968e-13,
      1.0445385333589241e-13,
      8.441266078056814e-14,
      6.736526213160093e-14,
      6.478972631833446e-14,
      5.443834334597879e-14,
      4.441158066846064e-14,
      4.2554911553133526e-14,
      2.6830329340091046e-14,
      1.9751392090882475e-14,
      2.39278743845682e-14,
      1.9465794603924953e-14,
      1.3444098468490782e-14,
      1.3333386180086962e-14,
      1.1722137237930256e-14,
      1.0358662373504378e-14,
      7.595403730335619e-15,
      7.050988550080968e-15,
      4.934168511597746e-15,
      4.764591245008014e-15,
      3.892155356149084e-15,
      2.9099001633709756e-15,
      2.4108615968919216e-15,
      1.858508447372077e-15,
      1.5611779659083073e-15,
      9.307425664534827e-16,
      1.8231612841645983e-07,
      1.4785225630475907e-06,
      1.6708382872820948e-06,
      1.1224946092625032e-06
    ],
    "trend_analysis": {
      "confidence_level": "high",
      "prediction_trend": "increasing"
    }
  }
}