{
  "prediction": {
    "employee_id": "569",
    "attrition_probability": 0.02137508988380432,
    "attrition_prediction": 1,
    "risk_category": "LOW",
    "confidence_score": 0.9572498202323914,
    "prediction_timestamp": "2025-09-23T22:52:25.157308"
  },
  "explanation": {
    "employee_id": "569",
    "feature_importance": {
      "RelationshipSatisfaction": 0.03405288979411125,
      "Education": 0.02487798221409321,
      "JobInvolvement": 0.03501373156905174,
      "EnvironmentSatisfaction": 0.048257846385240555,
      "JobLevel": 0.07228615880012512,
      "JobSatisfaction": 0.04019258916378021,
      "StockOptionLevel": 0.07264421880245209,
      "WorkLifeBalance": 0.03580893576145172,
      "Department": 0.037670474499464035,
      "JobRole": 0.046762410551309586,
      "MaritalStatus": 0.036864522844552994,
      "OverTime": 0.0779639258980751,
      "Age": 0.04039482772350311,
      "DailyRate": 0.03578038513660431,
      "DistanceFromHome": 0.036774344742298126,
      "MonthlyIncome": 0.04666806384921074,
      "NumCompaniesWorked": 0.050036631524562836,
      "TotalWorkingYears": 0.04981709271669388,
      "TrainingTimesLastYear": 0.02378365956246853,
      "YearsAtCompany": 0.02968277968466282,
      "YearsInCurrentRole": 0.03649982064962387,
      "YearsSinceLastPromotion": 0.03537580743432045,
      "YearsWithCurrManager": 0.05279093235731125
    },
    "shap_values": {
      "RelationshipSatisfaction": -0.23519152402877808,
      "Education": -0.0395769402384758,
      "JobInvolvement": 0.007768562994897366,
      "EnvironmentSatisfaction": -0.16234737634658813,
      "JobLevel": 0.06399284303188324,
      "JobSatisfaction": -0.09318847954273224,
      "StockOptionLevel": -0.345011830329895,
      "WorkLifeBalance": -0.11125639081001282,
      "Department": -0.036433733999729156,
      "JobRole": -0.4263049364089966,
      "MaritalStatus": -0.16307494044303894,
      "OverTime": -0.4817756116390228,
      "Age": -0.19336025416851044,
      "DailyRate": -0.643099308013916,
      "DistanceFromHome": 0.5265415906906128,
      "MonthlyIncome": -0.7545243501663208,
      "NumCompaniesWorked": -0.40115606784820557,
      "TotalWorkingYears": -0.5096052885055542,
      "TrainingTimesLastYear": -0.00028995773755013943,
      "YearsAtCompany": -0.14811605215072632,
      "YearsInCurrentRole": -0.17471034824848175,
      "YearsSinceLastPromotion": 0.3063102662563324,
      "YearsWithCurrManager": -0.08479665964841843
    },
    "lime_explanation": {
      "features": [
        "OverTime=0",
        "NumCompaniesWorked <= 1.00",
        "EnvironmentSatisfaction <= 2.00",
        "DistanceFromHome > 14.00",
        "JobInvolvement <= 2.00",
        "RelationshipSatisfaction <= 2.00",
        "2.00 < WorkLifeBalance <= 3.00",
        "0.00 < StockOptionLevel <= 1.00",
        "MonthlyIncome > 8201.00",
        "TotalWorkingYears > 15.00"
      ],
      "values": [
        -0.2062376597393905,
        -0.11887108226776272,
        0.11183930759005295,
        0.10648404267038371,
        0.10170308778069483,
        0.0868442850082573,
        -0.08151326975942771,
        -0.08099172707232917,
        -0.06746252891433163,
        -0.05612932848357492
      ],
      "intercept": 0.4759193204815278
    },
    "top_risk_factors": [
      {
        "feature": "DistanceFromHome",
        "impact": 0.5265415906906128,
        "type": "risk"
      }
    ],
    "top_protective_factors": [
      {
        "feature": "MonthlyIncome",
        "impact": 0.7545243501663208,
        "type": "protective"
      },
      {
        "feature": "DailyRate",
        "impact": 0.643099308013916,
        "type": "protective"
      },
      {
        "feature": "TotalWorkingYears",
        "impact": 0.5096052885055542,
        "type": "protective"
      },
      {
        "feature": "OverTime",
        "impact": 0.4817756116390228,
        "type": "protective"
      }
    ],
    "explanation_timestamp": "2025-09-23T22:52:25.246985"
  },
  "agent_type": "structura",
  "analysis_type": "individual"
}