{
  "confidence": 0.8,
  "employee_id": "1966",
  "features_used": 11,
  "model_metadata": {
    "feature_dimensions": 11,
    "model_type": "GRU_CNN_Hybrid",
    "sequence_length": 50,
    "training_optimized": true
  },
  "predicted_attrition": 0,
  "risk_score": 3.893934064080895e-09,
  "sequence_length": 50,
  "xai_explanation": {
    "attention_weights": [
      [
        0.020002035424113274,
        0.020000586286187172,
        0.02000054158270359,
        0.02000049129128456,
        0.02000044286251068,
        0.020000385120511055,
        0.020000332966446877,
        0.02000027522444725,
        0.02000023052096367,
        0.020000195130705833,
        0.0200001522898674,
        0.020000120624899864,
        0.020000090822577477,
        0.02000005729496479,
        0.0200000312179327,
        0.020000003278255463,
        0.019999980926513672,
        0.01999995857477188,
        0.01999993994832039,
        0.019999921321868896,
        0.019999906420707703,
        0.01999988965690136,
        0.019999880343675613,
        0.019999871030449867,
        0.019999857991933823,
        0.019999848678708076,
        0.01999984122812748,
        0.019999831914901733,
        0.019999828189611435,
        0.019999820739030838,
        0.01999981515109539,
        0.019999809563159943,
        0.019999803975224495,
        0.019999802112579346,
        0.019999796524643898,
        0.01999979466199875,
        0.0199997927993536,
        0.0199997890740633,
        0.019999787211418152,
        0.019999785348773003,
        0.019999781623482704,
        0.019999779760837555,
        0.019999777898192406,
        0.019999776035547256,
        0.019999776035547256,
        0.019999772310256958,
        0.019999772310256958,
        0.019999772310256958,
        0.01999977044761181,
        0.01999977044761181
      ]
    ],
    "feature_names": [
      "day_of_week",
      "day_index",
      "system_login_hours",
      "work_focused_hours",
      "meeting_collaboration_hours",
      "social_dining_hours",
      "break_relaxation_hours",
      "shared_work_hours",
      "internal_comm_volume",
      "cafeteria_usage",
      "convenience_food_usage"
    ],
    "gradient_importance": [
      3.091163436330646e-11,
      8.981855190159926e-12,
      3.243967594546149e-11,
      5.588603191331032e-11,
      6.459100615474611e-11,
      1.3730599122963039e-11,
      4.44270648047862e-10,
      4.693306160374888e-11,
      1.4681771076663352e-10,
      2.8611849001158873e-10,
      3.430429551531944e-10
    ],
    "sequence_importance": {
      "timestep_0": 3.113652224939756e-09,
      "timestep_1": 6.615876735338588e-10,
      "timestep_10": 1.1364744285451394e-16,
      "timestep_11": 8.199513848715592e-17,
      "timestep_12": 7.432074866979104e-17,
      "timestep_13": 7.444749920941377e-17,
      "timestep_14": 5.831709345282551e-17,
      "timestep_15": 5.836315086933246e-17,
      "timestep_16": 4.2838638367827036e-17,
      "timestep_17": 4.047423853979526e-17,
      "timestep_18": 3.9243198573691795e-17,
      "timestep_19": 3.223058633359384e-17,
      "timestep_2": 4.219990141021441e-16,
      "timestep_20": 2.7208703351612955e-17,
      "timestep_21": 2.420235842868083e-17,
      "timestep_22": 1.6850279536997238e-17,
      "timestep_23": 1.770555285751379e-17,
      "timestep_24": 1.513511888250731e-17,
      "timestep_25": 1.3198383011694027e-17,
      "timestep_26": 1.2840762227204689e-17,
      "timestep_27": 9.052255169377121e-18,
      "timestep_28": 8.5771317245134e-18,
      "timestep_29": 7.071385076981072e-18,
      "timestep_3": 3.474657263370412e-16,
      "timestep_30": 6.737246709311195e-18,
      "timestep_31": 5.355213194192298e-18,
      "timestep_32": 4.710772908974179e-18,
      "timestep_33": 4.232842840292065e-18,
      "timestep_34": 3.661879768116113e-18,
      "timestep_35": 2.2111985339614398e-18,
      "timestep_36": 2.091201096859597e-18,
      "timestep_37": 1.943784483608e-18,
      "timestep_38": 1.7963633208630336e-18,
      "timestep_39": 1.421171772596997e-18,
      "timestep_4": 2.7848534834612113e-16,
      "timestep_40": 1.1392628295746373e-18,
      "timestep_41": 1.0253362777834745e-18,
      "timestep_42": 7.496206945012407e-19,
      "timestep_43": 6.559179849039635e-19,
      "timestep_44": 4.443357824644973e-19,
      "timestep_45": 1.071375696493071e-10,
      "timestep_46": 6.664583329651919e-10,
      "timestep_47": 6.712055355961866e-10,
      "timestep_48": 7.479549202216162e-10,
      "timestep_49": 7.307457416949603e-10,
      "timestep_5": 2.470511086405668e-16,
      "timestep_6": 2.0257503647168898e-16,
      "timestep_7": 1.762302736390509e-16,
      "timestep_8": 1.42440924998105e-16,
      "timestep_9": 1.0876824852819845e-16
    },
    "temporal_importance": [
      3.113652224939756e-09,
      6.615876735338588e-10,
      4.219990141021441e-16,
      3.474657263370412e-16,
      2.7848534834612113e-16,
      2.470511086405668e-16,
      2.0257503647168898e-16,
      1.762302736390509e-16,
      1.42440924998105e-16,
      1.0876824852819845e-16,
      1.1364744285451394e-16,
      8.199513848715592e-17,
      7.432074866979104e-17,
      7.444749920941377e-17,
      5.831709345282551e-17,
      5.836315086933246e-17,
      4.2838638367827036e-17,
      4.047423853979526e-17,
      3.9243198573691795e-17,
      3.223058633359384e-17,
      2.7208703351612955e-17,
      2.420235842868083e-17,
      1.6850279536997238e-17,
      1.770555285751379e-17,
      1.513511888250731e-17,
      1.3198383011694027e-17,
      1.2840762227204689e-17,
      9.052255169377121e-18,
      8.5771317245134e-18,
      7.071385076981072e-18,
      6.737246709311195e-18,
      5.355213194192298e-18,
      4.710772908974179e-18,
      4.232842840292065e-18,
      3.661879768116113e-18,
      2.2111985339614398e-18,
      2.091201096859597e-18,
      1.943784483608e-18,
      1.7963633208630336e-18,
      1.421171772596997e-18,
      1.1392628295746373e-18,
      1.0253362777834745e-18,
      7.496206945012407e-19,
      6.559179849039635e-19,
      4.443357824644973e-19,
      1.071375696493071e-10,
      6.664583329651919e-10,
      6.712055355961866e-10,
      7.479549202216162e-10,
      7.307457416949603e-10
    ],
    "trend_analysis": {
      "confidence_level": "high",
      "prediction_trend": "stable"
    }
  }
}