{
  "confidence": 0.8,
  "employee_id": "1961",
  "features_used": 11,
  "model_metadata": {
    "feature_dimensions": 11,
    "model_type": "GRU_CNN_Hybrid",
    "sequence_length": 50,
    "training_optimized": true
  },
  "predicted_attrition": 0,
  "risk_score": 3.6531969271891285e-07,
  "sequence_length": 50,
  "xai_explanation": {
    "attention_weights": [
      [
        0.020001761615276337,
        0.020000625401735306,
        0.02000056765973568,
        0.02000052109360695,
        0.020000478252768517,
        0.020000427961349487,
        0.020000368356704712,
        0.020000312477350235,
        0.020000260323286057,
        0.020000211894512177,
        0.02000017650425434,
        0.020000135526061058,
        0.02000010386109352,
        0.020000072196125984,
        0.020000038668513298,
        0.02000001259148121,
        0.01999998651444912,
        0.01999996230006218,
        0.019999943673610687,
        0.019999925047159195,
        0.019999902695417404,
        0.01999988779425621,
        0.019999874755740166,
        0.01999986171722412,
        0.019999852403998375,
        0.01999984309077263,
        0.019999833777546883,
        0.019999824464321136,
        0.01999981701374054,
        0.019999809563159943,
        0.019999805837869644,
        0.019999800249934196,
        0.01999979466199875,
        0.01999979093670845,
        0.019999785348773003,
        0.019999781623482704,
        0.019999777898192406,
        0.019999776035547256,
        0.019999772310256958,
        0.019999772310256958,
        0.01999976672232151,
        0.01999976485967636,
        0.019999761134386063,
        0.019999761134386063,
        0.019999759271740913,
        0.019999759271740913,
        0.019999757409095764,
        0.019999757409095764,
        0.019999757409095764,
        0.019999757409095764
      ]
    ],
    "feature_names": [
      "day_of_week",
      "day_index",
      "system_login_hours",
      "work_focused_hours",
      "meeting_collaboration_hours",
      "social_dining_hours",
      "break_relaxation_hours",
      "shared_work_hours",
      "internal_comm_volume",
      "cafeteria_usage",
      "convenience_food_usage"
    ],
    "gradient_importance": [
      2.5742350473478837e-09,
      6.60098753435534e-10,
      2.849273261773533e-09,
      5.1293538305685615e-09,
      5.933867619489774e-09,
      9.312742799139073e-10,
      4.071175752073941e-08,
      4.3336432220542065e-09,
      1.3501222362322096e-08,
      2.6236008920932363e-08,
      3.145068561138942e-08
    ],
    "sequence_importance": {
      "timestep_0": 2.8533554541354533e-07,
      "timestep_1": 6.111840633593602e-08,
      "timestep_10": 9.423659125447088e-15,
      "timestep_11": 9.786199391267295e-15,
      "timestep_12": 7.182386230089686e-15,
      "timestep_13": 6.4885053100284355e-15,
      "timestep_14": 6.254391332637978e-15,
      "timestep_15": 4.734920527898643e-15,
      "timestep_16": 4.788371271485705e-15,
      "timestep_17": 3.654278858406922e-15,
      "timestep_18": 3.026496366142898e-15,
      "timestep_19": 3.229188385805537e-15,
      "timestep_2": 4.474422067124277e-14,
      "timestep_20": 2.6616866872987595e-15,
      "timestep_21": 2.1190115244760057e-15,
      "timestep_22": 1.8356908620807038e-15,
      "timestep_23": 1.302461598927493e-15,
      "timestep_24": 1.3356976894700941e-15,
      "timestep_25": 1.1462980519695988e-15,
      "timestep_26": 9.937223248180369e-16,
      "timestep_27": 9.868059831663503e-16,
      "timestep_28": 7.122823932029947e-16,
      "timestep_29": 6.570654800417894e-16,
      "timestep_3": 3.7524667482460514e-14,
      "timestep_30": 5.286131453489116e-16,
      "timestep_31": 4.790703470826851e-16,
      "timestep_32": 4.247666148479587e-16,
      "timestep_33": 3.461130941296149e-16,
      "timestep_34": 3.078627538277256e-16,
      "timestep_35": 2.0395667955755875e-16,
      "timestep_36": 2.46963705428322e-16,
      "timestep_37": 1.5884993841989092e-16,
      "timestep_38": 1.6316513453478815e-16,
      "timestep_39": 1.1922257400867234e-16,
      "timestep_4": 2.970031244054795e-14,
      "timestep_40": 1.0838411908661863e-16,
      "timestep_41": 8.293558328662461e-17,
      "timestep_42": 7.372049347776336e-17,
      "timestep_43": 5.314201993012225e-17,
      "timestep_44": 4.555029854317592e-17,
      "timestep_45": 3.0196992576134274e-17,
      "timestep_46": 1.0468431455024074e-08,
      "timestep_47": 6.988538103769315e-08,
      "timestep_48": 8.583437960396623e-08,
      "timestep_49": 9.786410970491488e-08,
      "timestep_5": 2.4801851449874658e-14,
      "timestep_6": 2.32821642282173e-14,
      "timestep_7": 1.7523497233894007e-14,
      "timestep_8": 1.5169382609303388e-14,
      "timestep_9": 1.2700031693337662e-14
    },
    "temporal_importance": [
      2.8533554541354533e-07,
      6.111840633593602e-08,
      4.474422067124277e-14,
      3.7524667482460514e-14,
      2.970031244054795e-14,
      2.4801851449874658e-14,
      2.32821642282173e-14,
      1.7523497233894007e-14,
      1.5169382609303388e-14,
      1.2700031693337662e-14,
      9.423659125447088e-15,
      9.786199391267295e-15,
      7.182386230089686e-15,
      6.4885053100284355e-15,
      6.254391332637978e-15,
      4.734920527898643e-15,
      4.788371271485705e-15,
      3.654278858406922e-15,
      3.026496366142898e-15,
      3.229188385805537e-15,
      2.6616866872987595e-15,
      2.1190115244760057e-15,
      1.8356908620807038e-15,
      1.302461598927493e-15,
      1.3356976894700941e-15,
      1.1462980519695988e-15,
      9.937223248180369e-16,
      9.868059831663503e-16,
      7.122823932029947e-16,
      6.570654800417894e-16,
      5.286131453489116e-16,
      4.790703470826851e-16,
      4.247666148479587e-16,
      3.461130941296149e-16,
      3.078627538277256e-16,
      2.0395667955755875e-16,
      2.46963705428322e-16,
      1.5884993841989092e-16,
      1.6316513453478815e-16,
      1.1922257400867234e-16,
      1.0838411908661863e-16,
      8.293558328662461e-17,
      7.372049347776336e-17,
      5.314201993012225e-17,
      4.555029854317592e-17,
      3.0196992576134274e-17,
      1.0468431455024074e-08,
      6.988538103769315e-08,
      8.583437960396623e-08,
      9.786410970491488e-08
    ],
    "trend_analysis": {
      "confidence_level": "high",
      "prediction_trend": "stable"
    }
  }
}