{
  "prediction": {
    "risk_score": 2.6812008980411843e-27,
    "attrition_probability": 2.6812008980411843e-27
  },
  "confidence": 0.8
}