{
  "confidence": 0.7,
  "employee_data": {
    "Age": 47,
    "AgeFactor": 0,
    "Attrition": "No",
    "BusinessTravel": "Travel_Frequently",
    "DailyRate": 1379,
    "Department": "Research & Development",
    "DistanceFromHome": 16,
    "Education": 4,
    "EducationField": "Medical",
    "EmployeeCount": 1,
    "EmployeeNumber": 987,
    "EnvironmentSatisfaction": 3,
    "Gender": "Male",
    "HourlyRate": 64,
    "JobInvolvement": 4,
    "JobLevel": 2,
    "JobRole": "Manufacturing Director",
    "JobSatisfaction": 3,
    "MaritalStatus": "Divorced",
    "MonthlyIncome": 5067,
    "MonthlyRate": 6759,
    "Norm_EnvironmentSatisfaction": 0.6666666666666666,
    "Norm_JobInvolvement": 1,
    "Norm_JobLevel": 0.25,
    "Norm_JobSatisfaction": 0.6666666666666666,
    "Norm_MonthlyIncome": 0.2136914165350184,
    "Norm_NumCompaniesWorked": 0.1111111111111111,
    "Norm_PercentSalaryHike": 0.5714285714285714,
    "Norm_PerformanceRating": 0,
    "Norm_RelationshipSatisfaction": 0.6666666666666666,
    "Norm_TotalWorkingYears": 0.5,
    "Norm_TrainingTimesLastYear": 0.5,
    "Norm_WorkLifeBalance": 1,
    "Norm_YearsAtCompany": 0.475,
    "Norm_YearsSinceLastPromotion": 0.1333333333333333,
    "NumCompaniesWorked": 1,
    "Over18": "Y",
    "OverTime": "Yes",
    "OverTime_bin": 1,
    "PercentSalaryHike": 19,
    "PerformanceRating": 3,
    "Prob_N01": 0.0193995167209312,
    "Prob_N02": 0.0021700972104482,
    "Prob_N03": 0.0004098784188395,
    "Prob_P01": 0.1653567559911417,
    "Prob_P02": 0.0299572679326105,
    "Prob_P03": 0.003577885430353,
    "Prob_P04": 0.0871495270821169,
    "Prob_S01": 0.1198071150638368,
    "Prob_S02": 0.0411666765239363,
    "Prob_S03": 0.5310052796257854,
    "RelationshipSatisfaction": 3,
    "Score_N01": 0.3857142857142857,
    "Score_N02": 0.1666666666666666,
    "Score_N03": 0,
    "Score_P01": 0.6,
    "Score_P02": 0.4291666666666667,
    "Score_P03": 0.2166666666666666,
    "Score_P04": 0.5359520048145642,
    "Score_S01": 0.5677777777777778,
    "Score_S02": 0.4609523809523809,
    "Score_S03": 0.7166666666666668,
    "StandardHours": 80,
    "StockOptionLevel": 0,
    "TotalWorkingYears": 20,
    "TrainingTimesLastYear": 3,
    "WorkLifeBalance": 4,
    "YearsAtCompany": 19,
    "YearsInCurrentRole": 10,
    "YearsSinceLastPromotion": 2,
    "YearsWithCurrManager": 7,
    "argmax_Persona": "내재 동기 전문가",
    "argmax_Persona_Code": "S03",
    "argmax_RiskTier": "Stable",
    "is_married": 0,
    "softmax_Persona": "내재 동기 전문가",
    "softmax_Persona_Code": "S03",
    "softmax_RiskTier": "Stable"
  },
  "employee_id": 987,
  "feature_importance": {},
  "lime_explanation": {},
  "model_interpretation": {},
  "predicted_attrition": 0,
  "risk_score": 0.00018468205234967172,
  "shap_values": {},
  "xai_explanation": {}
}