{
  "confidence": 0.8,
  "employee_id": "328",
  "features_used": 11,
  "model_metadata": {
    "feature_dimensions": 11,
    "model_type": "GRU_CNN_Hybrid",
    "sequence_length": 50,
    "training_optimized": true
  },
  "predicted_attrition": 1,
  "risk_score": 0.9999417066574097,
  "sequence_length": 50,
  "xai_explanation": {
    "attention_weights": [
      [
        0.020001281052827835,
        0.020000889897346497,
        0.0200007613748312,
        0.020000705495476723,
        0.0200006403028965,
        0.020000578835606575,
        0.020000500604510307,
        0.020000409334897995,
        0.02000035159289837,
        0.020000280812382698,
        0.020000232383608818,
        0.020000170916318893,
        0.02000013180077076,
        0.020000098273158073,
        0.020000053569674492,
        0.020000027492642403,
        0.020000001415610313,
        0.019999979063868523,
        0.019999956712126732,
        0.01999993436038494,
        0.019999908283352852,
        0.01999988965690136,
        0.019999871030449867,
        0.019999848678708076,
        0.01999983750283718,
        0.019999822601675987,
        0.01999981328845024,
        0.019999800249934196,
        0.0199997890740633,
        0.019999779760837555,
        0.019999772310256958,
        0.01999976858496666,
        0.019999757409095764,
        0.019999751821160316,
        0.01999974623322487,
        0.01999974437057972,
        0.019999736919999123,
        0.019999735057353973,
        0.019999729469418526,
        0.019999727606773376,
        0.019999725744128227,
        0.01999972201883793,
        0.01999972015619278,
        0.01999971829354763,
        0.019999714568257332,
        0.019999714568257332,
        0.019999712705612183,
        0.019999712705612183,
        0.019999710842967033,
        0.019999710842967033
      ]
    ],
    "feature_names": [
      "day_of_week",
      "day_index",
      "system_login_hours",
      "work_focused_hours",
      "meeting_collaboration_hours",
      "social_dining_hours",
      "break_relaxation_hours",
      "shared_work_hours",
      "internal_comm_volume",
      "cafeteria_usage",
      "convenience_food_usage"
    ],
    "gradient_importance": [
      4.096860948266112e-07,
      1.1270212496583554e-07,
      3.407921269626968e-07,
      7.580503620374657e-07,
      5.913838663218485e-07,
      2.6328248736717796e-07,
      6.29503028903855e-06,
      7.670427066841512e-07,
      1.2731693459500093e-06,
      4.119550794712268e-06,
      4.30899399361806e-06
    ],
    "sequence_importance": {
      "timestep_0": 2.7287862394587137e-05,
      "timestep_1": 2.658461124849243e-11,
      "timestep_10": 5.556506643689119e-12,
      "timestep_11": 4.9127455575836976e-12,
      "timestep_12": 3.744829533275373e-12,
      "timestep_13": 3.158184868137792e-12,
      "timestep_14": 3.0509620437685347e-12,
      "timestep_15": 2.2510389819513366e-12,
      "timestep_16": 2.1027559034270116e-12,
      "timestep_17": 1.558910227468513e-12,
      "timestep_18": 1.3557426665686267e-12,
      "timestep_19": 1.258568661614834e-12,
      "timestep_2": 2.2814139466476036e-11,
      "timestep_20": 1.090534021593037e-12,
      "timestep_21": 8.363674878532346e-13,
      "timestep_22": 7.694995357056256e-13,
      "timestep_23": 6.731669258477901e-13,
      "timestep_24": 4.837460727130649e-13,
      "timestep_25": 4.0653854523238497e-13,
      "timestep_26": 3.595070205072992e-13,
      "timestep_27": 3.145364014817825e-13,
      "timestep_28": 2.6723927432949213e-13,
      "timestep_29": 2.338411853475969e-13,
      "timestep_3": 2.1362694599402765e-11,
      "timestep_30": 1.8072532131842983e-13,
      "timestep_31": 1.4171725858797002e-13,
      "timestep_32": 1.145706251225176e-13,
      "timestep_33": 1.1780013813370016e-13,
      "timestep_34": 9.858905819547584e-14,
      "timestep_35": 7.151622501665178e-14,
      "timestep_36": 7.127193393840006e-14,
      "timestep_37": 4.1484448255052486e-14,
      "timestep_38": 4.1685472890358455e-14,
      "timestep_39": 3.289030628254343e-14,
      "timestep_4": 1.4949321294754903e-11,
      "timestep_40": 2.7073478617929865e-14,
      "timestep_41": 2.6910235040203227e-14,
      "timestep_42": 2.1658769680629915e-14,
      "timestep_43": 1.499391634614787e-14,
      "timestep_44": 1.0521875458044914e-14,
      "timestep_45": 7.014581803458557e-15,
      "timestep_46": 5.6116640028108355e-15,
      "timestep_47": 1.4926924450264778e-05,
      "timestep_48": 2.2671063561574556e-05,
      "timestep_49": 2.256708830827847e-05,
      "timestep_5": 1.3411183621969691e-11,
      "timestep_6": 1.3020073734437698e-11,
      "timestep_7": 9.791356093968862e-12,
      "timestep_8": 8.575186567771897e-12,
      "timestep_9": 7.2170420681305636e-12
    },
    "temporal_importance": [
      2.7287862394587137e-05,
      2.658461124849243e-11,
      2.2814139466476036e-11,
      2.1362694599402765e-11,
      1.4949321294754903e-11,
      1.3411183621969691e-11,
      1.3020073734437698e-11,
      9.791356093968862e-12,
      8.575186567771897e-12,
      7.2170420681305636e-12,
      5.556506643689119e-12,
      4.9127455575836976e-12,
      3.744829533275373e-12,
      3.158184868137792e-12,
      3.0509620437685347e-12,
      2.2510389819513366e-12,
      2.1027559034270116e-12,
      1.558910227468513e-12,
      1.3557426665686267e-12,
      1.258568661614834e-12,
      1.090534021593037e-12,
      8.363674878532346e-13,
      7.694995357056256e-13,
      6.731669258477901e-13,
      4.837460727130649e-13,
      4.0653854523238497e-13,
      3.595070205072992e-13,
      3.145364014817825e-13,
      2.6723927432949213e-13,
      2.338411853475969e-13,
      1.8072532131842983e-13,
      1.4171725858797002e-13,
      1.145706251225176e-13,
      1.1780013813370016e-13,
      9.858905819547584e-14,
      7.151622501665178e-14,
      7.127193393840006e-14,
      4.1484448255052486e-14,
      4.1685472890358455e-14,
      3.289030628254343e-14,
      2.7073478617929865e-14,
      2.6910235040203227e-14,
      2.1658769680629915e-14,
      1.499391634614787e-14,
      1.0521875458044914e-14,
      7.014581803458557e-15,
      5.6116640028108355e-15,
      1.4926924450264778e-05,
      2.2671063561574556e-05,
      2.256708830827847e-05
    ],
    "trend_analysis": {
      "confidence_level": "high",
      "prediction_trend": "increasing"
    }
  }
}