{
  "confidence": 0.7,
  "employee_data": {
    "Age": 41,
    "AgeFactor": 1,
    "Attrition": "No",
    "BusinessTravel": "Travel_Frequently",
    "DailyRate": 1200,
    "Department": "Research & Development",
    "DistanceFromHome": 22,
    "Education": 3,
    "EducationField": "Life Sciences",
    "EmployeeCount": 1,
    "EmployeeNumber": 1392,
    "EnvironmentSatisfaction": 4,
    "Gender": "Female",
    "HourlyRate": 75,
    "JobInvolvement": 3,
    "JobLevel": 2,
    "JobRole": "Research Scientist",
    "JobSatisfaction": 4,
    "MaritalStatus": "Divorced",
    "MonthlyIncome": 5467,
    "MonthlyRate": 13953,
    "Norm_EnvironmentSatisfaction": 1,
    "Norm_JobInvolvement": 0.6666666666666666,
    "Norm_JobLevel": 0.25,
    "Norm_JobSatisfaction": 1,
    "Norm_MonthlyIncome": 0.2347551342812006,
    "Norm_NumCompaniesWorked": 0.3333333333333333,
    "Norm_PercentSalaryHike": 0.2142857142857142,
    "Norm_PerformanceRating": 0,
    "Norm_RelationshipSatisfaction": 0,
    "Norm_TotalWorkingYears": 0.3,
    "Norm_TrainingTimesLastYear": 0.6666666666666666,
    "Norm_WorkLifeBalance": 0.3333333333333333,
    "Norm_YearsAtCompany": 0.15,
    "Norm_YearsSinceLastPromotion": 0.2,
    "NumCompaniesWorked": 3,
    "Over18": "Y",
    "OverTime": "Yes",
    "OverTime_bin": 1,
    "PercentSalaryHike": 14,
    "PerformanceRating": 3,
    "Prob_N01": 0.1086975437091394,
    "Prob_N02": 0.0042651355347303,
    "Prob_N03": 0.0042651355347303,
    "Prob_P01": 0.1195586794338755,
    "Prob_P02": 0.2990090853767824,
    "Prob_P03": 0.0030561031544751,
    "Prob_P04": 0.1731763716602282,
    "Prob_S01": 0.0048734752784677,
    "Prob_S02": 0.0079968313932393,
    "Prob_S03": 0.2751016389243315,
    "RelationshipSatisfaction": 1,
    "Score_N01": 0.6238095238095238,
    "Score_N02": 0.3,
    "Score_N03": 0.3,
    "Score_P01": 0.6333333333333334,
    "Score_P02": 0.725,
    "Score_P03": 0.2666666666666667,
    "Score_P04": 0.6703836605732341,
    "Score_S01": 0.3133333333333333,
    "Score_S02": 0.3628571428571429,
    "Score_S03": 0.7166666666666668,
    "StandardHours": 80,
    "StockOptionLevel": 2,
    "TotalWorkingYears": 12,
    "TrainingTimesLastYear": 4,
    "WorkLifeBalance": 2,
    "YearsAtCompany": 6,
    "YearsInCurrentRole": 2,
    "YearsSinceLastPromotion": 3,
    "YearsWithCurrManager": 3,
    "argmax_Persona": "온보딩에 실패한 직원",
    "argmax_Persona_Code": "P02",
    "argmax_RiskTier": "High",
    "is_married": 0,
    "softmax_Persona": "온보딩에 실패한 직원",
    "softmax_Persona_Code": "P02",
    "softmax_RiskTier": "High"
  },
  "employee_id": 1392,
  "feature_importance": {},
  "lime_explanation": {},
  "model_interpretation": {},
  "predicted_attrition": 0,
  "risk_score": 0.0022361117880791426,
  "shap_values": {},
  "xai_explanation": {}
}