{
  "prediction": {
    "risk_score": 1.8277990101732441e-35,
    "attrition_probability": 1.8277990101732441e-35
  },
  "confidence": 0.8
}