{
  "confidence": 0.8,
  "employee_id": "940",
  "features_used": 11,
  "model_metadata": {
    "feature_dimensions": 11,
    "model_type": "GRU_CNN_Hybrid",
    "sequence_length": 50,
    "training_optimized": true
  },
  "predicted_attrition": 0,
  "risk_score": 2.387618565080629e-07,
  "sequence_length": 50,
  "xai_explanation": {
    "attention_weights": [
      [
        0.02000192180275917,
        0.020000653341412544,
        0.020000580698251724,
        0.020000508055090904,
        0.020000435411930084,
        0.020000377669930458,
        0.02000032551586628,
        0.02000027894973755,
        0.020000236108899117,
        0.020000193268060684,
        0.020000159740447998,
        0.020000120624899864,
        0.02000008337199688,
        0.020000049844384193,
        0.020000025629997253,
        0.019999999552965164,
        0.019999977201223373,
        0.019999956712126732,
        0.01999993436038494,
        0.019999917596578598,
        0.019999904558062553,
        0.01999988779425621,
        0.019999874755740166,
        0.01999986357986927,
        0.019999848678708076,
        0.01999983936548233,
        0.019999831914901733,
        0.019999824464321136,
        0.01999981515109539,
        0.019999811425805092,
        0.019999805837869644,
        0.019999798387289047,
        0.01999979466199875,
        0.0199997927993536,
        0.019999787211418152,
        0.019999781623482704,
        0.019999777898192406,
        0.019999777898192406,
        0.019999772310256958,
        0.01999977044761181,
        0.01999976858496666,
        0.01999976485967636,
        0.019999762997031212,
        0.019999762997031212,
        0.019999762997031212,
        0.019999761134386063,
        0.019999759271740913,
        0.019999759271740913,
        0.019999759271740913,
        0.019999759271740913
      ]
    ],
    "feature_names": [
      "day_of_week",
      "day_index",
      "system_login_hours",
      "work_focused_hours",
      "meeting_collaboration_hours",
      "social_dining_hours",
      "break_relaxation_hours",
      "shared_work_hours",
      "internal_comm_volume",
      "cafeteria_usage",
      "convenience_food_usage"
    ],
    "gradient_importance": [
      1.7265584517645038e-09,
      4.4316705860580896e-10,
      1.8440675653152994e-09,
      3.40726113989831e-09,
      3.929544245551142e-09,
      6.627235427103528e-10,
      2.7022064585935368e-08,
      2.8648095007355323e-09,
      8.945019835948642e-09,
      1.7396892815213505e-08,
      2.0867835459625894e-08
    ],
    "sequence_importance": {
      "timestep_0": 1.8905774368249695e-07,
      "timestep_1": 4.059590352767373e-08,
      "timestep_10": 5.916821598102827e-15,
      "timestep_11": 5.95383693789784e-15,
      "timestep_12": 6.139407457081154e-15,
      "timestep_13": 4.587333507169054e-15,
      "timestep_14": 3.3155118428008275e-15,
      "timestep_15": 3.268060633579168e-15,
      "timestep_16": 2.557446789403146e-15,
      "timestep_17": 2.5553660529682156e-15,
      "timestep_18": 2.21260040657637e-15,
      "timestep_19": 1.9904505578076425e-15,
      "timestep_2": 2.840220903789232e-14,
      "timestep_20": 1.5590288315628863e-15,
      "timestep_21": 1.5869434376143622e-15,
      "timestep_22": 1.1760074149571881e-15,
      "timestep_23": 1.0810706916795053e-15,
      "timestep_24": 1.009156006270839e-15,
      "timestep_25": 8.629554196572275e-16,
      "timestep_26": 5.999772064023033e-16,
      "timestep_27": 5.850069049112084e-16,
      "timestep_28": 5.308757821092646e-16,
      "timestep_29": 4.719359473866398e-16,
      "timestep_3": 2.540367682922831e-14,
      "timestep_30": 3.5435438059926443e-16,
      "timestep_31": 3.679956609263377e-16,
      "timestep_32": 3.0588090848938736e-16,
      "timestep_33": 2.3605490044953186e-16,
      "timestep_34": 2.0281002194010305e-16,
      "timestep_35": 1.469414228051039e-16,
      "timestep_36": 1.7766723856428823e-16,
      "timestep_37": 1.1258110778325958e-16,
      "timestep_38": 1.2302826657090631e-16,
      "timestep_39": 8.659923239407098e-17,
      "timestep_4": 1.9850994695150108e-14,
      "timestep_40": 6.682808050683672e-17,
      "timestep_41": 4.943663459768891e-17,
      "timestep_42": 4.3943665639414176e-17,
      "timestep_43": 3.845069998986189e-17,
      "timestep_44": 2.59802011756288e-17,
      "timestep_45": 2.1650163786181142e-17,
      "timestep_46": 7.7647355212207e-09,
      "timestep_47": 3.88990279986956e-08,
      "timestep_48": 5.77240797383638e-08,
      "timestep_49": 7.100356924638618e-08,
      "timestep_5": 1.5924083883109286e-14,
      "timestep_6": 1.428445001985714e-14,
      "timestep_7": 1.084092481718835e-14,
      "timestep_8": 8.933714092931519e-15,
      "timestep_9": 7.85768240025523e-15
    },
    "temporal_importance": [
      1.8905774368249695e-07,
      4.059590352767373e-08,
      2.840220903789232e-14,
      2.540367682922831e-14,
      1.9850994695150108e-14,
      1.5924083883109286e-14,
      1.428445001985714e-14,
      1.084092481718835e-14,
      8.933714092931519e-15,
      7.85768240025523e-15,
      5.916821598102827e-15,
      5.95383693789784e-15,
      6.139407457081154e-15,
      4.587333507169054e-15,
      3.3155118428008275e-15,
      3.268060633579168e-15,
      2.557446789403146e-15,
      2.5553660529682156e-15,
      2.21260040657637e-15,
      1.9904505578076425e-15,
      1.5590288315628863e-15,
      1.5869434376143622e-15,
      1.1760074149571881e-15,
      1.0810706916795053e-15,
      1.009156006270839e-15,
      8.629554196572275e-16,
      5.999772064023033e-16,
      5.850069049112084e-16,
      5.308757821092646e-16,
      4.719359473866398e-16,
      3.5435438059926443e-16,
      3.679956609263377e-16,
      3.0588090848938736e-16,
      2.3605490044953186e-16,
      2.0281002194010305e-16,
      1.469414228051039e-16,
      1.7766723856428823e-16,
      1.1258110778325958e-16,
      1.2302826657090631e-16,
      8.659923239407098e-17,
      6.682808050683672e-17,
      4.943663459768891e-17,
      4.3943665639414176e-17,
      3.845069998986189e-17,
      2.59802011756288e-17,
      2.1650163786181142e-17,
      7.7647355212207e-09,
      3.88990279986956e-08,
      5.77240797383638e-08,
      7.100356924638618e-08
    ],
    "trend_analysis": {
      "confidence_level": "high",
      "prediction_trend": "stable"
    }
  }
}