{
  "prediction": {
    "risk_score": 7.4320627074241e-20,
    "attrition_probability": 7.4320627074241e-20
  },
  "confidence": 0.8
}