{
  "confidence": 0.8,
  "employee_id": "715",
  "features_used": 11,
  "model_metadata": {
    "feature_dimensions": 11,
    "model_type": "GRU_CNN_Hybrid",
    "sequence_length": 50,
    "training_optimized": true
  },
  "predicted_attrition": 0,
  "risk_score": 5.989789914062627e-11,
  "sequence_length": 50,
  "xai_explanation": {
    "attention_weights": [
      [
        0.020001642405986786,
        0.02000003680586815,
        0.020000077784061432,
        0.020000100135803223,
        0.02000010386109352,
        0.020000111311674118,
        0.02000010944902897,
        0.020000100135803223,
        0.020000088959932327,
        0.02000008337199688,
        0.020000070333480835,
        0.02000005729496479,
        0.020000046119093895,
        0.02000003308057785,
        0.020000023767352104,
        0.02000001072883606,
        0.020000003278255463,
        0.019999993965029716,
        0.01999998465180397,
        0.019999977201223373,
        0.019999969750642776,
        0.019999966025352478,
        0.01999995857477188,
        0.019999952986836433,
        0.019999949261546135,
        0.019999947398900986,
        0.019999941810965538,
        0.01999993622303009,
        0.01999993622303009,
        0.01999993436038494,
        0.019999930635094643,
        0.019999926909804344,
        0.019999925047159195,
        0.019999923184514046,
        0.019999921321868896,
        0.019999921321868896,
        0.019999917596578598,
        0.01999991573393345,
        0.01999991573393345,
        0.0199999138712883,
        0.0199999138712883,
        0.0199999138712883,
        0.019999910145998,
        0.019999910145998,
        0.019999910145998,
        0.019999910145998,
        0.019999908283352852,
        0.019999908283352852,
        0.019999908283352852,
        0.019999908283352852
      ]
    ],
    "feature_names": [
      "day_of_week",
      "day_index",
      "system_login_hours",
      "work_focused_hours",
      "meeting_collaboration_hours",
      "social_dining_hours",
      "break_relaxation_hours",
      "shared_work_hours",
      "internal_comm_volume",
      "cafeteria_usage",
      "convenience_food_usage"
    ],
    "gradient_importance": [
      4.351947404876433e-13,
      1.1418093575667199e-13,
      4.912200745992024e-13,
      8.640316110156143e-13,
      9.979722126809976e-13,
      1.6370016236652574e-13,
      6.875145418250295e-12,
      7.272649279674304e-13,
      2.2677925076014516e-12,
      4.4273295966845705e-12,
      5.306655288805917e-12
    ],
    "sequence_importance": {
      "timestep_0": 4.813426393579512e-11,
      "timestep_1": 1.0228999938743932e-11,
      "timestep_10": 1.3530620311521104e-18,
      "timestep_11": 1.0878012353307227e-18,
      "timestep_12": 8.736950463484158e-19,
      "timestep_13": 7.40046544200034e-19,
      "timestep_14": 5.685406220533026e-19,
      "timestep_15": 4.936122757227766e-19,
      "timestep_16": 3.3720581187516475e-19,
      "timestep_17": 3.410812305931581e-19,
      "timestep_18": 3.370625286834341e-19,
      "timestep_19": 2.5887152352305746e-19,
      "timestep_2": 1.0133545666106439e-17,
      "timestep_20": 2.1810837312917397e-19,
      "timestep_21": 2.0204590857598078e-19,
      "timestep_22": 1.6525733517602044e-19,
      "timestep_23": 1.3449430724941435e-19,
      "timestep_24": 1.1583867024995863e-19,
      "timestep_25": 1.056288316480049e-19,
      "timestep_26": 7.954065372733345e-20,
      "timestep_27": 7.090140492641917e-20,
      "timestep_28": 6.134946571712919e-20,
      "timestep_29": 5.238714472587613e-20,
      "timestep_3": 7.55723209130593e-18,
      "timestep_30": 5.1667471743560855e-20,
      "timestep_31": 4.260663548005729e-20,
      "timestep_32": 4.0385458433722077e-20,
      "timestep_33": 3.6607152658347e-20,
      "timestep_34": 2.5166735876791453e-20,
      "timestep_35": 2.359380670558212e-20,
      "timestep_36": 1.7312486323951396e-20,
      "timestep_37": 1.6075875541991628e-20,
      "timestep_38": 1.4839269606793262e-20,
      "timestep_39": 1.3602660440420628e-20,
      "timestep_4": 6.003477121791943e-18,
      "timestep_40": 9.167536907967936e-21,
      "timestep_41": 8.250782490156932e-21,
      "timestep_42": 7.334027264552361e-21,
      "timestep_43": 4.78781630120104e-21,
      "timestep_44": 4.1038421399898226e-21,
      "timestep_45": 1.7099339893893024e-21,
      "timestep_46": 3.167332932388356e-12,
      "timestep_47": 1.216290696631761e-11,
      "timestep_48": 1.3784573309194581e-11,
      "timestep_49": 1.5569552591632174e-11,
      "timestep_5": 4.835199898256243e-18,
      "timestep_6": 3.4234205547196323e-18,
      "timestep_7": 2.688333888870043e-18,
      "timestep_8": 2.128736278310569e-18,
      "timestep_9": 1.6880174464720364e-18
    },
    "temporal_importance": [
      4.813426393579512e-11,
      1.0228999938743932e-11,
      1.0133545666106439e-17,
      7.55723209130593e-18,
      6.003477121791943e-18,
      4.835199898256243e-18,
      3.4234205547196323e-18,
      2.688333888870043e-18,
      2.128736278310569e-18,
      1.6880174464720364e-18,
      1.3530620311521104e-18,
      1.0878012353307227e-18,
      8.736950463484158e-19,
      7.40046544200034e-19,
      5.685406220533026e-19,
      4.936122757227766e-19,
      3.3720581187516475e-19,
      3.410812305931581e-19,
      3.370625286834341e-19,
      2.5887152352305746e-19,
      2.1810837312917397e-19,
      2.0204590857598078e-19,
      1.6525733517602044e-19,
      1.3449430724941435e-19,
      1.1583867024995863e-19,
      1.056288316480049e-19,
      7.954065372733345e-20,
      7.090140492641917e-20,
      6.134946571712919e-20,
      5.238714472587613e-20,
      5.1667471743560855e-20,
      4.260663548005729e-20,
      4.0385458433722077e-20,
      3.6607152658347e-20,
      2.5166735876791453e-20,
      2.359380670558212e-20,
      1.7312486323951396e-20,
      1.6075875541991628e-20,
      1.4839269606793262e-20,
      1.3602660440420628e-20,
      9.167536907967936e-21,
      8.250782490156932e-21,
      7.334027264552361e-21,
      4.78781630120104e-21,
      4.1038421399898226e-21,
      1.7099339893893024e-21,
      3.167332932388356e-12,
      1.216290696631761e-11,
      1.3784573309194581e-11,
      1.5569552591632174e-11
    ],
    "trend_analysis": {
      "confidence_level": "high",
      "prediction_trend": "stable"
    }
  }
}