{
  "prediction": {
    "risk_score": 2.3468573999707587e-06,
    "attrition_probability": 2.3468573999707587e-06
  },
  "confidence": 0.8
}