{
  "confidence": 0.8,
  "employee_id": "2036",
  "features_used": 11,
  "model_metadata": {
    "feature_dimensions": 11,
    "model_type": "GRU_CNN_Hybrid",
    "sequence_length": 50,
    "training_optimized": true
  },
  "predicted_attrition": 0,
  "risk_score": 2.7967838006452694e-13,
  "sequence_length": 50,
  "xai_explanation": {
    "attention_weights": [
      [
        0.02000177837908268,
        0.019999688491225243,
        0.019999779760837555,
        0.019999850541353226,
        0.019999898970127106,
        0.019999930635094643,
        0.01999996416270733,
        0.01999998651444912,
        0.02000000700354576,
        0.020000016316771507,
        0.020000023767352104,
        0.020000025629997253,
        0.020000023767352104,
        0.020000025629997253,
        0.020000023767352104,
        0.020000020042061806,
        0.020000018179416656,
        0.02000001259148121,
        0.02000001072883606,
        0.02000000700354576,
        0.02000000700354576,
        0.020000001415610313,
        0.020000001415610313,
        0.019999995827674866,
        0.019999995827674866,
        0.019999993965029716,
        0.019999992102384567,
        0.019999990239739418,
        0.01999998651444912,
        0.01999998651444912,
        0.01999998465180397,
        0.01999998278915882,
        0.01999998278915882,
        0.019999979063868523,
        0.019999977201223373,
        0.019999977201223373,
        0.019999977201223373,
        0.019999977201223373,
        0.019999975338578224,
        0.019999975338578224,
        0.019999975338578224,
        0.019999973475933075,
        0.019999973475933075,
        0.019999973475933075,
        0.019999973475933075,
        0.019999973475933075,
        0.019999973475933075,
        0.019999973475933075,
        0.019999973475933075,
        0.019999969750642776
      ]
    ],
    "feature_names": [
      "day_of_week",
      "day_index",
      "system_login_hours",
      "work_focused_hours",
      "meeting_collaboration_hours",
      "social_dining_hours",
      "break_relaxation_hours",
      "shared_work_hours",
      "internal_comm_volume",
      "cafeteria_usage",
      "convenience_food_usage"
    ],
    "gradient_importance": [
      2.0195882794349536e-15,
      5.730778222776708e-16,
      2.211815630550739e-15,
      4.0343781172237116e-15,
      4.6597755764665044e-15,
      7.157504107868499e-16,
      3.210172877304504e-14,
      3.3957840964209335e-15,
      1.058887237604094e-14,
      2.0672276146741983e-14,
      2.4778065070649863e-14
    ],
    "sequence_importance": {
      "timestep_0": 2.2475057025964779e-13,
      "timestep_1": 4.776169423067328e-14,
      "timestep_10": 8.331557807883729e-21,
      "timestep_11": 5.7924109992753536e-21,
      "timestep_12": 4.462739167229102e-21,
      "timestep_13": 3.665256277371289e-21,
      "timestep_14": 2.6839783386584894e-21,
      "timestep_15": 2.1064604643576422e-21,
      "timestep_16": 1.6535530276423256e-21,
      "timestep_17": 1.4693713485913597e-21,
      "timestep_18": 1.067506670810051e-21,
      "timestep_19": 9.092714221035966e-22,
      "timestep_2": 6.395018618648126e-20,
      "timestep_20": 8.228706804636835e-22,
      "timestep_21": 5.784927296748575e-22,
      "timestep_22": 5.151138522574248e-22,
      "timestep_23": 4.735808935773903e-22,
      "timestep_24": 3.5921999320476434e-22,
      "timestep_25": 3.1327001930066737e-22,
      "timestep_26": 3.093219029986683e-22,
      "timestep_27": 2.17480494980529e-22,
      "timestep_28": 1.9522843278379952e-22,
      "timestep_29": 1.5932479814519663e-22,
      "timestep_3": 5.096379953621965e-20,
      "timestep_30": 1.51737874746692e-22,
      "timestep_31": 1.2629488912100526e-22,
      "timestep_32": 1.1964778305054473e-22,
      "timestep_33": 1.1300065173653523e-22,
      "timestep_34": 9.239316888968708e-23,
      "timestep_35": 4.7909264578950775e-23,
      "timestep_36": 4.471531192411746e-23,
      "timestep_37": 4.152135926928414e-23,
      "timestep_38": 3.8327406614450827e-23,
      "timestep_39": 3.513345080417389e-23,
      "timestep_4": 3.7949592475512406e-20,
      "timestep_40": 1.5969747496948476e-23,
      "timestep_41": 1.437277274725363e-23,
      "timestep_42": 1.2775797208697876e-23,
      "timestep_43": 1.1178822459003028e-23,
      "timestep_44": 9.581846920447275e-24,
      "timestep_45": 7.984871381891522e-24,
      "timestep_46": 7.823394506550375e-15,
      "timestep_47": 5.270572728797475e-14,
      "timestep_48": 6.651091081968236e-14,
      "timestep_49": 8.113431801404225e-14,
      "timestep_5": 2.7899751929776593e-20,
      "timestep_6": 2.5816812596552902e-20,
      "timestep_7": 1.8785447810076853e-20,
      "timestep_8": 1.5364227180970396e-20,
      "timestep_9": 1.0830379965526927e-20
    },
    "temporal_importance": [
      2.2475057025964779e-13,
      4.776169423067328e-14,
      6.395018618648126e-20,
      5.096379953621965e-20,
      3.7949592475512406e-20,
      2.7899751929776593e-20,
      2.5816812596552902e-20,
      1.8785447810076853e-20,
      1.5364227180970396e-20,
      1.0830379965526927e-20,
      8.331557807883729e-21,
      5.7924109992753536e-21,
      4.462739167229102e-21,
      3.665256277371289e-21,
      2.6839783386584894e-21,
      2.1064604643576422e-21,
      1.6535530276423256e-21,
      1.4693713485913597e-21,
      1.067506670810051e-21,
      9.092714221035966e-22,
      8.228706804636835e-22,
      5.784927296748575e-22,
      5.151138522574248e-22,
      4.735808935773903e-22,
      3.5921999320476434e-22,
      3.1327001930066737e-22,
      3.093219029986683e-22,
      2.17480494980529e-22,
      1.9522843278379952e-22,
      1.5932479814519663e-22,
      1.51737874746692e-22,
      1.2629488912100526e-22,
      1.1964778305054473e-22,
      1.1300065173653523e-22,
      9.239316888968708e-23,
      4.7909264578950775e-23,
      4.471531192411746e-23,
      4.152135926928414e-23,
      3.8327406614450827e-23,
      3.513345080417389e-23,
      1.5969747496948476e-23,
      1.437277274725363e-23,
      1.2775797208697876e-23,
      1.1178822459003028e-23,
      9.581846920447275e-24,
      7.984871381891522e-24,
      7.823394506550375e-15,
      5.270572728797475e-14,
      6.651091081968236e-14,
      8.113431801404225e-14
    ],
    "trend_analysis": {
      "confidence_level": "high",
      "prediction_trend": "stable"
    }
  }
}