{
  "prediction": {
    "employee_id": "1888",
    "attrition_probability": 0.09898587316274643,
    "attrition_prediction": 1,
    "risk_category": "LOW",
    "confidence_score": 0.8020282536745071,
    "prediction_timestamp": "2025-09-23T22:53:57.191010"
  },
  "explanation": {
    "employee_id": "1888",
    "feature_importance": {
      "RelationshipSatisfaction": 0.03405288979411125,
      "Education": 0.02487798221409321,
      "JobInvolvement": 0.03501373156905174,
      "EnvironmentSatisfaction": 0.048257846385240555,
      "JobLevel": 0.07228615880012512,
      "JobSatisfaction": 0.04019258916378021,
      "StockOptionLevel": 0.07264421880245209,
      "WorkLifeBalance": 0.03580893576145172,
      "Department": 0.037670474499464035,
      "JobRole": 0.046762410551309586,
      "MaritalStatus": 0.036864522844552994,
      "OverTime": 0.0779639258980751,
      "Age": 0.04039482772350311,
      "DailyRate": 0.03578038513660431,
      "DistanceFromHome": 0.036774344742298126,
      "MonthlyIncome": 0.04666806384921074,
      "NumCompaniesWorked": 0.050036631524562836,
      "TotalWorkingYears": 0.04981709271669388,
      "TrainingTimesLastYear": 0.02378365956246853,
      "YearsAtCompany": 0.02968277968466282,
      "YearsInCurrentRole": 0.03649982064962387,
      "YearsSinceLastPromotion": 0.03537580743432045,
      "YearsWithCurrManager": 0.05279093235731125
    },
    "shap_values": {
      "RelationshipSatisfaction": 0.04525516927242279,
      "Education": 0.004747705068439245,
      "JobInvolvement": 0.058180879801511765,
      "EnvironmentSatisfaction": -0.2117798626422882,
      "JobLevel": -0.09651724994182587,
      "JobSatisfaction": -0.37153393030166626,
      "StockOptionLevel": -0.25801122188568115,
      "WorkLifeBalance": 0.17289882898330688,
      "Department": -0.0520259365439415,
      "JobRole": -0.17928709089756012,
      "MaritalStatus": -0.12061487138271332,
      "OverTime": -0.39197224378585815,
      "Age": -0.08286601305007935,
      "DailyRate": 0.03651609644293785,
      "DistanceFromHome": 0.49421313405036926,
      "MonthlyIncome": -0.47193580865859985,
      "NumCompaniesWorked": -0.5425285696983337,
      "TotalWorkingYears": -0.03394268825650215,
      "TrainingTimesLastYear": 0.0026925685815513134,
      "YearsAtCompany": 0.002139737131074071,
      "YearsInCurrentRole": -0.11809331923723221,
      "YearsSinceLastPromotion": 0.01080445758998394,
      "YearsWithCurrManager": -0.3801681697368622
    },
    "lime_explanation": {
      "features": [
        "OverTime=0",
        "JobInvolvement <= 2.00",
        "NumCompaniesWorked <= 1.00",
        "EnvironmentSatisfaction <= 2.00",
        "DistanceFromHome > 14.00",
        "3.00 < JobSatisfaction <= 4.00",
        "WorkLifeBalance <= 2.00",
        "StockOptionLevel > 1.00",
        "3.00 < RelationshipSatisfaction <= 4.00",
        "YearsWithCurrManager > 7.00"
      ],
      "values": [
        -0.20290479122608093,
        0.11975709577832094,
        -0.11927142046437261,
        0.11864496716854891,
        0.10945228615140164,
        -0.0846487860730787,
        0.06539930187244282,
        -0.05938127934177207,
        -0.05604623648300396,
        -0.05028677435958382
      ],
      "intercept": 0.42756213665396847
    },
    "top_risk_factors": [
      {
        "feature": "DistanceFromHome",
        "impact": 0.49421313405036926,
        "type": "risk"
      }
    ],
    "top_protective_factors": [
      {
        "feature": "NumCompaniesWorked",
        "impact": 0.5425285696983337,
        "type": "protective"
      },
      {
        "feature": "MonthlyIncome",
        "impact": 0.47193580865859985,
        "type": "protective"
      },
      {
        "feature": "OverTime",
        "impact": 0.39197224378585815,
        "type": "protective"
      },
      {
        "feature": "YearsWithCurrManager",
        "impact": 0.3801681697368622,
        "type": "protective"
      }
    ],
    "explanation_timestamp": "2025-09-23T22:53:57.264990"
  },
  "agent_type": "structura",
  "analysis_type": "individual"
}