{
  "confidence": 0.8,
  "employee_id": "2034",
  "features_used": 11,
  "model_metadata": {
    "feature_dimensions": 11,
    "model_type": "GRU_CNN_Hybrid",
    "sequence_length": 50,
    "training_optimized": true
  },
  "predicted_attrition": 0,
  "risk_score": 4.03739667624387e-21,
  "sequence_length": 50,
  "xai_explanation": {
    "attention_weights": [
      [
        0.02000456303358078,
        0.019999561831355095,
        0.019999654963612556,
        0.019999735057353973,
        0.019999796524643898,
        0.01999983936548233,
        0.019999872893095016,
        0.019999897107481956,
        0.019999923184514046,
        0.01999993622303009,
        0.019999943673610687,
        0.019999951124191284,
        0.019999952986836433,
        0.019999956712126732,
        0.019999956712126732,
        0.019999956712126732,
        0.019999952986836433,
        0.019999952986836433,
        0.019999951124191284,
        0.019999949261546135,
        0.019999947398900986,
        0.019999947398900986,
        0.019999943673610687,
        0.019999943673610687,
        0.01999993994832039,
        0.01999993994832039,
        0.01999993622303009,
        0.01999993436038494,
        0.01999993436038494,
        0.01999993436038494,
        0.01999993436038494,
        0.019999930635094643,
        0.019999930635094643,
        0.019999930635094643,
        0.019999926909804344,
        0.019999926909804344,
        0.019999926909804344,
        0.019999925047159195,
        0.019999925047159195,
        0.019999925047159195,
        0.019999925047159195,
        0.019999925047159195,
        0.019999923184514046,
        0.019999923184514046,
        0.019999923184514046,
        0.019999923184514046,
        0.019999923184514046,
        0.019999923184514046,
        0.019999923184514046,
        0.019999923184514046
      ]
    ],
    "feature_names": [
      "day_of_week",
      "day_index",
      "system_login_hours",
      "work_focused_hours",
      "meeting_collaboration_hours",
      "social_dining_hours",
      "break_relaxation_hours",
      "shared_work_hours",
      "internal_comm_volume",
      "cafeteria_usage",
      "convenience_food_usage"
    ],
    "gradient_importance": [
      2.960550169995041e-23,
      1.7398511858101237e-23,
      4.6662858037814335e-23,
      5.823800973762674e-23,
      9.534767386079323e-23,
      3.914043506236419e-23,
      5.901649933075463e-22,
      7.099692611181379e-23,
      2.2212778185826908e-22,
      3.7644740271024495e-22,
      4.687465015147062e-22
    ],
    "sequence_importance": {
      "timestep_0": 4.191940914194555e-21,
      "timestep_1": 1.623792599971477e-21,
      "timestep_10": 1.3011092795850562e-28,
      "timestep_11": 9.434192508558287e-29,
      "timestep_12": 6.58785582892353e-29,
      "timestep_13": 5.575169965950018e-29,
      "timestep_14": 4.018811232489556e-29,
      "timestep_15": 3.173459190881021e-29,
      "timestep_16": 2.1506027627050977e-29,
      "timestep_17": 1.7357842351473762e-29,
      "timestep_18": 1.3788379463958914e-29,
      "timestep_19": 1.0585046391301463e-29,
      "timestep_2": 1.3545990036141194e-22,
      "timestep_20": 7.693326526696713e-30,
      "timestep_21": 7.018892943562146e-30,
      "timestep_22": 5.5041054079512825e-30,
      "timestep_23": 4.254954393027374e-30,
      "timestep_24": 3.7609537384502406e-30,
      "timestep_25": 3.1524061434815224e-30,
      "timestep_26": 2.9567380558210477e-30,
      "timestep_27": 2.3800764504149946e-30,
      "timestep_28": 2.1695036586233817e-30,
      "timestep_29": 1.6507655247693515e-30,
      "timestep_3": 7.634149410167843e-28,
      "timestep_30": 1.5729522186036752e-30,
      "timestep_31": 1.4253720061630231e-30,
      "timestep_32": 1.0888811999068075e-30,
      "timestep_33": 1.0283877215456948e-30,
      "timestep_34": 9.67894149145034e-31,
      "timestep_35": 9.269990768381189e-31,
      "timestep_36": 5.633251517982339e-31,
      "timestep_37": 5.230876040113948e-31,
      "timestep_38": 4.828500092047816e-31,
      "timestep_39": 4.426125554574905e-31,
      "timestep_4": 6.10388636541541e-28,
      "timestep_40": 4.023750076706513e-31,
      "timestep_41": 3.6213743637392514e-31,
      "timestep_42": 1.844372030437354e-31,
      "timestep_43": 1.613825379695891e-31,
      "timestep_44": 1.3832786114049928e-31,
      "timestep_45": 1.1527320782129647e-31,
      "timestep_46": 0,
      "timestep_47": 6.036677676500333e-22,
      "timestep_48": 9.57987836538995e-22,
      "timestep_49": 1.6456780501065577e-21,
      "timestep_5": 4.407167602982018e-28,
      "timestep_6": 3.5660249220081845e-28,
      "timestep_7": 2.865959016873146e-28,
      "timestep_8": 2.4302604596380397e-28,
      "timestep_9": 1.6676292758121238e-28
    },
    "temporal_importance": [
      4.191940914194555e-21,
      1.623792599971477e-21,
      1.3545990036141194e-22,
      7.634149410167843e-28,
      6.10388636541541e-28,
      4.407167602982018e-28,
      3.5660249220081845e-28,
      2.865959016873146e-28,
      2.4302604596380397e-28,
      1.6676292758121238e-28,
      1.3011092795850562e-28,
      9.434192508558287e-29,
      6.58785582892353e-29,
      5.575169965950018e-29,
      4.018811232489556e-29,
      3.173459190881021e-29,
      2.1506027627050977e-29,
      1.7357842351473762e-29,
      1.3788379463958914e-29,
      1.0585046391301463e-29,
      7.693326526696713e-30,
      7.018892943562146e-30,
      5.5041054079512825e-30,
      4.254954393027374e-30,
      3.7609537384502406e-30,
      3.1524061434815224e-30,
      2.9567380558210477e-30,
      2.3800764504149946e-30,
      2.1695036586233817e-30,
      1.6507655247693515e-30,
      1.5729522186036752e-30,
      1.4253720061630231e-30,
      1.0888811999068075e-30,
      1.0283877215456948e-30,
      9.67894149145034e-31,
      9.269990768381189e-31,
      5.633251517982339e-31,
      5.230876040113948e-31,
      4.828500092047816e-31,
      4.426125554574905e-31,
      4.023750076706513e-31,
      3.6213743637392514e-31,
      1.844372030437354e-31,
      1.613825379695891e-31,
      1.3832786114049928e-31,
      1.1527320782129647e-31,
      0,
      6.036677676500333e-22,
      9.57987836538995e-22,
      1.6456780501065577e-21
    ],
    "trend_analysis": {
      "confidence_level": "high",
      "prediction_trend": "stable"
    }
  }
}