{
  "confidence": 0.7,
  "employee_data": {
    "Age": 46,
    "AgeFactor": 0,
    "Attrition": "No",
    "BusinessTravel": "Travel_Rarely",
    "DailyRate": 1125,
    "Department": "Sales",
    "DistanceFromHome": 10,
    "Education": 3,
    "EducationField": "Marketing",
    "EmployeeCount": 1,
    "EmployeeNumber": 580,
    "EnvironmentSatisfaction": 3,
    "Gender": "Female",
    "HourlyRate": 94,
    "JobInvolvement": 2,
    "JobLevel": 3,
    "JobRole": "Sales Executive",
    "JobSatisfaction": 4,
    "MaritalStatus": "Married",
    "MonthlyIncome": 9071,
    "MonthlyRate": 11563,
    "Norm_EnvironmentSatisfaction": 0.6666666666666666,
    "Norm_JobInvolvement": 0.3333333333333333,
    "Norm_JobLevel": 0.5,
    "Norm_JobSatisfaction": 1,
    "Norm_MonthlyIncome": 0.4245392311743022,
    "Norm_NumCompaniesWorked": 0.2222222222222222,
    "Norm_PercentSalaryHike": 0.5714285714285714,
    "Norm_PerformanceRating": 0,
    "Norm_RelationshipSatisfaction": 0.6666666666666666,
    "Norm_TotalWorkingYears": 0.375,
    "Norm_TrainingTimesLastYear": 0.5,
    "Norm_WorkLifeBalance": 0.6666666666666666,
    "Norm_YearsAtCompany": 0.075,
    "Norm_YearsSinceLastPromotion": 0.0666666666666666,
    "NumCompaniesWorked": 2,
    "Over18": "Y",
    "OverTime": "Yes",
    "OverTime_bin": 1,
    "PercentSalaryHike": 19,
    "PerformanceRating": 3,
    "Prob_N01": 0.4137072799315643,
    "Prob_N02": 0.0016509471386202,
    "Prob_N03": 0.0462787309104954,
    "Prob_P01": 0.0901386595711811,
    "Prob_P02": 0.1684011863522185,
    "Prob_P03": 0.0073990317468604,
    "Prob_P04": 0.0470312027415612,
    "Prob_S01": 0.0089373402659504,
    "Prob_S02": 0.0408894856797196,
    "Prob_S03": 0.1755661356618284,
    "RelationshipSatisfaction": 3,
    "Score_N01": 0.719047619047619,
    "Score_N02": 0.1666666666666666,
    "Score_N03": 0.5,
    "Score_P01": 0.5666666666666667,
    "Score_P02": 0.6291666666666667,
    "Score_P03": 0.3166666666666666,
    "Score_P04": 0.5016128789588505,
    "Score_S01": 0.3355555555555556,
    "Score_S02": 0.4876190476190476,
    "Score_S03": 0.6333333333333333,
    "StandardHours": 80,
    "StockOptionLevel": 1,
    "TotalWorkingYears": 15,
    "TrainingTimesLastYear": 3,
    "WorkLifeBalance": 3,
    "YearsAtCompany": 3,
    "YearsInCurrentRole": 2,
    "YearsSinceLastPromotion": 1,
    "YearsWithCurrManager": 2,
    "argmax_Persona": "현상 유지자",
    "argmax_Persona_Code": "N01",
    "argmax_RiskTier": "Neutral",
    "is_married": 1,
    "softmax_Persona": "현상 유지자",
    "softmax_Persona_Code": "N01",
    "softmax_RiskTier": "Neutral"
  },
  "employee_id": 580,
  "feature_importance": {},
  "lime_explanation": {},
  "model_interpretation": {},
  "predicted_attrition": 0,
  "risk_score": 3.384940646355972e-05,
  "shap_values": {},
  "xai_explanation": {}
}