{
  "prediction": {
    "employee_id": "442",
    "attrition_probability": 0.20102763175964355,
    "attrition_prediction": 1,
    "risk_category": "LOW",
    "confidence_score": 0.5979447364807129,
    "prediction_timestamp": "2025-09-23T22:52:15.290624"
  },
  "explanation": {
    "employee_id": "442",
    "feature_importance": {
      "RelationshipSatisfaction": 0.03405288979411125,
      "Education": 0.02487798221409321,
      "JobInvolvement": 0.03501373156905174,
      "EnvironmentSatisfaction": 0.048257846385240555,
      "JobLevel": 0.07228615880012512,
      "JobSatisfaction": 0.04019258916378021,
      "StockOptionLevel": 0.07264421880245209,
      "WorkLifeBalance": 0.03580893576145172,
      "Department": 0.037670474499464035,
      "JobRole": 0.046762410551309586,
      "MaritalStatus": 0.036864522844552994,
      "OverTime": 0.0779639258980751,
      "Age": 0.04039482772350311,
      "DailyRate": 0.03578038513660431,
      "DistanceFromHome": 0.036774344742298126,
      "MonthlyIncome": 0.04666806384921074,
      "NumCompaniesWorked": 0.050036631524562836,
      "TotalWorkingYears": 0.04981709271669388,
      "TrainingTimesLastYear": 0.02378365956246853,
      "YearsAtCompany": 0.02968277968466282,
      "YearsInCurrentRole": 0.03649982064962387,
      "YearsSinceLastPromotion": 0.03537580743432045,
      "YearsWithCurrManager": 0.05279093235731125
    },
    "shap_values": {
      "RelationshipSatisfaction": 0.42614996433258057,
      "Education": -0.021769577637314796,
      "JobInvolvement": 0.058245398104190826,
      "EnvironmentSatisfaction": -0.1593448519706726,
      "JobLevel": 0.021960429847240448,
      "JobSatisfaction": -0.04136571288108826,
      "StockOptionLevel": -0.2846795320510864,
      "WorkLifeBalance": -0.14858874678611755,
      "Department": 0.005495155230164528,
      "JobRole": -0.17360135912895203,
      "MaritalStatus": -0.23086942732334137,
      "OverTime": -0.4310154616832733,
      "Age": 0.2157445102930069,
      "DailyRate": 0.08788351714611053,
      "DistanceFromHome": -0.10883254557847977,
      "MonthlyIncome": -0.03191042318940163,
      "NumCompaniesWorked": -0.16301648318767548,
      "TotalWorkingYears": -0.04858386144042015,
      "TrainingTimesLastYear": -0.006618522107601166,
      "YearsAtCompany": -0.01864222250878811,
      "YearsInCurrentRole": -0.23402155935764313,
      "YearsSinceLastPromotion": 0.22480443120002747,
      "YearsWithCurrManager": -0.5925919413566589
    },
    "lime_explanation": {
      "features": [
        "OverTime=0",
        "NumCompaniesWorked <= 1.00",
        "JobInvolvement <= 2.00",
        "RelationshipSatisfaction <= 2.00",
        "0.00 < StockOptionLevel <= 1.00",
        "YearsWithCurrManager > 7.00",
        "2.00 < WorkLifeBalance <= 3.00",
        "MonthlyIncome > 8201.00",
        "2.00 < EnvironmentSatisfaction <= 3.00",
        "2.00 < DistanceFromHome <= 7.00"
      ],
      "values": [
        -0.2193145901514938,
        -0.11454266739480795,
        0.1078178506938075,
        0.08849034379392487,
        -0.08210121160992039,
        -0.06879678764149949,
        -0.06773900040819049,
        -0.05806258188264098,
        -0.0549352343050308,
        -0.04932202763441024
      ],
      "intercept": 0.5741615873559883
    },
    "top_risk_factors": [
      {
        "feature": "RelationshipSatisfaction",
        "impact": 0.42614996433258057,
        "type": "risk"
      }
    ],
    "top_protective_factors": [
      {
        "feature": "YearsWithCurrManager",
        "impact": 0.5925919413566589,
        "type": "protective"
      },
      {
        "feature": "OverTime",
        "impact": 0.4310154616832733,
        "type": "protective"
      },
      {
        "feature": "StockOptionLevel",
        "impact": 0.2846795320510864,
        "type": "protective"
      },
      {
        "feature": "YearsInCurrentRole",
        "impact": 0.23402155935764313,
        "type": "protective"
      }
    ],
    "explanation_timestamp": "2025-09-23T22:52:15.371148"
  },
  "agent_type": "structura",
  "analysis_type": "individual"
}