{
  "confidence": 0.7,
  "employee_data": {
    "Age": 26,
    "AgeFactor": 0,
    "Attrition": "Yes",
    "BusinessTravel": "Travel_Frequently",
    "DailyRate": 575,
    "Department": "Research & Development",
    "DistanceFromHome": 3,
    "Education": 1,
    "EducationField": "Technical Degree",
    "EmployeeCount": 1,
    "EmployeeNumber": 510,
    "EnvironmentSatisfaction": 3,
    "Gender": "Male",
    "HourlyRate": 73,
    "JobInvolvement": 3,
    "JobLevel": 1,
    "JobRole": "Research Scientist",
    "JobSatisfaction": 1,
    "MaritalStatus": "Single",
    "MonthlyIncome": 3102,
    "MonthlyRate": 6582,
    "Norm_EnvironmentSatisfaction": 0.6666666666666666,
    "Norm_JobInvolvement": 0.6666666666666666,
    "Norm_JobLevel": 0,
    "Norm_JobSatisfaction": 0,
    "Norm_MonthlyIncome": 0.1102159031068983,
    "Norm_NumCompaniesWorked": 0,
    "Norm_PercentSalaryHike": 0.7857142857142857,
    "Norm_PerformanceRating": 1,
    "Norm_RelationshipSatisfaction": 0.6666666666666666,
    "Norm_TotalWorkingYears": 0.175,
    "Norm_TrainingTimesLastYear": 0.3333333333333333,
    "Norm_WorkLifeBalance": 0.6666666666666666,
    "Norm_YearsAtCompany": 0.15,
    "Norm_YearsSinceLastPromotion": 0,
    "NumCompaniesWorked": 0,
    "Over18": "Y",
    "OverTime": "No",
    "OverTime_bin": 0,
    "PercentSalaryHike": 22,
    "PerformanceRating": 4,
    "Prob_N01": 0.0005176947380069,
    "Prob_N02": 0.0500518291790925,
    "Prob_N03": 0.0004706655065023,
    "Prob_P01": 0.0024919338412761,
    "Prob_P02": 0.0236428100077101,
    "Prob_P03": 0.0009167312289648,
    "Prob_P04": 0.0052733805641834,
    "Prob_S01": 0.0017270113745723,
    "Prob_S02": 0.9139912123307264,
    "Prob_S03": 0.0009167312289648,
    "RelationshipSatisfaction": 3,
    "Score_N01": 0.2095238095238095,
    "Score_N02": 0.6666666666666666,
    "Score_N03": 0.2,
    "Score_P01": 0.3666666666666667,
    "Score_P02": 0.5916666666666667,
    "Score_P03": 0.2666666666666667,
    "Score_P04": 0.4416279244715264,
    "Score_S01": 0.33,
    "Score_S02": 0.9571428571428572,
    "Score_S03": 0.2666666666666666,
    "StandardHours": 80,
    "StockOptionLevel": 0,
    "TotalWorkingYears": 7,
    "TrainingTimesLastYear": 2,
    "WorkLifeBalance": 3,
    "YearsAtCompany": 6,
    "YearsInCurrentRole": 4,
    "YearsSinceLastPromotion": 0,
    "YearsWithCurrManager": 4,
    "argmax_Persona": "라이징 스타",
    "argmax_Persona_Code": "S02",
    "argmax_RiskTier": "Stable",
    "is_married": 0,
    "softmax_Persona": "라이징 스타",
    "softmax_Persona_Code": "S02",
    "softmax_RiskTier": "Stable"
  },
  "employee_id": 510,
  "feature_importance": {},
  "lime_explanation": {},
  "model_interpretation": {},
  "predicted_attrition": 0,
  "risk_score": 0.03162439540028572,
  "shap_values": {},
  "xai_explanation": {}
}