{
  "confidence": 0.7,
  "employee_data": {
    "Age": 59,
    "AgeFactor": 0,
    "Attrition": "No",
    "BusinessTravel": "Travel_Rarely",
    "DailyRate": 142,
    "Department": "Research & Development",
    "DistanceFromHome": 3,
    "Education": 3,
    "EducationField": "Life Sciences",
    "EmployeeCount": 1,
    "EmployeeNumber": 309,
    "EnvironmentSatisfaction": 3,
    "Gender": "Male",
    "HourlyRate": 70,
    "JobInvolvement": 2,
    "JobLevel": 1,
    "JobRole": "Research Scientist",
    "JobSatisfaction": 4,
    "MaritalStatus": "Married",
    "MonthlyIncome": 2177,
    "MonthlyRate": 8456,
    "Norm_EnvironmentSatisfaction": 0.6666666666666666,
    "Norm_JobInvolvement": 0.3333333333333333,
    "Norm_JobLevel": 0,
    "Norm_JobSatisfaction": 1,
    "Norm_MonthlyIncome": 0.061506055818852,
    "Norm_NumCompaniesWorked": 0.3333333333333333,
    "Norm_PercentSalaryHike": 0.4285714285714285,
    "Norm_PerformanceRating": 0,
    "Norm_RelationshipSatisfaction": 0,
    "Norm_TotalWorkingYears": 0.175,
    "Norm_TrainingTimesLastYear": 1,
    "Norm_WorkLifeBalance": 0.6666666666666666,
    "Norm_YearsAtCompany": 0.025,
    "Norm_YearsSinceLastPromotion": 0,
    "NumCompaniesWorked": 3,
    "Over18": "Y",
    "OverTime": "No",
    "OverTime_bin": 0,
    "PercentSalaryHike": 17,
    "PerformanceRating": 3,
    "Prob_N01": 0.2006660455165976,
    "Prob_N02": 0.004446504365675,
    "Prob_N03": 0.1246427424704763,
    "Prob_P01": 0.0006017689277414,
    "Prob_P02": 0.5823771440425001,
    "Prob_P03": 0.0004311862784571,
    "Prob_P04": 0.0477100299582666,
    "Prob_S01": 0.0009596227105108,
    "Prob_S02": 0.0146229826063367,
    "Prob_S03": 0.0235419731234381,
    "RelationshipSatisfaction": 1,
    "Score_N01": 0.7476190476190476,
    "Score_N02": 0.3666666666666667,
    "Score_N03": 0.7,
    "Score_P01": 0.1666666666666666,
    "Score_P02": 0.8541666666666666,
    "Score_P03": 0.1333333333333333,
    "Score_P04": 0.6039690062438877,
    "Score_S01": 0.2133333333333333,
    "Score_S02": 0.4857142857142857,
    "Score_S03": 0.5333333333333333,
    "StandardHours": 80,
    "StockOptionLevel": 1,
    "TotalWorkingYears": 7,
    "TrainingTimesLastYear": 6,
    "WorkLifeBalance": 3,
    "YearsAtCompany": 1,
    "YearsInCurrentRole": 0,
    "YearsSinceLastPromotion": 0,
    "YearsWithCurrManager": 0,
    "argmax_Persona": "온보딩에 실패한 직원",
    "argmax_Persona_Code": "P02",
    "argmax_RiskTier": "High",
    "is_married": 1,
    "softmax_Persona": "신규 부모",
    "softmax_Persona_Code": "N03",
    "softmax_RiskTier": "Neutral"
  },
  "employee_id": 309,
  "feature_importance": {},
  "lime_explanation": {},
  "model_interpretation": {},
  "predicted_attrition": 0,
  "risk_score": 0.02062590979039669,
  "shap_values": {},
  "xai_explanation": {}
}