{
  "prediction": {
    "risk_score": 1.08967115982346e-16,
    "attrition_probability": 1.08967115982346e-16
  },
  "confidence": 0.8
}