{
  "prediction": {
    "risk_score": 1.9536747165784657e-15,
    "attrition_probability": 1.9536747165784657e-15
  },
  "confidence": 0.8
}