{
  "prediction": {
    "employee_id": "1649",
    "attrition_probability": 0.3056489825248718,
    "attrition_prediction": 1,
    "risk_category": "LOW",
    "confidence_score": 0.38870203495025635,
    "prediction_timestamp": "2025-09-23T22:53:39.761493"
  },
  "explanation": {
    "employee_id": "1649",
    "feature_importance": {
      "RelationshipSatisfaction": 0.03405288979411125,
      "Education": 0.02487798221409321,
      "JobInvolvement": 0.03501373156905174,
      "EnvironmentSatisfaction": 0.048257846385240555,
      "JobLevel": 0.07228615880012512,
      "JobSatisfaction": 0.04019258916378021,
      "StockOptionLevel": 0.07264421880245209,
      "WorkLifeBalance": 0.03580893576145172,
      "Department": 0.037670474499464035,
      "JobRole": 0.046762410551309586,
      "MaritalStatus": 0.036864522844552994,
      "OverTime": 0.0779639258980751,
      "Age": 0.04039482772350311,
      "DailyRate": 0.03578038513660431,
      "DistanceFromHome": 0.036774344742298126,
      "MonthlyIncome": 0.04666806384921074,
      "NumCompaniesWorked": 0.050036631524562836,
      "TotalWorkingYears": 0.04981709271669388,
      "TrainingTimesLastYear": 0.02378365956246853,
      "YearsAtCompany": 0.02968277968466282,
      "YearsInCurrentRole": 0.03649982064962387,
      "YearsSinceLastPromotion": 0.03537580743432045,
      "YearsWithCurrManager": 0.05279093235731125
    },
    "shap_values": {
      "RelationshipSatisfaction": -0.05538667365908623,
      "Education": 0.08820019662380219,
      "JobInvolvement": -0.11473527550697327,
      "EnvironmentSatisfaction": 0.5077320337295532,
      "JobLevel": 0.030769312754273415,
      "JobSatisfaction": 0.3990516662597656,
      "StockOptionLevel": 0.3157113492488861,
      "WorkLifeBalance": 0.45826786756515503,
      "Department": -0.028060846030712128,
      "JobRole": -0.4826706051826477,
      "MaritalStatus": -0.11986912041902542,
      "OverTime": -0.7053512930870056,
      "Age": -0.6010738611221313,
      "DailyRate": -0.466610848903656,
      "DistanceFromHome": -0.33046242594718933,
      "MonthlyIncome": 0.46587541699409485,
      "NumCompaniesWorked": -0.09854132682085037,
      "TotalWorkingYears": -0.03609394282102585,
      "TrainingTimesLastYear": -0.07414828985929489,
      "YearsAtCompany": -0.07420884072780609,
      "YearsInCurrentRole": 0.014050975441932678,
      "YearsSinceLastPromotion": -0.053550951182842255,
      "YearsWithCurrManager": -0.13471977412700653
    },
    "lime_explanation": {
      "features": [
        "OverTime=0",
        "EnvironmentSatisfaction <= 2.00",
        "StockOptionLevel <= 0.00",
        "MonthlyIncome <= 2922.25",
        "2.00 < JobInvolvement <= 3.00",
        "WorkLifeBalance <= 2.00",
        "RelationshipSatisfaction <= 2.00",
        "JobSatisfaction <= 2.00",
        "35.00 < Age <= 42.00",
        "DailyRate > 1162.00"
      ],
      "values": [
        -0.20655397944537707,
        0.11179442412292992,
        0.10511267771589239,
        0.09472810901030536,
        -0.08540605688424288,
        0.08323278698438723,
        0.08198053254327774,
        0.0745825402224348,
        -0.0717596116389623,
        -0.06906717058797177
      ],
      "intercept": 0.32649384293894756
    },
    "top_risk_factors": [
      {
        "feature": "EnvironmentSatisfaction",
        "impact": 0.5077320337295532,
        "type": "risk"
      }
    ],
    "top_protective_factors": [
      {
        "feature": "OverTime",
        "impact": 0.7053512930870056,
        "type": "protective"
      },
      {
        "feature": "Age",
        "impact": 0.6010738611221313,
        "type": "protective"
      },
      {
        "feature": "JobRole",
        "impact": 0.4826706051826477,
        "type": "protective"
      },
      {
        "feature": "DailyRate",
        "impact": 0.466610848903656,
        "type": "protective"
      }
    ],
    "explanation_timestamp": "2025-09-23T22:53:39.855280"
  },
  "agent_type": "structura",
  "analysis_type": "individual"
}