{
  "confidence": 0.7,
  "employee_data": {
    "Age": 36,
    "AgeFactor": 1,
    "Attrition": "No",
    "BusinessTravel": "Travel_Rarely",
    "DailyRate": 429,
    "Department": "Research & Development",
    "DistanceFromHome": 2,
    "Education": 4,
    "EducationField": "Life Sciences",
    "EmployeeCount": 1,
    "EmployeeNumber": 1294,
    "EnvironmentSatisfaction": 3,
    "Gender": "Female",
    "HourlyRate": 53,
    "JobInvolvement": 3,
    "JobLevel": 2,
    "JobRole": "Manufacturing Director",
    "JobSatisfaction": 2,
    "MaritalStatus": "Single",
    "MonthlyIncome": 5410,
    "MonthlyRate": 2323,
    "Norm_EnvironmentSatisfaction": 0.6666666666666666,
    "Norm_JobInvolvement": 0.6666666666666666,
    "Norm_JobLevel": 0.25,
    "Norm_JobSatisfaction": 0.3333333333333333,
    "Norm_MonthlyIncome": 0.2317535545023696,
    "Norm_NumCompaniesWorked": 1,
    "Norm_PercentSalaryHike": 0,
    "Norm_PerformanceRating": 0,
    "Norm_RelationshipSatisfaction": 1,
    "Norm_TotalWorkingYears": 0.45,
    "Norm_TrainingTimesLastYear": 0.3333333333333333,
    "Norm_WorkLifeBalance": 0.6666666666666666,
    "Norm_YearsAtCompany": 0.4,
    "Norm_YearsSinceLastPromotion": 0.3333333333333333,
    "NumCompaniesWorked": 9,
    "Over18": "Y",
    "OverTime": "Yes",
    "OverTime_bin": 1,
    "PercentSalaryHike": 11,
    "PerformanceRating": 3,
    "Prob_N01": 0.1529219454262567,
    "Prob_N02": 0.0003790556050853,
    "Prob_N03": 0.0039089193860169,
    "Prob_P01": 0.4156849454247995,
    "Prob_P02": 0.0076135353518838,
    "Prob_P03": 0.0148291419776372,
    "Prob_P04": 0.3785116099274365,
    "Prob_S01": 0.0058314224811488,
    "Prob_S02": 0.00280086313059,
    "Prob_S03": 0.0175185612891448,
    "RelationshipSatisfaction": 4,
    "Score_N01": 0.6666666666666667,
    "Score_N02": 0.0666666666666666,
    "Score_N03": 0.3,
    "Score_P01": 0.7666666666666667,
    "Score_P02": 0.3666666666666667,
    "Score_P03": 0.4333333333333333,
    "Score_P04": 0.7572985781990522,
    "Score_S01": 0.3400000000000001,
    "Score_S02": 0.2666666666666667,
    "Score_S03": 0.45,
    "StandardHours": 80,
    "StockOptionLevel": 0,
    "TotalWorkingYears": 18,
    "TrainingTimesLastYear": 2,
    "WorkLifeBalance": 3,
    "YearsAtCompany": 16,
    "YearsInCurrentRole": 14,
    "YearsSinceLastPromotion": 5,
    "YearsWithCurrManager": 12,
    "argmax_Persona": "번아웃에 직면한 직원",
    "argmax_Persona_Code": "P01",
    "argmax_RiskTier": "High",
    "is_married": 0,
    "softmax_Persona": "현상 유지자",
    "softmax_Persona_Code": "N01",
    "softmax_RiskTier": "Neutral"
  },
  "employee_id": 1294,
  "feature_importance": {},
  "lime_explanation": {},
  "model_interpretation": {},
  "predicted_attrition": 0,
  "risk_score": 0.002593472134321928,
  "shap_values": {},
  "xai_explanation": {}
}