{
  "confidence": 0.8,
  "employee_id": "1497",
  "features_used": 11,
  "model_metadata": {
    "feature_dimensions": 11,
    "model_type": "GRU_CNN_Hybrid",
    "sequence_length": 50,
    "training_optimized": true
  },
  "predicted_attrition": 0,
  "risk_score": 5.817994326411523e-23,
  "sequence_length": 50,
  "xai_explanation": {
    "attention_weights": [
      [
        0.02000526152551174,
        0.01999952644109726,
        0.019999628886580467,
        0.019999703392386436,
        0.01999976485967636,
        0.019999811425805092,
        0.01999984122812748,
        0.019999871030449867,
        0.01999989151954651,
        0.019999902695417404,
        0.01999991573393345,
        0.019999919459223747,
        0.019999923184514046,
        0.019999923184514046,
        0.019999925047159195,
        0.019999923184514046,
        0.019999923184514046,
        0.019999923184514046,
        0.019999917596578598,
        0.019999917596578598,
        0.019999917596578598,
        0.01999991573393345,
        0.0199999138712883,
        0.0199999138712883,
        0.019999908283352852,
        0.019999908283352852,
        0.019999906420707703,
        0.019999902695417404,
        0.019999902695417404,
        0.019999902695417404,
        0.019999900832772255,
        0.019999900832772255,
        0.019999898970127106,
        0.019999897107481956,
        0.019999897107481956,
        0.019999897107481956,
        0.019999897107481956,
        0.019999893382191658,
        0.019999893382191658,
        0.019999893382191658,
        0.019999893382191658,
        0.019999893382191658,
        0.01999989151954651,
        0.01999989151954651,
        0.01999989151954651,
        0.01999989151954651,
        0.01999989151954651,
        0.01999989151954651,
        0.01999989151954651,
        0.01999989151954651
      ]
    ],
    "feature_names": [
      "day_of_week",
      "day_index",
      "system_login_hours",
      "work_focused_hours",
      "meeting_collaboration_hours",
      "social_dining_hours",
      "break_relaxation_hours",
      "shared_work_hours",
      "internal_comm_volume",
      "cafeteria_usage",
      "convenience_food_usage"
    ],
    "gradient_importance": [
      5.277521857202225e-25,
      2.282695247001833e-25,
      6.9393249002652955e-25,
      8.392250394615552e-25,
      1.3739848738180822e-24,
      5.55354971135778e-25,
      8.50443174014909e-24,
      1.0230843576033507e-24,
      3.2009192827025492e-24,
      5.4247053555308716e-24,
      6.754759551613327e-24
    ],
    "sequence_importance": {
      "timestep_0": 6.04069670193138e-23,
      "timestep_1": 2.3399278945365226e-23,
      "timestep_10": 1.8039181446701896e-30,
      "timestep_11": 1.363934464778878e-30,
      "timestep_12": 1.0273711540311037e-30,
      "timestep_13": 8.357204358639992e-31,
      "timestep_14": 6.073040630048703e-31,
      "timestep_15": 4.516381421424261e-31,
      "timestep_16": 3.7385467002337363e-31,
      "timestep_17": 2.8364887923336244e-31,
      "timestep_18": 1.9811015366442098e-31,
      "timestep_19": 1.5073948281286551e-31,
      "timestep_2": 1.9520128413574634e-24,
      "timestep_20": 1.2298131219277398e-31,
      "timestep_21": 1.0179169821058582e-31,
      "timestep_22": 8.093829912261985e-32,
      "timestep_23": 6.785840891181114e-32,
      "timestep_24": 5.63014245297385e-32,
      "timestep_25": 4.708479062543548e-32,
      "timestep_26": 4.626551808268638e-32,
      "timestep_27": 3.579193100778497e-32,
      "timestep_28": 2.8110860067640495e-32,
      "timestep_29": 2.1336735916401202e-32,
      "timestep_3": 1.0245217557247104e-29,
      "timestep_30": 2.0332139342405274e-32,
      "timestep_31": 2.0828161224253816e-32,
      "timestep_32": 1.9747111967048346e-32,
      "timestep_33": 1.83775626006885e-32,
      "timestep_34": 8.631878362014713e-33,
      "timestep_35": 8.092384495020855e-33,
      "timestep_36": 7.552892097394936e-33,
      "timestep_37": 7.013398965085047e-33,
      "timestep_38": 6.473905832775158e-33,
      "timestep_39": 6.378034717574e-33,
      "timestep_4": 9.230006469097291e-30,
      "timestep_40": 5.79821368016526e-33,
      "timestep_41": 5.218391908072551e-33,
      "timestep_42": 4.638570870663811e-33,
      "timestep_43": 4.058749098571102e-33,
      "timestep_44": 0,
      "timestep_45": 1.661109434246206e-33,
      "timestep_46": 1.755772252700611e-24,
      "timestep_47": 9.549280375697036e-24,
      "timestep_48": 1.421441049825232e-23,
      "timestep_49": 2.1115056463650886e-23,
      "timestep_5": 6.657989470628053e-30,
      "timestep_6": 5.0654519174673615e-30,
      "timestep_7": 4.2165584217103074e-30,
      "timestep_8": 3.389941390257268e-30,
      "timestep_9": 2.507326064880209e-30
    },
    "temporal_importance": [
      6.04069670193138e-23,
      2.3399278945365226e-23,
      1.9520128413574634e-24,
      1.0245217557247104e-29,
      9.230006469097291e-30,
      6.657989470628053e-30,
      5.0654519174673615e-30,
      4.2165584217103074e-30,
      3.389941390257268e-30,
      2.507326064880209e-30,
      1.8039181446701896e-30,
      1.363934464778878e-30,
      1.0273711540311037e-30,
      8.357204358639992e-31,
      6.073040630048703e-31,
      4.516381421424261e-31,
      3.7385467002337363e-31,
      2.8364887923336244e-31,
      1.9811015366442098e-31,
      1.5073948281286551e-31,
      1.2298131219277398e-31,
      1.0179169821058582e-31,
      8.093829912261985e-32,
      6.785840891181114e-32,
      5.63014245297385e-32,
      4.708479062543548e-32,
      4.626551808268638e-32,
      3.579193100778497e-32,
      2.8110860067640495e-32,
      2.1336735916401202e-32,
      2.0332139342405274e-32,
      2.0828161224253816e-32,
      1.9747111967048346e-32,
      1.83775626006885e-32,
      8.631878362014713e-33,
      8.092384495020855e-33,
      7.552892097394936e-33,
      7.013398965085047e-33,
      6.473905832775158e-33,
      6.378034717574e-33,
      5.79821368016526e-33,
      5.218391908072551e-33,
      4.638570870663811e-33,
      4.058749098571102e-33,
      0,
      1.661109434246206e-33,
      1.755772252700611e-24,
      9.549280375697036e-24,
      1.421441049825232e-23,
      2.1115056463650886e-23
    ],
    "trend_analysis": {
      "confidence_level": "high",
      "prediction_trend": "stable"
    }
  }
}