{
  "prediction": {
    "risk_score": 1.5229305063257925e-05,
    "attrition_probability": 1.5229305063257925e-05
  },
  "confidence": 0.8
}