{
  "prediction": {
    "risk_score": 6.356518992438877e-35,
    "attrition_probability": 6.356518992438877e-35
  },
  "confidence": 0.8
}