{
  "confidence": 0.8,
  "employee_id": "340",
  "features_used": 11,
  "model_metadata": {
    "feature_dimensions": 11,
    "model_type": "GRU_CNN_Hybrid",
    "sequence_length": 50,
    "training_optimized": true
  },
  "predicted_attrition": 0,
  "risk_score": 2.770526337752441e-26,
  "sequence_length": 50,
  "xai_explanation": {
    "attention_weights": [
      [
        0.02000816911458969,
        0.01999959908425808,
        0.019999662414193153,
        0.019999710842967033,
        0.019999759271740913,
        0.01999979093670845,
        0.01999981515109539,
        0.019999828189611435,
        0.01999984309077263,
        0.019999852403998375,
        0.019999857991933823,
        0.01999986171722412,
        0.01999986171722412,
        0.019999859854578972,
        0.019999859854578972,
        0.019999857991933823,
        0.019999854266643524,
        0.019999852403998375,
        0.019999850541353226,
        0.019999846816062927,
        0.019999846816062927,
        0.019999844953417778,
        0.01999984309077263,
        0.01999984122812748,
        0.01999983750283718,
        0.01999983750283718,
        0.019999835640192032,
        0.019999833777546883,
        0.019999831914901733,
        0.019999831914901733,
        0.019999828189611435,
        0.019999828189611435,
        0.019999826326966286,
        0.019999824464321136,
        0.019999824464321136,
        0.019999824464321136,
        0.019999824464321136,
        0.019999824464321136,
        0.019999824464321136,
        0.019999820739030838,
        0.019999820739030838,
        0.019999820739030838,
        0.01999981887638569,
        0.01999981887638569,
        0.01999981887638569,
        0.01999981887638569,
        0.01999981887638569,
        0.01999981887638569,
        0.01999981887638569,
        0.01999981887638569
      ]
    ],
    "feature_names": [
      "day_of_week",
      "day_index",
      "system_login_hours",
      "work_focused_hours",
      "meeting_collaboration_hours",
      "social_dining_hours",
      "break_relaxation_hours",
      "shared_work_hours",
      "internal_comm_volume",
      "cafeteria_usage",
      "convenience_food_usage"
    ],
    "gradient_importance": [
      2.0315799611227573e-28,
      1.1939135836985425e-28,
      3.2020771255924676e-28,
      3.996381912542533e-28,
      6.54291076292323e-28,
      2.6858799929893217e-28,
      4.049806198086614e-27,
      4.871916646757019e-28,
      1.5242761952238084e-27,
      2.5832423232798163e-27,
      3.2166128892547358e-27
    ],
    "sequence_importance": {
      "timestep_0": 2.876577284954135e-26,
      "timestep_1": 1.114272268637699e-26,
      "timestep_10": 7.117653191717491e-34,
      "timestep_11": 5.020838051966869e-34,
      "timestep_12": 3.7629952709171915e-34,
      "timestep_13": 2.6956585685737954e-34,
      "timestep_14": 2.1316405374261746e-34,
      "timestep_15": 1.689766586027937e-34,
      "timestep_16": 1.1215537390045596e-34,
      "timestep_17": 9.021858875516703e-35,
      "timestep_18": 7.538423460892992e-35,
      "timestep_19": 6.3419424033112e-35,
      "timestep_2": 9.295463320951078e-28,
      "timestep_20": 5.085024979679684e-35,
      "timestep_21": 4.1164414544339354e-35,
      "timestep_22": 3.562616876373926e-35,
      "timestep_23": 3.370734355771792e-35,
      "timestep_24": 2.703875779181272e-35,
      "timestep_25": 2.1960962274582148e-35,
      "timestep_26": 2.239225333299188e-35,
      "timestep_27": 1.8128741636249804e-35,
      "timestep_28": 1.535089867860363e-35,
      "timestep_29": 1.8363091473148722e-35,
      "timestep_3": 3.6243793240292965e-33,
      "timestep_30": 1.2437505093698635e-35,
      "timestep_31": 1.1751005343860287e-35,
      "timestep_32": 9.248365387071878e-36,
      "timestep_33": 8.751168010872514e-36,
      "timestep_34": 5.868990602548284e-36,
      "timestep_35": 3.8534845017493954e-36,
      "timestep_36": 5.13536632881424e-36,
      "timestep_37": 3.33968606595744e-36,
      "timestep_38": 3.082787027427665e-36,
      "timestep_39": 2.8258878095316875e-36,
      "timestep_4": 3.3231129788830064e-33,
      "timestep_40": 2.568988771001913e-36,
      "timestep_41": 2.4849210870160198e-36,
      "timestep_42": 2.2088185646480364e-36,
      "timestep_43": 1.9327162216462564e-36,
      "timestep_44": 1.65661405801068e-36,
      "timestep_45": 7.910114143253963e-37,
      "timestep_46": 0,
      "timestep_47": 4.142466154384984e-27,
      "timestep_48": 6.57386681269835e-27,
      "timestep_49": 1.1292904392324373e-26,
      "timestep_5": 2.4048487507732983e-33,
      "timestep_6": 1.8191012014554987e-33,
      "timestep_7": 1.4895922269982607e-33,
      "timestep_8": 1.1390717501975551e-33,
      "timestep_9": 8.942418990247007e-34
    },
    "temporal_importance": [
      2.876577284954135e-26,
      1.114272268637699e-26,
      9.295463320951078e-28,
      3.6243793240292965e-33,
      3.3231129788830064e-33,
      2.4048487507732983e-33,
      1.8191012014554987e-33,
      1.4895922269982607e-33,
      1.1390717501975551e-33,
      8.942418990247007e-34,
      7.117653191717491e-34,
      5.020838051966869e-34,
      3.7629952709171915e-34,
      2.6956585685737954e-34,
      2.1316405374261746e-34,
      1.689766586027937e-34,
      1.1215537390045596e-34,
      9.021858875516703e-35,
      7.538423460892992e-35,
      6.3419424033112e-35,
      5.085024979679684e-35,
      4.1164414544339354e-35,
      3.562616876373926e-35,
      3.370734355771792e-35,
      2.703875779181272e-35,
      2.1960962274582148e-35,
      2.239225333299188e-35,
      1.8128741636249804e-35,
      1.535089867860363e-35,
      1.8363091473148722e-35,
      1.2437505093698635e-35,
      1.1751005343860287e-35,
      9.248365387071878e-36,
      8.751168010872514e-36,
      5.868990602548284e-36,
      3.8534845017493954e-36,
      5.13536632881424e-36,
      3.33968606595744e-36,
      3.082787027427665e-36,
      2.8258878095316875e-36,
      2.568988771001913e-36,
      2.4849210870160198e-36,
      2.2088185646480364e-36,
      1.9327162216462564e-36,
      1.65661405801068e-36,
      7.910114143253963e-37,
      0,
      4.142466154384984e-27,
      6.57386681269835e-27,
      1.1292904392324373e-26
    ],
    "trend_analysis": {
      "confidence_level": "high",
      "prediction_trend": "stable"
    }
  }
}