{
  "confidence": 0.7,
  "employee_data": {
    "Age": 33,
    "AgeFactor": 1,
    "Attrition": "No",
    "BusinessTravel": "Travel_Rarely",
    "DailyRate": 147,
    "Department": "Research & Development",
    "DistanceFromHome": 4,
    "Education": 4,
    "EducationField": "Medical",
    "EmployeeCount": 1,
    "EmployeeNumber": 305,
    "EnvironmentSatisfaction": 3,
    "Gender": "Female",
    "HourlyRate": 47,
    "JobInvolvement": 2,
    "JobLevel": 1,
    "JobRole": "Research Scientist",
    "JobSatisfaction": 2,
    "MaritalStatus": "Married",
    "MonthlyIncome": 2622,
    "MonthlyRate": 13248,
    "Norm_EnvironmentSatisfaction": 0.6666666666666666,
    "Norm_JobInvolvement": 0.3333333333333333,
    "Norm_JobLevel": 0,
    "Norm_JobSatisfaction": 0.3333333333333333,
    "Norm_MonthlyIncome": 0.0849394418114797,
    "Norm_NumCompaniesWorked": 0.6666666666666666,
    "Norm_PercentSalaryHike": 0.7142857142857143,
    "Norm_PerformanceRating": 1,
    "Norm_RelationshipSatisfaction": 1,
    "Norm_TotalWorkingYears": 0.175,
    "Norm_TrainingTimesLastYear": 0.5,
    "Norm_WorkLifeBalance": 0.6666666666666666,
    "Norm_YearsAtCompany": 0.075,
    "Norm_YearsSinceLastPromotion": 0.0666666666666666,
    "NumCompaniesWorked": 6,
    "Over18": "Y",
    "OverTime": "No",
    "OverTime_bin": 0,
    "PercentSalaryHike": 21,
    "PerformanceRating": 4,
    "Prob_N01": 0.00153818218121,
    "Prob_N02": 0.0089576335492471,
    "Prob_N03": 0.6825524764187663,
    "Prob_P01": 0.0004459743139306,
    "Prob_P02": 0.0061564855017359,
    "Prob_P03": 0.0007352873375633,
    "Prob_P04": 0.0037770330281583,
    "Prob_S01": 0.0001640647813856,
    "Prob_S02": 0.2952268885740719,
    "Prob_S03": 0.0004459743139306,
    "RelationshipSatisfaction": 4,
    "Score_N01": 0.3904761904761905,
    "Score_N02": 0.5666666666666667,
    "Score_N03": 1,
    "Score_P01": 0.2666666666666667,
    "Score_P02": 0.5291666666666667,
    "Score_P03": 0.3166666666666666,
    "Score_P04": 0.4803099375611224,
    "Score_S01": 0.1666666666666666,
    "Score_S02": 0.9161904761904764,
    "Score_S03": 0.2666666666666666,
    "StandardHours": 80,
    "StockOptionLevel": 0,
    "TotalWorkingYears": 7,
    "TrainingTimesLastYear": 3,
    "WorkLifeBalance": 3,
    "YearsAtCompany": 3,
    "YearsInCurrentRole": 2,
    "YearsSinceLastPromotion": 1,
    "YearsWithCurrManager": 1,
    "argmax_Persona": "신규 부모",
    "argmax_Persona_Code": "N03",
    "argmax_RiskTier": "Neutral",
    "is_married": 1,
    "softmax_Persona": "신규 부모",
    "softmax_Persona_Code": "N03",
    "softmax_RiskTier": "Neutral"
  },
  "employee_id": 305,
  "feature_importance": {},
  "lime_explanation": {},
  "model_interpretation": {},
  "predicted_attrition": 0,
  "risk_score": 0.09569515287876129,
  "shap_values": {},
  "xai_explanation": {}
}