{
  "confidence": 0.8,
  "employee_id": "442",
  "features_used": 11,
  "model_metadata": {
    "feature_dimensions": 11,
    "model_type": "GRU_CNN_Hybrid",
    "sequence_length": 50,
    "training_optimized": true
  },
  "predicted_attrition": 0,
  "risk_score": 2.4426908186486924e-16,
  "sequence_length": 50,
  "xai_explanation": {
    "attention_weights": [
      [
        0.02000305987894535,
        0.019999751821160316,
        0.01999981515109539,
        0.01999986730515957,
        0.019999917596578598,
        0.019999943673610687,
        0.019999956712126732,
        0.019999971613287926,
        0.019999979063868523,
        0.01999998651444912,
        0.01999998651444912,
        0.01999998465180397,
        0.01999998465180397,
        0.019999980926513672,
        0.019999977201223373,
        0.019999971613287926,
        0.019999969750642776,
        0.01999996416270733,
        0.01999996230006218,
        0.019999956712126732,
        0.019999952986836433,
        0.019999952986836433,
        0.019999945536255836,
        0.019999943673610687,
        0.01999993994832039,
        0.01999993808567524,
        0.01999993436038494,
        0.019999930635094643,
        0.019999930635094643,
        0.019999928772449493,
        0.019999926909804344,
        0.019999925047159195,
        0.019999925047159195,
        0.019999921321868896,
        0.019999921321868896,
        0.019999919459223747,
        0.019999919459223747,
        0.019999919459223747,
        0.019999917596578598,
        0.019999917596578598,
        0.0199999138712883,
        0.0199999138712883,
        0.0199999138712883,
        0.0199999138712883,
        0.0199999138712883,
        0.0199999138712883,
        0.0199999138712883,
        0.01999991200864315,
        0.01999991200864315,
        0.01999991200864315
      ]
    ],
    "feature_names": [
      "day_of_week",
      "day_index",
      "system_login_hours",
      "work_focused_hours",
      "meeting_collaboration_hours",
      "social_dining_hours",
      "break_relaxation_hours",
      "shared_work_hours",
      "internal_comm_volume",
      "cafeteria_usage",
      "convenience_food_usage"
    ],
    "gradient_importance": [
      1.2364223269517737e-18,
      6.966206994143423e-19,
      2.043775937209788e-18,
      4.203575535858714e-18,
      4.001036640562349e-18,
      1.052603562893249e-18,
      3.042901342923295e-17,
      3.226950063192109e-18,
      9.878263667002161e-18,
      1.9733766632269313e-17,
      2.3648405498621417e-17
    ],
    "sequence_importance": {
      "timestep_0": 2.0900458564161056e-16,
      "timestep_1": 5.78894940156948e-17,
      "timestep_10": 5.893730100908624e-24,
      "timestep_11": 4.507013209295501e-24,
      "timestep_12": 3.6099971073859725e-24,
      "timestep_13": 2.8602800719277063e-24,
      "timestep_14": 2.059399293093842e-24,
      "timestep_15": 1.6878722335750702e-24,
      "timestep_16": 1.3066172371959525e-24,
      "timestep_17": 1.0958710742138962e-24,
      "timestep_18": 8.9637120811951e-25,
      "timestep_19": 7.431247713923672e-25,
      "timestep_2": 8.19556985155494e-18,
      "timestep_20": 5.637498316739137e-25,
      "timestep_21": 5.136529240650139e-25,
      "timestep_22": 5.361501523981725e-25,
      "timestep_23": 3.9883108851837803e-25,
      "timestep_24": 3.8409676918256326e-25,
      "timestep_25": 2.841203097960553e-25,
      "timestep_26": 2.500883326548518e-25,
      "timestep_27": 2.1334412846198203e-25,
      "timestep_28": 1.783700418587667e-25,
      "timestep_29": 1.4876511513980858e-25,
      "timestep_3": 3.78750138179683e-23,
      "timestep_30": 1.4015696633442374e-25,
      "timestep_31": 9.582488782053189e-26,
      "timestep_32": 9.07814596973969e-26,
      "timestep_33": 8.573803773723774e-26,
      "timestep_34": 8.06945972881511e-26,
      "timestep_35": 5.608372709301762e-26,
      "timestep_36": 5.234480989915784e-26,
      "timestep_37": 4.8605883460834325e-26,
      "timestep_38": 4.486696626697454e-26,
      "timestep_39": 3.068502520962541e-26,
      "timestep_4": 3.368209504441741e-23,
      "timestep_40": 2.7895474381807915e-26,
      "timestep_41": 1.2552963317739166e-26,
      "timestep_42": 1.1158188674202397e-26,
      "timestep_43": 9.763414030665628e-27,
      "timestep_44": 8.368639387128859e-27,
      "timestep_45": 6.973865513964068e-27,
      "timestep_46": 5.5790916407992764e-27,
      "timestep_47": 4.439708634654634e-17,
      "timestep_48": 5.696092091237747e-17,
      "timestep_49": 7.87814226933792e-17,
      "timestep_5": 2.261665004129546e-23,
      "timestep_6": 1.7416911249854612e-23,
      "timestep_7": 1.3761804709325386e-23,
      "timestep_8": 1.0519743372187167e-23,
      "timestep_9": 8.592932467384025e-24
    },
    "temporal_importance": [
      2.0900458564161056e-16,
      5.78894940156948e-17,
      8.19556985155494e-18,
      3.78750138179683e-23,
      3.368209504441741e-23,
      2.261665004129546e-23,
      1.7416911249854612e-23,
      1.3761804709325386e-23,
      1.0519743372187167e-23,
      8.592932467384025e-24,
      5.893730100908624e-24,
      4.507013209295501e-24,
      3.6099971073859725e-24,
      2.8602800719277063e-24,
      2.059399293093842e-24,
      1.6878722335750702e-24,
      1.3066172371959525e-24,
      1.0958710742138962e-24,
      8.9637120811951e-25,
      7.431247713923672e-25,
      5.637498316739137e-25,
      5.136529240650139e-25,
      5.361501523981725e-25,
      3.9883108851837803e-25,
      3.8409676918256326e-25,
      2.841203097960553e-25,
      2.500883326548518e-25,
      2.1334412846198203e-25,
      1.783700418587667e-25,
      1.4876511513980858e-25,
      1.4015696633442374e-25,
      9.582488782053189e-26,
      9.07814596973969e-26,
      8.573803773723774e-26,
      8.06945972881511e-26,
      5.608372709301762e-26,
      5.234480989915784e-26,
      4.8605883460834325e-26,
      4.486696626697454e-26,
      3.068502520962541e-26,
      2.7895474381807915e-26,
      1.2552963317739166e-26,
      1.1158188674202397e-26,
      9.763414030665628e-27,
      8.368639387128859e-27,
      6.973865513964068e-27,
      5.5790916407992764e-27,
      4.439708634654634e-17,
      5.696092091237747e-17,
      7.87814226933792e-17
    ],
    "trend_analysis": {
      "confidence_level": "high",
      "prediction_trend": "stable"
    }
  }
}