{
  "confidence": 0.8,
  "employee_id": "387",
  "features_used": 11,
  "model_metadata": {
    "feature_dimensions": 11,
    "model_type": "GRU_CNN_Hybrid",
    "sequence_length": 50,
    "training_optimized": true
  },
  "predicted_attrition": 0,
  "risk_score": 2.880724325748929e-09,
  "sequence_length": 50,
  "xai_explanation": {
    "attention_weights": [
      [
        0.02000112272799015,
        0.019999638199806213,
        0.01999974064528942,
        0.01999981328845024,
        0.01999988779425621,
        0.019999947398900986,
        0.019999980926513672,
        0.020000005140900612,
        0.020000023767352104,
        0.020000038668513298,
        0.020000042393803596,
        0.020000042393803596,
        0.020000046119093895,
        0.020000042393803596,
        0.020000038668513298,
        0.020000034943223,
        0.0200000312179327,
        0.020000023767352104,
        0.020000020042061806,
        0.020000014454126358,
        0.02000000886619091,
        0.020000005140900612,
        0.020000003278255463,
        0.019999999552965164,
        0.019999995827674866,
        0.019999990239739418,
        0.01999998837709427,
        0.01999998651444912,
        0.019999980926513672,
        0.019999980926513672,
        0.019999979063868523,
        0.019999975338578224,
        0.019999973475933075,
        0.019999971613287926,
        0.019999969750642776,
        0.019999966025352478,
        0.019999966025352478,
        0.019999966025352478,
        0.01999996416270733,
        0.01999996230006218,
        0.01999996230006218,
        0.01999996230006218,
        0.01999996230006218,
        0.01999996230006218,
        0.01999996043741703,
        0.01999996043741703,
        0.01999996043741703,
        0.01999996043741703,
        0.01999996043741703,
        0.019999956712126732
      ]
    ],
    "feature_names": [
      "day_of_week",
      "day_index",
      "system_login_hours",
      "work_focused_hours",
      "meeting_collaboration_hours",
      "social_dining_hours",
      "break_relaxation_hours",
      "shared_work_hours",
      "internal_comm_volume",
      "cafeteria_usage",
      "convenience_food_usage"
    ],
    "gradient_importance": [
      2.0447190815509053e-11,
      5.952676719600536e-12,
      2.26316014539929e-11,
      4.134452849524628e-11,
      4.7784314699539365e-11,
      7.43050846546689e-12,
      3.2867059074348504e-10,
      3.472121548608875e-11,
      1.0861544302853687e-10,
      2.1166983443787757e-10,
      2.5378255052999066e-10
    ],
    "sequence_importance": {
      "timestep_0": 2.3034736340576956e-09,
      "timestep_1": 4.894414873390929e-10,
      "timestep_10": 1.1946180787671248e-16,
      "timestep_11": 8.80409618796366e-17,
      "timestep_12": 6.958625801111313e-17,
      "timestep_13": 5.1745368479218316e-17,
      "timestep_14": 3.9407920012153155e-17,
      "timestep_15": 3.0372315161326114e-17,
      "timestep_16": 2.396870968413665e-17,
      "timestep_17": 2.0040347891422292e-17,
      "timestep_18": 1.6634605427163837e-17,
      "timestep_19": 1.2663507348101926e-17,
      "timestep_2": 8.835975067026964e-16,
      "timestep_20": 1.0480761345670473e-17,
      "timestep_21": 8.504301780300556e-18,
      "timestep_22": 7.818584768925735e-18,
      "timestep_23": 6.111267027413728e-18,
      "timestep_24": 5.012211172668609e-18,
      "timestep_25": 4.309039823188306e-18,
      "timestep_26": 3.847691830655737e-18,
      "timestep_27": 3.3385414841140348e-18,
      "timestep_28": 2.421230858426923e-18,
      "timestep_29": 2.3111738575412832e-18,
      "timestep_3": 6.775650008543235e-16,
      "timestep_30": 1.9598838998701195e-18,
      "timestep_31": 1.6327176307882991e-18,
      "timestep_32": 1.6300212287865294e-18,
      "timestep_33": 1.5394640802636381e-18,
      "timestep_34": 1.2424987957315882e-18,
      "timestep_35": 1.3583499900130088e-18,
      "timestep_36": 8.380569002347577e-19,
      "timestep_37": 5.836466977973226e-19,
      "timestep_38": 5.387506428703945e-19,
      "timestep_39": 4.938547430398312e-19,
      "timestep_4": 6.076504249319208e-16,
      "timestep_40": 2.9930586962345113e-19,
      "timestep_41": 2.6937521803762066e-19,
      "timestep_42": 2.3944466984936676e-19,
      "timestep_43": 1.0475702851881375e-19,
      "timestep_44": 8.979172211294413e-20,
      "timestep_45": 7.482644155646864e-20,
      "timestep_46": 7.89980789117628e-11,
      "timestep_47": 5.199305430636514e-10,
      "timestep_48": 6.804278251948404e-10,
      "timestep_49": 8.506813031772253e-10,
      "timestep_5": 4.808606041562663e-16,
      "timestep_6": 3.4561292117426124e-16,
      "timestep_7": 2.6606718359488304e-16,
      "timestep_8": 2.1265152570068335e-16,
      "timestep_9": 1.6520426047618447e-16
    },
    "temporal_importance": [
      2.3034736340576956e-09,
      4.894414873390929e-10,
      8.835975067026964e-16,
      6.775650008543235e-16,
      6.076504249319208e-16,
      4.808606041562663e-16,
      3.4561292117426124e-16,
      2.6606718359488304e-16,
      2.1265152570068335e-16,
      1.6520426047618447e-16,
      1.1946180787671248e-16,
      8.80409618796366e-17,
      6.958625801111313e-17,
      5.1745368479218316e-17,
      3.9407920012153155e-17,
      3.0372315161326114e-17,
      2.396870968413665e-17,
      2.0040347891422292e-17,
      1.6634605427163837e-17,
      1.2663507348101926e-17,
      1.0480761345670473e-17,
      8.504301780300556e-18,
      7.818584768925735e-18,
      6.111267027413728e-18,
      5.012211172668609e-18,
      4.309039823188306e-18,
      3.847691830655737e-18,
      3.3385414841140348e-18,
      2.421230858426923e-18,
      2.3111738575412832e-18,
      1.9598838998701195e-18,
      1.6327176307882991e-18,
      1.6300212287865294e-18,
      1.5394640802636381e-18,
      1.2424987957315882e-18,
      1.3583499900130088e-18,
      8.380569002347577e-19,
      5.836466977973226e-19,
      5.387506428703945e-19,
      4.938547430398312e-19,
      2.9930586962345113e-19,
      2.6937521803762066e-19,
      2.3944466984936676e-19,
      1.0475702851881375e-19,
      8.979172211294413e-20,
      7.482644155646864e-20,
      7.89980789117628e-11,
      5.199305430636514e-10,
      6.804278251948404e-10,
      8.506813031772253e-10
    ],
    "trend_analysis": {
      "confidence_level": "high",
      "prediction_trend": "stable"
    }
  }
}