{
  "confidence": 0.7,
  "employee_data": {
    "Age": 42,
    "AgeFactor": 1,
    "Attrition": "No",
    "BusinessTravel": "Travel_Rarely",
    "DailyRate": 635,
    "Department": "Sales",
    "DistanceFromHome": 1,
    "Education": 1,
    "EducationField": "Life Sciences",
    "EmployeeCount": 1,
    "EmployeeNumber": 387,
    "EnvironmentSatisfaction": 2,
    "Gender": "Male",
    "HourlyRate": 99,
    "JobInvolvement": 3,
    "JobLevel": 2,
    "JobRole": "Sales Executive",
    "JobSatisfaction": 3,
    "MaritalStatus": "Married",
    "MonthlyIncome": 4907,
    "MonthlyRate": 24532,
    "Norm_EnvironmentSatisfaction": 0.3333333333333333,
    "Norm_JobInvolvement": 0.6666666666666666,
    "Norm_JobLevel": 0.25,
    "Norm_JobSatisfaction": 0.6666666666666666,
    "Norm_MonthlyIncome": 0.2052659294365455,
    "Norm_NumCompaniesWorked": 0.1111111111111111,
    "Norm_PercentSalaryHike": 1,
    "Norm_PerformanceRating": 1,
    "Norm_RelationshipSatisfaction": 0.6666666666666666,
    "Norm_TotalWorkingYears": 0.5,
    "Norm_TrainingTimesLastYear": 0.5,
    "Norm_WorkLifeBalance": 0.6666666666666666,
    "Norm_YearsAtCompany": 0.5,
    "Norm_YearsSinceLastPromotion": 0.7333333333333333,
    "NumCompaniesWorked": 1,
    "Over18": "Y",
    "OverTime": "No",
    "OverTime_bin": 0,
    "PercentSalaryHike": 25,
    "PerformanceRating": 4,
    "Prob_N01": 0.0002043334641711,
    "Prob_N02": 0.0590665441486424,
    "Prob_N03": 0.8500807474177288,
    "Prob_P01": 0.0002043334641711,
    "Prob_P02": 0.0048484771951597,
    "Prob_P03": 0.0131795274553008,
    "Prob_P04": 0.0015284705947545,
    "Prob_S01": 0.0124672987920585,
    "Prob_S02": 0.0452407400127119,
    "Prob_S03": 0.0131795274553008,
    "RelationshipSatisfaction": 3,
    "Score_N01": 0.1666666666666666,
    "Score_N02": 0.7333333333333334,
    "Score_N03": 1,
    "Score_P01": 0.1666666666666666,
    "Score_P02": 0.4833333333333333,
    "Score_P03": 0.5833333333333333,
    "Score_P04": 0.3678936282253818,
    "Score_S01": 0.5777777777777778,
    "Score_S02": 0.7066666666666668,
    "Score_S03": 0.5833333333333334,
    "StandardHours": 80,
    "StockOptionLevel": 0,
    "TotalWorkingYears": 20,
    "TrainingTimesLastYear": 3,
    "WorkLifeBalance": 3,
    "YearsAtCompany": 20,
    "YearsInCurrentRole": 16,
    "YearsSinceLastPromotion": 11,
    "YearsWithCurrManager": 6,
    "argmax_Persona": "신규 부모",
    "argmax_Persona_Code": "N03",
    "argmax_RiskTier": "Neutral",
    "is_married": 1,
    "softmax_Persona": "신규 부모",
    "softmax_Persona_Code": "N03",
    "softmax_RiskTier": "Neutral"
  },
  "employee_id": 387,
  "feature_importance": {},
  "lime_explanation": {},
  "model_interpretation": {},
  "predicted_attrition": 0,
  "risk_score": 0.0034187117125838995,
  "shap_values": {},
  "xai_explanation": {}
}