{
  "prediction": {
    "employee_id": "1657",
    "attrition_probability": 0.3844408392906189,
    "attrition_prediction": 1,
    "risk_category": "LOW",
    "confidence_score": 0.2311183214187622,
    "prediction_timestamp": "2025-09-23T22:53:40.514351"
  },
  "explanation": {
    "employee_id": "1657",
    "feature_importance": {
      "RelationshipSatisfaction": 0.03405288979411125,
      "Education": 0.02487798221409321,
      "JobInvolvement": 0.03501373156905174,
      "EnvironmentSatisfaction": 0.048257846385240555,
      "JobLevel": 0.07228615880012512,
      "JobSatisfaction": 0.04019258916378021,
      "StockOptionLevel": 0.07264421880245209,
      "WorkLifeBalance": 0.03580893576145172,
      "Department": 0.037670474499464035,
      "JobRole": 0.046762410551309586,
      "MaritalStatus": 0.036864522844552994,
      "OverTime": 0.0779639258980751,
      "Age": 0.04039482772350311,
      "DailyRate": 0.03578038513660431,
      "DistanceFromHome": 0.036774344742298126,
      "MonthlyIncome": 0.04666806384921074,
      "NumCompaniesWorked": 0.050036631524562836,
      "TotalWorkingYears": 0.04981709271669388,
      "TrainingTimesLastYear": 0.02378365956246853,
      "YearsAtCompany": 0.02968277968466282,
      "YearsInCurrentRole": 0.03649982064962387,
      "YearsSinceLastPromotion": 0.03537580743432045,
      "YearsWithCurrManager": 0.05279093235731125
    },
    "shap_values": {
      "RelationshipSatisfaction": 0.4623945951461792,
      "Education": 0.0454971008002758,
      "JobInvolvement": -0.08445828408002853,
      "EnvironmentSatisfaction": -0.15455853939056396,
      "JobLevel": 0.04748664051294327,
      "JobSatisfaction": -0.02436446212232113,
      "StockOptionLevel": 0.3803541660308838,
      "WorkLifeBalance": -0.11824706196784973,
      "Department": 0.00499342055991292,
      "JobRole": -0.24337512254714966,
      "MaritalStatus": -0.2624523937702179,
      "OverTime": -0.7223914265632629,
      "Age": 0.4969138503074646,
      "DailyRate": -0.33372488617897034,
      "DistanceFromHome": -0.24470140039920807,
      "MonthlyIncome": 0.0980602279305458,
      "NumCompaniesWorked": -0.206565722823143,
      "TotalWorkingYears": 0.43946799635887146,
      "TrainingTimesLastYear": -0.030570179224014282,
      "YearsAtCompany": 0.0965043231844902,
      "YearsInCurrentRole": -0.017934633418917656,
      "YearsSinceLastPromotion": -0.06643911451101303,
      "YearsWithCurrManager": -0.30791521072387695
    },
    "lime_explanation": {
      "features": [
        "OverTime=0",
        "NumCompaniesWorked <= 1.00",
        "StockOptionLevel <= 0.00",
        "MonthlyIncome <= 2922.25",
        "RelationshipSatisfaction <= 2.00",
        "DistanceFromHome <= 2.00",
        "Age <= 30.00",
        "2.00 < WorkLifeBalance <= 3.00",
        "2.00 < JobInvolvement <= 3.00",
        "YearsWithCurrManager <= 2.00"
      ],
      "values": [
        -0.2171097047521997,
        -0.12367920008247504,
        0.11456925219636817,
        0.0919744393803393,
        0.09172635482479875,
        -0.08898676269611948,
        0.07663299650362632,
        -0.07155161160845348,
        -0.06916789945156816,
        0.06689073370039823
      ],
      "intercept": 0.455670087916584
    },
    "top_risk_factors": [
      {
        "feature": "Age",
        "impact": 0.4969138503074646,
        "type": "risk"
      },
      {
        "feature": "RelationshipSatisfaction",
        "impact": 0.4623945951461792,
        "type": "risk"
      },
      {
        "feature": "TotalWorkingYears",
        "impact": 0.43946799635887146,
        "type": "risk"
      },
      {
        "feature": "StockOptionLevel",
        "impact": 0.3803541660308838,
        "type": "risk"
      }
    ],
    "top_protective_factors": [
      {
        "feature": "OverTime",
        "impact": 0.7223914265632629,
        "type": "protective"
      }
    ],
    "explanation_timestamp": "2025-09-23T22:53:40.596126"
  },
  "agent_type": "structura",
  "analysis_type": "individual"
}