{
  "confidence": 0.8,
  "employee_id": "956",
  "features_used": 11,
  "model_metadata": {
    "feature_dimensions": 11,
    "model_type": "GRU_CNN_Hybrid",
    "sequence_length": 50,
    "training_optimized": true
  },
  "predicted_attrition": 0,
  "risk_score": 5.2654756233340774e-14,
  "sequence_length": 50,
  "xai_explanation": {
    "attention_weights": [
      [
        0.02000146545469761,
        0.019999289885163307,
        0.01999945193529129,
        0.019999586045742035,
        0.01999971643090248,
        0.019999803975224495,
        0.01999986730515957,
        0.019999923184514046,
        0.01999996043741703,
        0.01999998465180397,
        0.020000003278255463,
        0.020000020042061806,
        0.0200000312179327,
        0.020000038668513298,
        0.020000042393803596,
        0.020000044256448746,
        0.020000044256448746,
        0.020000044256448746,
        0.020000042393803596,
        0.020000038668513298,
        0.020000038668513298,
        0.02000003680586815,
        0.020000034943223,
        0.020000034943223,
        0.0200000312179327,
        0.0200000312179327,
        0.020000029355287552,
        0.020000027492642403,
        0.020000025629997253,
        0.020000025629997253,
        0.020000021904706955,
        0.020000020042061806,
        0.020000020042061806,
        0.020000020042061806,
        0.020000018179416656,
        0.020000014454126358,
        0.020000014454126358,
        0.020000014454126358,
        0.020000014454126358,
        0.020000014454126358,
        0.02000001259148121,
        0.02000001259148121,
        0.02000001259148121,
        0.02000001259148121,
        0.02000001259148121,
        0.02000001072883606,
        0.02000001072883606,
        0.02000001072883606,
        0.02000001072883606,
        0.02000001072883606
      ]
    ],
    "feature_names": [
      "day_of_week",
      "day_index",
      "system_login_hours",
      "work_focused_hours",
      "meeting_collaboration_hours",
      "social_dining_hours",
      "break_relaxation_hours",
      "shared_work_hours",
      "internal_comm_volume",
      "cafeteria_usage",
      "convenience_food_usage"
    ],
    "gradient_importance": [
      3.8029889389454524e-16,
      1.055119362415977e-16,
      4.1043600852049803e-16,
      7.595509609454026e-16,
      8.772935169323154e-16,
      1.4083926510418592e-16,
      6.043771084589039e-15,
      6.393243220219889e-16,
      1.99356022751525e-15,
      3.891956303406479e-15,
      4.664950100741281e-15
    ],
    "sequence_importance": {
      "timestep_0": 4.231363591217403e-14,
      "timestep_1": 8.992066192667868e-15,
      "timestep_10": 2.7240901360187756e-21,
      "timestep_11": 2.167863074813541e-21,
      "timestep_12": 1.6409615454175499e-21,
      "timestep_13": 1.2267873053663297e-21,
      "timestep_14": 8.457838964514096e-22,
      "timestep_15": 7.104999814916216e-22,
      "timestep_16": 5.220546165330193e-22,
      "timestep_17": 3.6028047469687105e-22,
      "timestep_18": 2.8398341304393075e-22,
      "timestep_19": 2.1405103263560737e-22,
      "timestep_2": 1.9721108636322235e-20,
      "timestep_20": 1.9159418214788253e-22,
      "timestep_21": 1.3286044590652767e-22,
      "timestep_22": 1.0813986754340613e-22,
      "timestep_23": 8.523961411807466e-23,
      "timestep_24": 6.703737448213262e-23,
      "timestep_25": 5.337764837394283e-23,
      "timestep_26": 4.1596720729281716e-23,
      "timestep_27": 3.9872589490274294e-23,
      "timestep_28": 3.949826867985968e-23,
      "timestep_29": 2.9996694667405886e-23,
      "timestep_3": 1.5707237332128543e-20,
      "timestep_30": 1.7910304303025094e-23,
      "timestep_31": 1.701478782569639e-23,
      "timestep_32": 1.6119271348367688e-23,
      "timestep_33": 1.370163671036237e-23,
      "timestep_34": 1.7394930429591534e-23,
      "timestep_35": 1.2089677547772849e-23,
      "timestep_36": 1.1283697572047636e-23,
      "timestep_37": 1.0477718385183328e-23,
      "timestep_38": 9.671739987179925e-24,
      "timestep_39": 3.307316897294233e-24,
      "timestep_4": 1.5008455507041632e-20,
      "timestep_40": 3.0066516351696546e-24,
      "timestep_41": 2.7059859786146233e-24,
      "timestep_42": 2.4053205192748184e-24,
      "timestep_43": 2.104655454365466e-24,
      "timestep_44": 1.803990389456114e-24,
      "timestep_45": 1.503325028723922e-24,
      "timestep_46": 1.4729051684640292e-15,
      "timestep_47": 8.221732925820392e-15,
      "timestep_48": 1.280417100607079e-14,
      "timestep_49": 1.6684004573936165e-14,
      "timestep_5": 1.0048511725318186e-20,
      "timestep_6": 8.013901873411326e-21,
      "timestep_7": 6.566453335407519e-21,
      "timestep_8": 4.671961740036033e-21,
      "timestep_9": 3.421117231529887e-21
    },
    "temporal_importance": [
      4.231363591217403e-14,
      8.992066192667868e-15,
      1.9721108636322235e-20,
      1.5707237332128543e-20,
      1.5008455507041632e-20,
      1.0048511725318186e-20,
      8.013901873411326e-21,
      6.566453335407519e-21,
      4.671961740036033e-21,
      3.421117231529887e-21,
      2.7240901360187756e-21,
      2.167863074813541e-21,
      1.6409615454175499e-21,
      1.2267873053663297e-21,
      8.457838964514096e-22,
      7.104999814916216e-22,
      5.220546165330193e-22,
      3.6028047469687105e-22,
      2.8398341304393075e-22,
      2.1405103263560737e-22,
      1.9159418214788253e-22,
      1.3286044590652767e-22,
      1.0813986754340613e-22,
      8.523961411807466e-23,
      6.703737448213262e-23,
      5.337764837394283e-23,
      4.1596720729281716e-23,
      3.9872589490274294e-23,
      3.949826867985968e-23,
      2.9996694667405886e-23,
      1.7910304303025094e-23,
      1.701478782569639e-23,
      1.6119271348367688e-23,
      1.370163671036237e-23,
      1.7394930429591534e-23,
      1.2089677547772849e-23,
      1.1283697572047636e-23,
      1.0477718385183328e-23,
      9.671739987179925e-24,
      3.307316897294233e-24,
      3.0066516351696546e-24,
      2.7059859786146233e-24,
      2.4053205192748184e-24,
      2.104655454365466e-24,
      1.803990389456114e-24,
      1.503325028723922e-24,
      1.4729051684640292e-15,
      8.221732925820392e-15,
      1.280417100607079e-14,
      1.6684004573936165e-14
    ],
    "trend_analysis": {
      "confidence_level": "high",
      "prediction_trend": "stable"
    }
  }
}