{
  "confidence": 0.8,
  "employee_id": "332",
  "features_used": 11,
  "model_metadata": {
    "feature_dimensions": 11,
    "model_type": "GRU_CNN_Hybrid",
    "sequence_length": 50,
    "training_optimized": true
  },
  "predicted_attrition": 0,
  "risk_score": 6.150994611855122e-27,
  "sequence_length": 50,
  "xai_explanation": {
    "attention_weights": [
      [
        0.020008500665426254,
        0.01999923400580883,
        0.019999368116259575,
        0.019999489188194275,
        0.01999959722161293,
        0.0199996680021286,
        0.019999723881483078,
        0.01999976672232151,
        0.019999798387289047,
        0.019999824464321136,
        0.01999984309077263,
        0.019999859854578972,
        0.019999869167804718,
        0.019999876618385315,
        0.019999884068965912,
        0.01999988593161106,
        0.01999988779425621,
        0.01999989151954651,
        0.019999893382191658,
        0.01999989151954651,
        0.019999893382191658,
        0.019999893382191658,
        0.01999989151954651,
        0.01999989151954651,
        0.01999989151954651,
        0.01999989151954651,
        0.01999988779425621,
        0.01999988779425621,
        0.01999988779425621,
        0.01999988779425621,
        0.01999988779425621,
        0.01999988779425621,
        0.01999988779425621,
        0.01999988593161106,
        0.019999884068965912,
        0.019999884068965912,
        0.019999884068965912,
        0.019999884068965912,
        0.019999884068965912,
        0.019999884068965912,
        0.019999880343675613,
        0.019999880343675613,
        0.019999880343675613,
        0.019999880343675613,
        0.019999880343675613,
        0.019999880343675613,
        0.019999880343675613,
        0.019999880343675613,
        0.019999880343675613,
        0.019999880343675613
      ]
    ],
    "feature_names": [
      "day_of_week",
      "day_index",
      "system_login_hours",
      "work_focused_hours",
      "meeting_collaboration_hours",
      "social_dining_hours",
      "break_relaxation_hours",
      "shared_work_hours",
      "internal_comm_volume",
      "cafeteria_usage",
      "convenience_food_usage"
    ],
    "gradient_importance": [
      4.13761673500739e-29,
      2.697984101577931e-29,
      7.389663798195685e-29,
      8.872638281317364e-29,
      1.4526327809246942e-28,
      5.959951509539144e-29,
      8.991228019496115e-28,
      1.0816472753803217e-28,
      3.384140820283983e-28,
      5.735216670258542e-28,
      7.141403604273772e-28
    ],
    "sequence_importance": {
      "timestep_0": 6.386468436505627e-27,
      "timestep_1": 2.4738652950641653e-27,
      "timestep_10": 2.4340908717066817e-34,
      "timestep_11": 2.0993667890113717e-34,
      "timestep_12": 1.550241490686952e-34,
      "timestep_13": 1.119534046855305e-34,
      "timestep_14": 8.580049208965776e-35,
      "timestep_15": 6.181807700716809e-35,
      "timestep_16": 5.269596533829866e-35,
      "timestep_17": 3.6866031187790536e-35,
      "timestep_18": 2.752077648241272e-35,
      "timestep_19": 2.198883865245498e-35,
      "timestep_2": 2.0637492504663434e-28,
      "timestep_20": 1.8897407608951445e-35,
      "timestep_21": 1.3320961131808883e-35,
      "timestep_22": 1.063817365240474e-35,
      "timestep_23": 8.100745979192796e-36,
      "timestep_24": 5.736542293144049e-36,
      "timestep_25": 4.123196385655244e-36,
      "timestep_26": 3.588851909992379e-36,
      "timestep_27": 2.1223488084657606e-36,
      "timestep_28": 2.030072609545933e-36,
      "timestep_29": 1.5503058616300402e-36,
      "timestep_3": 1.566029390008953e-33,
      "timestep_30": 1.53669501601489e-36,
      "timestep_31": 1.459860184499354e-36,
      "timestep_32": 1.1034714661293657e-36,
      "timestep_33": 1.042167326387431e-36,
      "timestep_34": 9.808632763285981e-37,
      "timestep_35": 9.195593159528669e-37,
      "timestep_36": 8.582552658940339e-37,
      "timestep_37": 7.969513055183027e-37,
      "timestep_38": 7.356473451425714e-37,
      "timestep_39": 3.86371259045089e-37,
      "timestep_4": 1.3558831425055833e-33,
      "timestep_40": 3.5124664804995457e-37,
      "timestep_41": 3.1612196979249385e-37,
      "timestep_42": 0,
      "timestep_43": 0,
      "timestep_44": 0,
      "timestep_45": 0,
      "timestep_46": 7.383462183404137e-28,
      "timestep_47": 9.479623631128302e-28,
      "timestep_48": 1.4079644710574023e-27,
      "timestep_49": 1.7899467717688585e-27,
      "timestep_5": 9.238431426658098e-34,
      "timestep_6": 7.056288713184721e-34,
      "timestep_7": 5.585150186290936e-34,
      "timestep_8": 4.267368213608861e-34,
      "timestep_9": 3.410223676516913e-34
    },
    "temporal_importance": [
      6.386468436505627e-27,
      2.4738652950641653e-27,
      2.0637492504663434e-28,
      1.566029390008953e-33,
      1.3558831425055833e-33,
      9.238431426658098e-34,
      7.056288713184721e-34,
      5.585150186290936e-34,
      4.267368213608861e-34,
      3.410223676516913e-34,
      2.4340908717066817e-34,
      2.0993667890113717e-34,
      1.550241490686952e-34,
      1.119534046855305e-34,
      8.580049208965776e-35,
      6.181807700716809e-35,
      5.269596533829866e-35,
      3.6866031187790536e-35,
      2.752077648241272e-35,
      2.198883865245498e-35,
      1.8897407608951445e-35,
      1.3320961131808883e-35,
      1.063817365240474e-35,
      8.100745979192796e-36,
      5.736542293144049e-36,
      4.123196385655244e-36,
      3.588851909992379e-36,
      2.1223488084657606e-36,
      2.030072609545933e-36,
      1.5503058616300402e-36,
      1.53669501601489e-36,
      1.459860184499354e-36,
      1.1034714661293657e-36,
      1.042167326387431e-36,
      9.808632763285981e-37,
      9.195593159528669e-37,
      8.582552658940339e-37,
      7.969513055183027e-37,
      7.356473451425714e-37,
      3.86371259045089e-37,
      3.5124664804995457e-37,
      3.1612196979249385e-37,
      0,
      0,
      0,
      0,
      7.383462183404137e-28,
      9.479623631128302e-28,
      1.4079644710574023e-27,
      1.7899467717688585e-27
    ],
    "trend_analysis": {
      "confidence_level": "high",
      "prediction_trend": "stable"
    }
  }
}