{
  "prediction": {
    "risk_score": 2.6762346679032323e-12,
    "attrition_probability": 2.6762346679032323e-12
  },
  "confidence": 0.8
}