{
  "confidence": 0.8,
  "employee_id": "128",
  "features_used": 11,
  "model_metadata": {
    "feature_dimensions": 11,
    "model_type": "GRU_CNN_Hybrid",
    "sequence_length": 50,
    "training_optimized": true
  },
  "predicted_attrition": 0,
  "risk_score": 4.062132123057333e-20,
  "sequence_length": 50,
  "xai_explanation": {
    "attention_weights": [
      [
        0.02000427059829235,
        0.01999962329864502,
        0.01999971829354763,
        0.019999803975224495,
        0.019999852403998375,
        0.01999988779425621,
        0.019999906420707703,
        0.019999926909804344,
        0.019999947398900986,
        0.019999951124191284,
        0.019999956712126732,
        0.019999956712126732,
        0.019999956712126732,
        0.019999951124191284,
        0.019999951124191284,
        0.019999947398900986,
        0.019999943673610687,
        0.01999993994832039,
        0.01999993808567524,
        0.019999932497739792,
        0.019999930635094643,
        0.019999925047159195,
        0.019999923184514046,
        0.019999921321868896,
        0.019999917596578598,
        0.01999991573393345,
        0.0199999138712883,
        0.01999991200864315,
        0.019999908283352852,
        0.019999908283352852,
        0.019999908283352852,
        0.019999904558062553,
        0.019999904558062553,
        0.019999900832772255,
        0.019999898970127106,
        0.019999898970127106,
        0.019999898970127106,
        0.019999897107481956,
        0.019999895244836807,
        0.019999895244836807,
        0.019999895244836807,
        0.019999895244836807,
        0.019999895244836807,
        0.019999895244836807,
        0.01999989151954651,
        0.01999989151954651,
        0.01999989151954651,
        0.01999988965690136,
        0.01999988965690136,
        0.01999988965690136
      ]
    ],
    "feature_names": [
      "day_of_week",
      "day_index",
      "system_login_hours",
      "work_focused_hours",
      "meeting_collaboration_hours",
      "social_dining_hours",
      "break_relaxation_hours",
      "shared_work_hours",
      "internal_comm_volume",
      "cafeteria_usage",
      "convenience_food_usage"
    ],
    "gradient_importance": [
      2.810680608172725e-22,
      1.8766621019795916e-22,
      4.992760496354836e-22,
      5.859918307665057e-22,
      9.592722283104397e-22,
      3.7935126912212315e-22,
      5.937727407414027e-21,
      7.143126156663144e-22,
      2.234873994056356e-21,
      3.787495234992657e-21,
      4.716150471528697e-21
    ],
    "sequence_importance": {
      "timestep_0": 4.2176068584177833e-20,
      "timestep_1": 1.6337343779327946e-20,
      "timestep_10": 1.2576626833779863e-27,
      "timestep_11": 9.461111592502852e-28,
      "timestep_12": 6.933894282415769e-28,
      "timestep_13": 4.854126831860714e-28,
      "timestep_14": 4.355490569231734e-28,
      "timestep_15": 3.017665000075015e-28,
      "timestep_16": 2.311061766484997e-28,
      "timestep_17": 1.7913852006960727e-28,
      "timestep_18": 1.4349095309820922e-28,
      "timestep_19": 1.120745579181327e-28,
      "timestep_2": 1.3628930493062897e-21,
      "timestep_20": 9.152267661061592e-29,
      "timestep_21": 7.912735537735322e-29,
      "timestep_22": 6.881869497939901e-29,
      "timestep_23": 5.713445717425945e-29,
      "timestep_24": 4.481521619233112e-29,
      "timestep_25": 4.40909702367443e-29,
      "timestep_26": 4.23610698680403e-29,
      "timestep_27": 2.977349267807914e-29,
      "timestep_28": 2.848772379161299e-29,
      "timestep_29": 2.472665193949038e-29,
      "timestep_3": 8.45840621146477e-27,
      "timestep_30": 1.9859187501096987e-29,
      "timestep_31": 2.223342729292173e-29,
      "timestep_32": 1.7907275558053752e-29,
      "timestep_33": 1.6927696430824256e-29,
      "timestep_34": 1.2076105115827984e-29,
      "timestep_35": 9.326387978068104e-30,
      "timestep_36": 8.704626321963374e-30,
      "timestep_37": 8.082866170491414e-30,
      "timestep_38": 7.461107523652222e-30,
      "timestep_39": 6.839347372180261e-30,
      "timestep_4": 5.886238177958175e-27,
      "timestep_40": 6.217587973024685e-30,
      "timestep_41": 3.643393394780436e-30,
      "timestep_42": 3.238571572108661e-30,
      "timestep_43": 2.8337501255950786e-30,
      "timestep_44": 2.428928679081496e-30,
      "timestep_45": 6.918081937105611e-22,
      "timestep_46": 6.0059257832002534e-21,
      "timestep_47": 6.429874830282503e-21,
      "timestep_48": 8.334541797320028e-21,
      "timestep_49": 1.0857815058441125e-20,
      "timestep_5": 4.540431073629429e-27,
      "timestep_6": 3.3143162782984724e-27,
      "timestep_7": 2.9778721096395663e-27,
      "timestep_8": 2.2560921147535397e-27,
      "timestep_9": 1.5370898886263028e-27
    },
    "temporal_importance": [
      4.2176068584177833e-20,
      1.6337343779327946e-20,
      1.3628930493062897e-21,
      8.45840621146477e-27,
      5.886238177958175e-27,
      4.540431073629429e-27,
      3.3143162782984724e-27,
      2.9778721096395663e-27,
      2.2560921147535397e-27,
      1.5370898886263028e-27,
      1.2576626833779863e-27,
      9.461111592502852e-28,
      6.933894282415769e-28,
      4.854126831860714e-28,
      4.355490569231734e-28,
      3.017665000075015e-28,
      2.311061766484997e-28,
      1.7913852006960727e-28,
      1.4349095309820922e-28,
      1.120745579181327e-28,
      9.152267661061592e-29,
      7.912735537735322e-29,
      6.881869497939901e-29,
      5.713445717425945e-29,
      4.481521619233112e-29,
      4.40909702367443e-29,
      4.23610698680403e-29,
      2.977349267807914e-29,
      2.848772379161299e-29,
      2.472665193949038e-29,
      1.9859187501096987e-29,
      2.223342729292173e-29,
      1.7907275558053752e-29,
      1.6927696430824256e-29,
      1.2076105115827984e-29,
      9.326387978068104e-30,
      8.704626321963374e-30,
      8.082866170491414e-30,
      7.461107523652222e-30,
      6.839347372180261e-30,
      6.217587973024685e-30,
      3.643393394780436e-30,
      3.238571572108661e-30,
      2.8337501255950786e-30,
      2.428928679081496e-30,
      6.918081937105611e-22,
      6.0059257832002534e-21,
      6.429874830282503e-21,
      8.334541797320028e-21,
      1.0857815058441125e-20
    ],
    "trend_analysis": {
      "confidence_level": "high",
      "prediction_trend": "stable"
    }
  }
}