{
  "confidence": 0.8,
  "employee_id": "1692",
  "features_used": 11,
  "model_metadata": {
    "feature_dimensions": 11,
    "model_type": "GRU_CNN_Hybrid",
    "sequence_length": 50,
    "training_optimized": true
  },
  "predicted_attrition": 1,
  "risk_score": 0.9999994039535522,
  "sequence_length": 50,
  "xai_explanation": {
    "attention_weights": [
      [
        0.02000299282371998,
        0.020002514123916626,
        0.020002204924821854,
        0.02000192180275917,
        0.020001700147986412,
        0.020001426339149475,
        0.020001208409667015,
        0.020001044496893883,
        0.02000085450708866,
        0.020000679418444633,
        0.02000054158270359,
        0.020000440999865532,
        0.020000340417027473,
        0.020000234246253967,
        0.02000015787780285,
        0.020000066608190536,
        0.019999971613287926,
        0.019999893382191658,
        0.019999828189611435,
        0.019999785348773003,
        0.019999735057353973,
        0.019999684765934944,
        0.019999640062451363,
        0.01999959908425808,
        0.019999565556645393,
        0.019999535754323006,
        0.01999950408935547,
        0.01999947987496853,
        0.019999459385871887,
        0.019999437034130096,
        0.019999418407678604,
        0.01999940350651741,
        0.019999384880065918,
        0.019999375566840172,
        0.019999366253614426,
        0.01999935321509838,
        0.019999342039227486,
        0.019999336451292038,
        0.019999327138066292,
        0.019999323412775993,
        0.019999317824840546,
        0.01999931037425995,
        0.019999302923679352,
        0.019999301061034203,
        0.019999299198389053,
        0.019999293610453606,
        0.019999289885163307,
        0.019999289885163307,
        0.01999928429722786,
        0.01999928429722786
      ]
    ],
    "feature_names": [
      "day_of_week",
      "day_index",
      "system_login_hours",
      "work_focused_hours",
      "meeting_collaboration_hours",
      "social_dining_hours",
      "break_relaxation_hours",
      "shared_work_hours",
      "internal_comm_volume",
      "cafeteria_usage",
      "convenience_food_usage"
    ],
    "gradient_importance": [
      1.4853455132524118e-09,
      5.609325226529904e-10,
      1.3906032991783945e-09,
      6.535588958911376e-09,
      3.2021711948715392e-09,
      9.9316110890868e-10,
      4.26405257769602e-08,
      3.0453377597439157e-09,
      5.133137914725694e-09,
      2.81232335197501e-08,
      2.8685372299719347e-08
    ],
    "sequence_importance": {
      "timestep_0": 1.7133167773408786e-08,
      "timestep_1": 3.426661623721905e-13,
      "timestep_10": 7.679615407138463e-14,
      "timestep_11": 5.690761718194631e-14,
      "timestep_12": 5.144886591952093e-14,
      "timestep_13": 4.606579874499861e-14,
      "timestep_14": 3.83404550783565e-14,
      "timestep_15": 3.518910626754655e-14,
      "timestep_16": 3.3246625938399e-14,
      "timestep_17": 2.5927302432825552e-14,
      "timestep_18": 2.1061682603583202e-14,
      "timestep_19": 1.553413024298414e-14,
      "timestep_2": 2.6675520516453166e-13,
      "timestep_20": 1.4898999528144448e-14,
      "timestep_21": 1.3699035056823593e-14,
      "timestep_22": 1.1486260584976562e-14,
      "timestep_23": 9.7654979060364e-15,
      "timestep_24": 8.119933965120528e-15,
      "timestep_25": 7.129897292414231e-15,
      "timestep_26": 6.131622800779413e-15,
      "timestep_27": 4.574862641086629e-15,
      "timestep_28": 4.09234481696906e-15,
      "timestep_29": 3.431727727779433e-15,
      "timestep_3": 2.3957783456748927e-13,
      "timestep_30": 3.0948070322401157e-15,
      "timestep_31": 2.5351281065177055e-15,
      "timestep_32": 2.248212001019546e-15,
      "timestep_33": 1.7643022900114009e-15,
      "timestep_34": 1.0772554435268351e-15,
      "timestep_35": 1.445092524003579e-15,
      "timestep_36": 1.1577365966475577e-15,
      "timestep_37": 7.838979701021618e-16,
      "timestep_38": 7.334365646046381e-16,
      "timestep_39": 5.312234361945533e-16,
      "timestep_4": 1.946640006307565e-13,
      "timestep_40": 4.284240766444232e-16,
      "timestep_41": 4.3463656038672104e-16,
      "timestep_42": 2.9913399989693124e-16,
      "timestep_43": 2.42665039690786e-16,
      "timestep_44": 1.8361286722353158e-16,
      "timestep_45": 1.0104917110542101e-16,
      "timestep_46": 8.772874421178968e-17,
      "timestep_47": 1.7043808497874124e-07,
      "timestep_48": 1.9441918652773893e-07,
      "timestep_49": 1.7162285814720235e-07,
      "timestep_5": 1.9413042408409492e-13,
      "timestep_6": 1.491675571041115e-13,
      "timestep_7": 1.1519798515709917e-13,
      "timestep_8": 1.199174494512928e-13,
      "timestep_9": 9.216586505491134e-14
    },
    "temporal_importance": [
      1.7133167773408786e-08,
      3.426661623721905e-13,
      2.6675520516453166e-13,
      2.3957783456748927e-13,
      1.946640006307565e-13,
      1.9413042408409492e-13,
      1.491675571041115e-13,
      1.1519798515709917e-13,
      1.199174494512928e-13,
      9.216586505491134e-14,
      7.679615407138463e-14,
      5.690761718194631e-14,
      5.144886591952093e-14,
      4.606579874499861e-14,
      3.83404550783565e-14,
      3.518910626754655e-14,
      3.3246625938399e-14,
      2.5927302432825552e-14,
      2.1061682603583202e-14,
      1.553413024298414e-14,
      1.4898999528144448e-14,
      1.3699035056823593e-14,
      1.1486260584976562e-14,
      9.7654979060364e-15,
      8.119933965120528e-15,
      7.129897292414231e-15,
      6.131622800779413e-15,
      4.574862641086629e-15,
      4.09234481696906e-15,
      3.431727727779433e-15,
      3.0948070322401157e-15,
      2.5351281065177055e-15,
      2.248212001019546e-15,
      1.7643022900114009e-15,
      1.0772554435268351e-15,
      1.445092524003579e-15,
      1.1577365966475577e-15,
      7.838979701021618e-16,
      7.334365646046381e-16,
      5.312234361945533e-16,
      4.284240766444232e-16,
      4.3463656038672104e-16,
      2.9913399989693124e-16,
      2.42665039690786e-16,
      1.8361286722353158e-16,
      1.0104917110542101e-16,
      8.772874421178968e-17,
      1.7043808497874124e-07,
      1.9441918652773893e-07,
      1.7162285814720235e-07
    ],
    "trend_analysis": {
      "confidence_level": "high",
      "prediction_trend": "increasing"
    }
  }
}