{
  "confidence": 0.8,
  "employee_id": "484",
  "features_used": 11,
  "model_metadata": {
    "feature_dimensions": 11,
    "model_type": "GRU_CNN_Hybrid",
    "sequence_length": 50,
    "training_optimized": true
  },
  "predicted_attrition": 0,
  "risk_score": 2.6260252006946266e-26,
  "sequence_length": 50,
  "xai_explanation": {
    "attention_weights": [
      [
        0.02000858634710312,
        0.019999537616968155,
        0.019999613985419273,
        0.019999684765934944,
        0.019999749958515167,
        0.01999979466199875,
        0.019999822601675987,
        0.019999844953417778,
        0.01999986357986927,
        0.019999872893095016,
        0.019999878481030464,
        0.01999988593161106,
        0.01999988779425621,
        0.01999988779425621,
        0.01999988593161106,
        0.019999880343675613,
        0.019999878481030464,
        0.019999876618385315,
        0.019999872893095016,
        0.019999871030449867,
        0.019999869167804718,
        0.01999986357986927,
        0.01999986357986927,
        0.01999986171722412,
        0.019999859854578972,
        0.019999856129288673,
        0.019999854266643524,
        0.019999854266643524,
        0.019999850541353226,
        0.019999850541353226,
        0.019999850541353226,
        0.019999850541353226,
        0.019999846816062927,
        0.019999844953417778,
        0.019999844953417778,
        0.019999844953417778,
        0.019999844953417778,
        0.01999984309077263,
        0.01999983936548233,
        0.01999983936548233,
        0.01999983936548233,
        0.01999983936548233,
        0.01999983936548233,
        0.01999983936548233,
        0.01999983936548233,
        0.01999983750283718,
        0.01999983750283718,
        0.01999983750283718,
        0.01999983750283718,
        0.01999983750283718
      ]
    ],
    "feature_names": [
      "day_of_week",
      "day_index",
      "system_login_hours",
      "work_focused_hours",
      "meeting_collaboration_hours",
      "social_dining_hours",
      "break_relaxation_hours",
      "shared_work_hours",
      "internal_comm_volume",
      "cafeteria_usage",
      "convenience_food_usage"
    ],
    "gradient_importance": [
      2.3622602066441013e-28,
      1.0423087118187541e-28,
      3.152801485741591e-28,
      3.7882432930752017e-28,
      6.201383679955097e-28,
      2.439732183104536e-28,
      3.838545935068923e-27,
      4.617794042455012e-28,
      1.4447731330440228e-27,
      2.448491360639858e-27,
      3.0488372354863917e-27
    ],
    "sequence_importance": {
      "timestep_0": 2.726544877096041e-26,
      "timestep_1": 1.0561557918218586e-26,
      "timestep_10": 7.597580443686864e-34,
      "timestep_11": 6.371379123660942e-34,
      "timestep_12": 4.517634634318772e-34,
      "timestep_13": 3.161951004428592e-34,
      "timestep_14": 2.477935663048651e-34,
      "timestep_15": 1.7562473348460387e-34,
      "timestep_16": 1.3969027296026223e-34,
      "timestep_17": 1.0413896160532875e-34,
      "timestep_18": 8.342145912337394e-35,
      "timestep_19": 6.809635330482406e-35,
      "timestep_2": 8.810649939015452e-28,
      "timestep_20": 5.285049577974001e-35,
      "timestep_21": 4.6592747585334606e-35,
      "timestep_22": 3.818992883054488e-35,
      "timestep_23": 3.221358468538235e-35,
      "timestep_24": 3.077818153113667e-35,
      "timestep_25": 2.788704513968334e-35,
      "timestep_26": 2.3558673188850056e-35,
      "timestep_27": 2.0539013020523617e-35,
      "timestep_28": 1.4237388982899105e-35,
      "timestep_29": 1.3894776575466934e-35,
      "timestep_3": 4.596659354269212e-33,
      "timestep_30": 8.478436676298065e-36,
      "timestep_31": 1.3987019591639126e-35,
      "timestep_32": 1.0561121518733745e-35,
      "timestep_33": 8.456708971878935e-36,
      "timestep_34": 5.562812134554762e-36,
      "timestep_35": 5.215135860467255e-36,
      "timestep_36": 4.86745922764734e-36,
      "timestep_37": 4.519782953559833e-36,
      "timestep_38": 2.9219656751332897e-36,
      "timestep_39": 2.6784685205916652e-36,
      "timestep_4": 4.184451321660253e-33,
      "timestep_40": 2.4349711866838374e-36,
      "timestep_41": 2.1914738527760095e-36,
      "timestep_42": 2.0935883345762038e-36,
      "timestep_43": 1.8318898151749537e-36,
      "timestep_44": 1.5701911164075003e-36,
      "timestep_45": 1.3084925970062502e-36,
      "timestep_46": 7.345775586252368e-28,
      "timestep_47": 4.948804488665321e-27,
      "timestep_48": 6.246271906947914e-27,
      "timestep_49": 9.094530086888186e-27,
      "timestep_5": 2.9357411215260067e-33,
      "timestep_6": 2.1357907671685465e-33,
      "timestep_7": 1.8316158081879405e-33,
      "timestep_8": 1.3615774942803557e-33,
      "timestep_9": 1.0470568993155673e-33
    },
    "temporal_importance": [
      2.726544877096041e-26,
      1.0561557918218586e-26,
      8.810649939015452e-28,
      4.596659354269212e-33,
      4.184451321660253e-33,
      2.9357411215260067e-33,
      2.1357907671685465e-33,
      1.8316158081879405e-33,
      1.3615774942803557e-33,
      1.0470568993155673e-33,
      7.597580443686864e-34,
      6.371379123660942e-34,
      4.517634634318772e-34,
      3.161951004428592e-34,
      2.477935663048651e-34,
      1.7562473348460387e-34,
      1.3969027296026223e-34,
      1.0413896160532875e-34,
      8.342145912337394e-35,
      6.809635330482406e-35,
      5.285049577974001e-35,
      4.6592747585334606e-35,
      3.818992883054488e-35,
      3.221358468538235e-35,
      3.077818153113667e-35,
      2.788704513968334e-35,
      2.3558673188850056e-35,
      2.0539013020523617e-35,
      1.4237388982899105e-35,
      1.3894776575466934e-35,
      8.478436676298065e-36,
      1.3987019591639126e-35,
      1.0561121518733745e-35,
      8.456708971878935e-36,
      5.562812134554762e-36,
      5.215135860467255e-36,
      4.86745922764734e-36,
      4.519782953559833e-36,
      2.9219656751332897e-36,
      2.6784685205916652e-36,
      2.4349711866838374e-36,
      2.1914738527760095e-36,
      2.0935883345762038e-36,
      1.8318898151749537e-36,
      1.5701911164075003e-36,
      1.3084925970062502e-36,
      7.345775586252368e-28,
      4.948804488665321e-27,
      6.246271906947914e-27,
      9.094530086888186e-27
    ],
    "trend_analysis": {
      "confidence_level": "high",
      "prediction_trend": "stable"
    }
  }
}