{
  "prediction": {
    "employee_id": "350",
    "attrition_probability": 0.03766089677810669,
    "attrition_prediction": 1,
    "risk_category": "LOW",
    "confidence_score": 0.9246782064437866,
    "prediction_timestamp": "2025-09-23T22:52:08.317232"
  },
  "explanation": {
    "employee_id": "350",
    "feature_importance": {
      "RelationshipSatisfaction": 0.03405288979411125,
      "Education": 0.02487798221409321,
      "JobInvolvement": 0.03501373156905174,
      "EnvironmentSatisfaction": 0.048257846385240555,
      "JobLevel": 0.07228615880012512,
      "JobSatisfaction": 0.04019258916378021,
      "StockOptionLevel": 0.07264421880245209,
      "WorkLifeBalance": 0.03580893576145172,
      "Department": 0.037670474499464035,
      "JobRole": 0.046762410551309586,
      "MaritalStatus": 0.036864522844552994,
      "OverTime": 0.0779639258980751,
      "Age": 0.04039482772350311,
      "DailyRate": 0.03578038513660431,
      "DistanceFromHome": 0.036774344742298126,
      "MonthlyIncome": 0.04666806384921074,
      "NumCompaniesWorked": 0.050036631524562836,
      "TotalWorkingYears": 0.04981709271669388,
      "TrainingTimesLastYear": 0.02378365956246853,
      "YearsAtCompany": 0.02968277968466282,
      "YearsInCurrentRole": 0.03649982064962387,
      "YearsSinceLastPromotion": 0.03537580743432045,
      "YearsWithCurrManager": 0.05279093235731125
    },
    "shap_values": {
      "RelationshipSatisfaction": -0.22266873717308044,
      "Education": 0.06776113063097,
      "JobInvolvement": -0.09170270711183548,
      "EnvironmentSatisfaction": 0.5693404078483582,
      "JobLevel": -0.10602759569883347,
      "JobSatisfaction": -0.05452634021639824,
      "StockOptionLevel": -0.3112923204898834,
      "WorkLifeBalance": -0.13655322790145874,
      "Department": -0.09042895585298538,
      "JobRole": -0.10605703294277191,
      "MaritalStatus": -0.18135380744934082,
      "OverTime": -0.5147630572319031,
      "Age": 0.11084350943565369,
      "DailyRate": -0.03987640142440796,
      "DistanceFromHome": -0.831967830657959,
      "MonthlyIncome": -0.26186496019363403,
      "NumCompaniesWorked": -0.8879255652427673,
      "TotalWorkingYears": -0.027959980070590973,
      "TrainingTimesLastYear": -0.050400275737047195,
      "YearsAtCompany": -0.0053145745769143105,
      "YearsInCurrentRole": -0.04743032157421112,
      "YearsSinceLastPromotion": -0.06676217913627625,
      "YearsWithCurrManager": -0.2290988266468048
    },
    "lime_explanation": {
      "features": [
        "OverTime=0",
        "NumCompaniesWorked <= 1.00",
        "EnvironmentSatisfaction <= 2.00",
        "DistanceFromHome <= 2.00",
        "2.00 < JobInvolvement <= 3.00",
        "2.00 < WorkLifeBalance <= 3.00",
        "Age <= 30.00",
        "StockOptionLevel > 1.00",
        "YearsWithCurrManager <= 2.00",
        "3.00 < RelationshipSatisfaction <= 4.00"
      ],
      "values": [
        -0.2068582481814743,
        -0.1151638476189723,
        0.10578213649963383,
        -0.09614636455328027,
        -0.08124845107119011,
        -0.07283691362215977,
        0.07060817566989426,
        -0.06882813851079998,
        0.0653032455193325,
        -0.05995192906766684
      ],
      "intercept": 0.5576183931153573
    },
    "top_risk_factors": [
      {
        "feature": "EnvironmentSatisfaction",
        "impact": 0.5693404078483582,
        "type": "risk"
      }
    ],
    "top_protective_factors": [
      {
        "feature": "NumCompaniesWorked",
        "impact": 0.8879255652427673,
        "type": "protective"
      },
      {
        "feature": "DistanceFromHome",
        "impact": 0.831967830657959,
        "type": "protective"
      },
      {
        "feature": "OverTime",
        "impact": 0.5147630572319031,
        "type": "protective"
      },
      {
        "feature": "StockOptionLevel",
        "impact": 0.3112923204898834,
        "type": "protective"
      }
    ],
    "explanation_timestamp": "2025-09-23T22:52:08.386941"
  },
  "agent_type": "structura",
  "analysis_type": "individual"
}