{
  "prediction": {
    "employee_id": "2017",
    "attrition_probability": 0.04989631101489067,
    "attrition_prediction": 1,
    "risk_category": "LOW",
    "confidence_score": 0.9002073779702187,
    "prediction_timestamp": "2025-09-23T22:54:05.733548"
  },
  "explanation": {
    "employee_id": "2017",
    "feature_importance": {
      "RelationshipSatisfaction": 0.03405288979411125,
      "Education": 0.02487798221409321,
      "JobInvolvement": 0.03501373156905174,
      "EnvironmentSatisfaction": 0.048257846385240555,
      "JobLevel": 0.07228615880012512,
      "JobSatisfaction": 0.04019258916378021,
      "StockOptionLevel": 0.07264421880245209,
      "WorkLifeBalance": 0.03580893576145172,
      "Department": 0.037670474499464035,
      "JobRole": 0.046762410551309586,
      "MaritalStatus": 0.036864522844552994,
      "OverTime": 0.0779639258980751,
      "Age": 0.04039482772350311,
      "DailyRate": 0.03578038513660431,
      "DistanceFromHome": 0.036774344742298126,
      "MonthlyIncome": 0.04666806384921074,
      "NumCompaniesWorked": 0.050036631524562836,
      "TotalWorkingYears": 0.04981709271669388,
      "TrainingTimesLastYear": 0.02378365956246853,
      "YearsAtCompany": 0.02968277968466282,
      "YearsInCurrentRole": 0.03649982064962387,
      "YearsSinceLastPromotion": 0.03537580743432045,
      "YearsWithCurrManager": 0.05279093235731125
    },
    "shap_values": {
      "RelationshipSatisfaction": 0.19020411372184753,
      "Education": 0.016930367797613144,
      "JobInvolvement": -0.3695453405380249,
      "EnvironmentSatisfaction": -0.28095176815986633,
      "JobLevel": 0.040386997163295746,
      "JobSatisfaction": -0.3412536680698395,
      "StockOptionLevel": -0.3741931915283203,
      "WorkLifeBalance": -0.14523568749427795,
      "Department": -0.03290672227740288,
      "JobRole": -0.06834665685892105,
      "MaritalStatus": -0.15172278881072998,
      "OverTime": -0.29726845026016235,
      "Age": -0.3965309262275696,
      "DailyRate": -0.17316392064094543,
      "DistanceFromHome": 0.09727110713720322,
      "MonthlyIncome": -0.3307880163192749,
      "NumCompaniesWorked": -0.17110247910022736,
      "TotalWorkingYears": -0.12775680422782898,
      "TrainingTimesLastYear": -0.0037112997379153967,
      "YearsAtCompany": 0.039210692048072815,
      "YearsInCurrentRole": -0.23638969659805298,
      "YearsSinceLastPromotion": 0.24885466694831848,
      "YearsWithCurrManager": -0.35389989614486694
    },
    "lime_explanation": {
      "features": [
        "OverTime=0",
        "NumCompaniesWorked <= 1.00",
        "3.00 < JobSatisfaction <= 4.00",
        "0.00 < StockOptionLevel <= 1.00",
        "RelationshipSatisfaction <= 2.00",
        "JobInvolvement > 3.00",
        "2.00 < WorkLifeBalance <= 3.00",
        "35.00 < Age <= 42.00",
        "DailyRate <= 471.75",
        "MonthlyIncome > 8201.00"
      ],
      "values": [
        -0.20802516299767027,
        -0.11864821255126703,
        -0.08541788209884273,
        -0.08344967100657967,
        0.08051778054391222,
        -0.0739565954900611,
        -0.07337845118599316,
        -0.0713033703301108,
        0.06823711009720021,
        -0.06258452600469026
      ],
      "intercept": 0.6001484974935688
    },
    "top_risk_factors": [],
    "top_protective_factors": [
      {
        "feature": "Age",
        "impact": 0.3965309262275696,
        "type": "protective"
      },
      {
        "feature": "StockOptionLevel",
        "impact": 0.3741931915283203,
        "type": "protective"
      },
      {
        "feature": "JobInvolvement",
        "impact": 0.3695453405380249,
        "type": "protective"
      },
      {
        "feature": "YearsWithCurrManager",
        "impact": 0.35389989614486694,
        "type": "protective"
      },
      {
        "feature": "JobSatisfaction",
        "impact": 0.3412536680698395,
        "type": "protective"
      }
    ],
    "explanation_timestamp": "2025-09-23T22:54:05.824999"
  },
  "agent_type": "structura",
  "analysis_type": "individual"
}