{
  "confidence": 0.8,
  "employee_id": "1028",
  "features_used": 11,
  "model_metadata": {
    "feature_dimensions": 11,
    "model_type": "GRU_CNN_Hybrid",
    "sequence_length": 50,
    "training_optimized": true
  },
  "predicted_attrition": 0,
  "risk_score": 3.6207124104459254e-11,
  "sequence_length": 50,
  "xai_explanation": {
    "attention_weights": [
      [
        0.0200014840811491,
        0.019999729469418526,
        0.019999811425805092,
        0.019999878481030464,
        0.01999993436038494,
        0.01999998278915882,
        0.020000001415610313,
        0.020000016316771507,
        0.020000034943223,
        0.020000040531158447,
        0.020000042393803596,
        0.020000040531158447,
        0.02000003680586815,
        0.0200000312179327,
        0.020000025629997253,
        0.020000018179416656,
        0.020000016316771507,
        0.02000000700354576,
        0.020000001415610313,
        0.019999993965029716,
        0.019999990239739418,
        0.01999998278915882,
        0.019999980926513672,
        0.019999977201223373,
        0.019999973475933075,
        0.019999967887997627,
        0.019999966025352478,
        0.01999996043741703,
        0.01999995857477188,
        0.01999995857477188,
        0.019999954849481583,
        0.019999951124191284,
        0.019999949261546135,
        0.019999949261546135,
        0.019999947398900986,
        0.019999947398900986,
        0.019999943673610687,
        0.019999943673610687,
        0.019999941810965538,
        0.019999941810965538,
        0.019999941810965538,
        0.01999993994832039,
        0.01999993994832039,
        0.01999993994832039,
        0.01999993994832039,
        0.01999993994832039,
        0.01999993994832039,
        0.01999993808567524,
        0.01999993808567524,
        0.01999993808567524
      ]
    ],
    "feature_names": [
      "day_of_week",
      "day_index",
      "system_login_hours",
      "work_focused_hours",
      "meeting_collaboration_hours",
      "social_dining_hours",
      "break_relaxation_hours",
      "shared_work_hours",
      "internal_comm_volume",
      "cafeteria_usage",
      "convenience_food_usage"
    ],
    "gradient_importance": [
      2.705744699474377e-13,
      6.546143699803428e-14,
      2.9032630249545277e-13,
      5.222942304344835e-13,
      6.032584913377714e-13,
      1.0084133235475218e-13,
      4.155916930037584e-12,
      4.396213211174671e-13,
      1.3708445186291773e-12,
      2.676250714095385e-12,
      3.2077895027737835e-12
    ],
    "sequence_importance": {
      "timestep_0": 2.909639890136262e-11,
      "timestep_1": 6.18327047549605e-12,
      "timestep_10": 1.205904635624972e-18,
      "timestep_11": 8.501047858565926e-19,
      "timestep_12": 7.057048486001879e-19,
      "timestep_13": 5.238672855063044e-19,
      "timestep_14": 4.0485693336917897e-19,
      "timestep_15": 3.328441402039609e-19,
      "timestep_16": 2.5755796071032326e-19,
      "timestep_17": 2.2705097103269646e-19,
      "timestep_18": 1.7423926293273042e-19,
      "timestep_19": 1.6912029448603722e-19,
      "timestep_2": 8.938402029865322e-18,
      "timestep_20": 1.2921097543006745e-19,
      "timestep_21": 1.10777397650991e-19,
      "timestep_22": 9.069260581054534e-20,
      "timestep_23": 6.767342952115901e-20,
      "timestep_24": 6.340844104639585e-20,
      "timestep_25": 5.758868906215685e-20,
      "timestep_26": 5.1292229013494417e-20,
      "timestep_27": 4.972798846989116e-20,
      "timestep_28": 3.2604361050717545e-20,
      "timestep_29": 2.7623321739993296e-20,
      "timestep_3": 7.345160353040198e-18,
      "timestep_30": 2.964030795965009e-20,
      "timestep_31": 2.3121354097669363e-20,
      "timestep_32": 2.190443893845888e-20,
      "timestep_33": 1.7657990941644273e-20,
      "timestep_34": 1.6619281505650683e-20,
      "timestep_35": 9.302874642174122e-21,
      "timestep_36": 1.3311690774225864e-20,
      "timestep_37": 1.2360853930238261e-20,
      "timestep_38": 4.961529884392145e-21,
      "timestep_39": 4.5480680172927754e-21,
      "timestep_4": 6.178897314296064e-18,
      "timestep_40": 4.134606957986973e-21,
      "timestep_41": 3.7211458986811706e-21,
      "timestep_42": 3.3076846374269764e-21,
      "timestep_43": 1.4471119910089787e-21,
      "timestep_44": 1.2403816633044693e-21,
      "timestep_45": 1.033651234625764e-21,
      "timestep_46": 1.4107905382115815e-12,
      "timestep_47": 6.053721759990971e-12,
      "timestep_48": 8.816664412436559e-12,
      "timestep_49": 1.0726291382878728e-11,
      "timestep_5": 4.860815613875479e-18,
      "timestep_6": 3.3335934964848957e-18,
      "timestep_7": 2.7307773532807513e-18,
      "timestep_8": 2.2639691415247196e-18,
      "timestep_9": 1.549733527568484e-18
    },
    "temporal_importance": [
      2.909639890136262e-11,
      6.18327047549605e-12,
      8.938402029865322e-18,
      7.345160353040198e-18,
      6.178897314296064e-18,
      4.860815613875479e-18,
      3.3335934964848957e-18,
      2.7307773532807513e-18,
      2.2639691415247196e-18,
      1.549733527568484e-18,
      1.205904635624972e-18,
      8.501047858565926e-19,
      7.057048486001879e-19,
      5.238672855063044e-19,
      4.0485693336917897e-19,
      3.328441402039609e-19,
      2.5755796071032326e-19,
      2.2705097103269646e-19,
      1.7423926293273042e-19,
      1.6912029448603722e-19,
      1.2921097543006745e-19,
      1.10777397650991e-19,
      9.069260581054534e-20,
      6.767342952115901e-20,
      6.340844104639585e-20,
      5.758868906215685e-20,
      5.1292229013494417e-20,
      4.972798846989116e-20,
      3.2604361050717545e-20,
      2.7623321739993296e-20,
      2.964030795965009e-20,
      2.3121354097669363e-20,
      2.190443893845888e-20,
      1.7657990941644273e-20,
      1.6619281505650683e-20,
      9.302874642174122e-21,
      1.3311690774225864e-20,
      1.2360853930238261e-20,
      4.961529884392145e-21,
      4.5480680172927754e-21,
      4.134606957986973e-21,
      3.7211458986811706e-21,
      3.3076846374269764e-21,
      1.4471119910089787e-21,
      1.2403816633044693e-21,
      1.033651234625764e-21,
      1.4107905382115815e-12,
      6.053721759990971e-12,
      8.816664412436559e-12,
      1.0726291382878728e-11
    ],
    "trend_analysis": {
      "confidence_level": "high",
      "prediction_trend": "stable"
    }
  }
}