{
  "confidence": 0.7,
  "employee_data": {
    "Age": 33,
    "AgeFactor": 1,
    "Attrition": "No",
    "BusinessTravel": "Non-Travel",
    "DailyRate": 1313,
    "Department": "Research & Development",
    "DistanceFromHome": 1,
    "Education": 2,
    "EducationField": "Medical",
    "EmployeeCount": 1,
    "EmployeeNumber": 1994,
    "EnvironmentSatisfaction": 2,
    "Gender": "Male",
    "HourlyRate": 59,
    "JobInvolvement": 2,
    "JobLevel": 1,
    "JobRole": "Laboratory Technician",
    "JobSatisfaction": 3,
    "MaritalStatus": "Divorced",
    "MonthlyIncome": 2008,
    "MonthlyRate": 20439,
    "Norm_EnvironmentSatisfaction": 0.3333333333333333,
    "Norm_JobInvolvement": 0.3333333333333333,
    "Norm_JobLevel": 0,
    "Norm_JobSatisfaction": 0.6666666666666666,
    "Norm_MonthlyIncome": 0.05260663507109,
    "Norm_NumCompaniesWorked": 0.1111111111111111,
    "Norm_PercentSalaryHike": 0.0714285714285714,
    "Norm_PerformanceRating": 0,
    "Norm_RelationshipSatisfaction": 0.6666666666666666,
    "Norm_TotalWorkingYears": 0.025,
    "Norm_TrainingTimesLastYear": 0.3333333333333333,
    "Norm_WorkLifeBalance": 0.3333333333333333,
    "Norm_YearsAtCompany": 0.025,
    "Norm_YearsSinceLastPromotion": 0,
    "NumCompaniesWorked": 1,
    "Over18": "Y",
    "OverTime": "No",
    "OverTime_bin": 0,
    "PercentSalaryHike": 12,
    "PerformanceRating": 3,
    "Prob_N01": 0.5071129482184179,
    "Prob_N02": 0.0014500396475378,
    "Prob_N03": 0.0208688489420053,
    "Prob_P01": 0.0039416164244472,
    "Prob_P02": 0.1899177149583829,
    "Prob_P03": 0.0039416164244472,
    "Prob_P04": 0.2552176574868444,
    "Prob_S01": 0.0010161645997197,
    "Prob_S02": 0.0088561728115212,
    "Prob_S03": 0.0076772204866761,
    "RelationshipSatisfaction": 3,
    "Score_N01": 0.819047619047619,
    "Score_N02": 0.2333333333333333,
    "Score_N03": 0.5,
    "Score_P01": 0.3333333333333333,
    "Score_P02": 0.7208333333333334,
    "Score_P03": 0.3333333333333333,
    "Score_P04": 0.7503859174001355,
    "Score_S01": 0.1977777777777777,
    "Score_S02": 0.4142857142857143,
    "Score_S03": 0.4,
    "StandardHours": 80,
    "StockOptionLevel": 3,
    "TotalWorkingYears": 1,
    "TrainingTimesLastYear": 2,
    "WorkLifeBalance": 2,
    "YearsAtCompany": 1,
    "YearsInCurrentRole": 1,
    "YearsSinceLastPromotion": 0,
    "YearsWithCurrManager": 0,
    "argmax_Persona": "현상 유지자",
    "argmax_Persona_Code": "N01",
    "argmax_RiskTier": "Neutral",
    "is_married": 0,
    "softmax_Persona": "현상 유지자",
    "softmax_Persona_Code": "N01",
    "softmax_RiskTier": "Neutral"
  },
  "employee_id": 1994,
  "feature_importance": {},
  "lime_explanation": {},
  "model_interpretation": {},
  "predicted_attrition": 0,
  "risk_score": 0.7268567085266113,
  "shap_values": {},
  "xai_explanation": {}
}