{
  "prediction": {
    "risk_score": 1.6760759535827674e-05,
    "attrition_probability": 1.6760759535827674e-05
  },
  "confidence": 0.8
}