{
  "confidence": 0.7,
  "employee_data": {
    "Age": 32,
    "AgeFactor": 1,
    "Attrition": "No",
    "BusinessTravel": "Travel_Rarely",
    "DailyRate": 929,
    "Department": "Sales",
    "DistanceFromHome": 10,
    "Education": 3,
    "EducationField": "Marketing",
    "EmployeeCount": 1,
    "EmployeeNumber": 722,
    "EnvironmentSatisfaction": 4,
    "Gender": "Male",
    "HourlyRate": 55,
    "JobInvolvement": 3,
    "JobLevel": 2,
    "JobRole": "Sales Executive",
    "JobSatisfaction": 4,
    "MaritalStatus": "Single",
    "MonthlyIncome": 5396,
    "MonthlyRate": 21703,
    "Norm_EnvironmentSatisfaction": 1,
    "Norm_JobInvolvement": 0.6666666666666666,
    "Norm_JobLevel": 0.25,
    "Norm_JobSatisfaction": 1,
    "Norm_MonthlyIncome": 0.2310163243812533,
    "Norm_NumCompaniesWorked": 0.1111111111111111,
    "Norm_PercentSalaryHike": 0.0714285714285714,
    "Norm_PerformanceRating": 0,
    "Norm_RelationshipSatisfaction": 1,
    "Norm_TotalWorkingYears": 0.25,
    "Norm_TrainingTimesLastYear": 0.3333333333333333,
    "Norm_WorkLifeBalance": 0.3333333333333333,
    "Norm_YearsAtCompany": 0.25,
    "Norm_YearsSinceLastPromotion": 0,
    "NumCompaniesWorked": 1,
    "Over18": "Y",
    "OverTime": "No",
    "OverTime_bin": 0,
    "PercentSalaryHike": 12,
    "PerformanceRating": 3,
    "Prob_N01": 0.1808769758749496,
    "Prob_N02": 0.0002655393031116,
    "Prob_N03": 0.0394095268407021,
    "Prob_P01": 0.0027383099359496,
    "Prob_P02": 0.0112910184818515,
    "Prob_P03": 0.0038216193703479,
    "Prob_P04": 0.389252409896803,
    "Prob_S01": 0.0116090546028823,
    "Prob_S02": 0.0167243330521708,
    "Prob_S03": 0.3440112126412313,
    "RelationshipSatisfaction": 4,
    "Score_N01": 0.6523809523809524,
    "Score_N02": 0,
    "Score_N03": 0.5,
    "Score_P01": 0.2333333333333333,
    "Score_P02": 0.375,
    "Score_P03": 0.2666666666666667,
    "Score_P04": 0.7290220416760702,
    "Score_S01": 0.3777777777777777,
    "Score_S02": 0.4142857142857143,
    "Score_S03": 0.7166666666666668,
    "StandardHours": 80,
    "StockOptionLevel": 0,
    "TotalWorkingYears": 10,
    "TrainingTimesLastYear": 2,
    "WorkLifeBalance": 2,
    "YearsAtCompany": 10,
    "YearsInCurrentRole": 7,
    "YearsSinceLastPromotion": 0,
    "YearsWithCurrManager": 8,
    "argmax_Persona": "저평가된 전문가",
    "argmax_Persona_Code": "P04",
    "argmax_RiskTier": "High",
    "is_married": 0,
    "softmax_Persona": "신규 부모",
    "softmax_Persona_Code": "N03",
    "softmax_RiskTier": "Neutral"
  },
  "employee_id": 722,
  "feature_importance": {},
  "lime_explanation": {},
  "model_interpretation": {},
  "predicted_attrition": 0,
  "risk_score": 9.153589053312317e-05,
  "shap_values": {},
  "xai_explanation": {}
}