{
  "confidence": 0.8,
  "employee_id": "1473",
  "features_used": 11,
  "model_metadata": {
    "feature_dimensions": 11,
    "model_type": "GRU_CNN_Hybrid",
    "sequence_length": 50,
    "training_optimized": true
  },
  "predicted_attrition": 0,
  "risk_score": 5.0579781660624944e-17,
  "sequence_length": 50,
  "xai_explanation": {
    "attention_weights": [
      [
        0.020003465935587883,
        0.019999803975224495,
        0.019999874755740166,
        0.019999908283352852,
        0.019999952986836433,
        0.019999977201223373,
        0.01999998837709427,
        0.02000000886619091,
        0.02000000886619091,
        0.02000000886619091,
        0.020000003278255463,
        0.019999999552965164,
        0.019999995827674866,
        0.019999992102384567,
        0.01999998837709427,
        0.019999979063868523,
        0.019999975338578224,
        0.019999966025352478,
        0.01999996043741703,
        0.019999954849481583,
        0.019999952986836433,
        0.019999945536255836,
        0.019999945536255836,
        0.019999941810965538,
        0.01999993994832039,
        0.01999993622303009,
        0.019999932497739792,
        0.019999928772449493,
        0.019999926909804344,
        0.019999925047159195,
        0.019999923184514046,
        0.019999923184514046,
        0.019999919459223747,
        0.019999917596578598,
        0.019999917596578598,
        0.01999991573393345,
        0.01999991200864315,
        0.01999991200864315,
        0.01999991200864315,
        0.019999910145998,
        0.019999910145998,
        0.019999910145998,
        0.019999910145998,
        0.019999908283352852,
        0.019999908283352852,
        0.019999908283352852,
        0.019999908283352852,
        0.019999908283352852,
        0.019999908283352852,
        0.019999908283352852
      ]
    ],
    "feature_names": [
      "day_of_week",
      "day_index",
      "system_login_hours",
      "work_focused_hours",
      "meeting_collaboration_hours",
      "social_dining_hours",
      "break_relaxation_hours",
      "shared_work_hours",
      "internal_comm_volume",
      "cafeteria_usage",
      "convenience_food_usage"
    ],
    "gradient_importance": [
      2.9894878609276965e-19,
      2.2158240245492597e-19,
      4.710571800687752e-19,
      5.455873423319335e-19,
      1.090326617740847e-18,
      3.3020153079140128e-19,
      6.2223896437234895e-18,
      7.465851484483243e-19,
      2.2637788899838324e-18,
      3.932412496174031e-18,
      4.982938491561276e-18
    ],
    "sequence_importance": {
      "timestep_0": 4.5485914113017244e-17,
      "timestep_1": 1.3095653797059842e-17,
      "timestep_10": 1.2298186698442924e-24,
      "timestep_11": 9.094540718021479e-25,
      "timestep_12": 7.356364599457501e-25,
      "timestep_13": 6.066569623850161e-25,
      "timestep_14": 4.390649421850094e-25,
      "timestep_15": 3.432486640417009e-25,
      "timestep_16": 2.6091931892782644e-25,
      "timestep_17": 2.303079166273711e-25,
      "timestep_18": 1.7574412112051225e-25,
      "timestep_19": 1.5387125154193281e-25,
      "timestep_2": 1.0478085205504256e-23,
      "timestep_20": 1.4304780875136436e-25,
      "timestep_21": 1.1661646945411038e-25,
      "timestep_22": 9.141995015553598e-26,
      "timestep_23": 7.697820577092088e-26,
      "timestep_24": 7.13481856090442e-26,
      "timestep_25": 5.749024759809922e-26,
      "timestep_26": 6.119531156576854e-26,
      "timestep_27": 4.842283691594394e-26,
      "timestep_28": 4.6331360196513e-26,
      "timestep_29": 3.901178178343967e-26,
      "timestep_3": 7.31824052962998e-24,
      "timestep_30": 3.0512347871555605e-26,
      "timestep_31": 2.8661415179946763e-26,
      "timestep_32": 2.715290975096206e-26,
      "timestep_33": 2.0734760537243242e-26,
      "timestep_34": 1.6708517706840217e-26,
      "timestep_35": 1.5664230727930837e-26,
      "timestep_36": 1.083841111809623e-26,
      "timestep_37": 1.0064238125003092e-26,
      "timestep_38": 9.290064361537978e-27,
      "timestep_39": 8.51589136844484e-27,
      "timestep_4": 7.05023844771653e-24,
      "timestep_40": 7.741719145723681e-27,
      "timestep_41": 4.536559569255222e-27,
      "timestep_42": 4.032497095304428e-27,
      "timestep_43": 2.021617655151177e-27,
      "timestep_44": 1.7328150229335833e-27,
      "timestep_45": 1.4440125833089843e-27,
      "timestep_46": 1.1552098547948935e-27,
      "timestep_47": 7.562583122688536e-18,
      "timestep_48": 1.2001406343215493e-17,
      "timestep_49": 1.7789897155853373e-17,
      "timestep_5": 4.794096653214889e-24,
      "timestep_6": 3.771876887163661e-24,
      "timestep_7": 3.306041506425717e-24,
      "timestep_8": 2.1648954368860845e-24,
      "timestep_9": 1.6396184008636062e-24
    },
    "temporal_importance": [
      4.5485914113017244e-17,
      1.3095653797059842e-17,
      1.0478085205504256e-23,
      7.31824052962998e-24,
      7.05023844771653e-24,
      4.794096653214889e-24,
      3.771876887163661e-24,
      3.306041506425717e-24,
      2.1648954368860845e-24,
      1.6396184008636062e-24,
      1.2298186698442924e-24,
      9.094540718021479e-25,
      7.356364599457501e-25,
      6.066569623850161e-25,
      4.390649421850094e-25,
      3.432486640417009e-25,
      2.6091931892782644e-25,
      2.303079166273711e-25,
      1.7574412112051225e-25,
      1.5387125154193281e-25,
      1.4304780875136436e-25,
      1.1661646945411038e-25,
      9.141995015553598e-26,
      7.697820577092088e-26,
      7.13481856090442e-26,
      5.749024759809922e-26,
      6.119531156576854e-26,
      4.842283691594394e-26,
      4.6331360196513e-26,
      3.901178178343967e-26,
      3.0512347871555605e-26,
      2.8661415179946763e-26,
      2.715290975096206e-26,
      2.0734760537243242e-26,
      1.6708517706840217e-26,
      1.5664230727930837e-26,
      1.083841111809623e-26,
      1.0064238125003092e-26,
      9.290064361537978e-27,
      8.51589136844484e-27,
      7.741719145723681e-27,
      4.536559569255222e-27,
      4.032497095304428e-27,
      2.021617655151177e-27,
      1.7328150229335833e-27,
      1.4440125833089843e-27,
      1.1552098547948935e-27,
      7.562583122688536e-18,
      1.2001406343215493e-17,
      1.7789897155853373e-17
    ],
    "trend_analysis": {
      "confidence_level": "high",
      "prediction_trend": "stable"
    }
  }
}