{
  "confidence": 0.8,
  "employee_id": "1924",
  "features_used": 11,
  "model_metadata": {
    "feature_dimensions": 11,
    "model_type": "GRU_CNN_Hybrid",
    "sequence_length": 50,
    "training_optimized": true
  },
  "predicted_attrition": 0,
  "risk_score": 1.9618928342387787e-27,
  "sequence_length": 50,
  "xai_explanation": {
    "attention_weights": [
      [
        0.02000875398516655,
        0.01999952830374241,
        0.01999959722161293,
        0.019999662414193153,
        0.01999972201883793,
        0.01999976672232151,
        0.019999798387289047,
        0.019999824464321136,
        0.01999984122812748,
        0.019999850541353226,
        0.019999857991933823,
        0.01999986544251442,
        0.01999986730515957,
        0.019999869167804718,
        0.019999869167804718,
        0.01999986730515957,
        0.01999986544251442,
        0.01999986544251442,
        0.019999859854578972,
        0.019999859854578972,
        0.019999857991933823,
        0.019999856129288673,
        0.019999852403998375,
        0.019999850541353226,
        0.019999850541353226,
        0.019999848678708076,
        0.019999846816062927,
        0.019999846816062927,
        0.01999984309077263,
        0.01999984122812748,
        0.01999984122812748,
        0.01999984122812748,
        0.01999983936548233,
        0.019999835640192032,
        0.019999835640192032,
        0.019999833777546883,
        0.019999833777546883,
        0.019999833777546883,
        0.019999833777546883,
        0.019999833777546883,
        0.019999831914901733,
        0.019999831914901733,
        0.019999831914901733,
        0.019999831914901733,
        0.019999831914901733,
        0.019999830052256584,
        0.019999830052256584,
        0.019999830052256584,
        0.019999830052256584,
        0.019999830052256584
      ]
    ],
    "feature_names": [
      "day_of_week",
      "day_index",
      "system_login_hours",
      "work_focused_hours",
      "meeting_collaboration_hours",
      "social_dining_hours",
      "break_relaxation_hours",
      "shared_work_hours",
      "internal_comm_volume",
      "cafeteria_usage",
      "convenience_food_usage"
    ],
    "gradient_importance": [
      1.292740903328106e-29,
      8.675088876074104e-30,
      2.332781742359378e-29,
      2.7985080150252227e-29,
      4.6681403187990354e-29,
      1.9602254904820808e-29,
      2.87596518589921e-28,
      3.466022092981471e-29,
      1.085513579743679e-28,
      1.8329074077027108e-28,
      2.2848691192413307e-28
    ],
    "sequence_importance": {
      "timestep_0": 2.0464902700109602e-27,
      "timestep_1": 7.946381172751902e-28,
      "timestep_10": 5.814840519703539e-35,
      "timestep_11": 4.7688620560987915e-35,
      "timestep_12": 3.4968451549833493e-35,
      "timestep_13": 2.574747322963148e-35,
      "timestep_14": 2.038289411198466e-35,
      "timestep_15": 1.320368002856699e-35,
      "timestep_16": 1.0435205008993746e-35,
      "timestep_17": 9.468156427970501e-36,
      "timestep_18": 7.002616576700293e-36,
      "timestep_19": 4.5737477869896724e-36,
      "timestep_2": 6.490928589647382e-29,
      "timestep_20": 4.7358575267233114e-36,
      "timestep_21": 3.1649119960641696e-36,
      "timestep_22": 2.8926776852394347e-36,
      "timestep_23": 2.398629979572364e-36,
      "timestep_24": 2.2794251737986466e-36,
      "timestep_25": 1.7779474025205433e-36,
      "timestep_26": 1.52783163507222e-36,
      "timestep_27": 1.2739098064701378e-36,
      "timestep_28": 1.2190431197694342e-36,
      "timestep_29": 8.32351467843462e-37,
      "timestep_3": 3.1609947673248467e-34,
      "timestep_30": 7.928977190038056e-37,
      "timestep_31": 8.476814488354211e-37,
      "timestep_32": 7.981605027787501e-37,
      "timestep_33": 6.272016865571647e-37,
      "timestep_34": 5.903074037574038e-37,
      "timestep_35": 5.487692851091967e-37,
      "timestep_36": 3.627655680552343e-37,
      "timestep_37": 3.3685367610473237e-37,
      "timestep_38": 2.213651586999554e-37,
      "timestep_39": 2.0291808456240122e-37,
      "timestep_4": 2.885432488786957e-34,
      "timestep_40": 1.8447095437290846e-37,
      "timestep_41": 1.6602383539380341e-37,
      "timestep_42": 1.4757676125624923e-37,
      "timestep_43": 1.384016530623992e-37,
      "timestep_44": 1.1862998193326347e-37,
      "timestep_45": 5.574618645846472e-38,
      "timestep_46": 1.8490233487361002e-28,
      "timestep_47": 2.4767025750582366e-28,
      "timestep_48": 5.0298250873447865e-28,
      "timestep_49": 6.210643069645225e-28,
      "timestep_5": 2.1443661821287874e-34,
      "timestep_6": 1.6736860758563026e-34,
      "timestep_7": 1.3311252110963505e-34,
      "timestep_8": 9.769840050652459e-35,
      "timestep_9": 7.275291231554457e-35
    },
    "temporal_importance": [
      2.0464902700109602e-27,
      7.946381172751902e-28,
      6.490928589647382e-29,
      3.1609947673248467e-34,
      2.885432488786957e-34,
      2.1443661821287874e-34,
      1.6736860758563026e-34,
      1.3311252110963505e-34,
      9.769840050652459e-35,
      7.275291231554457e-35,
      5.814840519703539e-35,
      4.7688620560987915e-35,
      3.4968451549833493e-35,
      2.574747322963148e-35,
      2.038289411198466e-35,
      1.320368002856699e-35,
      1.0435205008993746e-35,
      9.468156427970501e-36,
      7.002616576700293e-36,
      4.5737477869896724e-36,
      4.7358575267233114e-36,
      3.1649119960641696e-36,
      2.8926776852394347e-36,
      2.398629979572364e-36,
      2.2794251737986466e-36,
      1.7779474025205433e-36,
      1.52783163507222e-36,
      1.2739098064701378e-36,
      1.2190431197694342e-36,
      8.32351467843462e-37,
      7.928977190038056e-37,
      8.476814488354211e-37,
      7.981605027787501e-37,
      6.272016865571647e-37,
      5.903074037574038e-37,
      5.487692851091967e-37,
      3.627655680552343e-37,
      3.3685367610473237e-37,
      2.213651586999554e-37,
      2.0291808456240122e-37,
      1.8447095437290846e-37,
      1.6602383539380341e-37,
      1.4757676125624923e-37,
      1.384016530623992e-37,
      1.1862998193326347e-37,
      5.574618645846472e-38,
      1.8490233487361002e-28,
      2.4767025750582366e-28,
      5.0298250873447865e-28,
      6.210643069645225e-28
    ],
    "trend_analysis": {
      "confidence_level": "high",
      "prediction_trend": "stable"
    }
  }
}