{
  "confidence": 0.8,
  "employee_id": "145",
  "features_used": 11,
  "model_metadata": {
    "feature_dimensions": 11,
    "model_type": "GRU_CNN_Hybrid",
    "sequence_length": 50,
    "training_optimized": true
  },
  "predicted_attrition": 0,
  "risk_score": 3.2943449129654162e-15,
  "sequence_length": 50,
  "xai_explanation": {
    "attention_weights": [
      [
        0.020003288984298706,
        0.020000066608190536,
        0.020000074058771133,
        0.020000088959932327,
        0.020000092685222626,
        0.020000087097287178,
        0.020000075921416283,
        0.020000066608190536,
        0.02000005729496479,
        0.020000044256448746,
        0.020000029355287552,
        0.020000016316771507,
        0.020000003278255463,
        0.019999990239739418,
        0.019999980926513672,
        0.019999971613287926,
        0.01999996043741703,
        0.019999952986836433,
        0.019999943673610687,
        0.01999993436038494,
        0.019999926909804344,
        0.019999919459223747,
        0.0199999138712883,
        0.019999910145998,
        0.019999904558062553,
        0.019999902695417404,
        0.019999897107481956,
        0.019999895244836807,
        0.019999893382191658,
        0.01999988779425621,
        0.01999988593161106,
        0.019999884068965912,
        0.019999880343675613,
        0.019999880343675613,
        0.019999876618385315,
        0.019999874755740166,
        0.019999874755740166,
        0.019999871030449867,
        0.019999869167804718,
        0.019999869167804718,
        0.019999869167804718,
        0.01999986730515957,
        0.01999986730515957,
        0.01999986544251442,
        0.01999986544251442,
        0.01999986544251442,
        0.01999986544251442,
        0.01999986544251442,
        0.01999986544251442,
        0.01999986171722412
      ]
    ],
    "feature_names": [
      "day_of_week",
      "day_index",
      "system_login_hours",
      "work_focused_hours",
      "meeting_collaboration_hours",
      "social_dining_hours",
      "break_relaxation_hours",
      "shared_work_hours",
      "internal_comm_volume",
      "cafeteria_usage",
      "convenience_food_usage"
    ],
    "gradient_importance": [
      1.8307151390856258e-17,
      8.026233572456146e-18,
      2.4712512145305558e-17,
      4.7521317741657077e-17,
      5.488803276709918e-17,
      9.760089335970385e-18,
      3.781298807446434e-16,
      3.999919864017341e-17,
      1.2472754701199645e-16,
      2.435011670888444e-16,
      2.9186362494307196e-16
    ],
    "sequence_importance": {
      "timestep_0": 2.6473629366442156e-15,
      "timestep_1": 5.625903367808009e-16,
      "timestep_10": 5.693582757504755e-23,
      "timestep_11": 4.5501304531087087e-23,
      "timestep_12": 3.7737998145062274e-23,
      "timestep_13": 2.8990855992482025e-23,
      "timestep_14": 2.457134323479364e-23,
      "timestep_15": 2.3060734554724198e-23,
      "timestep_16": 2.1207580381502448e-23,
      "timestep_17": 1.782787149387312e-23,
      "timestep_18": 1.525275813108034e-23,
      "timestep_19": 1.386215570507855e-23,
      "timestep_2": 4.1138124330640533e-22,
      "timestep_20": 1.1174321218677837e-23,
      "timestep_21": 9.473746155161219e-24,
      "timestep_22": 9.226898956143081e-24,
      "timestep_23": 6.990464879206124e-24,
      "timestep_24": 6.5458427570704784e-24,
      "timestep_25": 6.002391746298292e-24,
      "timestep_26": 4.6026109236642564e-24,
      "timestep_27": 4.391781930287152e-24,
      "timestep_28": 3.2073589514870946e-24,
      "timestep_29": 3.456125843518088e-24,
      "timestep_3": 3.551493447160791e-22,
      "timestep_30": 3.0671549000173905e-24,
      "timestep_31": 2.8179160719498486e-24,
      "timestep_32": 2.342270811425029e-24,
      "timestep_33": 1.6924833227813134e-24,
      "timestep_34": 1.5719393613991404e-24,
      "timestep_35": 1.5126211628462728e-24,
      "timestep_36": 1.3754462386450042e-24,
      "timestep_37": 1.0326773006412908e-24,
      "timestep_38": 8.161518440599722e-25,
      "timestep_39": 5.546273455583248e-25,
      "timestep_4": 2.85527990074579e-22,
      "timestep_40": 5.042067091554449e-25,
      "timestep_41": 4.537859248411453e-25,
      "timestep_42": 4.033652391344588e-25,
      "timestep_43": 2.2980072836912057e-25,
      "timestep_44": 1.9697204760526693e-25,
      "timestep_45": 9.404710965193065e-26,
      "timestep_46": 7.523767046521222e-26,
      "timestep_47": 4.925673935807088e-16,
      "timestep_48": 7.81677579110053e-16,
      "timestep_49": 1.1586943791526655e-15,
      "timestep_5": 1.9755677152277744e-22,
      "timestep_6": 1.5277506906487658e-22,
      "timestep_7": 1.2840951597442795e-22,
      "timestep_8": 9.466989719280182e-23,
      "timestep_9": 7.210448682274409e-23
    },
    "temporal_importance": [
      2.6473629366442156e-15,
      5.625903367808009e-16,
      4.1138124330640533e-22,
      3.551493447160791e-22,
      2.85527990074579e-22,
      1.9755677152277744e-22,
      1.5277506906487658e-22,
      1.2840951597442795e-22,
      9.466989719280182e-23,
      7.210448682274409e-23,
      5.693582757504755e-23,
      4.5501304531087087e-23,
      3.7737998145062274e-23,
      2.8990855992482025e-23,
      2.457134323479364e-23,
      2.3060734554724198e-23,
      2.1207580381502448e-23,
      1.782787149387312e-23,
      1.525275813108034e-23,
      1.386215570507855e-23,
      1.1174321218677837e-23,
      9.473746155161219e-24,
      9.226898956143081e-24,
      6.990464879206124e-24,
      6.5458427570704784e-24,
      6.002391746298292e-24,
      4.6026109236642564e-24,
      4.391781930287152e-24,
      3.2073589514870946e-24,
      3.456125843518088e-24,
      3.0671549000173905e-24,
      2.8179160719498486e-24,
      2.342270811425029e-24,
      1.6924833227813134e-24,
      1.5719393613991404e-24,
      1.5126211628462728e-24,
      1.3754462386450042e-24,
      1.0326773006412908e-24,
      8.161518440599722e-25,
      5.546273455583248e-25,
      5.042067091554449e-25,
      4.537859248411453e-25,
      4.033652391344588e-25,
      2.2980072836912057e-25,
      1.9697204760526693e-25,
      9.404710965193065e-26,
      7.523767046521222e-26,
      4.925673935807088e-16,
      7.81677579110053e-16,
      1.1586943791526655e-15
    ],
    "trend_analysis": {
      "confidence_level": "high",
      "prediction_trend": "stable"
    }
  }
}