{
  "prediction": {
    "employee_id": "1623",
    "attrition_probability": 0.07658997923135757,
    "attrition_prediction": 1,
    "risk_category": "LOW",
    "confidence_score": 0.8468200415372849,
    "prediction_timestamp": "2025-09-23T22:53:37.917628"
  },
  "explanation": {
    "employee_id": "1623",
    "feature_importance": {
      "RelationshipSatisfaction": 0.03405288979411125,
      "Education": 0.02487798221409321,
      "JobInvolvement": 0.03501373156905174,
      "EnvironmentSatisfaction": 0.048257846385240555,
      "JobLevel": 0.07228615880012512,
      "JobSatisfaction": 0.04019258916378021,
      "StockOptionLevel": 0.07264421880245209,
      "WorkLifeBalance": 0.03580893576145172,
      "Department": 0.037670474499464035,
      "JobRole": 0.046762410551309586,
      "MaritalStatus": 0.036864522844552994,
      "OverTime": 0.0779639258980751,
      "Age": 0.04039482772350311,
      "DailyRate": 0.03578038513660431,
      "DistanceFromHome": 0.036774344742298126,
      "MonthlyIncome": 0.04666806384921074,
      "NumCompaniesWorked": 0.050036631524562836,
      "TotalWorkingYears": 0.04981709271669388,
      "TrainingTimesLastYear": 0.02378365956246853,
      "YearsAtCompany": 0.02968277968466282,
      "YearsInCurrentRole": 0.03649982064962387,
      "YearsSinceLastPromotion": 0.03537580743432045,
      "YearsWithCurrManager": 0.05279093235731125
    },
    "shap_values": {
      "RelationshipSatisfaction": -0.18227340281009674,
      "Education": -0.09747754782438278,
      "JobInvolvement": -0.10426015406847,
      "EnvironmentSatisfaction": -0.1937372088432312,
      "JobLevel": 0.05642339959740639,
      "JobSatisfaction": -0.47641241550445557,
      "StockOptionLevel": 0.2389872521162033,
      "WorkLifeBalance": -0.204081729054451,
      "Department": -0.08329733461141586,
      "JobRole": -0.10421860218048096,
      "MaritalStatus": -0.16083166003227234,
      "OverTime": -0.7645231485366821,
      "Age": 0.4350124001502991,
      "DailyRate": -0.12513798475265503,
      "DistanceFromHome": -0.2947806417942047,
      "MonthlyIncome": -0.1355109065771103,
      "NumCompaniesWorked": -0.2800888419151306,
      "TotalWorkingYears": -0.00426156260073185,
      "TrainingTimesLastYear": 0.00029347569216042757,
      "YearsAtCompany": 0.10456283390522003,
      "YearsInCurrentRole": -0.03872041404247284,
      "YearsSinceLastPromotion": -0.08552048355340958,
      "YearsWithCurrManager": -0.2650372087955475
    },
    "lime_explanation": {
      "features": [
        "OverTime=0",
        "NumCompaniesWorked <= 1.00",
        "StockOptionLevel <= 0.00",
        "3.00 < JobSatisfaction <= 4.00",
        "2.00 < JobInvolvement <= 3.00",
        "Age <= 30.00",
        "2.00 < WorkLifeBalance <= 3.00",
        "YearsWithCurrManager <= 2.00",
        "2.00 < DistanceFromHome <= 7.00",
        "2.00 < EnvironmentSatisfaction <= 3.00"
      ],
      "values": [
        -0.2067501228802537,
        -0.12248349421975577,
        0.10935426759603183,
        -0.08478166329908149,
        -0.06815250490792828,
        0.06656078976198826,
        -0.06312052718539217,
        0.060934942389009525,
        -0.051910358581399293,
        -0.045481111890158306
      ],
      "intercept": 0.5353649646342202
    },
    "top_risk_factors": [
      {
        "feature": "Age",
        "impact": 0.4350124001502991,
        "type": "risk"
      }
    ],
    "top_protective_factors": [
      {
        "feature": "OverTime",
        "impact": 0.7645231485366821,
        "type": "protective"
      },
      {
        "feature": "JobSatisfaction",
        "impact": 0.47641241550445557,
        "type": "protective"
      },
      {
        "feature": "DistanceFromHome",
        "impact": 0.2947806417942047,
        "type": "protective"
      },
      {
        "feature": "NumCompaniesWorked",
        "impact": 0.2800888419151306,
        "type": "protective"
      }
    ],
    "explanation_timestamp": "2025-09-23T22:53:38.005147"
  },
  "agent_type": "structura",
  "analysis_type": "individual"
}