{
  "confidence": 0.8,
  "employee_id": "138",
  "features_used": 11,
  "model_metadata": {
    "feature_dimensions": 11,
    "model_type": "GRU_CNN_Hybrid",
    "sequence_length": 50,
    "training_optimized": true
  },
  "predicted_attrition": 0,
  "risk_score": 7.404148050227377e-07,
  "sequence_length": 50,
  "xai_explanation": {
    "attention_weights": [
      [
        0.020001890137791634,
        0.020000772550702095,
        0.020000683143734932,
        0.020000601187348366,
        0.020000530406832695,
        0.02000046893954277,
        0.020000411197543144,
        0.020000334829092026,
        0.020000282675027847,
        0.02000023052096367,
        0.02000018022954464,
        0.02000013180077076,
        0.020000096410512924,
        0.02000006102025509,
        0.020000027492642403,
        0.020000001415610313,
        0.019999975338578224,
        0.019999947398900986,
        0.019999926909804344,
        0.019999910145998,
        0.01999989151954651,
        0.019999876618385315,
        0.01999986171722412,
        0.019999848678708076,
        0.01999983936548233,
        0.019999828189611435,
        0.01999981887638569,
        0.019999809563159943,
        0.019999802112579346,
        0.019999796524643898,
        0.01999979093670845,
        0.019999783486127853,
        0.019999779760837555,
        0.019999774172902107,
        0.01999976858496666,
        0.01999976485967636,
        0.019999762997031212,
        0.019999757409095764,
        0.019999755546450615,
        0.019999753683805466,
        0.019999749958515167,
        0.019999748095870018,
        0.01999974623322487,
        0.01999974250793457,
        0.01999974250793457,
        0.01999974064528942,
        0.01999974064528942,
        0.019999738782644272,
        0.019999738782644272,
        0.019999738782644272
      ]
    ],
    "feature_names": [
      "day_of_week",
      "day_index",
      "system_login_hours",
      "work_focused_hours",
      "meeting_collaboration_hours",
      "social_dining_hours",
      "break_relaxation_hours",
      "shared_work_hours",
      "internal_comm_volume",
      "cafeteria_usage",
      "convenience_food_usage"
    ],
    "gradient_importance": [
      5.192250629448836e-09,
      1.3548066002400105e-09,
      5.73336400577773e-09,
      1.0395974747723358e-08,
      1.2026541540421931e-08,
      1.8874701801507854e-09,
      8.251302574535657e-08,
      8.783259453082337e-09,
      2.736376103484872e-08,
      5.317414775163343e-08,
      6.37430375149961e-08
    ],
    "sequence_importance": {
      "timestep_0": 5.783070378129196e-07,
      "timestep_1": 1.238724109953182e-07,
      "timestep_10": 2.554173811743308e-14,
      "timestep_11": 2.3527475134137513e-14,
      "timestep_12": 1.5853541285196053e-14,
      "timestep_13": 1.609431548265077e-14,
      "timestep_14": 1.3491063904317192e-14,
      "timestep_15": 1.0253343143875725e-14,
      "timestep_16": 9.384045088569899e-15,
      "timestep_17": 9.101937377355065e-15,
      "timestep_18": 7.066836536524096e-15,
      "timestep_19": 5.824420891469223e-15,
      "timestep_2": 9.316570274585032e-14,
      "timestep_20": 5.482427103850563e-15,
      "timestep_21": 4.556896648758892e-15,
      "timestep_22": 3.514761097049351e-15,
      "timestep_23": 3.6292435291014006e-15,
      "timestep_24": 3.0289404797122004e-15,
      "timestep_25": 2.039651101823619e-15,
      "timestep_26": 2.2384372408082312e-15,
      "timestep_27": 1.767723985480953e-15,
      "timestep_28": 1.5452456996869275e-15,
      "timestep_29": 1.428713553781641e-15,
      "timestep_3": 7.766657190424672e-14,
      "timestep_30": 1.0663281891116626e-15,
      "timestep_31": 1.033478451472128e-15,
      "timestep_32": 8.609037999798592e-16,
      "timestep_33": 8.133537526011669e-16,
      "timestep_34": 6.249036919741028e-16,
      "timestep_35": 5.308848347738884e-16,
      "timestep_36": 4.544762690031237e-16,
      "timestep_37": 4.2237152331047877e-16,
      "timestep_38": 3.8551415516012877e-16,
      "timestep_39": 2.7782934779825227e-16,
      "timestep_4": 6.010194105636815e-14,
      "timestep_40": 1.867689119850011e-16,
      "timestep_41": 1.384805562787685e-16,
      "timestep_42": 1.4941502370888248e-16,
      "timestep_43": 1.0770703535929702e-16,
      "timestep_44": 7.344309018753758e-17,
      "timestep_45": 6.120256412720648e-17,
      "timestep_46": 1.9625469249717753e-08,
      "timestep_47": 1.4108384505107097e-07,
      "timestep_48": 1.7375599270508246e-07,
      "timestep_49": 2.0048028659402917e-07,
      "timestep_5": 5.0484454534567916e-14,
      "timestep_6": 4.4428728003444856e-14,
      "timestep_7": 4.468451501285671e-14,
      "timestep_8": 3.310852907481045e-14,
      "timestep_9": 2.9513243520080945e-14
    },
    "temporal_importance": [
      5.783070378129196e-07,
      1.238724109953182e-07,
      9.316570274585032e-14,
      7.766657190424672e-14,
      6.010194105636815e-14,
      5.0484454534567916e-14,
      4.4428728003444856e-14,
      4.468451501285671e-14,
      3.310852907481045e-14,
      2.9513243520080945e-14,
      2.554173811743308e-14,
      2.3527475134137513e-14,
      1.5853541285196053e-14,
      1.609431548265077e-14,
      1.3491063904317192e-14,
      1.0253343143875725e-14,
      9.384045088569899e-15,
      9.101937377355065e-15,
      7.066836536524096e-15,
      5.824420891469223e-15,
      5.482427103850563e-15,
      4.556896648758892e-15,
      3.514761097049351e-15,
      3.6292435291014006e-15,
      3.0289404797122004e-15,
      2.039651101823619e-15,
      2.2384372408082312e-15,
      1.767723985480953e-15,
      1.5452456996869275e-15,
      1.428713553781641e-15,
      1.0663281891116626e-15,
      1.033478451472128e-15,
      8.609037999798592e-16,
      8.133537526011669e-16,
      6.249036919741028e-16,
      5.308848347738884e-16,
      4.544762690031237e-16,
      4.2237152331047877e-16,
      3.8551415516012877e-16,
      2.7782934779825227e-16,
      1.867689119850011e-16,
      1.384805562787685e-16,
      1.4941502370888248e-16,
      1.0770703535929702e-16,
      7.344309018753758e-17,
      6.120256412720648e-17,
      1.9625469249717753e-08,
      1.4108384505107097e-07,
      1.7375599270508246e-07,
      2.0048028659402917e-07
    ],
    "trend_analysis": {
      "confidence_level": "high",
      "prediction_trend": "stable"
    }
  }
}