{
  "prediction": {
    "risk_score": 6.52555678597334e-27,
    "attrition_probability": 6.52555678597334e-27
  },
  "confidence": 0.8
}