{
  "confidence": 0.7,
  "employee_data": {
    "Age": 28,
    "AgeFactor": 1,
    "Attrition": "No",
    "BusinessTravel": "Travel_Rarely",
    "DailyRate": 640,
    "Department": "Research & Development",
    "DistanceFromHome": 1,
    "Education": 3,
    "EducationField": "Technical Degree",
    "EmployeeCount": 1,
    "EmployeeNumber": 1301,
    "EnvironmentSatisfaction": 4,
    "Gender": "Male",
    "HourlyRate": 84,
    "JobInvolvement": 3,
    "JobLevel": 1,
    "JobRole": "Research Scientist",
    "JobSatisfaction": 1,
    "MaritalStatus": "Single",
    "MonthlyIncome": 2080,
    "MonthlyRate": 4732,
    "Norm_EnvironmentSatisfaction": 1,
    "Norm_JobInvolvement": 0.6666666666666666,
    "Norm_JobLevel": 0,
    "Norm_JobSatisfaction": 0,
    "Norm_MonthlyIncome": 0.0563981042654028,
    "Norm_NumCompaniesWorked": 0.2222222222222222,
    "Norm_PercentSalaryHike": 0,
    "Norm_PerformanceRating": 0,
    "Norm_RelationshipSatisfaction": 0.3333333333333333,
    "Norm_TotalWorkingYears": 0.125,
    "Norm_TrainingTimesLastYear": 0.3333333333333333,
    "Norm_WorkLifeBalance": 0.3333333333333333,
    "Norm_YearsAtCompany": 0.075,
    "Norm_YearsSinceLastPromotion": 0.0666666666666666,
    "NumCompaniesWorked": 2,
    "Over18": "Y",
    "OverTime": "No",
    "OverTime_bin": 0,
    "PercentSalaryHike": 11,
    "PerformanceRating": 3,
    "Prob_N01": 0.1798854865719949,
    "Prob_N02": 0.0016915644250859,
    "Prob_N03": 0.0339759797180136,
    "Prob_P01": 0.0474172994489328,
    "Prob_P02": 0.172544262206805,
    "Prob_P03": 0.0045981488383787,
    "Prob_P04": 0.5446053364303702,
    "Prob_S01": 0.0024138170955921,
    "Prob_S02": 0.0095733876514494,
    "Prob_S03": 0.0032947176133768,
    "RelationshipSatisfaction": 2,
    "Score_N01": 0.6666666666666667,
    "Score_N02": 0.2,
    "Score_N03": 0.5,
    "Score_P01": 0.5333333333333333,
    "Score_P02": 0.6625000000000001,
    "Score_P03": 0.3,
    "Score_P04": 0.777440758293839,
    "Score_S01": 0.2355555555555555,
    "Score_S02": 0.3733333333333333,
    "Score_S03": 0.2666666666666666,
    "StandardHours": 80,
    "StockOptionLevel": 0,
    "TotalWorkingYears": 5,
    "TrainingTimesLastYear": 2,
    "WorkLifeBalance": 2,
    "YearsAtCompany": 3,
    "YearsInCurrentRole": 2,
    "YearsSinceLastPromotion": 1,
    "YearsWithCurrManager": 2,
    "argmax_Persona": "저평가된 전문가",
    "argmax_Persona_Code": "P04",
    "argmax_RiskTier": "High",
    "is_married": 0,
    "softmax_Persona": "저평가된 전문가",
    "softmax_Persona_Code": "P04",
    "softmax_RiskTier": "High"
  },
  "employee_id": 1301,
  "feature_importance": {},
  "lime_explanation": {},
  "model_interpretation": {},
  "predicted_attrition": 0,
  "risk_score": 0.45008549094200134,
  "shap_values": {},
  "xai_explanation": {}
}