{
  "confidence": 0.8,
  "employee_id": "1026",
  "features_used": 11,
  "model_metadata": {
    "feature_dimensions": 11,
    "model_type": "GRU_CNN_Hybrid",
    "sequence_length": 50,
    "training_optimized": true
  },
  "predicted_attrition": 0,
  "risk_score": 0.00049642997328192,
  "sequence_length": 50,
  "xai_explanation": {
    "attention_weights": [
      [
        0.020002031698822975,
        0.020001115277409554,
        0.02000100538134575,
        0.020000869408249855,
        0.020000776275992393,
        0.020000670105218887,
        0.02000059187412262,
        0.020000483840703964,
        0.020000416785478592,
        0.020000340417027473,
        0.0200002733618021,
        0.020000211894512177,
        0.020000161603093147,
        0.020000101998448372,
        0.020000053569674492,
        0.020000014454126358,
        0.019999980926513672,
        0.019999947398900986,
        0.0199999138712883,
        0.01999988593161106,
        0.019999859854578972,
        0.019999835640192032,
        0.01999981515109539,
        0.019999800249934196,
        0.019999785348773003,
        0.01999977044761181,
        0.019999755546450615,
        0.01999974437057972,
        0.019999733194708824,
        0.019999723881483078,
        0.019999712705612183,
        0.019999707117676735,
        0.019999699667096138,
        0.01999969407916069,
        0.019999686628580093,
        0.019999679177999496,
        0.019999675452709198,
        0.01999966986477375,
        0.019999666139483452,
        0.019999664276838303,
        0.019999660551548004,
        0.019999656826257706,
        0.019999656826257706,
        0.019999651238322258,
        0.019999651238322258,
        0.01999964937567711,
        0.01999964751303196,
        0.01999964378774166,
        0.01999964378774166,
        0.019999641925096512
      ]
    ],
    "feature_names": [
      "day_of_week",
      "day_index",
      "system_login_hours",
      "work_focused_hours",
      "meeting_collaboration_hours",
      "social_dining_hours",
      "break_relaxation_hours",
      "shared_work_hours",
      "internal_comm_volume",
      "cafeteria_usage",
      "convenience_food_usage"
    ],
    "gradient_importance": [
      2.3280244931811467e-06,
      1.120359684136929e-06,
      3.839206328848377e-06,
      6.966791261220351e-06,
      8.059504580160137e-06,
      1.511228902018047e-06,
      5.529553163796663e-05,
      5.886040071345633e-06,
      1.8337635992793366e-05,
      3.56342970917467e-05,
      4.271696161595173e-05
    ],
    "sequence_importance": {
      "timestep_0": 0.0003875484981108457,
      "timestep_1": 8.301224443130195e-05,
      "timestep_10": 2.0206995798854877e-11,
      "timestep_11": 1.836786972519988e-11,
      "timestep_12": 1.4025355529745376e-11,
      "timestep_13": 1.5680269582762918e-11,
      "timestep_14": 1.1591472573457828e-11,
      "timestep_15": 9.477564566484631e-12,
      "timestep_16": 8.038387663833468e-12,
      "timestep_17": 7.714041211359657e-12,
      "timestep_18": 6.70616773917887e-12,
      "timestep_19": 5.290780834277253e-12,
      "timestep_2": 6.680050262941606e-11,
      "timestep_20": 5.3997500915059504e-12,
      "timestep_21": 4.258193190415094e-12,
      "timestep_22": 3.4589260709122494e-12,
      "timestep_23": 2.8966102520039394e-12,
      "timestep_24": 2.335039713668996e-12,
      "timestep_25": 2.2992328527204897e-12,
      "timestep_26": 1.8827248787767203e-12,
      "timestep_27": 1.8500580841601666e-12,
      "timestep_28": 1.4232988702553295e-12,
      "timestep_29": 1.3126159230728018e-12,
      "timestep_3": 6.74947805978654e-11,
      "timestep_30": 1.1765057244400579e-12,
      "timestep_31": 9.889910071447794e-13,
      "timestep_32": 7.355253016892715e-13,
      "timestep_33": 6.573752501549956e-13,
      "timestep_34": 5.830049442344387e-13,
      "timestep_35": 5.540875375707743e-13,
      "timestep_36": 4.2794473477034134e-13,
      "timestep_37": 3.689612905564271e-13,
      "timestep_38": 3.40838116194217e-13,
      "timestep_39": 2.346397273526868e-13,
      "timestep_4": 4.4973150203908574e-11,
      "timestep_40": 1.9126531142308473e-13,
      "timestep_41": 1.3246047596456034e-13,
      "timestep_42": 1.177425941033955e-13,
      "timestep_43": 8.759432659462621e-14,
      "timestep_44": 7.508082426176815e-14,
      "timestep_45": 5.154562418715168e-14,
      "timestep_46": 4.6908124204492196e-05,
      "timestep_47": 6.518551526824012e-05,
      "timestep_48": 0.00012510440137702972,
      "timestep_49": 0.0001181297775474377,
      "timestep_5": 4.65462078602652e-11,
      "timestep_6": 3.5008190790719595e-11,
      "timestep_7": 3.8898714110890964e-11,
      "timestep_8": 2.4409391174984307e-11,
      "timestep_9": 2.5168938114217276e-11
    },
    "temporal_importance": [
      0.0003875484981108457,
      8.301224443130195e-05,
      6.680050262941606e-11,
      6.74947805978654e-11,
      4.4973150203908574e-11,
      4.65462078602652e-11,
      3.5008190790719595e-11,
      3.8898714110890964e-11,
      2.4409391174984307e-11,
      2.5168938114217276e-11,
      2.0206995798854877e-11,
      1.836786972519988e-11,
      1.4025355529745376e-11,
      1.5680269582762918e-11,
      1.1591472573457828e-11,
      9.477564566484631e-12,
      8.038387663833468e-12,
      7.714041211359657e-12,
      6.70616773917887e-12,
      5.290780834277253e-12,
      5.3997500915059504e-12,
      4.258193190415094e-12,
      3.4589260709122494e-12,
      2.8966102520039394e-12,
      2.335039713668996e-12,
      2.2992328527204897e-12,
      1.8827248787767203e-12,
      1.8500580841601666e-12,
      1.4232988702553295e-12,
      1.3126159230728018e-12,
      1.1765057244400579e-12,
      9.889910071447794e-13,
      7.355253016892715e-13,
      6.573752501549956e-13,
      5.830049442344387e-13,
      5.540875375707743e-13,
      4.2794473477034134e-13,
      3.689612905564271e-13,
      3.40838116194217e-13,
      2.346397273526868e-13,
      1.9126531142308473e-13,
      1.3246047596456034e-13,
      1.177425941033955e-13,
      8.759432659462621e-14,
      7.508082426176815e-14,
      5.154562418715168e-14,
      4.6908124204492196e-05,
      6.518551526824012e-05,
      0.00012510440137702972,
      0.0001181297775474377
    ],
    "trend_analysis": {
      "confidence_level": "high",
      "prediction_trend": "stable"
    }
  }
}