{
  "prediction": {
    "employee_id": "1241",
    "attrition_probability": 0.09170616418123245,
    "attrition_prediction": 1,
    "risk_category": "LOW",
    "confidence_score": 0.8165876716375351,
    "prediction_timestamp": "2025-09-23T22:53:11.031256"
  },
  "explanation": {
    "employee_id": "1241",
    "feature_importance": {
      "RelationshipSatisfaction": 0.03405288979411125,
      "Education": 0.02487798221409321,
      "JobInvolvement": 0.03501373156905174,
      "EnvironmentSatisfaction": 0.048257846385240555,
      "JobLevel": 0.07228615880012512,
      "JobSatisfaction": 0.04019258916378021,
      "StockOptionLevel": 0.07264421880245209,
      "WorkLifeBalance": 0.03580893576145172,
      "Department": 0.037670474499464035,
      "JobRole": 0.046762410551309586,
      "MaritalStatus": 0.036864522844552994,
      "OverTime": 0.0779639258980751,
      "Age": 0.04039482772350311,
      "DailyRate": 0.03578038513660431,
      "DistanceFromHome": 0.036774344742298126,
      "MonthlyIncome": 0.04666806384921074,
      "NumCompaniesWorked": 0.050036631524562836,
      "TotalWorkingYears": 0.04981709271669388,
      "TrainingTimesLastYear": 0.02378365956246853,
      "YearsAtCompany": 0.02968277968466282,
      "YearsInCurrentRole": 0.03649982064962387,
      "YearsSinceLastPromotion": 0.03537580743432045,
      "YearsWithCurrManager": 0.05279093235731125
    },
    "shap_values": {
      "RelationshipSatisfaction": 0.41686028242111206,
      "Education": 0.03031689114868641,
      "JobInvolvement": -0.06014777347445488,
      "EnvironmentSatisfaction": -0.28440970182418823,
      "JobLevel": -0.010254369117319584,
      "JobSatisfaction": 0.12037231773138046,
      "StockOptionLevel": -0.38944703340530396,
      "WorkLifeBalance": -0.12569041550159454,
      "Department": -0.005948761478066444,
      "JobRole": -0.35030585527420044,
      "MaritalStatus": -0.1346350461244583,
      "OverTime": -0.34240269660949707,
      "Age": 0.43064793944358826,
      "DailyRate": -0.02276567555963993,
      "DistanceFromHome": -0.6433585286140442,
      "MonthlyIncome": -0.14942418038845062,
      "NumCompaniesWorked": -0.6573313474655151,
      "TotalWorkingYears": -0.135625958442688,
      "TrainingTimesLastYear": 0.04985768347978592,
      "YearsAtCompany": -0.07091524451971054,
      "YearsInCurrentRole": -0.23644407093524933,
      "YearsSinceLastPromotion": 0.1469736248254776,
      "YearsWithCurrManager": -0.1441856324672699
    },
    "lime_explanation": {
      "features": [
        "OverTime=0",
        "NumCompaniesWorked <= 1.00",
        "DistanceFromHome <= 2.00",
        "RelationshipSatisfaction <= 2.00",
        "0.00 < StockOptionLevel <= 1.00",
        "2.00 < JobInvolvement <= 3.00",
        "2.00 < WorkLifeBalance <= 3.00",
        "DailyRate > 1162.00",
        "3.00 < EnvironmentSatisfaction <= 4.00",
        "Age <= 30.00"
      ],
      "values": [
        -0.20142670042337016,
        -0.1164405713760745,
        -0.1051560890677183,
        0.09376352282024362,
        -0.08150288563868063,
        -0.07639738810306308,
        -0.0718858091324211,
        -0.07093510775883888,
        -0.07064124744679792,
        0.07040842874434466
      ],
      "intercept": 0.62967700806946
    },
    "top_risk_factors": [
      {
        "feature": "Age",
        "impact": 0.43064793944358826,
        "type": "risk"
      },
      {
        "feature": "RelationshipSatisfaction",
        "impact": 0.41686028242111206,
        "type": "risk"
      }
    ],
    "top_protective_factors": [
      {
        "feature": "NumCompaniesWorked",
        "impact": 0.6573313474655151,
        "type": "protective"
      },
      {
        "feature": "DistanceFromHome",
        "impact": 0.6433585286140442,
        "type": "protective"
      },
      {
        "feature": "StockOptionLevel",
        "impact": 0.38944703340530396,
        "type": "protective"
      }
    ],
    "explanation_timestamp": "2025-09-23T22:53:11.119597"
  },
  "agent_type": "structura",
  "analysis_type": "individual"
}