{
  "prediction": {
    "risk_score": 0.7089797854423523,
    "attrition_probability": 0.7089797854423523
  },
  "confidence": 0.8
}