{
  "prediction": {
    "risk_score": 2.2680660242390754e-38,
    "attrition_probability": 2.2680660242390754e-38
  },
  "confidence": 0.8
}