{
  "confidence": 0.8,
  "employee_id": "1111",
  "features_used": 11,
  "model_metadata": {
    "feature_dimensions": 11,
    "model_type": "GRU_CNN_Hybrid",
    "sequence_length": 50,
    "training_optimized": true
  },
  "predicted_attrition": 1,
  "risk_score": 0.9999995231628418,
  "sequence_length": 50,
  "xai_explanation": {
    "attention_weights": [
      [
        0.020002614706754684,
        0.020002156496047974,
        0.020001882687211037,
        0.020001627504825592,
        0.020001443102955818,
        0.020001240074634552,
        0.020001068711280823,
        0.020000899210572243,
        0.0200007613748312,
        0.020000627264380455,
        0.02000047266483307,
        0.02000037021934986,
        0.0200002733618021,
        0.020000170916318893,
        0.020000094547867775,
        0.020000018179416656,
        0.01999995857477188,
        0.019999900832772255,
        0.019999844953417778,
        0.019999796524643898,
        0.019999749958515167,
        0.019999712705612183,
        0.01999967359006405,
        0.01999964565038681,
        0.019999617710709572,
        0.01999959535896778,
        0.01999957300722599,
        0.019999554380774498,
        0.019999535754323006,
        0.019999518990516663,
        0.019999507814645767,
        0.019999494776129723,
        0.019999483600258827,
        0.019999468699097633,
        0.019999461248517036,
        0.01999945007264614,
        0.019999442622065544,
        0.019999435171484947,
        0.01999943144619465,
        0.0199994258582592,
        0.019999418407678604,
        0.019999414682388306,
        0.019999409094452858,
        0.01999940536916256,
        0.01999940164387226,
        0.019999397918581963,
        0.019999394193291664,
        0.019999392330646515,
        0.019999390468001366,
        0.019999388605356216
      ]
    ],
    "feature_names": [
      "day_of_week",
      "day_index",
      "system_login_hours",
      "work_focused_hours",
      "meeting_collaboration_hours",
      "social_dining_hours",
      "break_relaxation_hours",
      "shared_work_hours",
      "internal_comm_volume",
      "cafeteria_usage",
      "convenience_food_usage"
    ],
    "gradient_importance": [
      1.6977250716365688e-09,
      4.844146195281951e-10,
      1.0862422072932532e-09,
      5.279558568105358e-09,
      2.5911948142720576e-09,
      7.235522181403553e-10,
      3.415216909274932e-08,
      2.5324049524044767e-09,
      4.134121933674351e-09,
      2.249246833230245e-08,
      2.2999529392109253e-08
    ],
    "sequence_importance": {
      "timestep_0": 8.691220187984072e-09,
      "timestep_1": 2.350555730959436e-13,
      "timestep_10": 5.834091212518142e-14,
      "timestep_11": 4.557981867370914e-14,
      "timestep_12": 3.810256756918602e-14,
      "timestep_13": 3.564420351757913e-14,
      "timestep_14": 2.6517125355316612e-14,
      "timestep_15": 2.325713948682362e-14,
      "timestep_16": 1.84580219083361e-14,
      "timestep_17": 1.7584846136197742e-14,
      "timestep_18": 1.4401430352070643e-14,
      "timestep_19": 1.282752370442659e-14,
      "timestep_2": 2.1273534691647333e-13,
      "timestep_20": 1.0331088062939461e-14,
      "timestep_21": 8.54688007515111e-15,
      "timestep_22": 8.021191099294358e-15,
      "timestep_23": 5.86475151821979e-15,
      "timestep_24": 5.2018110176558444e-15,
      "timestep_25": 4.0451248477420005e-15,
      "timestep_26": 3.5482601913220746e-15,
      "timestep_27": 3.0350221762734863e-15,
      "timestep_28": 2.6229175657864565e-15,
      "timestep_29": 2.2835305220629716e-15,
      "timestep_3": 1.9212002865323652e-13,
      "timestep_30": 1.6740446826134692e-15,
      "timestep_31": 1.5900823299586499e-15,
      "timestep_32": 1.4375432369820567e-15,
      "timestep_33": 1.2287459097147274e-15,
      "timestep_34": 8.399741452487974e-16,
      "timestep_35": 1.0072521938427666e-15,
      "timestep_36": 6.900426432003266e-16,
      "timestep_37": 4.911392430920788e-16,
      "timestep_38": 4.531347805729097e-16,
      "timestep_39": 3.677766499699133e-16,
      "timestep_4": 1.401813913429542e-13,
      "timestep_40": 2.972878915883905e-16,
      "timestep_41": 3.1985621096525447e-16,
      "timestep_42": 2.3782993739984205e-16,
      "timestep_43": 1.7964586782440487e-16,
      "timestep_44": 1.4288146154001603e-16,
      "timestep_45": 6.453408367510056e-17,
      "timestep_46": 6.069362305735976e-17,
      "timestep_47": 1.567630221188665e-07,
      "timestep_48": 1.599062784407579e-07,
      "timestep_49": 1.2088052869785315e-07,
      "timestep_5": 1.2086383597512823e-13,
      "timestep_6": 1.0087002983100515e-13,
      "timestep_7": 9.133830708918031e-14,
      "timestep_8": 7.28878762901175e-14,
      "timestep_9": 6.372668641700316e-14
    },
    "temporal_importance": [
      8.691220187984072e-09,
      2.350555730959436e-13,
      2.1273534691647333e-13,
      1.9212002865323652e-13,
      1.401813913429542e-13,
      1.2086383597512823e-13,
      1.0087002983100515e-13,
      9.133830708918031e-14,
      7.28878762901175e-14,
      6.372668641700316e-14,
      5.834091212518142e-14,
      4.557981867370914e-14,
      3.810256756918602e-14,
      3.564420351757913e-14,
      2.6517125355316612e-14,
      2.325713948682362e-14,
      1.84580219083361e-14,
      1.7584846136197742e-14,
      1.4401430352070643e-14,
      1.282752370442659e-14,
      1.0331088062939461e-14,
      8.54688007515111e-15,
      8.021191099294358e-15,
      5.86475151821979e-15,
      5.2018110176558444e-15,
      4.0451248477420005e-15,
      3.5482601913220746e-15,
      3.0350221762734863e-15,
      2.6229175657864565e-15,
      2.2835305220629716e-15,
      1.6740446826134692e-15,
      1.5900823299586499e-15,
      1.4375432369820567e-15,
      1.2287459097147274e-15,
      8.399741452487974e-16,
      1.0072521938427666e-15,
      6.900426432003266e-16,
      4.911392430920788e-16,
      4.531347805729097e-16,
      3.677766499699133e-16,
      2.972878915883905e-16,
      3.1985621096525447e-16,
      2.3782993739984205e-16,
      1.7964586782440487e-16,
      1.4288146154001603e-16,
      6.453408367510056e-17,
      6.069362305735976e-17,
      1.567630221188665e-07,
      1.599062784407579e-07,
      1.2088052869785315e-07
    ],
    "trend_analysis": {
      "confidence_level": "high",
      "prediction_trend": "increasing"
    }
  }
}