{
  "confidence": 0.8,
  "employee_id": "1297",
  "features_used": 11,
  "model_metadata": {
    "feature_dimensions": 11,
    "model_type": "GRU_CNN_Hybrid",
    "sequence_length": 50,
    "training_optimized": true
  },
  "predicted_attrition": 0,
  "risk_score": 1.097823980160395e-12,
  "sequence_length": 50,
  "xai_explanation": {
    "attention_weights": [
      [
        0.020002193748950958,
        0.020000014454126358,
        0.020000034943223,
        0.020000062882900238,
        0.020000064745545387,
        0.02000005729496479,
        0.020000062882900238,
        0.02000005729496479,
        0.02000005729496479,
        0.020000047981739044,
        0.020000038668513298,
        0.020000023767352104,
        0.020000018179416656,
        0.02000001072883606,
        0.020000001415610313,
        0.019999992102384567,
        0.019999980926513672,
        0.019999971613287926,
        0.01999996416270733,
        0.01999996043741703,
        0.019999951124191284,
        0.019999945536255836,
        0.01999993808567524,
        0.01999993436038494,
        0.019999928772449493,
        0.019999926909804344,
        0.019999925047159195,
        0.019999919459223747,
        0.019999917596578598,
        0.01999991573393345,
        0.01999991200864315,
        0.019999910145998,
        0.019999904558062553,
        0.019999904558062553,
        0.019999902695417404,
        0.019999900832772255,
        0.019999900832772255,
        0.019999900832772255,
        0.019999898970127106,
        0.019999895244836807,
        0.019999895244836807,
        0.019999895244836807,
        0.019999895244836807,
        0.019999893382191658,
        0.019999893382191658,
        0.01999989151954651,
        0.01999989151954651,
        0.01999989151954651,
        0.01999989151954651,
        0.01999989151954651
      ]
    ],
    "feature_names": [
      "day_of_week",
      "day_index",
      "system_login_hours",
      "work_focused_hours",
      "meeting_collaboration_hours",
      "social_dining_hours",
      "break_relaxation_hours",
      "shared_work_hours",
      "internal_comm_volume",
      "cafeteria_usage",
      "convenience_food_usage"
    ],
    "gradient_importance": [
      6.5162676619076425e-15,
      2.7447348796452546e-15,
      8.423785859124327e-15,
      1.5837457823593588e-14,
      1.8289982430062107e-14,
      3.2502911528951937e-15,
      1.2600810423302883e-13,
      1.3329422065893812e-14,
      4.168213558054627e-14,
      8.11446382634716e-14,
      9.726154072669385e-14
    ],
    "sequence_importance": {
      "timestep_0": 8.822187229882983e-13,
      "timestep_1": 1.8748007703586755e-13,
      "timestep_10": 2.1801021974844145e-20,
      "timestep_11": 1.7362152703621523e-20,
      "timestep_12": 1.3215590804740528e-20,
      "timestep_13": 1.0533225023990056e-20,
      "timestep_14": 8.747594113080956e-21,
      "timestep_15": 8.025711815360082e-21,
      "timestep_16": 6.5859062161899364e-21,
      "timestep_17": 6.4022297110408996e-21,
      "timestep_18": 4.591591934679843e-21,
      "timestep_19": 3.627813833852977e-21,
      "timestep_2": 1.532543628765078e-19,
      "timestep_20": 4.930203245969183e-21,
      "timestep_21": 3.442814566738065e-21,
      "timestep_22": 2.7071529263522205e-21,
      "timestep_23": 2.3501610802405838e-21,
      "timestep_24": 1.5783560293662723e-21,
      "timestep_25": 1.7973069610741333e-21,
      "timestep_26": 1.5875364013062255e-21,
      "timestep_27": 1.2995132631210941e-21,
      "timestep_28": 1.0055697049096174e-21,
      "timestep_29": 9.939644376558873e-22,
      "timestep_3": 1.3667323022984973e-19,
      "timestep_30": 8.2162496180925645e-22,
      "timestep_31": 8.89645269601069e-22,
      "timestep_32": 6.048975323815132e-22,
      "timestep_33": 4.900966369503912e-22,
      "timestep_34": 4.612672923396441e-22,
      "timestep_35": 4.32437947728897e-22,
      "timestep_36": 3.173111580806101e-22,
      "timestep_37": 2.184350292976209e-22,
      "timestep_38": 2.016322541510899e-22,
      "timestep_39": 1.848295547352058e-22,
      "timestep_4": 9.635181367011516e-20,
      "timestep_40": 1.6802686794109617e-22,
      "timestep_41": 1.512241559034376e-22,
      "timestep_42": 1.3442146910932797e-22,
      "timestep_43": 8.775325943913262e-23,
      "timestep_44": 3.6777642021222634e-14,
      "timestep_45": 3.5327782501671026e-14,
      "timestep_46": 2.5072351951143124e-23,
      "timestep_47": 1.6414529512096682e-13,
      "timestep_48": 2.2410332866772825e-13,
      "timestep_49": 3.5398460963669e-13,
      "timestep_5": 6.896560196024048e-20,
      "timestep_6": 6.509302021325424e-20,
      "timestep_7": 4.8939304067564526e-20,
      "timestep_8": 3.8847661820326375e-20,
      "timestep_9": 2.7311122451065616e-20
    },
    "temporal_importance": [
      8.822187229882983e-13,
      1.8748007703586755e-13,
      1.532543628765078e-19,
      1.3667323022984973e-19,
      9.635181367011516e-20,
      6.896560196024048e-20,
      6.509302021325424e-20,
      4.8939304067564526e-20,
      3.8847661820326375e-20,
      2.7311122451065616e-20,
      2.1801021974844145e-20,
      1.7362152703621523e-20,
      1.3215590804740528e-20,
      1.0533225023990056e-20,
      8.747594113080956e-21,
      8.025711815360082e-21,
      6.5859062161899364e-21,
      6.4022297110408996e-21,
      4.591591934679843e-21,
      3.627813833852977e-21,
      4.930203245969183e-21,
      3.442814566738065e-21,
      2.7071529263522205e-21,
      2.3501610802405838e-21,
      1.5783560293662723e-21,
      1.7973069610741333e-21,
      1.5875364013062255e-21,
      1.2995132631210941e-21,
      1.0055697049096174e-21,
      9.939644376558873e-22,
      8.2162496180925645e-22,
      8.89645269601069e-22,
      6.048975323815132e-22,
      4.900966369503912e-22,
      4.612672923396441e-22,
      4.32437947728897e-22,
      3.173111580806101e-22,
      2.184350292976209e-22,
      2.016322541510899e-22,
      1.848295547352058e-22,
      1.6802686794109617e-22,
      1.512241559034376e-22,
      1.3442146910932797e-22,
      8.775325943913262e-23,
      3.6777642021222634e-14,
      3.5327782501671026e-14,
      2.5072351951143124e-23,
      1.6414529512096682e-13,
      2.2410332866772825e-13,
      3.5398460963669e-13
    ],
    "trend_analysis": {
      "confidence_level": "high",
      "prediction_trend": "stable"
    }
  }
}