{
  "prediction": {
    "risk_score": 2.6147104919095706e-33,
    "attrition_probability": 2.6147104919095706e-33
  },
  "confidence": 0.8
}