{
  "prediction": {
    "risk_score": 3.419964914006638e-21,
    "attrition_probability": 3.419964914006638e-21
  },
  "confidence": 0.8
}