{
  "confidence": 0.8,
  "employee_id": "1673",
  "features_used": 11,
  "model_metadata": {
    "feature_dimensions": 11,
    "model_type": "GRU_CNN_Hybrid",
    "sequence_length": 50,
    "training_optimized": true
  },
  "predicted_attrition": 0,
  "risk_score": 3.2486794857025712e-24,
  "sequence_length": 50,
  "xai_explanation": {
    "attention_weights": [
      [
        0.02000579610466957,
        0.01999933272600174,
        0.019999464973807335,
        0.01999957673251629,
        0.0199996717274189,
        0.01999974437057972,
        0.019999787211418152,
        0.019999831914901733,
        0.01999986357986927,
        0.019999882206320763,
        0.019999902695417404,
        0.019999917596578598,
        0.019999925047159195,
        0.019999930635094643,
        0.01999993436038494,
        0.01999993994832039,
        0.019999941810965538,
        0.019999941810965538,
        0.019999941810965538,
        0.01999993994832039,
        0.01999993994832039,
        0.01999993994832039,
        0.01999993622303009,
        0.01999993622303009,
        0.01999993436038494,
        0.01999993436038494,
        0.01999993436038494,
        0.01999993436038494,
        0.019999932497739792,
        0.019999930635094643,
        0.019999930635094643,
        0.019999930635094643,
        0.019999930635094643,
        0.019999930635094643,
        0.019999926909804344,
        0.019999926909804344,
        0.019999926909804344,
        0.019999925047159195,
        0.019999925047159195,
        0.019999925047159195,
        0.019999925047159195,
        0.019999925047159195,
        0.019999925047159195,
        0.019999925047159195,
        0.019999925047159195,
        0.019999925047159195,
        0.019999925047159195,
        0.019999925047159195,
        0.019999925047159195,
        0.019999925047159195
      ]
    ],
    "feature_names": [
      "day_of_week",
      "day_index",
      "system_login_hours",
      "work_focused_hours",
      "meeting_collaboration_hours",
      "social_dining_hours",
      "break_relaxation_hours",
      "shared_work_hours",
      "internal_comm_volume",
      "cafeteria_usage",
      "convenience_food_usage"
    ],
    "gradient_importance": [
      2.3763812309224955e-26,
      1.390670409788082e-26,
      3.825754447638687e-26,
      4.68609108125338e-26,
      7.672095083415732e-26,
      3.0183365140687244e-26,
      4.748727684833818e-25,
      5.712730995193933e-26,
      1.7873378069178344e-25,
      3.0290612013347204e-25,
      3.7717399704927983e-25
    ],
    "sequence_importance": {
      "timestep_0": 3.373019741583507e-24,
      "timestep_1": 1.3065748359222969e-24,
      "timestep_10": 1.4139916927044073e-31,
      "timestep_11": 1.0447256589190166e-31,
      "timestep_12": 7.210843224709614e-32,
      "timestep_13": 5.400239855587202e-32,
      "timestep_14": 4.4923932257564657e-32,
      "timestep_15": 3.474391901930936e-32,
      "timestep_16": 2.428494333918867e-32,
      "timestep_17": 1.9169350616147437e-32,
      "timestep_18": 1.4285017304847287e-32,
      "timestep_19": 9.720526455514281e-33,
      "timestep_2": 1.0899712081556515e-25,
      "timestep_20": 7.052495172509427e-33,
      "timestep_21": 6.870423587194532e-33,
      "timestep_22": 4.3755069898932915e-33,
      "timestep_23": 4.183430110942976e-33,
      "timestep_24": 3.0298179548032298e-33,
      "timestep_25": 2.1934847645908737e-33,
      "timestep_26": 2.1104120278052857e-33,
      "timestep_27": 1.4535395397520527e-33,
      "timestep_28": 1.0856182568103232e-33,
      "timestep_29": 1.0234424116689976e-33,
      "timestep_3": 7.854357968013599e-31,
      "timestep_30": 9.747069668968825e-34,
      "timestep_31": 7.408251466452588e-34,
      "timestep_32": 5.422590337831752e-34,
      "timestep_33": 5.504191227120416e-34,
      "timestep_34": 5.180415083510841e-34,
      "timestep_35": 4.856638939901265e-34,
      "timestep_36": 4.532863255469171e-34,
      "timestep_37": 4.209087111859595e-34,
      "timestep_38": 3.885310509072539e-34,
      "timestep_39": 3.5615348246404446e-34,
      "timestep_4": 6.576582913330783e-31,
      "timestep_40": 1.8551138713842559e-34,
      "timestep_41": 1.6696024957252673e-34,
      "timestep_42": 0,
      "timestep_43": 1.2985797444072902e-34,
      "timestep_44": 0,
      "timestep_45": 0,
      "timestep_46": 0,
      "timestep_47": 5.709700783241753e-25,
      "timestep_48": 7.623213070904679e-25,
      "timestep_49": 1.2440556370312687e-24,
      "timestep_5": 4.847805941067981e-31,
      "timestep_6": 3.473526091566838e-31,
      "timestep_7": 3.0922112406855186e-31,
      "timestep_8": 2.1913528072209857e-31,
      "timestep_9": 1.5770226499120415e-31
    },
    "temporal_importance": [
      3.373019741583507e-24,
      1.3065748359222969e-24,
      1.0899712081556515e-25,
      7.854357968013599e-31,
      6.576582913330783e-31,
      4.847805941067981e-31,
      3.473526091566838e-31,
      3.0922112406855186e-31,
      2.1913528072209857e-31,
      1.5770226499120415e-31,
      1.4139916927044073e-31,
      1.0447256589190166e-31,
      7.210843224709614e-32,
      5.400239855587202e-32,
      4.4923932257564657e-32,
      3.474391901930936e-32,
      2.428494333918867e-32,
      1.9169350616147437e-32,
      1.4285017304847287e-32,
      9.720526455514281e-33,
      7.052495172509427e-33,
      6.870423587194532e-33,
      4.3755069898932915e-33,
      4.183430110942976e-33,
      3.0298179548032298e-33,
      2.1934847645908737e-33,
      2.1104120278052857e-33,
      1.4535395397520527e-33,
      1.0856182568103232e-33,
      1.0234424116689976e-33,
      9.747069668968825e-34,
      7.408251466452588e-34,
      5.422590337831752e-34,
      5.504191227120416e-34,
      5.180415083510841e-34,
      4.856638939901265e-34,
      4.532863255469171e-34,
      4.209087111859595e-34,
      3.885310509072539e-34,
      3.5615348246404446e-34,
      1.8551138713842559e-34,
      1.6696024957252673e-34,
      0,
      1.2985797444072902e-34,
      0,
      0,
      0,
      5.709700783241753e-25,
      7.623213070904679e-25,
      1.2440556370312687e-24
    ],
    "trend_analysis": {
      "confidence_level": "high",
      "prediction_trend": "stable"
    }
  }
}