{
  "confidence": 0.7,
  "employee_data": {
    "Age": 40,
    "AgeFactor": 1,
    "Attrition": "No",
    "BusinessTravel": "Travel_Rarely",
    "DailyRate": 1202,
    "Department": "Research & Development",
    "DistanceFromHome": 2,
    "Education": 1,
    "EducationField": "Medical",
    "EmployeeCount": 1,
    "EmployeeNumber": 1375,
    "EnvironmentSatisfaction": 2,
    "Gender": "Female",
    "HourlyRate": 89,
    "JobInvolvement": 4,
    "JobLevel": 2,
    "JobRole": "Healthcare Representative",
    "JobSatisfaction": 3,
    "MaritalStatus": "Divorced",
    "MonthlyIncome": 6377,
    "MonthlyRate": 13888,
    "Norm_EnvironmentSatisfaction": 0.3333333333333333,
    "Norm_JobInvolvement": 1,
    "Norm_JobLevel": 0.25,
    "Norm_JobSatisfaction": 0.6666666666666666,
    "Norm_MonthlyIncome": 0.2826750921537651,
    "Norm_NumCompaniesWorked": 0.5555555555555556,
    "Norm_PercentSalaryHike": 0.6428571428571429,
    "Norm_PerformanceRating": 1,
    "Norm_RelationshipSatisfaction": 0.3333333333333333,
    "Norm_TotalWorkingYears": 0.375,
    "Norm_TrainingTimesLastYear": 0,
    "Norm_WorkLifeBalance": 0.6666666666666666,
    "Norm_YearsAtCompany": 0.3,
    "Norm_YearsSinceLastPromotion": 0.7333333333333333,
    "NumCompaniesWorked": 5,
    "Over18": "Y",
    "OverTime": "No",
    "OverTime_bin": 0,
    "PercentSalaryHike": 20,
    "PerformanceRating": 4,
    "Prob_N01": 0.0002535380206334,
    "Prob_N02": 0.5163610006998688,
    "Prob_N03": 0.0184206589037477,
    "Prob_P01": 0.0006571384631843,
    "Prob_P02": 0.1152157127805653,
    "Prob_P03": 0.0975279952889944,
    "Prob_P04": 0.015049486353071,
    "Prob_S01": 0.0044922859397452,
    "Prob_S02": 0.0712257032284823,
    "Prob_S03": 0.1607964803217072,
    "RelationshipSatisfaction": 2,
    "Score_N01": 0.0714285714285714,
    "Score_N02": 0.8333333333333333,
    "Score_N03": 0.5,
    "Score_P01": 0.1666666666666666,
    "Score_P02": 0.6833333333333333,
    "Score_P03": 0.6666666666666666,
    "Score_P04": 0.4797871059956368,
    "Score_S01": 0.3588888888888889,
    "Score_S02": 0.6352380952380953,
    "Score_S03": 0.7166666666666668,
    "StandardHours": 80,
    "StockOptionLevel": 3,
    "TotalWorkingYears": 15,
    "TrainingTimesLastYear": 0,
    "WorkLifeBalance": 3,
    "YearsAtCompany": 12,
    "YearsInCurrentRole": 11,
    "YearsSinceLastPromotion": 11,
    "YearsWithCurrManager": 8,
    "argmax_Persona": "유능하지만 불만이 많은 직원",
    "argmax_Persona_Code": "N02",
    "argmax_RiskTier": "Neutral",
    "is_married": 0,
    "softmax_Persona": "유능하지만 불만이 많은 직원",
    "softmax_Persona_Code": "N02",
    "softmax_RiskTier": "Neutral"
  },
  "employee_id": 1375,
  "feature_importance": {},
  "lime_explanation": {},
  "model_interpretation": {},
  "predicted_attrition": 0,
  "risk_score": 0.0016264027217403054,
  "shap_values": {},
  "xai_explanation": {}
}