{
  "prediction": {
    "employee_id": "1045",
    "attrition_probability": 0.009930814616382122,
    "attrition_prediction": 0,
    "risk_category": "LOW",
    "confidence_score": 0.9801383707672358,
    "prediction_timestamp": "2025-09-23T22:52:58.082838"
  },
  "explanation": {
    "employee_id": "1045",
    "feature_importance": {
      "RelationshipSatisfaction": 0.03405288979411125,
      "Education": 0.02487798221409321,
      "JobInvolvement": 0.03501373156905174,
      "EnvironmentSatisfaction": 0.048257846385240555,
      "JobLevel": 0.07228615880012512,
      "JobSatisfaction": 0.04019258916378021,
      "StockOptionLevel": 0.07264421880245209,
      "WorkLifeBalance": 0.03580893576145172,
      "Department": 0.037670474499464035,
      "JobRole": 0.046762410551309586,
      "MaritalStatus": 0.036864522844552994,
      "OverTime": 0.0779639258980751,
      "Age": 0.04039482772350311,
      "DailyRate": 0.03578038513660431,
      "DistanceFromHome": 0.036774344742298126,
      "MonthlyIncome": 0.04666806384921074,
      "NumCompaniesWorked": 0.050036631524562836,
      "TotalWorkingYears": 0.04981709271669388,
      "TrainingTimesLastYear": 0.02378365956246853,
      "YearsAtCompany": 0.02968277968466282,
      "YearsInCurrentRole": 0.03649982064962387,
      "YearsSinceLastPromotion": 0.03537580743432045,
      "YearsWithCurrManager": 0.05279093235731125
    },
    "shap_values": {
      "RelationshipSatisfaction": -0.20253907144069672,
      "Education": 0.03262695297598839,
      "JobInvolvement": -0.11209305375814438,
      "EnvironmentSatisfaction": -0.2854498624801636,
      "JobLevel": 0.005257583223283291,
      "JobSatisfaction": -0.34280896186828613,
      "StockOptionLevel": -0.24804966151714325,
      "WorkLifeBalance": 0.02241104654967785,
      "Department": -0.06431330740451813,
      "JobRole": -0.30731987953186035,
      "MaritalStatus": -0.18955762684345245,
      "OverTime": -0.46124520897865295,
      "Age": -0.49895742535591125,
      "DailyRate": -0.7211241722106934,
      "DistanceFromHome": 0.11024025082588196,
      "MonthlyIncome": -0.8311300277709961,
      "NumCompaniesWorked": -0.2219320684671402,
      "TotalWorkingYears": -0.5329594612121582,
      "TrainingTimesLastYear": 0.014859147369861603,
      "YearsAtCompany": 0.024426886811852455,
      "YearsInCurrentRole": -0.016160309314727783,
      "YearsSinceLastPromotion": -0.11426685005426407,
      "YearsWithCurrManager": 0.06266702711582184
    },
    "lime_explanation": {
      "features": [
        "OverTime=0",
        "RelationshipSatisfaction <= 2.00",
        "0.00 < StockOptionLevel <= 1.00",
        "3.00 < JobSatisfaction <= 4.00",
        "2.00 < JobInvolvement <= 3.00",
        "3.00 < EnvironmentSatisfaction <= 4.00",
        "DailyRate > 1162.00",
        "MonthlyIncome > 8201.00",
        "YearsWithCurrManager <= 2.00",
        "Age > 42.00"
      ],
      "values": [
        -0.20358312403619336,
        0.09666209621328485,
        -0.0795077311736388,
        -0.0767135598529476,
        -0.07403754668082771,
        -0.07199774179750634,
        -0.06623813527920314,
        -0.05775098236154993,
        0.0550912434783316,
        -0.051692929890694225
      ],
      "intercept": 0.5393804693985829
    },
    "top_risk_factors": [],
    "top_protective_factors": [
      {
        "feature": "MonthlyIncome",
        "impact": 0.8311300277709961,
        "type": "protective"
      },
      {
        "feature": "DailyRate",
        "impact": 0.7211241722106934,
        "type": "protective"
      },
      {
        "feature": "TotalWorkingYears",
        "impact": 0.5329594612121582,
        "type": "protective"
      },
      {
        "feature": "Age",
        "impact": 0.49895742535591125,
        "type": "protective"
      },
      {
        "feature": "OverTime",
        "impact": 0.46124520897865295,
        "type": "protective"
      }
    ],
    "explanation_timestamp": "2025-09-23T22:52:58.175585"
  },
  "agent_type": "structura",
  "analysis_type": "individual"
}