{
  "confidence": 0.8,
  "employee_id": "1076",
  "features_used": 11,
  "model_metadata": {
    "feature_dimensions": 11,
    "model_type": "GRU_CNN_Hybrid",
    "sequence_length": 50,
    "training_optimized": true
  },
  "predicted_attrition": 0,
  "risk_score": 2.9292553084670633e-24,
  "sequence_length": 50,
  "xai_explanation": {
    "attention_weights": [
      [
        0.020005306228995323,
        0.01999904029071331,
        0.01999923586845398,
        0.019999397918581963,
        0.019999537616968155,
        0.019999641925096512,
        0.019999725744128227,
        0.0199997927993536,
        0.01999983936548233,
        0.019999878481030464,
        0.019999904558062553,
        0.019999923184514046,
        0.019999941810965538,
        0.019999956712126732,
        0.019999966025352478,
        0.019999971613287926,
        0.019999975338578224,
        0.019999977201223373,
        0.019999980926513672,
        0.01999998278915882,
        0.01999998278915882,
        0.01999998278915882,
        0.01999998465180397,
        0.01999998465180397,
        0.01999998278915882,
        0.019999980926513672,
        0.019999980926513672,
        0.019999980926513672,
        0.019999980926513672,
        0.019999980926513672,
        0.019999980926513672,
        0.019999977201223373,
        0.019999977201223373,
        0.019999977201223373,
        0.019999975338578224,
        0.019999975338578224,
        0.019999975338578224,
        0.019999975338578224,
        0.019999975338578224,
        0.019999975338578224,
        0.019999975338578224,
        0.019999975338578224,
        0.019999975338578224,
        0.019999975338578224,
        0.019999975338578224,
        0.019999975338578224,
        0.019999975338578224,
        0.019999975338578224,
        0.019999975338578224,
        0.019999975338578224
      ]
    ],
    "feature_names": [
      "day_of_week",
      "day_index",
      "system_login_hours",
      "work_focused_hours",
      "meeting_collaboration_hours",
      "social_dining_hours",
      "break_relaxation_hours",
      "shared_work_hours",
      "internal_comm_volume",
      "cafeteria_usage",
      "convenience_food_usage"
    ],
    "gradient_importance": [
      1.9001041482793763e-26,
      1.2733715694879797e-26,
      3.455048370455121e-26,
      4.2253423865658665e-26,
      6.917743761310228e-26,
      2.9154366964048387e-26,
      4.28181274794708e-25,
      5.1510429254515247e-26,
      1.6115993187572235e-25,
      2.7312307108730535e-25,
      3.400887584263217e-25
    ],
    "sequence_importance": {
      "timestep_0": 3.041370586899789e-24,
      "timestep_1": 1.1781070625700184e-24,
      "timestep_10": 1.6144721366877134e-31,
      "timestep_11": 1.2915526713204982e-31,
      "timestep_12": 9.983082081914864e-32,
      "timestep_13": 8.140065631562878e-32,
      "timestep_14": 5.847616548589253e-32,
      "timestep_15": 4.388642624984952e-32,
      "timestep_16": 3.328781653453053e-32,
      "timestep_17": 2.1020920257269594e-32,
      "timestep_18": 2.1107275011016876e-32,
      "timestep_19": 1.533794873718109e-32,
      "timestep_2": 9.828033448457291e-26,
      "timestep_20": 9.83919407959773e-33,
      "timestep_21": 8.668555989812277e-33,
      "timestep_22": 7.310955523528539e-33,
      "timestep_23": 4.910071494795373e-33,
      "timestep_24": 3.6563659946831095e-33,
      "timestep_25": 2.6136957096770248e-33,
      "timestep_26": 1.8749867742874827e-33,
      "timestep_27": 1.5954865437565903e-33,
      "timestep_28": 1.5929581288763685e-33,
      "timestep_29": 8.174893729202018e-34,
      "timestep_3": 9.922766291279822e-31,
      "timestep_30": 7.042467930190424e-34,
      "timestep_31": 6.6903440056268e-34,
      "timestep_32": 6.338220081063176e-34,
      "timestep_33": 4.963118983454091e-34,
      "timestep_34": 4.67117026774799e-34,
      "timestep_35": 2.509087640877884e-34,
      "timestep_36": 2.3418152539333533e-34,
      "timestep_37": 2.1745424078113418e-34,
      "timestep_38": 2.007270020866811e-34,
      "timestep_39": 1.8399976339222803e-34,
      "timestep_4": 8.155532786230998e-31,
      "timestep_40": 1.6727246730058986e-34,
      "timestep_41": 1.5054522860613679e-34,
      "timestep_42": 0,
      "timestep_43": 0,
      "timestep_44": 0,
      "timestep_45": 0,
      "timestep_46": 2.7476397572587492e-25,
      "timestep_47": 3.742004105189525e-25,
      "timestep_48": 7.492216308097875e-25,
      "timestep_49": 9.246608448644802e-25,
      "timestep_5": 6.355029969867461e-31,
      "timestep_6": 4.877207405770748e-31,
      "timestep_7": 3.804131996944645e-31,
      "timestep_8": 2.842567978918337e-31,
      "timestep_9": 2.2588496928452015e-31
    },
    "temporal_importance": [
      3.041370586899789e-24,
      1.1781070625700184e-24,
      9.828033448457291e-26,
      9.922766291279822e-31,
      8.155532786230998e-31,
      6.355029969867461e-31,
      4.877207405770748e-31,
      3.804131996944645e-31,
      2.842567978918337e-31,
      2.2588496928452015e-31,
      1.6144721366877134e-31,
      1.2915526713204982e-31,
      9.983082081914864e-32,
      8.140065631562878e-32,
      5.847616548589253e-32,
      4.388642624984952e-32,
      3.328781653453053e-32,
      2.1020920257269594e-32,
      2.1107275011016876e-32,
      1.533794873718109e-32,
      9.83919407959773e-33,
      8.668555989812277e-33,
      7.310955523528539e-33,
      4.910071494795373e-33,
      3.6563659946831095e-33,
      2.6136957096770248e-33,
      1.8749867742874827e-33,
      1.5954865437565903e-33,
      1.5929581288763685e-33,
      8.174893729202018e-34,
      7.042467930190424e-34,
      6.6903440056268e-34,
      6.338220081063176e-34,
      4.963118983454091e-34,
      4.67117026774799e-34,
      2.509087640877884e-34,
      2.3418152539333533e-34,
      2.1745424078113418e-34,
      2.007270020866811e-34,
      1.8399976339222803e-34,
      1.6727246730058986e-34,
      1.5054522860613679e-34,
      0,
      0,
      0,
      0,
      2.7476397572587492e-25,
      3.742004105189525e-25,
      7.492216308097875e-25,
      9.246608448644802e-25
    ],
    "trend_analysis": {
      "confidence_level": "high",
      "prediction_trend": "stable"
    }
  }
}