{
  "confidence": 0.7,
  "employee_data": {
    "Age": 26,
    "AgeFactor": 0,
    "Attrition": "No",
    "BusinessTravel": "Travel_Rarely",
    "DailyRate": 482,
    "Department": "Research & Development",
    "DistanceFromHome": 1,
    "Education": 2,
    "EducationField": "Life Sciences",
    "EmployeeCount": 1,
    "EmployeeNumber": 1893,
    "EnvironmentSatisfaction": 2,
    "Gender": "Female",
    "HourlyRate": 90,
    "JobInvolvement": 2,
    "JobLevel": 1,
    "JobRole": "Research Scientist",
    "JobSatisfaction": 3,
    "MaritalStatus": "Married",
    "MonthlyIncome": 2933,
    "MonthlyRate": 14908,
    "Norm_EnvironmentSatisfaction": 0.3333333333333333,
    "Norm_JobInvolvement": 0.3333333333333333,
    "Norm_JobLevel": 0,
    "Norm_JobSatisfaction": 0.6666666666666666,
    "Norm_MonthlyIncome": 0.1013164823591363,
    "Norm_NumCompaniesWorked": 0.1111111111111111,
    "Norm_PercentSalaryHike": 0.1428571428571428,
    "Norm_PerformanceRating": 0,
    "Norm_RelationshipSatisfaction": 0.6666666666666666,
    "Norm_TotalWorkingYears": 0.025,
    "Norm_TrainingTimesLastYear": 0.5,
    "Norm_WorkLifeBalance": 0.3333333333333333,
    "Norm_YearsAtCompany": 0.025,
    "Norm_YearsSinceLastPromotion": 0.0666666666666666,
    "NumCompaniesWorked": 1,
    "Over18": "Y",
    "OverTime": "Yes",
    "OverTime_bin": 1,
    "PercentSalaryHike": 13,
    "PerformanceRating": 3,
    "Prob_N01": 0.4207800022459931,
    "Prob_N02": 0.0013879452593924,
    "Prob_N03": 0.0199751917178375,
    "Prob_P01": 0.2059893406078817,
    "Prob_P02": 0.1817849550518991,
    "Prob_P03": 0.003193628579741,
    "Prob_P04": 0.1510780496885591,
    "Prob_S01": 0.0009726498453599,
    "Prob_S02": 0.0074897746368854,
    "Prob_S03": 0.0073484623664504,
    "RelationshipSatisfaction": 3,
    "Score_N01": 0.8047619047619048,
    "Score_N02": 0.2333333333333333,
    "Score_N03": 0.5,
    "Score_P01": 0.7333333333333333,
    "Score_P02": 0.7208333333333334,
    "Score_P03": 0.3166666666666666,
    "Score_P04": 0.7023305499134884,
    "Score_S01": 0.1977777777777777,
    "Score_S02": 0.4019047619047619,
    "Score_S03": 0.4,
    "StandardHours": 80,
    "StockOptionLevel": 1,
    "TotalWorkingYears": 1,
    "TrainingTimesLastYear": 3,
    "WorkLifeBalance": 2,
    "YearsAtCompany": 1,
    "YearsInCurrentRole": 0,
    "YearsSinceLastPromotion": 1,
    "YearsWithCurrManager": 0,
    "argmax_Persona": "현상 유지자",
    "argmax_Persona_Code": "N01",
    "argmax_RiskTier": "Neutral",
    "is_married": 1,
    "softmax_Persona": "번아웃에 직면한 직원",
    "softmax_Persona_Code": "P01",
    "softmax_RiskTier": "High"
  },
  "employee_id": 1893,
  "feature_importance": {},
  "lime_explanation": {},
  "model_interpretation": {},
  "predicted_attrition": 0,
  "risk_score": 0.6330679655075073,
  "shap_values": {},
  "xai_explanation": {}
}