{
  "prediction": {
    "risk_score": 1.747602410007154e-11,
    "attrition_probability": 1.747602410007154e-11
  },
  "confidence": 0.8
}