{
  "confidence": 0.8,
  "employee_id": "1158",
  "features_used": 11,
  "model_metadata": {
    "feature_dimensions": 11,
    "model_type": "GRU_CNN_Hybrid",
    "sequence_length": 50,
    "training_optimized": true
  },
  "predicted_attrition": 0,
  "risk_score": 2.2086563689072136e-09,
  "sequence_length": 50,
  "xai_explanation": {
    "attention_weights": [
      [
        0.020001858472824097,
        0.020000439137220383,
        0.020000409334897995,
        0.02000035159289837,
        0.020000316202640533,
        0.020000282675027847,
        0.02000024914741516,
        0.020000208169221878,
        0.020000170916318893,
        0.020000135526061058,
        0.02000010572373867,
        0.020000077784061432,
        0.020000053569674492,
        0.02000003308057785,
        0.020000016316771507,
        0.019999999552965164,
        0.01999998278915882,
        0.019999967887997627,
        0.019999952986836433,
        0.01999993994832039,
        0.019999930635094643,
        0.019999919459223747,
        0.019999910145998,
        0.019999900832772255,
        0.01999989151954651,
        0.01999988593161106,
        0.019999876618385315,
        0.019999872893095016,
        0.01999986730515957,
        0.01999986357986927,
        0.019999857991933823,
        0.019999854266643524,
        0.019999850541353226,
        0.019999848678708076,
        0.01999984309077263,
        0.01999984309077263,
        0.01999983936548233,
        0.01999983936548233,
        0.019999833777546883,
        0.019999833777546883,
        0.019999831914901733,
        0.019999831914901733,
        0.019999830052256584,
        0.019999830052256584,
        0.019999830052256584,
        0.019999826326966286,
        0.019999826326966286,
        0.019999826326966286,
        0.019999824464321136,
        0.019999824464321136
      ]
    ],
    "feature_names": [
      "day_of_week",
      "day_index",
      "system_login_hours",
      "work_focused_hours",
      "meeting_collaboration_hours",
      "social_dining_hours",
      "break_relaxation_hours",
      "shared_work_hours",
      "internal_comm_volume",
      "cafeteria_usage",
      "convenience_food_usage"
    ],
    "gradient_importance": [
      1.4336634310274654e-11,
      3.974356000552293e-12,
      1.7977067751084874e-11,
      3.1698688812697995e-11,
      3.700099948655833e-11,
      7.217603251175042e-12,
      2.519912334353336e-10,
      2.662053737167991e-11,
      8.327532413643368e-11,
      1.6228701715803595e-10,
      1.9457468969363845e-10
    ],
    "sequence_importance": {
      "timestep_0": 1.766070067965586e-09,
      "timestep_1": 3.752539390333709e-10,
      "timestep_10": 5.2412224945446316e-17,
      "timestep_11": 4.235811591510518e-17,
      "timestep_12": 3.8360739135163074e-17,
      "timestep_13": 3.122819563241228e-17,
      "timestep_14": 2.569993749484481e-17,
      "timestep_15": 2.1540261261274896e-17,
      "timestep_16": 2.0871924141750427e-17,
      "timestep_17": 1.5394385410622256e-17,
      "timestep_18": 1.5629413892428172e-17,
      "timestep_19": 1.3184176184673429e-17,
      "timestep_2": 2.303570156924706e-16,
      "timestep_20": 1.2286790271991188e-17,
      "timestep_21": 9.640810718820851e-18,
      "timestep_22": 9.342282062931076e-18,
      "timestep_23": 7.695484577346206e-18,
      "timestep_24": 6.489514801247995e-18,
      "timestep_25": 5.4794242893344856e-18,
      "timestep_26": 5.362433240168967e-18,
      "timestep_27": 4.456431414226374e-18,
      "timestep_28": 3.514926996393005e-18,
      "timestep_29": 3.5967670054280825e-18,
      "timestep_3": 2.0814708389652379e-16,
      "timestep_30": 2.8220490824553118e-18,
      "timestep_31": 2.6817207866678346e-18,
      "timestep_32": 1.7911417432462926e-18,
      "timestep_33": 1.8875144884633145e-18,
      "timestep_34": 1.5782992794448137e-18,
      "timestep_35": 9.693683069599475e-19,
      "timestep_36": 1.0260221139088575e-18,
      "timestep_37": 6.909851695998068e-19,
      "timestep_38": 7.75493921784922e-19,
      "timestep_39": 5.846794844908833e-19,
      "timestep_4": 1.5564055705252398e-16,
      "timestep_40": 5.315266677858157e-19,
      "timestep_41": 3.7807416930320733e-19,
      "timestep_42": 3.360658535934901e-19,
      "timestep_43": 2.189526660406492e-19,
      "timestep_44": 1.8767368420696314e-19,
      "timestep_45": 1.1471786636934342e-19,
      "timestep_46": 2.995139136707792e-10,
      "timestep_47": 3.173504792286508e-10,
      "timestep_48": 5.712689210568556e-10,
      "timestep_49": 4.476059800584409e-10,
      "timestep_5": 1.2691581692655853e-16,
      "timestep_6": 1.0662338243473825e-16,
      "timestep_7": 9.056510682756461e-17,
      "timestep_8": 7.801527477514279e-17,
      "timestep_9": 6.611227149195783e-17
    },
    "temporal_importance": [
      1.766070067965586e-09,
      3.752539390333709e-10,
      2.303570156924706e-16,
      2.0814708389652379e-16,
      1.5564055705252398e-16,
      1.2691581692655853e-16,
      1.0662338243473825e-16,
      9.056510682756461e-17,
      7.801527477514279e-17,
      6.611227149195783e-17,
      5.2412224945446316e-17,
      4.235811591510518e-17,
      3.8360739135163074e-17,
      3.122819563241228e-17,
      2.569993749484481e-17,
      2.1540261261274896e-17,
      2.0871924141750427e-17,
      1.5394385410622256e-17,
      1.5629413892428172e-17,
      1.3184176184673429e-17,
      1.2286790271991188e-17,
      9.640810718820851e-18,
      9.342282062931076e-18,
      7.695484577346206e-18,
      6.489514801247995e-18,
      5.4794242893344856e-18,
      5.362433240168967e-18,
      4.456431414226374e-18,
      3.514926996393005e-18,
      3.5967670054280825e-18,
      2.8220490824553118e-18,
      2.6817207866678346e-18,
      1.7911417432462926e-18,
      1.8875144884633145e-18,
      1.5782992794448137e-18,
      9.693683069599475e-19,
      1.0260221139088575e-18,
      6.909851695998068e-19,
      7.75493921784922e-19,
      5.846794844908833e-19,
      5.315266677858157e-19,
      3.7807416930320733e-19,
      3.360658535934901e-19,
      2.189526660406492e-19,
      1.8767368420696314e-19,
      1.1471786636934342e-19,
      2.995139136707792e-10,
      3.173504792286508e-10,
      5.712689210568556e-10,
      4.476059800584409e-10
    ],
    "trend_analysis": {
      "confidence_level": "high",
      "prediction_trend": "stable"
    }
  }
}