{
  "prediction": {
    "risk_score": 3.7355429860497225e-09,
    "attrition_probability": 3.7355429860497225e-09
  },
  "confidence": 0.8
}