{
  "prediction": {
    "employee_id": "1863",
    "attrition_probability": 0.010673985816538334,
    "attrition_prediction": 0,
    "risk_category": "LOW",
    "confidence_score": 0.9786520283669233,
    "prediction_timestamp": "2025-09-23T22:53:55.348381"
  },
  "explanation": {
    "employee_id": "1863",
    "feature_importance": {
      "RelationshipSatisfaction": 0.03405288979411125,
      "Education": 0.02487798221409321,
      "JobInvolvement": 0.03501373156905174,
      "EnvironmentSatisfaction": 0.048257846385240555,
      "JobLevel": 0.07228615880012512,
      "JobSatisfaction": 0.04019258916378021,
      "StockOptionLevel": 0.07264421880245209,
      "WorkLifeBalance": 0.03580893576145172,
      "Department": 0.037670474499464035,
      "JobRole": 0.046762410551309586,
      "MaritalStatus": 0.036864522844552994,
      "OverTime": 0.0779639258980751,
      "Age": 0.04039482772350311,
      "DailyRate": 0.03578038513660431,
      "DistanceFromHome": 0.036774344742298126,
      "MonthlyIncome": 0.04666806384921074,
      "NumCompaniesWorked": 0.050036631524562836,
      "TotalWorkingYears": 0.04981709271669388,
      "TrainingTimesLastYear": 0.02378365956246853,
      "YearsAtCompany": 0.02968277968466282,
      "YearsInCurrentRole": 0.03649982064962387,
      "YearsSinceLastPromotion": 0.03537580743432045,
      "YearsWithCurrManager": 0.05279093235731125
    },
    "shap_values": {
      "RelationshipSatisfaction": 0.011465038172900677,
      "Education": 0.057156726717948914,
      "JobInvolvement": -0.4079136848449707,
      "EnvironmentSatisfaction": 0.4663642942905426,
      "JobLevel": 0.020331215113401413,
      "JobSatisfaction": 0.19443313777446747,
      "StockOptionLevel": -0.35032135248184204,
      "WorkLifeBalance": -0.11486746370792389,
      "Department": -0.06400274485349655,
      "JobRole": -0.16220732033252716,
      "MaritalStatus": -0.1463329941034317,
      "OverTime": -0.4387308359146118,
      "Age": -0.1936425268650055,
      "DailyRate": -0.8056557178497314,
      "DistanceFromHome": -0.4044119119644165,
      "MonthlyIncome": -0.7061933279037476,
      "NumCompaniesWorked": -0.2155512124300003,
      "TotalWorkingYears": -0.549207866191864,
      "TrainingTimesLastYear": -0.14588509500026703,
      "YearsAtCompany": -0.18115785717964172,
      "YearsInCurrentRole": -0.21137389540672302,
      "YearsSinceLastPromotion": -0.13213305175304413,
      "YearsWithCurrManager": -0.3246610164642334
    },
    "lime_explanation": {
      "features": [
        "OverTime=0",
        "EnvironmentSatisfaction <= 2.00",
        "0.00 < StockOptionLevel <= 1.00",
        "JobInvolvement > 3.00",
        "2.00 < WorkLifeBalance <= 3.00",
        "YearsWithCurrManager > 7.00",
        "JobSatisfaction <= 2.00",
        "DailyRate > 1162.00",
        "MonthlyIncome > 8201.00",
        "Age > 42.00"
      ],
      "values": [
        -0.20480891989289138,
        0.12446409004221322,
        -0.07795644454722371,
        -0.076990221964262,
        -0.07054172486494212,
        -0.06523213736751558,
        0.0644927678098961,
        -0.0578688923109215,
        -0.054891850177479946,
        -0.05487406165798544
      ],
      "intercept": 0.5026778921653602
    },
    "top_risk_factors": [
      {
        "feature": "EnvironmentSatisfaction",
        "impact": 0.4663642942905426,
        "type": "risk"
      }
    ],
    "top_protective_factors": [
      {
        "feature": "DailyRate",
        "impact": 0.8056557178497314,
        "type": "protective"
      },
      {
        "feature": "MonthlyIncome",
        "impact": 0.7061933279037476,
        "type": "protective"
      },
      {
        "feature": "TotalWorkingYears",
        "impact": 0.549207866191864,
        "type": "protective"
      },
      {
        "feature": "OverTime",
        "impact": 0.4387308359146118,
        "type": "protective"
      }
    ],
    "explanation_timestamp": "2025-09-23T22:53:55.443078"
  },
  "agent_type": "structura",
  "analysis_type": "individual"
}