{
  "confidence": 0.8,
  "employee_id": "1631",
  "features_used": 11,
  "model_metadata": {
    "feature_dimensions": 11,
    "model_type": "GRU_CNN_Hybrid",
    "sequence_length": 50,
    "training_optimized": true
  },
  "predicted_attrition": 0,
  "risk_score": 3.1260898817470073e-13,
  "sequence_length": 50,
  "xai_explanation": {
    "attention_weights": [
      [
        0.020002372562885284,
        0.019999859854578972,
        0.01999991200864315,
        0.019999951124191284,
        0.01999998465180397,
        0.019999999552965164,
        0.02000001072883606,
        0.020000016316771507,
        0.020000020042061806,
        0.020000016316771507,
        0.02000001072883606,
        0.02000000700354576,
        0.020000003278255463,
        0.019999997690320015,
        0.01999998837709427,
        0.01999998465180397,
        0.019999979063868523,
        0.019999969750642776,
        0.01999996416270733,
        0.01999996043741703,
        0.019999954849481583,
        0.019999951124191284,
        0.019999943673610687,
        0.01999993994832039,
        0.01999993808567524,
        0.01999993436038494,
        0.019999930635094643,
        0.019999928772449493,
        0.019999926909804344,
        0.019999921321868896,
        0.019999921321868896,
        0.019999919459223747,
        0.019999917596578598,
        0.0199999138712883,
        0.01999991200864315,
        0.01999991200864315,
        0.019999910145998,
        0.019999908283352852,
        0.019999908283352852,
        0.019999908283352852,
        0.019999908283352852,
        0.019999904558062553,
        0.019999904558062553,
        0.019999902695417404,
        0.019999902695417404,
        0.019999902695417404,
        0.019999902695417404,
        0.019999902695417404,
        0.019999902695417404,
        0.019999902695417404
      ]
    ],
    "feature_names": [
      "day_of_week",
      "day_index",
      "system_login_hours",
      "work_focused_hours",
      "meeting_collaboration_hours",
      "social_dining_hours",
      "break_relaxation_hours",
      "shared_work_hours",
      "internal_comm_volume",
      "cafeteria_usage",
      "convenience_food_usage"
    ],
    "gradient_importance": [
      2.3180172567521936e-15,
      5.611121584087238e-16,
      2.5465666511956643e-15,
      4.509443321954864e-15,
      5.20848817837905e-15,
      8.279953523691679e-16,
      3.588186741005153e-14,
      3.7956503513695596e-15,
      1.183576670780442e-14,
      2.3106545499131277e-14,
      2.769581235900244e-14
    ],
    "sequence_importance": {
      "timestep_0": 2.51216121472872e-13,
      "timestep_1": 5.338587780396101e-14,
      "timestep_10": 6.961313736144032e-21,
      "timestep_11": 5.630791701368569e-21,
      "timestep_12": 4.501676836639832e-21,
      "timestep_13": 3.3412662315920687e-21,
      "timestep_14": 2.889661967848628e-21,
      "timestep_15": 2.133745913513563e-21,
      "timestep_16": 1.778595230889389e-21,
      "timestep_17": 1.4524232337116508e-21,
      "timestep_18": 1.3914687467370156e-21,
      "timestep_19": 1.021177185390783e-21,
      "timestep_2": 5.810322125255898e-20,
      "timestep_20": 8.809674462339523e-22,
      "timestep_21": 8.879491050588734e-22,
      "timestep_22": 7.169434478525648e-22,
      "timestep_23": 5.189517804681826e-22,
      "timestep_24": 3.915111876337578e-22,
      "timestep_25": 4.405301207599776e-22,
      "timestep_26": 3.4913216616654287e-22,
      "timestep_27": 3.421807238697353e-22,
      "timestep_28": 3.0218085640556905e-22,
      "timestep_29": 2.8656315228707174e-22,
      "timestep_3": 4.5885314471927534e-20,
      "timestep_30": 2.3437620425258226e-22,
      "timestep_31": 1.9963007468654103e-22,
      "timestep_32": 1.4777134327572143e-22,
      "timestep_33": 1.3956177512016947e-22,
      "timestep_34": 1.3135223220816648e-22,
      "timestep_35": 9.68130492565573e-23,
      "timestep_36": 9.035883545464141e-23,
      "timestep_37": 8.390462796361276e-23,
      "timestep_38": 5.741768274861827e-23,
      "timestep_39": 5.263287217154919e-23,
      "timestep_4": 3.8095169800973204e-20,
      "timestep_40": 3.569847400526025e-23,
      "timestep_41": 3.212861966275826e-23,
      "timestep_42": 2.855876847569989e-23,
      "timestep_43": 2.498891886636333e-23,
      "timestep_44": 1.070953541737429e-23,
      "timestep_45": 8.924612979288726e-24,
      "timestep_46": 1.1984592090702895e-14,
      "timestep_47": 6.208565156125626e-14,
      "timestep_48": 7.438134445392555e-14,
      "timestep_49": 8.461555566462164e-14,
      "timestep_5": 2.783760352391001e-20,
      "timestep_6": 2.1061459499323517e-20,
      "timestep_7": 1.7588268663294002e-20,
      "timestep_8": 1.2674558138581162e-20,
      "timestep_9": 9.499985966031826e-21
    },
    "temporal_importance": [
      2.51216121472872e-13,
      5.338587780396101e-14,
      5.810322125255898e-20,
      4.5885314471927534e-20,
      3.8095169800973204e-20,
      2.783760352391001e-20,
      2.1061459499323517e-20,
      1.7588268663294002e-20,
      1.2674558138581162e-20,
      9.499985966031826e-21,
      6.961313736144032e-21,
      5.630791701368569e-21,
      4.501676836639832e-21,
      3.3412662315920687e-21,
      2.889661967848628e-21,
      2.133745913513563e-21,
      1.778595230889389e-21,
      1.4524232337116508e-21,
      1.3914687467370156e-21,
      1.021177185390783e-21,
      8.809674462339523e-22,
      8.879491050588734e-22,
      7.169434478525648e-22,
      5.189517804681826e-22,
      3.915111876337578e-22,
      4.405301207599776e-22,
      3.4913216616654287e-22,
      3.421807238697353e-22,
      3.0218085640556905e-22,
      2.8656315228707174e-22,
      2.3437620425258226e-22,
      1.9963007468654103e-22,
      1.4777134327572143e-22,
      1.3956177512016947e-22,
      1.3135223220816648e-22,
      9.68130492565573e-23,
      9.035883545464141e-23,
      8.390462796361276e-23,
      5.741768274861827e-23,
      5.263287217154919e-23,
      3.569847400526025e-23,
      3.212861966275826e-23,
      2.855876847569989e-23,
      2.498891886636333e-23,
      1.070953541737429e-23,
      8.924612979288726e-24,
      1.1984592090702895e-14,
      6.208565156125626e-14,
      7.438134445392555e-14,
      8.461555566462164e-14
    ],
    "trend_analysis": {
      "confidence_level": "high",
      "prediction_trend": "stable"
    }
  }
}