{
  "confidence": 0.8,
  "employee_id": "1821",
  "features_used": 11,
  "model_metadata": {
    "feature_dimensions": 11,
    "model_type": "GRU_CNN_Hybrid",
    "sequence_length": 50,
    "training_optimized": true
  },
  "predicted_attrition": 1,
  "risk_score": 0.9999998807907104,
  "sequence_length": 50,
  "xai_explanation": {
    "attention_weights": [
      [
        0.02000255510210991,
        0.020002072677016258,
        0.020001836121082306,
        0.02000161074101925,
        0.020001376047730446,
        0.020001158118247986,
        0.020000968128442764,
        0.020000813528895378,
        0.020000675693154335,
        0.020000522956252098,
        0.020000414922833443,
        0.020000318065285683,
        0.02000022679567337,
        0.020000141113996506,
        0.020000044256448746,
        0.019999975338578224,
        0.019999921321868896,
        0.019999874755740166,
        0.019999833777546883,
        0.019999798387289047,
        0.01999976485967636,
        0.019999731332063675,
        0.019999699667096138,
        0.01999967359006405,
        0.01999964565038681,
        0.01999962143599987,
        0.01999960094690323,
        0.019999580457806587,
        0.019999563694000244,
        0.0199995506554842,
        0.019999541342258453,
        0.01999952644109726,
        0.019999517127871513,
        0.019999507814645767,
        0.01999949850142002,
        0.019999487325549126,
        0.019999481737613678,
        0.01999947428703308,
        0.019999466836452484,
        0.019999461248517036,
        0.019999457523226738,
        0.01999945193529129,
        0.019999448210000992,
        0.019999444484710693,
        0.019999442622065544,
        0.019999440759420395,
        0.019999438896775246,
        0.019999435171484947,
        0.019999433308839798,
        0.01999943144619465
      ]
    ],
    "feature_names": [
      "day_of_week",
      "day_index",
      "system_login_hours",
      "work_focused_hours",
      "meeting_collaboration_hours",
      "social_dining_hours",
      "break_relaxation_hours",
      "shared_work_hours",
      "internal_comm_volume",
      "cafeteria_usage",
      "convenience_food_usage"
    ],
    "gradient_importance": [
      4.662561448043334e-10,
      1.201788113469604e-10,
      2.9718955074642395e-10,
      1.3961692912900503e-09,
      6.849599221148139e-10,
      2.592351888708322e-10,
      9.138542367281843e-09,
      6.556676868108013e-10,
      1.0986623832920372e-09,
      6.021646736797948e-09,
      6.14390494035888e-09
    ],
    "sequence_importance": {
      "timestep_0": 3.6792082713787977e-09,
      "timestep_1": 6.66415436289397e-14,
      "timestep_10": 1.3274457250913533e-14,
      "timestep_11": 1.1017774285146734e-14,
      "timestep_12": 9.728659596127363e-15,
      "timestep_13": 8.350354878860957e-15,
      "timestep_14": 8.141007297815268e-15,
      "timestep_15": 5.832923831710236e-15,
      "timestep_16": 4.680264032911165e-15,
      "timestep_17": 4.060794957266205e-15,
      "timestep_18": 3.3641709210052717e-15,
      "timestep_19": 2.690463996407014e-15,
      "timestep_2": 5.177678286658917e-14,
      "timestep_20": 2.3596828074276327e-15,
      "timestep_21": 2.0181059717772586e-15,
      "timestep_22": 1.8812906690379022e-15,
      "timestep_23": 1.5560817921811518e-15,
      "timestep_24": 1.3916535329986605e-15,
      "timestep_25": 1.1981616675717428e-15,
      "timestep_26": 1.0034210638223354e-15,
      "timestep_27": 7.483123160429957e-16,
      "timestep_28": 6.702483302559409e-16,
      "timestep_29": 5.429117497128338e-16,
      "timestep_3": 4.9418782054836546e-14,
      "timestep_30": 4.388848011941158e-16,
      "timestep_31": 4.4243603976503864e-16,
      "timestep_32": 3.487788656333018e-16,
      "timestep_33": 2.392332857049852e-16,
      "timestep_34": 2.2511975804003805e-16,
      "timestep_35": 2.45338646249235e-16,
      "timestep_36": 1.8300730484069376e-16,
      "timestep_37": 1.2403706957619639e-16,
      "timestep_38": 1.2837350768922398e-16,
      "timestep_39": 9.227253334332717e-17,
      "timestep_4": 3.4948847066123764e-14,
      "timestep_40": 8.384458860537139e-17,
      "timestep_41": 6.192276712549925e-17,
      "timestep_42": 5.1075686364017835e-17,
      "timestep_43": 4.469120199386815e-17,
      "timestep_44": 2.800982777487056e-17,
      "timestep_45": 1.7266839421672817e-17,
      "timestep_46": 2.2765219043208162e-08,
      "timestep_47": 2.6200082103855493e-08,
      "timestep_48": 4.672362763358251e-08,
      "timestep_49": 2.009696764559976e-08,
      "timestep_5": 3.223342206755235e-14,
      "timestep_6": 2.987348324441641e-14,
      "timestep_7": 2.2994149309228315e-14,
      "timestep_8": 2.0475434160129556e-14,
      "timestep_9": 1.8606420386629158e-14
    },
    "temporal_importance": [
      3.6792082713787977e-09,
      6.66415436289397e-14,
      5.177678286658917e-14,
      4.9418782054836546e-14,
      3.4948847066123764e-14,
      3.223342206755235e-14,
      2.987348324441641e-14,
      2.2994149309228315e-14,
      2.0475434160129556e-14,
      1.8606420386629158e-14,
      1.3274457250913533e-14,
      1.1017774285146734e-14,
      9.728659596127363e-15,
      8.350354878860957e-15,
      8.141007297815268e-15,
      5.832923831710236e-15,
      4.680264032911165e-15,
      4.060794957266205e-15,
      3.3641709210052717e-15,
      2.690463996407014e-15,
      2.3596828074276327e-15,
      2.0181059717772586e-15,
      1.8812906690379022e-15,
      1.5560817921811518e-15,
      1.3916535329986605e-15,
      1.1981616675717428e-15,
      1.0034210638223354e-15,
      7.483123160429957e-16,
      6.702483302559409e-16,
      5.429117497128338e-16,
      4.388848011941158e-16,
      4.4243603976503864e-16,
      3.487788656333018e-16,
      2.392332857049852e-16,
      2.2511975804003805e-16,
      2.45338646249235e-16,
      1.8300730484069376e-16,
      1.2403706957619639e-16,
      1.2837350768922398e-16,
      9.227253334332717e-17,
      8.384458860537139e-17,
      6.192276712549925e-17,
      5.1075686364017835e-17,
      4.469120199386815e-17,
      2.800982777487056e-17,
      1.7266839421672817e-17,
      2.2765219043208162e-08,
      2.6200082103855493e-08,
      4.672362763358251e-08,
      2.009696764559976e-08
    ],
    "trend_analysis": {
      "confidence_level": "high",
      "prediction_trend": "increasing"
    }
  }
}