{
  "prediction": {
    "risk_score": 1.5060942063264103e-14,
    "attrition_probability": 1.5060942063264103e-14
  },
  "confidence": 0.8
}