{
  "confidence": 0.8,
  "employee_id": "430",
  "features_used": 11,
  "model_metadata": {
    "feature_dimensions": 11,
    "model_type": "GRU_CNN_Hybrid",
    "sequence_length": 50,
    "training_optimized": true
  },
  "predicted_attrition": 0,
  "risk_score": 1.7283979927453896e-16,
  "sequence_length": 50,
  "xai_explanation": {
    "attention_weights": [
      [
        0.02000340446829796,
        0.019999809563159943,
        0.01999986357986927,
        0.019999904558062553,
        0.019999945536255836,
        0.01999996416270733,
        0.01999998278915882,
        0.019999992102384567,
        0.019999997690320015,
        0.019999997690320015,
        0.019999993965029716,
        0.019999993965029716,
        0.019999992102384567,
        0.01999998837709427,
        0.01999998278915882,
        0.019999979063868523,
        0.019999973475933075,
        0.019999967887997627,
        0.019999966025352478,
        0.01999996230006218,
        0.019999956712126732,
        0.019999951124191284,
        0.019999949261546135,
        0.019999947398900986,
        0.019999941810965538,
        0.01999993994832039,
        0.01999993808567524,
        0.01999993436038494,
        0.019999932497739792,
        0.019999930635094643,
        0.019999928772449493,
        0.019999928772449493,
        0.019999925047159195,
        0.019999923184514046,
        0.019999923184514046,
        0.019999923184514046,
        0.019999921321868896,
        0.019999919459223747,
        0.019999919459223747,
        0.019999919459223747,
        0.019999919459223747,
        0.019999919459223747,
        0.01999991573393345,
        0.01999991573393345,
        0.01999991573393345,
        0.0199999138712883,
        0.0199999138712883,
        0.0199999138712883,
        0.0199999138712883,
        0.0199999138712883
      ]
    ],
    "feature_names": [
      "day_of_week",
      "day_index",
      "system_login_hours",
      "work_focused_hours",
      "meeting_collaboration_hours",
      "social_dining_hours",
      "break_relaxation_hours",
      "shared_work_hours",
      "internal_comm_volume",
      "cafeteria_usage",
      "convenience_food_usage"
    ],
    "gradient_importance": [
      1.0221185452006432e-18,
      7.565267737366577e-19,
      1.6392521508323149e-18,
      1.864379280705972e-18,
      3.725861361316477e-18,
      1.058626678523554e-18,
      2.126313590373493e-17,
      2.5512282887490723e-18,
      7.735779026525501e-18,
      1.3437831119512815e-17,
      1.702768661733271e-17
    ],
    "sequence_importance": {
      "timestep_0": 1.5543435746942676e-16,
      "timestep_1": 4.4750441360616745e-17,
      "timestep_10": 4.132503072263636e-24,
      "timestep_11": 3.0546374523885698e-24,
      "timestep_12": 2.3842959956440943e-24,
      "timestep_13": 1.7032719817363422e-24,
      "timestep_14": 1.3579387527525948e-24,
      "timestep_15": 1.0949151720119946e-24,
      "timestep_16": 8.073884375676785e-25,
      "timestep_17": 6.933942403701359e-25,
      "timestep_18": 5.513230044415803e-25,
      "timestep_19": 4.916199896783845e-25,
      "timestep_2": 3.013747793999525e-23,
      "timestep_20": 3.931850631082915e-25,
      "timestep_21": 3.516572063861615e-25,
      "timestep_22": 2.8305492849165105e-25,
      "timestep_23": 2.5424084715612864e-25,
      "timestep_24": 2.4490494951377413e-25,
      "timestep_25": 2.1778770798538212e-25,
      "timestep_26": 1.9303804757473632e-25,
      "timestep_27": 1.6547295491930837e-25,
      "timestep_28": 1.3960937360668392e-25,
      "timestep_29": 1.211891386690789e-25,
      "timestep_3": 2.388503740269498e-23,
      "timestep_30": 1.0962527596325067e-25,
      "timestep_31": 7.9192131575472e-26,
      "timestep_32": 7.502409870107528e-26,
      "timestep_33": 6.066598589836524e-26,
      "timestep_34": 4.232878781549847e-26,
      "timestep_35": 3.968323183627501e-26,
      "timestep_36": 3.7037682020027373e-26,
      "timestep_37": 3.4392132203779736e-26,
      "timestep_38": 3.1746576224556276e-26,
      "timestep_39": 2.910102640830864e-26,
      "timestep_4": 2.1494963986996273e-23,
      "timestep_40": 1.7225106043963316e-26,
      "timestep_41": 1.550259590179017e-26,
      "timestep_42": 7.895325155112185e-27,
      "timestep_43": 6.908409318130168e-27,
      "timestep_44": 5.921493095962161e-27,
      "timestep_45": 4.934576488608166e-27,
      "timestep_46": 3.947661421998126e-27,
      "timestep_47": 3.1414344357461214e-17,
      "timestep_48": 4.0304223145413564e-17,
      "timestep_49": 5.574390000329555e-17,
      "timestep_5": 1.432944850633889e-23,
      "timestep_6": 1.2768076627018478e-23,
      "timestep_7": 9.2219157218048e-24,
      "timestep_8": 6.891084971227286e-24,
      "timestep_9": 5.000799904057688e-24
    },
    "temporal_importance": [
      1.5543435746942676e-16,
      4.4750441360616745e-17,
      3.013747793999525e-23,
      2.388503740269498e-23,
      2.1494963986996273e-23,
      1.432944850633889e-23,
      1.2768076627018478e-23,
      9.2219157218048e-24,
      6.891084971227286e-24,
      5.000799904057688e-24,
      4.132503072263636e-24,
      3.0546374523885698e-24,
      2.3842959956440943e-24,
      1.7032719817363422e-24,
      1.3579387527525948e-24,
      1.0949151720119946e-24,
      8.073884375676785e-25,
      6.933942403701359e-25,
      5.513230044415803e-25,
      4.916199896783845e-25,
      3.931850631082915e-25,
      3.516572063861615e-25,
      2.8305492849165105e-25,
      2.5424084715612864e-25,
      2.4490494951377413e-25,
      2.1778770798538212e-25,
      1.9303804757473632e-25,
      1.6547295491930837e-25,
      1.3960937360668392e-25,
      1.211891386690789e-25,
      1.0962527596325067e-25,
      7.9192131575472e-26,
      7.502409870107528e-26,
      6.066598589836524e-26,
      4.232878781549847e-26,
      3.968323183627501e-26,
      3.7037682020027373e-26,
      3.4392132203779736e-26,
      3.1746576224556276e-26,
      2.910102640830864e-26,
      1.7225106043963316e-26,
      1.550259590179017e-26,
      7.895325155112185e-27,
      6.908409318130168e-27,
      5.921493095962161e-27,
      4.934576488608166e-27,
      3.947661421998126e-27,
      3.1414344357461214e-17,
      4.0304223145413564e-17,
      5.574390000329555e-17
    ],
    "trend_analysis": {
      "confidence_level": "high",
      "prediction_trend": "stable"
    }
  }
}