{
  "confidence": 0.8,
  "employee_id": "8",
  "features_used": 11,
  "model_metadata": {
    "feature_dimensions": 11,
    "model_type": "GRU_CNN_Hybrid",
    "sequence_length": 50,
    "training_optimized": true
  },
  "predicted_attrition": 0,
  "risk_score": 0.0005260755424387753,
  "sequence_length": 50,
  "xai_explanation": {
    "attention_weights": [
      [
        0.020001189783215523,
        0.020000364631414413,
        0.020000362768769264,
        0.02000035159289837,
        0.020000334829092026,
        0.02000030316412449,
        0.02000027894973755,
        0.02000025473535061,
        0.020000219345092773,
        0.020000195130705833,
        0.020000165328383446,
        0.020000139251351357,
        0.020000115036964417,
        0.020000087097287178,
        0.020000064745545387,
        0.020000038668513298,
        0.020000014454126358,
        0.019999995827674866,
        0.019999979063868523,
        0.019999967887997627,
        0.019999952986836433,
        0.01999993994832039,
        0.019999925047159195,
        0.0199999138712883,
        0.019999904558062553,
        0.019999895244836807,
        0.01999989151954651,
        0.019999884068965912,
        0.019999876618385315,
        0.019999871030449867,
        0.01999986730515957,
        0.019999859854578972,
        0.019999854266643524,
        0.019999852403998375,
        0.019999848678708076,
        0.019999844953417778,
        0.01999984309077263,
        0.01999984122812748,
        0.019999835640192032,
        0.019999833777546883,
        0.019999833777546883,
        0.019999831914901733,
        0.019999828189611435,
        0.019999828189611435,
        0.019999826326966286,
        0.019999826326966286,
        0.019999824464321136,
        0.019999824464321136,
        0.019999824464321136,
        0.019999820739030838
      ]
    ],
    "feature_names": [
      "day_of_week",
      "day_index",
      "system_login_hours",
      "work_focused_hours",
      "meeting_collaboration_hours",
      "social_dining_hours",
      "break_relaxation_hours",
      "shared_work_hours",
      "internal_comm_volume",
      "cafeteria_usage",
      "convenience_food_usage"
    ],
    "gradient_importance": [
      2.851912313417415e-06,
      1.229389340551279e-06,
      3.89699607694638e-06,
      7.382639523711987e-06,
      8.540559065295383e-06,
      1.3403764569375198e-06,
      5.859602242708206e-05,
      6.237381967366673e-06,
      1.9432172848610207e-05,
      3.776121593546122e-05,
      4.526665361481719e-05
    ],
    "sequence_importance": {
      "timestep_0": 0.00041068054269999266,
      "timestep_1": 8.796712063485757e-05,
      "timestep_10": 1.8723807226894706e-11,
      "timestep_11": 1.4256834428294507e-11,
      "timestep_12": 1.182683204842272e-11,
      "timestep_13": 1.1577638153736913e-11,
      "timestep_14": 8.541074097978552e-12,
      "timestep_15": 8.74422149271803e-12,
      "timestep_16": 7.204363407925518e-12,
      "timestep_17": 5.3155201594490276e-12,
      "timestep_18": 4.720068520064347e-12,
      "timestep_19": 3.288780489260623e-12,
      "timestep_2": 9.231266445697273e-11,
      "timestep_20": 3.6193235908310584e-12,
      "timestep_21": 3.1298527138068355e-12,
      "timestep_22": 2.9557615036091e-12,
      "timestep_23": 2.0803400235108738e-12,
      "timestep_24": 1.929787059318233e-12,
      "timestep_25": 1.5139590969770467e-12,
      "timestep_26": 1.2956939124050826e-12,
      "timestep_27": 9.407252537715904e-13,
      "timestep_28": 8.170573592702901e-13,
      "timestep_29": 8.986573963275235e-13,
      "timestep_3": 7.654946121427031e-11,
      "timestep_30": 7.234535778603834e-13,
      "timestep_31": 5.807048093255107e-13,
      "timestep_32": 4.660246255734635e-13,
      "timestep_33": 4.4013414874505274e-13,
      "timestep_34": 3.7685870049597447e-13,
      "timestep_35": 3.1825638045074323e-13,
      "timestep_36": 2.6613791465762704e-13,
      "timestep_37": 2.4712802876129814e-13,
      "timestep_38": 2.281181157599149e-13,
      "timestep_39": 1.7160490422326452e-13,
      "timestep_4": 6.120051687652506e-11,
      "timestep_40": 1.1682789338805094e-13,
      "timestep_41": 1.0514508643096054e-13,
      "timestep_42": 7.476982086859069e-14,
      "timestep_43": 6.54235780134238e-14,
      "timestep_44": 4.205801153308805e-14,
      "timestep_45": 3.504832939171289e-14,
      "timestep_46": 2.803866080286488e-14,
      "timestep_47": 9.681207302492112e-05,
      "timestep_48": 0.00011969247861998156,
      "timestep_49": 0.00016000789764802903,
      "timestep_5": 4.943998682671591e-11,
      "timestep_6": 4.1188791960466986e-11,
      "timestep_7": 3.237781917575511e-11,
      "timestep_8": 2.715595977254015e-11,
      "timestep_9": 2.1072817102396613e-11
    },
    "temporal_importance": [
      0.00041068054269999266,
      8.796712063485757e-05,
      9.231266445697273e-11,
      7.654946121427031e-11,
      6.120051687652506e-11,
      4.943998682671591e-11,
      4.1188791960466986e-11,
      3.237781917575511e-11,
      2.715595977254015e-11,
      2.1072817102396613e-11,
      1.8723807226894706e-11,
      1.4256834428294507e-11,
      1.182683204842272e-11,
      1.1577638153736913e-11,
      8.541074097978552e-12,
      8.74422149271803e-12,
      7.204363407925518e-12,
      5.3155201594490276e-12,
      4.720068520064347e-12,
      3.288780489260623e-12,
      3.6193235908310584e-12,
      3.1298527138068355e-12,
      2.9557615036091e-12,
      2.0803400235108738e-12,
      1.929787059318233e-12,
      1.5139590969770467e-12,
      1.2956939124050826e-12,
      9.407252537715904e-13,
      8.170573592702901e-13,
      8.986573963275235e-13,
      7.234535778603834e-13,
      5.807048093255107e-13,
      4.660246255734635e-13,
      4.4013414874505274e-13,
      3.7685870049597447e-13,
      3.1825638045074323e-13,
      2.6613791465762704e-13,
      2.4712802876129814e-13,
      2.281181157599149e-13,
      1.7160490422326452e-13,
      1.1682789338805094e-13,
      1.0514508643096054e-13,
      7.476982086859069e-14,
      6.54235780134238e-14,
      4.205801153308805e-14,
      3.504832939171289e-14,
      2.803866080286488e-14,
      9.681207302492112e-05,
      0.00011969247861998156,
      0.00016000789764802903
    ],
    "trend_analysis": {
      "confidence_level": "high",
      "prediction_trend": "stable"
    }
  }
}