{
  "prediction": {
    "risk_score": 1.1112893113026343e-25,
    "attrition_probability": 1.1112893113026343e-25
  },
  "confidence": 0.8
}