{
  "prediction": {
    "employee_id": "780",
    "attrition_probability": 0.07621341198682785,
    "attrition_prediction": 1,
    "risk_category": "LOW",
    "confidence_score": 0.8475731760263443,
    "prediction_timestamp": "2025-09-23T22:52:38.636468"
  },
  "explanation": {
    "employee_id": "780",
    "feature_importance": {
      "RelationshipSatisfaction": 0.03405288979411125,
      "Education": 0.02487798221409321,
      "JobInvolvement": 0.03501373156905174,
      "EnvironmentSatisfaction": 0.048257846385240555,
      "JobLevel": 0.07228615880012512,
      "JobSatisfaction": 0.04019258916378021,
      "StockOptionLevel": 0.07264421880245209,
      "WorkLifeBalance": 0.03580893576145172,
      "Department": 0.037670474499464035,
      "JobRole": 0.046762410551309586,
      "MaritalStatus": 0.036864522844552994,
      "OverTime": 0.0779639258980751,
      "Age": 0.04039482772350311,
      "DailyRate": 0.03578038513660431,
      "DistanceFromHome": 0.036774344742298126,
      "MonthlyIncome": 0.04666806384921074,
      "NumCompaniesWorked": 0.050036631524562836,
      "TotalWorkingYears": 0.04981709271669388,
      "TrainingTimesLastYear": 0.02378365956246853,
      "YearsAtCompany": 0.02968277968466282,
      "YearsInCurrentRole": 0.03649982064962387,
      "YearsSinceLastPromotion": 0.03537580743432045,
      "YearsWithCurrManager": 0.05279093235731125
    },
    "shap_values": {
      "RelationshipSatisfaction": -0.07834628969430923,
      "Education": -0.0009013742674142122,
      "JobInvolvement": -0.10074561089277267,
      "EnvironmentSatisfaction": -0.35831212997436523,
      "JobLevel": 0.02280336245894432,
      "JobSatisfaction": -0.51905757188797,
      "StockOptionLevel": 0.3061257302761078,
      "WorkLifeBalance": 0.24498790502548218,
      "Department": -0.0801936611533165,
      "JobRole": -0.4379722476005554,
      "MaritalStatus": -0.08662635833024979,
      "OverTime": -0.5050646066665649,
      "Age": 0.0208364836871624,
      "DailyRate": 0.028920000419020653,
      "DistanceFromHome": -0.6595990061759949,
      "MonthlyIncome": 0.08128800243139267,
      "NumCompaniesWorked": -0.21163448691368103,
      "TotalWorkingYears": -0.12526372075080872,
      "TrainingTimesLastYear": 0.008346179500222206,
      "YearsAtCompany": 0.0004853953141719103,
      "YearsInCurrentRole": -0.21804746985435486,
      "YearsSinceLastPromotion": 0.3545974791049957,
      "YearsWithCurrManager": -0.45685407519340515
    },
    "lime_explanation": {
      "features": [
        "OverTime=0",
        "StockOptionLevel <= 0.00",
        "NumCompaniesWorked <= 1.00",
        "MonthlyIncome <= 2922.25",
        "DistanceFromHome <= 2.00",
        "3.00 < JobSatisfaction <= 4.00",
        "WorkLifeBalance <= 2.00",
        "3.00 < EnvironmentSatisfaction <= 4.00",
        "2.00 < JobInvolvement <= 3.00",
        "YearsWithCurrManager > 7.00"
      ],
      "values": [
        -0.21092027861292909,
        0.11832966131806395,
        -0.11719681202288161,
        0.09866482690767168,
        -0.09538993698468543,
        -0.09046003945651648,
        0.0786322099730736,
        -0.07390950436044444,
        -0.07297155943235806,
        -0.0633971790065099
      ],
      "intercept": 0.5319862883304688
    },
    "top_risk_factors": [],
    "top_protective_factors": [
      {
        "feature": "DistanceFromHome",
        "impact": 0.6595990061759949,
        "type": "protective"
      },
      {
        "feature": "JobSatisfaction",
        "impact": 0.51905757188797,
        "type": "protective"
      },
      {
        "feature": "OverTime",
        "impact": 0.5050646066665649,
        "type": "protective"
      },
      {
        "feature": "YearsWithCurrManager",
        "impact": 0.45685407519340515,
        "type": "protective"
      },
      {
        "feature": "JobRole",
        "impact": 0.4379722476005554,
        "type": "protective"
      }
    ],
    "explanation_timestamp": "2025-09-23T22:52:38.715478"
  },
  "agent_type": "structura",
  "analysis_type": "individual"
}