{
  "confidence": 0.8,
  "employee_id": "515",
  "features_used": 11,
  "model_metadata": {
    "feature_dimensions": 11,
    "model_type": "GRU_CNN_Hybrid",
    "sequence_length": 50,
    "training_optimized": true
  },
  "predicted_attrition": 0,
  "risk_score": 0.00026826225803233683,
  "sequence_length": 50,
  "xai_explanation": {
    "attention_weights": [
      [
        0.020001990720629692,
        0.02000109665095806,
        0.02000097744166851,
        0.020000867545604706,
        0.02000076323747635,
        0.020000677555799484,
        0.020000597462058067,
        0.02000049129128456,
        0.020000405609607697,
        0.02000032737851143,
        0.02000025287270546,
        0.020000189542770386,
        0.02000013366341591,
        0.020000087097287178,
        0.020000040531158447,
        0.020000003278255463,
        0.019999971613287926,
        0.01999993994832039,
        0.01999991200864315,
        0.01999988593161106,
        0.01999986171722412,
        0.019999835640192032,
        0.01999981701374054,
        0.019999802112579346,
        0.019999785348773003,
        0.019999772310256958,
        0.019999757409095764,
        0.019999748095870018,
        0.019999738782644272,
        0.019999729469418526,
        0.01999972201883793,
        0.019999714568257332,
        0.019999707117676735,
        0.019999701529741287,
        0.01999969594180584,
        0.019999690353870392,
        0.019999686628580093,
        0.019999681040644646,
        0.019999679177999496,
        0.019999675452709198,
        0.0199996717274189,
        0.01999966986477375,
        0.019999666139483452,
        0.019999662414193153,
        0.019999662414193153,
        0.019999656826257706,
        0.019999656826257706,
        0.019999656826257706,
        0.019999654963612556,
        0.019999653100967407
      ]
    ],
    "feature_names": [
      "day_of_week",
      "day_index",
      "system_login_hours",
      "work_focused_hours",
      "meeting_collaboration_hours",
      "social_dining_hours",
      "break_relaxation_hours",
      "shared_work_hours",
      "internal_comm_volume",
      "cafeteria_usage",
      "convenience_food_usage"
    ],
    "gradient_importance": [
      1.4682972278023954e-06,
      6.185486540744023e-07,
      1.960475856321864e-06,
      3.765602059502271e-06,
      4.356221324997023e-06,
      8.215091042984568e-07,
      2.9887640266679227e-05,
      3.1814474823477212e-06,
      9.911626875691582e-06,
      1.9260596673120745e-05,
      2.3088827219908126e-05
    ],
    "sequence_importance": {
      "timestep_0": 0.00020947282609995455,
      "timestep_1": 4.4868731492897496e-05,
      "timestep_10": 1.2191522097415586e-11,
      "timestep_11": 1.0518168801210148e-11,
      "timestep_12": 8.293127469471973e-12,
      "timestep_13": 7.167251601242208e-12,
      "timestep_14": 6.191168237801303e-12,
      "timestep_15": 5.166818795726558e-12,
      "timestep_16": 3.695277157184096e-12,
      "timestep_17": 3.896078338422315e-12,
      "timestep_18": 3.191335433763709e-12,
      "timestep_19": 3.063437741326891e-12,
      "timestep_2": 3.7250369455676946e-11,
      "timestep_20": 2.3918052868138195e-12,
      "timestep_21": 2.5179290076560168e-12,
      "timestep_22": 1.7596591501620185e-12,
      "timestep_23": 1.436563324894169e-12,
      "timestep_24": 1.3819019713257052e-12,
      "timestep_25": 1.279828239914016e-12,
      "timestep_26": 1.0245483931733967e-12,
      "timestep_27": 8.151888994563372e-13,
      "timestep_28": 7.25363345777108e-13,
      "timestep_29": 6.406874271565333e-13,
      "timestep_3": 3.211007154613199e-11,
      "timestep_30": 5.387753502887616e-13,
      "timestep_31": 4.4218727529403423e-13,
      "timestep_32": 3.9718044391595653e-13,
      "timestep_33": 3.007426935524443e-13,
      "timestep_34": 3.022223313622896e-13,
      "timestep_35": 2.458760463026205e-13,
      "timestep_36": 1.9612263202350988e-13,
      "timestep_37": 2.1309229337670987e-13,
      "timestep_38": 1.5842879850895553e-13,
      "timestep_39": 1.4522630602427367e-13,
      "timestep_4": 2.6081213577722195e-11,
      "timestep_40": 1.0338188231916526e-13,
      "timestep_41": 8.232031999426057e-14,
      "timestep_42": 7.317357711509459e-14,
      "timestep_43": 5.5686500603866623e-14,
      "timestep_44": 3.3433528840408344e-14,
      "timestep_45": 2.7861263304589622e-14,
      "timestep_46": 1.9063647077491135e-14,
      "timestep_47": 3.969240060541779e-05,
      "timestep_48": 6.247495184652507e-05,
      "timestep_49": 9.040359145728871e-05,
      "timestep_5": 2.1358930249459895e-11,
      "timestep_6": 1.944188560143445e-11,
      "timestep_7": 2.1385214779567896e-11,
      "timestep_8": 1.6361233548534138e-11,
      "timestep_9": 1.4522333856292757e-11
    },
    "temporal_importance": [
      0.00020947282609995455,
      4.4868731492897496e-05,
      3.7250369455676946e-11,
      3.211007154613199e-11,
      2.6081213577722195e-11,
      2.1358930249459895e-11,
      1.944188560143445e-11,
      2.1385214779567896e-11,
      1.6361233548534138e-11,
      1.4522333856292757e-11,
      1.2191522097415586e-11,
      1.0518168801210148e-11,
      8.293127469471973e-12,
      7.167251601242208e-12,
      6.191168237801303e-12,
      5.166818795726558e-12,
      3.695277157184096e-12,
      3.896078338422315e-12,
      3.191335433763709e-12,
      3.063437741326891e-12,
      2.3918052868138195e-12,
      2.5179290076560168e-12,
      1.7596591501620185e-12,
      1.436563324894169e-12,
      1.3819019713257052e-12,
      1.279828239914016e-12,
      1.0245483931733967e-12,
      8.151888994563372e-13,
      7.25363345777108e-13,
      6.406874271565333e-13,
      5.387753502887616e-13,
      4.4218727529403423e-13,
      3.9718044391595653e-13,
      3.007426935524443e-13,
      3.022223313622896e-13,
      2.458760463026205e-13,
      1.9612263202350988e-13,
      2.1309229337670987e-13,
      1.5842879850895553e-13,
      1.4522630602427367e-13,
      1.0338188231916526e-13,
      8.232031999426057e-14,
      7.317357711509459e-14,
      5.5686500603866623e-14,
      3.3433528840408344e-14,
      2.7861263304589622e-14,
      1.9063647077491135e-14,
      3.969240060541779e-05,
      6.247495184652507e-05,
      9.040359145728871e-05
    ],
    "trend_analysis": {
      "confidence_level": "high",
      "prediction_trend": "stable"
    }
  }
}