{
  "confidence": 0.7,
  "employee_data": {
    "Age": 30,
    "AgeFactor": 1,
    "Attrition": "No",
    "BusinessTravel": "Travel_Frequently",
    "DailyRate": 1012,
    "Department": "Research & Development",
    "DistanceFromHome": 5,
    "Education": 4,
    "EducationField": "Life Sciences",
    "EmployeeCount": 1,
    "EmployeeNumber": 861,
    "EnvironmentSatisfaction": 2,
    "Gender": "Male",
    "HourlyRate": 75,
    "JobInvolvement": 2,
    "JobLevel": 1,
    "JobRole": "Research Scientist",
    "JobSatisfaction": 4,
    "MaritalStatus": "Divorced",
    "MonthlyIncome": 3761,
    "MonthlyRate": 2373,
    "Norm_EnvironmentSatisfaction": 0.3333333333333333,
    "Norm_JobInvolvement": 0.3333333333333333,
    "Norm_JobLevel": 0,
    "Norm_JobSatisfaction": 1,
    "Norm_MonthlyIncome": 0.1449183780937335,
    "Norm_NumCompaniesWorked": 1,
    "Norm_PercentSalaryHike": 0.0714285714285714,
    "Norm_PerformanceRating": 0,
    "Norm_RelationshipSatisfaction": 0.3333333333333333,
    "Norm_TotalWorkingYears": 0.25,
    "Norm_TrainingTimesLastYear": 0.5,
    "Norm_WorkLifeBalance": 0.3333333333333333,
    "Norm_YearsAtCompany": 0.125,
    "Norm_YearsSinceLastPromotion": 0,
    "NumCompaniesWorked": 9,
    "Over18": "Y",
    "OverTime": "No",
    "OverTime_bin": 0,
    "PercentSalaryHike": 12,
    "PerformanceRating": 3,
    "Prob_N01": 0.4766470418605417,
    "Prob_N02": 0.0037048152989627,
    "Prob_N03": 0.0196151077391876,
    "Prob_P01": 0.0013629253818258,
    "Prob_P02": 0.2943099329203668,
    "Prob_P03": 0.0022470840673933,
    "Prob_P04": 0.1658215606326999,
    "Prob_S01": 0.0005923249292703,
    "Prob_S02": 0.008324119089539,
    "Prob_S03": 0.0273750880802125,
    "RelationshipSatisfaction": 2,
    "Score_N01": 0.819047619047619,
    "Score_N02": 0.3333333333333333,
    "Score_N03": 0.5,
    "Score_P01": 0.2333333333333333,
    "Score_P02": 0.7708333333333333,
    "Score_P03": 0.2833333333333333,
    "Score_P04": 0.713461220191078,
    "Score_S01": 0.15,
    "Score_S02": 0.4142857142857143,
    "Score_S03": 0.5333333333333333,
    "StandardHours": 80,
    "StockOptionLevel": 1,
    "TotalWorkingYears": 10,
    "TrainingTimesLastYear": 3,
    "WorkLifeBalance": 2,
    "YearsAtCompany": 5,
    "YearsInCurrentRole": 4,
    "YearsSinceLastPromotion": 0,
    "YearsWithCurrManager": 3,
    "argmax_Persona": "현상 유지자",
    "argmax_Persona_Code": "N01",
    "argmax_RiskTier": "Neutral",
    "is_married": 0,
    "softmax_Persona": "라이징 스타",
    "softmax_Persona_Code": "S02",
    "softmax_RiskTier": "Stable"
  },
  "employee_id": 861,
  "feature_importance": {},
  "lime_explanation": {},
  "model_interpretation": {},
  "predicted_attrition": 0,
  "risk_score": 0.005760557949542999,
  "shap_values": {},
  "xai_explanation": {}
}