{
  "prediction": {
    "risk_score": 1.6029007677445355e-34,
    "attrition_probability": 1.6029007677445355e-34
  },
  "confidence": 0.8
}