{
  "prediction": {
    "risk_score": 1.5927599268363738e-17,
    "attrition_probability": 1.5927599268363738e-17
  },
  "confidence": 0.8
}