{
  "prediction": {
    "risk_score": 5.517109854934655e-32,
    "attrition_probability": 5.517109854934655e-32
  },
  "confidence": 0.8
}