{
  "prediction": {
    "risk_score": 1.211841599291219e-10,
    "attrition_probability": 1.211841599291219e-10
  },
  "confidence": 0.8
}