{
  "confidence": 0.8,
  "employee_id": "502",
  "features_used": 11,
  "model_metadata": {
    "feature_dimensions": 11,
    "model_type": "GRU_CNN_Hybrid",
    "sequence_length": 50,
    "training_optimized": true
  },
  "predicted_attrition": 1,
  "risk_score": 0.9999778270721436,
  "sequence_length": 50,
  "xai_explanation": {
    "attention_weights": [
      [
        0.020002780482172966,
        0.02000211924314499,
        0.020001858472824097,
        0.02000165730714798,
        0.020001452416181564,
        0.0200012419372797,
        0.020001037046313286,
        0.020000867545604706,
        0.020000744611024857,
        0.020000599324703217,
        0.020000459626317024,
        0.02000034786760807,
        0.020000247284770012,
        0.0200001560151577,
        0.020000068470835686,
        0.019999995827674866,
        0.01999993994832039,
        0.019999884068965912,
        0.019999833777546883,
        0.01999979093670845,
        0.01999974437057972,
        0.019999710842967033,
        0.019999679177999496,
        0.01999964565038681,
        0.01999961957335472,
        0.019999591633677483,
        0.01999957114458084,
        0.01999954879283905,
        0.019999532029032707,
        0.019999515265226364,
        0.01999950222671032,
        0.019999489188194275,
        0.01999947614967823,
        0.019999463111162186,
        0.01999945379793644,
        0.019999446347355843,
        0.019999440759420395,
        0.019999433308839798,
        0.0199994258582592,
        0.019999420270323753,
        0.019999416545033455,
        0.019999410957098007,
        0.01999940350651741,
        0.01999940164387226,
        0.019999396055936813,
        0.019999392330646515,
        0.019999392330646515,
        0.019999390468001366,
        0.019999386742711067,
        0.019999384880065918
      ]
    ],
    "feature_names": [
      "day_of_week",
      "day_index",
      "system_login_hours",
      "work_focused_hours",
      "meeting_collaboration_hours",
      "social_dining_hours",
      "break_relaxation_hours",
      "shared_work_hours",
      "internal_comm_volume",
      "cafeteria_usage",
      "convenience_food_usage"
    ],
    "gradient_importance": [
      2.2484954342871788e-07,
      3.685388350049834e-08,
      7.495599874118852e-08,
      2.8608602065105515e-07,
      2.700079448914039e-07,
      9.676613643705423e-08,
      2.0792538180103293e-06,
      1.5935836472635856e-07,
      4.899179089079553e-07,
      1.3947587831353303e-06,
      1.6297266256515286e-06
    ],
    "sequence_importance": {
      "timestep_0": 7.807749170751777e-06,
      "timestep_1": 9.353226526620517e-12,
      "timestep_10": 2.438241449020939e-12,
      "timestep_11": 1.9832204455061397e-12,
      "timestep_12": 1.647662908887959e-12,
      "timestep_13": 1.3965117040201647e-12,
      "timestep_14": 1.158855021492211e-12,
      "timestep_15": 1.0116778291838213e-12,
      "timestep_16": 7.783284650467182e-13,
      "timestep_17": 6.948933073923358e-13,
      "timestep_18": 5.525946453893704e-13,
      "timestep_19": 4.866362846543681e-13,
      "timestep_2": 7.95347034759919e-12,
      "timestep_20": 4.530259630972089e-13,
      "timestep_21": 3.5156515827867996e-13,
      "timestep_22": 3.2801108292186687e-13,
      "timestep_23": 2.7815087472876643e-13,
      "timestep_24": 2.3730672917172957e-13,
      "timestep_25": 1.9270755781050641e-13,
      "timestep_26": 1.6447666796245985e-13,
      "timestep_27": 1.3611589069414953e-13,
      "timestep_28": 1.1782710766274074e-13,
      "timestep_29": 1.1092386368151755e-13,
      "timestep_3": 7.286336464740195e-12,
      "timestep_30": 7.937272665297854e-14,
      "timestep_31": 7.5470622047831e-14,
      "timestep_32": 6.222396187714752e-14,
      "timestep_33": 5.875140462021158e-14,
      "timestep_34": 3.7802314718175106e-14,
      "timestep_35": 3.374864881370947e-14,
      "timestep_36": 2.855184079615658e-14,
      "timestep_37": 2.9268129125804496e-14,
      "timestep_38": 2.319370688346964e-14,
      "timestep_39": 1.6668566551439508e-14,
      "timestep_4": 5.31592001321024e-12,
      "timestep_40": 1.618124986215927e-14,
      "timestep_41": 1.3623634724957857e-14,
      "timestep_42": 1.0675856730493326e-14,
      "timestep_43": 8.233668467080152e-15,
      "timestep_44": 5.7237637311822586e-15,
      "timestep_45": 4.218832670499018e-15,
      "timestep_46": 1.257568897017336e-06,
      "timestep_47": 6.6915631578012835e-06,
      "timestep_48": 8.666020221426152e-06,
      "timestep_49": 6.224924163689138e-06,
      "timestep_5": 4.858547158342885e-12,
      "timestep_6": 4.4812608485100824e-12,
      "timestep_7": 3.5025274781191884e-12,
      "timestep_8": 2.7892716348426605e-12,
      "timestep_9": 2.6323593912275234e-12
    },
    "temporal_importance": [
      7.807749170751777e-06,
      9.353226526620517e-12,
      7.95347034759919e-12,
      7.286336464740195e-12,
      5.31592001321024e-12,
      4.858547158342885e-12,
      4.4812608485100824e-12,
      3.5025274781191884e-12,
      2.7892716348426605e-12,
      2.6323593912275234e-12,
      2.438241449020939e-12,
      1.9832204455061397e-12,
      1.647662908887959e-12,
      1.3965117040201647e-12,
      1.158855021492211e-12,
      1.0116778291838213e-12,
      7.783284650467182e-13,
      6.948933073923358e-13,
      5.525946453893704e-13,
      4.866362846543681e-13,
      4.530259630972089e-13,
      3.5156515827867996e-13,
      3.2801108292186687e-13,
      2.7815087472876643e-13,
      2.3730672917172957e-13,
      1.9270755781050641e-13,
      1.6447666796245985e-13,
      1.3611589069414953e-13,
      1.1782710766274074e-13,
      1.1092386368151755e-13,
      7.937272665297854e-14,
      7.5470622047831e-14,
      6.222396187714752e-14,
      5.875140462021158e-14,
      3.7802314718175106e-14,
      3.374864881370947e-14,
      2.855184079615658e-14,
      2.9268129125804496e-14,
      2.319370688346964e-14,
      1.6668566551439508e-14,
      1.618124986215927e-14,
      1.3623634724957857e-14,
      1.0675856730493326e-14,
      8.233668467080152e-15,
      5.7237637311822586e-15,
      4.218832670499018e-15,
      1.257568897017336e-06,
      6.6915631578012835e-06,
      8.666020221426152e-06,
      6.224924163689138e-06
    ],
    "trend_analysis": {
      "confidence_level": "high",
      "prediction_trend": "increasing"
    }
  }
}