{
  "prediction": {
    "risk_score": 3.0130836942198037e-27,
    "attrition_probability": 3.0130836942198037e-27
  },
  "confidence": 0.8
}