{
  "prediction": {
    "risk_score": 3.322793015198184e-30,
    "attrition_probability": 3.322793015198184e-30
  },
  "confidence": 0.8
}