{
  "confidence": 0.7,
  "employee_data": {
    "Age": 35,
    "AgeFactor": 1,
    "Attrition": "No",
    "BusinessTravel": "Travel_Rarely",
    "DailyRate": 1219,
    "Department": "Sales",
    "DistanceFromHome": 18,
    "Education": 3,
    "EducationField": "Medical",
    "EmployeeCount": 1,
    "EmployeeNumber": 975,
    "EnvironmentSatisfaction": 3,
    "Gender": "Female",
    "HourlyRate": 86,
    "JobInvolvement": 3,
    "JobLevel": 2,
    "JobRole": "Sales Executive",
    "JobSatisfaction": 3,
    "MaritalStatus": "Married",
    "MonthlyIncome": 4601,
    "MonthlyRate": 6179,
    "Norm_EnvironmentSatisfaction": 0.6666666666666666,
    "Norm_JobInvolvement": 0.6666666666666666,
    "Norm_JobLevel": 0.25,
    "Norm_JobSatisfaction": 0.6666666666666666,
    "Norm_MonthlyIncome": 0.1891521853607161,
    "Norm_NumCompaniesWorked": 0.1111111111111111,
    "Norm_PercentSalaryHike": 0.3571428571428571,
    "Norm_PerformanceRating": 0,
    "Norm_RelationshipSatisfaction": 0.3333333333333333,
    "Norm_TotalWorkingYears": 0.125,
    "Norm_TrainingTimesLastYear": 0.5,
    "Norm_WorkLifeBalance": 0.6666666666666666,
    "Norm_YearsAtCompany": 0.125,
    "Norm_YearsSinceLastPromotion": 0.0666666666666666,
    "NumCompaniesWorked": 1,
    "Over18": "Y",
    "OverTime": "No",
    "OverTime_bin": 0,
    "PercentSalaryHike": 16,
    "PerformanceRating": 3,
    "Prob_N01": 0.0156425776221087,
    "Prob_N02": 0.000585249074154,
    "Prob_N03": 0.8957089958049785,
    "Prob_P01": 0.000585249074154,
    "Prob_P02": 0.0464920925489062,
    "Prob_P03": 0.0004954026457805,
    "Prob_P04": 0.022475715354278,
    "Prob_S01": 0.0006540270003306,
    "Prob_S02": 0.003473749737033,
    "Prob_S03": 0.013886941138276,
    "RelationshipSatisfaction": 2,
    "Score_N01": 0.5952380952380952,
    "Score_N02": 0.2666666666666667,
    "Score_N03": 1,
    "Score_P01": 0.2666666666666667,
    "Score_P02": 0.7041666666666666,
    "Score_P03": 0.25,
    "Score_P04": 0.6314819829985707,
    "Score_S01": 0.2777777777777778,
    "Score_S02": 0.4447619047619048,
    "Score_S03": 0.5833333333333334,
    "StandardHours": 80,
    "StockOptionLevel": 0,
    "TotalWorkingYears": 5,
    "TrainingTimesLastYear": 3,
    "WorkLifeBalance": 3,
    "YearsAtCompany": 5,
    "YearsInCurrentRole": 2,
    "YearsSinceLastPromotion": 1,
    "YearsWithCurrManager": 0,
    "argmax_Persona": "신규 부모",
    "argmax_Persona_Code": "N03",
    "argmax_RiskTier": "Neutral",
    "is_married": 1,
    "softmax_Persona": "신규 부모",
    "softmax_Persona_Code": "N03",
    "softmax_RiskTier": "Neutral"
  },
  "employee_id": 975,
  "feature_importance": {},
  "lime_explanation": {},
  "model_interpretation": {},
  "predicted_attrition": 0,
  "risk_score": 0.007357431575655937,
  "shap_values": {},
  "xai_explanation": {}
}