{
  "confidence": 0.7,
  "employee_data": {
    "Age": 31,
    "AgeFactor": 1,
    "Attrition": "No",
    "BusinessTravel": "Travel_Frequently",
    "DailyRate": 1125,
    "Department": "Sales",
    "DistanceFromHome": 7,
    "Education": 4,
    "EducationField": "Marketing",
    "EmployeeCount": 1,
    "EmployeeNumber": 1833,
    "EnvironmentSatisfaction": 1,
    "Gender": "Female",
    "HourlyRate": 68,
    "JobInvolvement": 3,
    "JobLevel": 3,
    "JobRole": "Sales Executive",
    "JobSatisfaction": 1,
    "MaritalStatus": "Married",
    "MonthlyIncome": 9637,
    "MonthlyRate": 8277,
    "Norm_EnvironmentSatisfaction": 0,
    "Norm_JobInvolvement": 0.6666666666666666,
    "Norm_JobLevel": 0.5,
    "Norm_JobSatisfaction": 0,
    "Norm_MonthlyIncome": 0.45434439178515,
    "Norm_NumCompaniesWorked": 0.2222222222222222,
    "Norm_PercentSalaryHike": 0.2142857142857142,
    "Norm_PerformanceRating": 0,
    "Norm_RelationshipSatisfaction": 1,
    "Norm_TotalWorkingYears": 0.225,
    "Norm_TrainingTimesLastYear": 0.5,
    "Norm_WorkLifeBalance": 0.6666666666666666,
    "Norm_YearsAtCompany": 0.075,
    "Norm_YearsSinceLastPromotion": 0.1333333333333333,
    "NumCompaniesWorked": 2,
    "Over18": "Y",
    "OverTime": "No",
    "OverTime_bin": 0,
    "PercentSalaryHike": 14,
    "PerformanceRating": 3,
    "Prob_N01": 0.0212527885096546,
    "Prob_N02": 0.0003067852991524,
    "Prob_N03": 0.9145140878153956,
    "Prob_P01": 0.0044152282846271,
    "Prob_P02": 0.0312929512545525,
    "Prob_P03": 0.00070590557703,
    "Prob_P04": 0.0231935088451564,
    "Prob_S01": 0.0006530826606073,
    "Prob_S02": 0.0020413900398309,
    "Prob_S03": 0.0016242717139929,
    "RelationshipSatisfaction": 4,
    "Score_N01": 0.6238095238095238,
    "Score_N02": 0.2,
    "Score_N03": 1,
    "Score_P01": 0.4666666666666667,
    "Score_P02": 0.6625000000000001,
    "Score_P03": 0.2833333333333333,
    "Score_P04": 0.6325479575716543,
    "Score_S01": 0.2755555555555555,
    "Score_S02": 0.3895238095238095,
    "Score_S03": 0.3666666666666667,
    "StandardHours": 80,
    "StockOptionLevel": 2,
    "TotalWorkingYears": 9,
    "TrainingTimesLastYear": 3,
    "WorkLifeBalance": 3,
    "YearsAtCompany": 3,
    "YearsInCurrentRole": 2,
    "YearsSinceLastPromotion": 2,
    "YearsWithCurrManager": 2,
    "argmax_Persona": "신규 부모",
    "argmax_Persona_Code": "N03",
    "argmax_RiskTier": "Neutral",
    "is_married": 1,
    "softmax_Persona": "신규 부모",
    "softmax_Persona_Code": "N03",
    "softmax_RiskTier": "Neutral"
  },
  "employee_id": 1833,
  "feature_importance": {},
  "lime_explanation": {},
  "model_interpretation": {},
  "predicted_attrition": 0,
  "risk_score": 0.009506775997579098,
  "shap_values": {},
  "xai_explanation": {}
}