{
  "confidence": 0.8,
  "employee_id": "1190",
  "features_used": 11,
  "model_metadata": {
    "feature_dimensions": 11,
    "model_type": "GRU_CNN_Hybrid",
    "sequence_length": 50,
    "training_optimized": true
  },
  "predicted_attrition": 0,
  "risk_score": 0.0006505405181087554,
  "sequence_length": 50,
  "xai_explanation": {
    "attention_weights": [
      [
        0.020000839605927467,
        0.020000068470835686,
        0.020000090822577477,
        0.020000098273158073,
        0.020000115036964417,
        0.020000122487545013,
        0.020000111311674118,
        0.020000111311674118,
        0.02000010572373867,
        0.020000100135803223,
        0.02000008523464203,
        0.020000074058771133,
        0.020000062882900238,
        0.020000049844384193,
        0.020000038668513298,
        0.020000023767352104,
        0.020000014454126358,
        0.020000003278255463,
        0.019999992102384567,
        0.01999998278915882,
        0.019999975338578224,
        0.019999966025352478,
        0.01999996230006218,
        0.019999952986836433,
        0.019999947398900986,
        0.01999993994832039,
        0.01999993622303009,
        0.019999930635094643,
        0.019999928772449493,
        0.019999923184514046,
        0.019999921321868896,
        0.019999919459223747,
        0.0199999138712883,
        0.0199999138712883,
        0.01999991200864315,
        0.019999910145998,
        0.019999906420707703,
        0.019999906420707703,
        0.019999904558062553,
        0.019999904558062553,
        0.019999902695417404,
        0.019999898970127106,
        0.019999898970127106,
        0.019999898970127106,
        0.019999898970127106,
        0.019999897107481956,
        0.019999897107481956,
        0.019999897107481956,
        0.019999897107481956,
        0.019999895244836807
      ]
    ],
    "feature_names": [
      "day_of_week",
      "day_index",
      "system_login_hours",
      "work_focused_hours",
      "meeting_collaboration_hours",
      "social_dining_hours",
      "break_relaxation_hours",
      "shared_work_hours",
      "internal_comm_volume",
      "cafeteria_usage",
      "convenience_food_usage"
    ],
    "gradient_importance": [
      4.300567070458783e-06,
      1.2624640248759533e-06,
      5.32110288986587e-06,
      9.12801351660164e-06,
      1.0558943358773831e-05,
      2.271192443004111e-06,
      7.244137668749318e-05,
      7.711274520261213e-06,
      2.4025132006499916e-05,
      4.6684352128067985e-05,
      5.59636828256771e-05
    ],
    "sequence_importance": {
      "timestep_0": 0.0005076979286968708,
      "timestep_1": 0.0001087543714675121,
      "timestep_10": 2.547349657600062e-11,
      "timestep_11": 1.8828808304172107e-11,
      "timestep_12": 1.6438262209761412e-11,
      "timestep_13": 1.3568438039790465e-11,
      "timestep_14": 1.0710391774859662e-11,
      "timestep_15": 9.50127563431602e-12,
      "timestep_16": 7.871020675509488e-12,
      "timestep_17": 6.089784492652184e-12,
      "timestep_18": 5.250343129009627e-12,
      "timestep_19": 5.1426662407705326e-12,
      "timestep_2": 1.2759734935308131e-10,
      "timestep_20": 3.833467397684753e-12,
      "timestep_21": 3.271363865561816e-12,
      "timestep_22": 2.6153179014803962e-12,
      "timestep_23": 2.5366967641021754e-12,
      "timestep_24": 1.899962825957502e-12,
      "timestep_25": 1.6375429658099794e-12,
      "timestep_26": 1.293115679638912e-12,
      "timestep_27": 1.2925514608283506e-12,
      "timestep_28": 8.536782934200071e-13,
      "timestep_29": 8.148744266162078e-13,
      "timestep_3": 1.0708247483171007e-10,
      "timestep_30": 5.781512421587642e-13,
      "timestep_31": 5.49243484894435e-13,
      "timestep_32": 5.203357818402143e-13,
      "timestep_33": 4.914280787859937e-13,
      "timestep_34": 2.783082195690484e-13,
      "timestep_35": 2.6091390332994013e-13,
      "timestep_36": 2.1106642095983924e-13,
      "timestep_37": 1.9599018317561362e-13,
      "timestep_38": 1.8091399960149662e-13,
      "timestep_39": 1.6583778892232531e-13,
      "timestep_4": 8.285702679522444e-11,
      "timestep_40": 1.2758079369432768e-13,
      "timestep_41": 7.765531653044361e-14,
      "timestep_42": 4.6017961712269476e-14,
      "timestep_43": 6.039856521823303e-14,
      "timestep_44": 3.45134585787079e-14,
      "timestep_45": 2.876121378819069e-14,
      "timestep_46": 0.00010510059655644,
      "timestep_47": 0.0001087489363271743,
      "timestep_48": 0.00014218539581634104,
      "timestep_49": 0.00011691264080582187,
      "timestep_5": 6.656583617647982e-11,
      "timestep_6": 6.25458435044024e-11,
      "timestep_7": 4.327331548648061e-11,
      "timestep_8": 3.528117034634626e-11,
      "timestep_9": 2.7239856204008817e-11
    },
    "temporal_importance": [
      0.0005076979286968708,
      0.0001087543714675121,
      1.2759734935308131e-10,
      1.0708247483171007e-10,
      8.285702679522444e-11,
      6.656583617647982e-11,
      6.25458435044024e-11,
      4.327331548648061e-11,
      3.528117034634626e-11,
      2.7239856204008817e-11,
      2.547349657600062e-11,
      1.8828808304172107e-11,
      1.6438262209761412e-11,
      1.3568438039790465e-11,
      1.0710391774859662e-11,
      9.50127563431602e-12,
      7.871020675509488e-12,
      6.089784492652184e-12,
      5.250343129009627e-12,
      5.1426662407705326e-12,
      3.833467397684753e-12,
      3.271363865561816e-12,
      2.6153179014803962e-12,
      2.5366967641021754e-12,
      1.899962825957502e-12,
      1.6375429658099794e-12,
      1.293115679638912e-12,
      1.2925514608283506e-12,
      8.536782934200071e-13,
      8.148744266162078e-13,
      5.781512421587642e-13,
      5.49243484894435e-13,
      5.203357818402143e-13,
      4.914280787859937e-13,
      2.783082195690484e-13,
      2.6091390332994013e-13,
      2.1106642095983924e-13,
      1.9599018317561362e-13,
      1.8091399960149662e-13,
      1.6583778892232531e-13,
      1.2758079369432768e-13,
      7.765531653044361e-14,
      4.6017961712269476e-14,
      6.039856521823303e-14,
      3.45134585787079e-14,
      2.876121378819069e-14,
      0.00010510059655644,
      0.0001087489363271743,
      0.00014218539581634104,
      0.00011691264080582187
    ],
    "trend_analysis": {
      "confidence_level": "high",
      "prediction_trend": "stable"
    }
  }
}