{
  "prediction": {
    "risk_score": 4.318858289038249e-20,
    "attrition_probability": 4.318858289038249e-20
  },
  "confidence": 0.8
}