{
  "prediction": {
    "risk_score": 3.4416481776576753e-15,
    "attrition_probability": 3.4416481776576753e-15
  },
  "confidence": 0.8
}