{
  "prediction": {
    "employee_id": "1003",
    "attrition_probability": 0.03097565285861492,
    "attrition_prediction": 1,
    "risk_category": "LOW",
    "confidence_score": 0.9380486942827702,
    "prediction_timestamp": "2025-09-23T22:52:54.544427"
  },
  "explanation": {
    "employee_id": "1003",
    "feature_importance": {
      "RelationshipSatisfaction": 0.03405288979411125,
      "Education": 0.02487798221409321,
      "JobInvolvement": 0.03501373156905174,
      "EnvironmentSatisfaction": 0.048257846385240555,
      "JobLevel": 0.07228615880012512,
      "JobSatisfaction": 0.04019258916378021,
      "StockOptionLevel": 0.07264421880245209,
      "WorkLifeBalance": 0.03580893576145172,
      "Department": 0.037670474499464035,
      "JobRole": 0.046762410551309586,
      "MaritalStatus": 0.036864522844552994,
      "OverTime": 0.0779639258980751,
      "Age": 0.04039482772350311,
      "DailyRate": 0.03578038513660431,
      "DistanceFromHome": 0.036774344742298126,
      "MonthlyIncome": 0.04666806384921074,
      "NumCompaniesWorked": 0.050036631524562836,
      "TotalWorkingYears": 0.04981709271669388,
      "TrainingTimesLastYear": 0.02378365956246853,
      "YearsAtCompany": 0.02968277968466282,
      "YearsInCurrentRole": 0.03649982064962387,
      "YearsSinceLastPromotion": 0.03537580743432045,
      "YearsWithCurrManager": 0.05279093235731125
    },
    "shap_values": {
      "RelationshipSatisfaction": -0.30752086639404297,
      "Education": -0.00603040074929595,
      "JobInvolvement": -0.09934826195240021,
      "EnvironmentSatisfaction": -0.3828980028629303,
      "JobLevel": -0.07986897975206375,
      "JobSatisfaction": -0.40036624670028687,
      "StockOptionLevel": 0.18672890961170197,
      "WorkLifeBalance": -0.13554514944553375,
      "Department": -0.01797252520918846,
      "JobRole": -0.34676140546798706,
      "MaritalStatus": -0.12681521475315094,
      "OverTime": -0.4349247217178345,
      "Age": -0.23416994512081146,
      "DailyRate": -0.45361587405204773,
      "DistanceFromHome": -0.4127490222454071,
      "MonthlyIncome": -0.270809531211853,
      "NumCompaniesWorked": -0.14995519816875458,
      "TotalWorkingYears": 0.007417948916554451,
      "TrainingTimesLastYear": 0.15946456789970398,
      "YearsAtCompany": 0.10418614000082016,
      "YearsInCurrentRole": 0.09336210787296295,
      "YearsSinceLastPromotion": -0.19932158291339874,
      "YearsWithCurrManager": -0.210860475897789
    },
    "lime_explanation": {
      "features": [
        "OverTime=0",
        "NumCompaniesWorked <= 1.00",
        "StockOptionLevel <= 0.00",
        "3.00 < JobSatisfaction <= 4.00",
        "2.00 < WorkLifeBalance <= 3.00",
        "3.00 < EnvironmentSatisfaction <= 4.00",
        "2.00 < JobInvolvement <= 3.00",
        "Age > 42.00",
        "2.00 < DistanceFromHome <= 7.00",
        "2.00 < RelationshipSatisfaction <= 3.00"
      ],
      "values": [
        -0.21117481676739486,
        -0.11072012948127402,
        0.10914061003786722,
        -0.08309897724521711,
        -0.0723793061560553,
        -0.06749352426355908,
        -0.06244436470747274,
        -0.0548293397511564,
        -0.05366733591940422,
        -0.04565846757370186
      ],
      "intercept": 0.6159410338764228
    },
    "top_risk_factors": [],
    "top_protective_factors": [
      {
        "feature": "DailyRate",
        "impact": 0.45361587405204773,
        "type": "protective"
      },
      {
        "feature": "OverTime",
        "impact": 0.4349247217178345,
        "type": "protective"
      },
      {
        "feature": "DistanceFromHome",
        "impact": 0.4127490222454071,
        "type": "protective"
      },
      {
        "feature": "JobSatisfaction",
        "impact": 0.40036624670028687,
        "type": "protective"
      },
      {
        "feature": "EnvironmentSatisfaction",
        "impact": 0.3828980028629303,
        "type": "protective"
      }
    ],
    "explanation_timestamp": "2025-09-23T22:52:54.618475"
  },
  "agent_type": "structura",
  "analysis_type": "individual"
}