{
  "prediction": {
    "risk_score": 1.3100452756469402e-22,
    "attrition_probability": 1.3100452756469402e-22
  },
  "confidence": 0.8
}