{
  "prediction": {
    "risk_score": 2.5353582314785336e-32,
    "attrition_probability": 2.5353582314785336e-32
  },
  "confidence": 0.8
}