{
  "confidence": 0.7,
  "employee_data": {
    "Age": 48,
    "AgeFactor": 0,
    "Attrition": "No",
    "BusinessTravel": "Travel_Rarely",
    "DailyRate": 1355,
    "Department": "Research & Development",
    "DistanceFromHome": 4,
    "Education": 4,
    "EducationField": "Life Sciences",
    "EmployeeCount": 1,
    "EmployeeNumber": 1024,
    "EnvironmentSatisfaction": 3,
    "Gender": "Male",
    "HourlyRate": 78,
    "JobInvolvement": 2,
    "JobLevel": 3,
    "JobRole": "Healthcare Representative",
    "JobSatisfaction": 3,
    "MaritalStatus": "Single",
    "MonthlyIncome": 10999,
    "MonthlyRate": 22245,
    "Norm_EnvironmentSatisfaction": 0.6666666666666666,
    "Norm_JobInvolvement": 0.3333333333333333,
    "Norm_JobLevel": 0.5,
    "Norm_JobSatisfaction": 0.6666666666666666,
    "Norm_MonthlyIncome": 0.5260663507109005,
    "Norm_NumCompaniesWorked": 0.7777777777777778,
    "Norm_PercentSalaryHike": 0.2142857142857142,
    "Norm_PerformanceRating": 0,
    "Norm_RelationshipSatisfaction": 0.3333333333333333,
    "Norm_TotalWorkingYears": 0.675,
    "Norm_TrainingTimesLastYear": 0.5,
    "Norm_WorkLifeBalance": 0.6666666666666666,
    "Norm_YearsAtCompany": 0.375,
    "Norm_YearsSinceLastPromotion": 0.2666666666666666,
    "NumCompaniesWorked": 7,
    "Over18": "Y",
    "OverTime": "No",
    "OverTime_bin": 0,
    "PercentSalaryHike": 14,
    "PerformanceRating": 3,
    "Prob_N01": 0.7059624718175056,
    "Prob_N02": 0.0037489164138484,
    "Prob_N03": 0.001924757864692,
    "Prob_P01": 0.0037489164138484,
    "Prob_P02": 0.0853249442935905,
    "Prob_P03": 0.0168014777175554,
    "Prob_P04": 0.1092230274611351,
    "Prob_S01": 0.0270921663005378,
    "Prob_S02": 0.0075135265578182,
    "Prob_S03": 0.0386597951594681,
    "RelationshipSatisfaction": 2,
    "Score_N01": 0.7904761904761904,
    "Score_N02": 0.2666666666666667,
    "Score_N03": 0.2,
    "Score_P01": 0.2666666666666667,
    "Score_P02": 0.5791666666666666,
    "Score_P03": 0.4166666666666667,
    "Score_P04": 0.603859174001354,
    "Score_S01": 0.4644444444444445,
    "Score_S02": 0.3361904761904762,
    "Score_S03": 0.5,
    "StandardHours": 80,
    "StockOptionLevel": 0,
    "TotalWorkingYears": 27,
    "TrainingTimesLastYear": 3,
    "WorkLifeBalance": 3,
    "YearsAtCompany": 15,
    "YearsInCurrentRole": 11,
    "YearsSinceLastPromotion": 4,
    "YearsWithCurrManager": 8,
    "argmax_Persona": "현상 유지자",
    "argmax_Persona_Code": "N01",
    "argmax_RiskTier": "Neutral",
    "is_married": 0,
    "softmax_Persona": "저평가된 전문가",
    "softmax_Persona_Code": "P04",
    "softmax_RiskTier": "High"
  },
  "employee_id": 1024,
  "feature_importance": {},
  "lime_explanation": {},
  "model_interpretation": {},
  "predicted_attrition": 0,
  "risk_score": 0.002073735697194934,
  "shap_values": {},
  "xai_explanation": {}
}