{
  "prediction": {
    "risk_score": 7.204076096890908e-16,
    "attrition_probability": 7.204076096890908e-16
  },
  "confidence": 0.8
}