{
  "confidence": 0.8,
  "employee_id": "1434",
  "features_used": 11,
  "model_metadata": {
    "feature_dimensions": 11,
    "model_type": "GRU_CNN_Hybrid",
    "sequence_length": 50,
    "training_optimized": true
  },
  "predicted_attrition": 0,
  "risk_score": 3.739233922495089e-10,
  "sequence_length": 50,
  "xai_explanation": {
    "attention_weights": [
      [
        0.02000124566257,
        0.01999974623322487,
        0.019999824464321136,
        0.01999989151954651,
        0.01999993808567524,
        0.019999979063868523,
        0.020000001415610313,
        0.020000014454126358,
        0.020000023767352104,
        0.02000003308057785,
        0.020000038668513298,
        0.02000003680586815,
        0.020000038668513298,
        0.02000003308057785,
        0.0200000312179327,
        0.020000029355287552,
        0.020000023767352104,
        0.020000018179416656,
        0.020000014454126358,
        0.02000001072883606,
        0.020000005140900612,
        0.020000003278255463,
        0.019999997690320015,
        0.019999995827674866,
        0.019999990239739418,
        0.019999990239739418,
        0.01999998651444912,
        0.01999998651444912,
        0.019999980926513672,
        0.019999980926513672,
        0.019999979063868523,
        0.019999977201223373,
        0.019999977201223373,
        0.019999973475933075,
        0.019999973475933075,
        0.019999971613287926,
        0.019999971613287926,
        0.019999971613287926,
        0.019999969750642776,
        0.019999969750642776,
        0.019999967887997627,
        0.019999967887997627,
        0.019999967887997627,
        0.019999967887997627,
        0.019999967887997627,
        0.019999967887997627,
        0.01999996416270733,
        0.01999996416270733,
        0.01999996416270733,
        0.01999996416270733
      ]
    ],
    "feature_names": [
      "day_of_week",
      "day_index",
      "system_login_hours",
      "work_focused_hours",
      "meeting_collaboration_hours",
      "social_dining_hours",
      "break_relaxation_hours",
      "shared_work_hours",
      "internal_comm_volume",
      "cafeteria_usage",
      "convenience_food_usage"
    ],
    "gradient_importance": [
      2.077942635667074e-12,
      9.110164879422289e-13,
      2.804983242205017e-12,
      5.393901471306695e-12,
      6.2300446919405505e-12,
      1.1078172884246285e-12,
      4.291949434742648e-11,
      4.540110041389989e-12,
      1.415715288055619e-11,
      2.7638504332405667e-11,
      3.312787891229796e-11
    ],
    "sequence_importance": {
      "timestep_0": 3.004879123302828e-10,
      "timestep_1": 6.385663525732e-11,
      "timestep_10": 1.1243229964542252e-17,
      "timestep_11": 8.678107316248973e-18,
      "timestep_12": 6.636212387752131e-18,
      "timestep_13": 5.292770156931282e-18,
      "timestep_14": 4.224702555883931e-18,
      "timestep_15": 3.283170013909735e-18,
      "timestep_16": 2.773906550419266e-18,
      "timestep_17": 2.394819188263258e-18,
      "timestep_18": 1.9724611810839883e-18,
      "timestep_19": 1.6780724607624645e-18,
      "timestep_2": 8.228835747069372e-17,
      "timestep_20": 1.2663047435681346e-18,
      "timestep_21": 1.058982779777258e-18,
      "timestep_22": 9.425591765119508e-19,
      "timestep_23": 7.890947356092486e-19,
      "timestep_24": 6.486429831153479e-19,
      "timestep_25": 5.807342465593117e-19,
      "timestep_26": 4.364803583798109e-19,
      "timestep_27": 3.787151050309652e-19,
      "timestep_28": 3.6224911851051394e-19,
      "timestep_29": 2.4914447405549913e-19,
      "timestep_3": 6.749672037446538e-17,
      "timestep_30": 2.0286433916861665e-19,
      "timestep_31": 2.0381867295095556e-19,
      "timestep_32": 1.9309132947827334e-19,
      "timestep_33": 1.5107586641107577e-19,
      "timestep_34": 1.2869503444768457e-19,
      "timestep_35": 1.206515818700072e-19,
      "timestep_36": 1.1260812929232985e-19,
      "timestep_37": 5.551145113592867e-20,
      "timestep_38": 7.686200379699093e-20,
      "timestep_39": 4.697121520810213e-20,
      "timestep_4": 5.2804510387865914e-17,
      "timestep_40": 4.270110209095026e-20,
      "timestep_41": 3.8430988973798394e-20,
      "timestep_42": 1.7080437928323263e-20,
      "timestep_43": 1.4945384600921598e-20,
      "timestep_44": 1.281032642675853e-20,
      "timestep_45": 1.0675270675976164e-20,
      "timestep_46": 8.540215732987364e-21,
      "timestep_47": 5.590867699356572e-11,
      "timestep_48": 8.87240211855378e-11,
      "timestep_49": 1.3151715827497412e-10,
      "timestep_5": 4.365714020139316e-17,
      "timestep_6": 3.155903148148654e-17,
      "timestep_7": 2.3856211466468214e-17,
      "timestep_8": 1.916850283451385e-17,
      "timestep_9": 1.5298837778066255e-17
    },
    "temporal_importance": [
      3.004879123302828e-10,
      6.385663525732e-11,
      8.228835747069372e-17,
      6.749672037446538e-17,
      5.2804510387865914e-17,
      4.365714020139316e-17,
      3.155903148148654e-17,
      2.3856211466468214e-17,
      1.916850283451385e-17,
      1.5298837778066255e-17,
      1.1243229964542252e-17,
      8.678107316248973e-18,
      6.636212387752131e-18,
      5.292770156931282e-18,
      4.224702555883931e-18,
      3.283170013909735e-18,
      2.773906550419266e-18,
      2.394819188263258e-18,
      1.9724611810839883e-18,
      1.6780724607624645e-18,
      1.2663047435681346e-18,
      1.058982779777258e-18,
      9.425591765119508e-19,
      7.890947356092486e-19,
      6.486429831153479e-19,
      5.807342465593117e-19,
      4.364803583798109e-19,
      3.787151050309652e-19,
      3.6224911851051394e-19,
      2.4914447405549913e-19,
      2.0286433916861665e-19,
      2.0381867295095556e-19,
      1.9309132947827334e-19,
      1.5107586641107577e-19,
      1.2869503444768457e-19,
      1.206515818700072e-19,
      1.1260812929232985e-19,
      5.551145113592867e-20,
      7.686200379699093e-20,
      4.697121520810213e-20,
      4.270110209095026e-20,
      3.8430988973798394e-20,
      1.7080437928323263e-20,
      1.4945384600921598e-20,
      1.281032642675853e-20,
      1.0675270675976164e-20,
      8.540215732987364e-21,
      5.590867699356572e-11,
      8.87240211855378e-11,
      1.3151715827497412e-10
    ],
    "trend_analysis": {
      "confidence_level": "high",
      "prediction_trend": "stable"
    }
  }
}