{
  "confidence": 0.8,
  "employee_id": "1501",
  "features_used": 11,
  "model_metadata": {
    "feature_dimensions": 11,
    "model_type": "GRU_CNN_Hybrid",
    "sequence_length": 50,
    "training_optimized": true
  },
  "predicted_attrition": 0,
  "risk_score": 1.0177216402951217e-08,
  "sequence_length": 50,
  "xai_explanation": {
    "attention_weights": [
      [
        0.020001664757728577,
        0.020000385120511055,
        0.020000359043478966,
        0.02000032737851143,
        0.02000030130147934,
        0.020000267773866653,
        0.020000232383608818,
        0.02000020630657673,
        0.02000017650425434,
        0.020000148564577103,
        0.020000115036964417,
        0.020000090822577477,
        0.020000066608190536,
        0.020000047981739044,
        0.020000023767352104,
        0.02000000700354576,
        0.019999990239739418,
        0.019999977201223373,
        0.01999996230006218,
        0.019999947398900986,
        0.01999993622303009,
        0.019999926909804344,
        0.0199999138712883,
        0.019999908283352852,
        0.019999900832772255,
        0.01999989151954651,
        0.01999988593161106,
        0.019999882206320763,
        0.019999874755740166,
        0.019999871030449867,
        0.01999986730515957,
        0.01999986171722412,
        0.019999857991933823,
        0.019999854266643524,
        0.019999852403998375,
        0.019999850541353226,
        0.019999848678708076,
        0.019999844953417778,
        0.01999984309077263,
        0.01999984122812748,
        0.01999983750283718,
        0.01999983750283718,
        0.01999983750283718,
        0.019999835640192032,
        0.019999835640192032,
        0.019999833777546883,
        0.019999833777546883,
        0.019999833777546883,
        0.019999831914901733,
        0.019999831914901733
      ]
    ],
    "feature_names": [
      "day_of_week",
      "day_index",
      "system_login_hours",
      "work_focused_hours",
      "meeting_collaboration_hours",
      "social_dining_hours",
      "break_relaxation_hours",
      "shared_work_hours",
      "internal_comm_volume",
      "cafeteria_usage",
      "convenience_food_usage"
    ],
    "gradient_importance": [
      8.360020314901462e-11,
      2.4770159881559728e-11,
      8.484422886478882e-11,
      1.460643134221229e-10,
      1.6881561426540515e-10,
      2.9476417834350954e-11,
      1.1611492878316199e-09,
      1.22664753354762e-10,
      3.8372388599938745e-10,
      7.478013763773106e-10,
      8.965797548832199e-10
    ],
    "sequence_importance": {
      "timestep_0": 8.137864604407241e-09,
      "timestep_1": 1.729130505445653e-09,
      "timestep_10": 2.807698226746456e-16,
      "timestep_11": 2.1148526721143259e-16,
      "timestep_12": 1.7974874262282687e-16,
      "timestep_13": 1.546705984487994e-16,
      "timestep_14": 1.4458970200150134e-16,
      "timestep_15": 1.1886221442917484e-16,
      "timestep_16": 9.214105133060064e-17,
      "timestep_17": 8.560830972490185e-17,
      "timestep_18": 7.551476072295419e-17,
      "timestep_19": 6.385824402742023e-17,
      "timestep_2": 1.2819490020438357e-15,
      "timestep_20": 5.908813828028824e-17,
      "timestep_21": 4.801116086552118e-17,
      "timestep_22": 4.606039104843532e-17,
      "timestep_23": 3.721880968208872e-17,
      "timestep_24": 3.049706392386646e-17,
      "timestep_25": 2.7174997396012645e-17,
      "timestep_26": 2.260471532381631e-17,
      "timestep_27": 1.7649094471984597e-17,
      "timestep_28": 1.4916792831630064e-17,
      "timestep_29": 1.4760467276386117e-17,
      "timestep_3": 1.0843652263278509e-15,
      "timestep_30": 1.1253166058060239e-17,
      "timestep_31": 1.1698428282810796e-17,
      "timestep_32": 9.111842779163604e-18,
      "timestep_33": 7.137822569420106e-18,
      "timestep_34": 5.872178743161401e-18,
      "timestep_35": 6.052574427050028e-18,
      "timestep_36": 4.909018736891394e-18,
      "timestep_37": 3.8711858280037745e-18,
      "timestep_38": 4.207727155353118e-18,
      "timestep_39": 2.6941506229375158e-18,
      "timestep_4": 8.725571204495062e-16,
      "timestep_40": 2.4492274066442396e-18,
      "timestep_41": 1.7421441132520203e-18,
      "timestep_42": 1.5485723727836127e-18,
      "timestep_43": 7.400468543927637e-19,
      "timestep_44": 9.514885912244607e-19,
      "timestep_45": 3.0284669216840143e-10,
      "timestep_46": 6.500404658993375e-10,
      "timestep_47": 2.105621677017666e-09,
      "timestep_48": 1.985936970427815e-09,
      "timestep_49": 2.5862343377980324e-09,
      "timestep_5": 7.211160468703506e-16,
      "timestep_6": 6.091099156395991e-16,
      "timestep_7": 4.657861176126591e-16,
      "timestep_8": 3.9133822135655133e-16,
      "timestep_9": 3.2023374943171347e-16
    },
    "temporal_importance": [
      8.137864604407241e-09,
      1.729130505445653e-09,
      1.2819490020438357e-15,
      1.0843652263278509e-15,
      8.725571204495062e-16,
      7.211160468703506e-16,
      6.091099156395991e-16,
      4.657861176126591e-16,
      3.9133822135655133e-16,
      3.2023374943171347e-16,
      2.807698226746456e-16,
      2.1148526721143259e-16,
      1.7974874262282687e-16,
      1.546705984487994e-16,
      1.4458970200150134e-16,
      1.1886221442917484e-16,
      9.214105133060064e-17,
      8.560830972490185e-17,
      7.551476072295419e-17,
      6.385824402742023e-17,
      5.908813828028824e-17,
      4.801116086552118e-17,
      4.606039104843532e-17,
      3.721880968208872e-17,
      3.049706392386646e-17,
      2.7174997396012645e-17,
      2.260471532381631e-17,
      1.7649094471984597e-17,
      1.4916792831630064e-17,
      1.4760467276386117e-17,
      1.1253166058060239e-17,
      1.1698428282810796e-17,
      9.111842779163604e-18,
      7.137822569420106e-18,
      5.872178743161401e-18,
      6.052574427050028e-18,
      4.909018736891394e-18,
      3.8711858280037745e-18,
      4.207727155353118e-18,
      2.6941506229375158e-18,
      2.4492274066442396e-18,
      1.7421441132520203e-18,
      1.5485723727836127e-18,
      7.400468543927637e-19,
      9.514885912244607e-19,
      3.0284669216840143e-10,
      6.500404658993375e-10,
      2.105621677017666e-09,
      1.985936970427815e-09,
      2.5862343377980324e-09
    ],
    "trend_analysis": {
      "confidence_level": "high",
      "prediction_trend": "stable"
    }
  }
}