{
  "confidence": 0.8,
  "employee_id": "475",
  "features_used": 11,
  "model_metadata": {
    "feature_dimensions": 11,
    "model_type": "GRU_CNN_Hybrid",
    "sequence_length": 50,
    "training_optimized": true
  },
  "predicted_attrition": 0,
  "risk_score": 1.2657313619521965e-13,
  "sequence_length": 50,
  "xai_explanation": {
    "attention_weights": [
      [
        0.02000182680785656,
        0.01999950408935547,
        0.019999632611870766,
        0.01999971829354763,
        0.019999798387289047,
        0.019999859854578972,
        0.019999910145998,
        0.019999943673610687,
        0.019999966025352478,
        0.01999998278915882,
        0.019999995827674866,
        0.019999999552965164,
        0.020000005140900612,
        0.02000000886619091,
        0.02000001259148121,
        0.02000000886619091,
        0.02000000700354576,
        0.020000005140900612,
        0.019999999552965164,
        0.019999999552965164,
        0.019999995827674866,
        0.019999995827674866,
        0.019999990239739418,
        0.019999990239739418,
        0.01999998837709427,
        0.01999998651444912,
        0.01999998278915882,
        0.01999998278915882,
        0.019999980926513672,
        0.019999979063868523,
        0.019999977201223373,
        0.019999977201223373,
        0.019999977201223373,
        0.019999973475933075,
        0.019999973475933075,
        0.019999971613287926,
        0.019999971613287926,
        0.019999971613287926,
        0.019999971613287926,
        0.019999969750642776,
        0.019999969750642776,
        0.019999969750642776,
        0.019999969750642776,
        0.019999966025352478,
        0.019999966025352478,
        0.019999966025352478,
        0.019999966025352478,
        0.019999966025352478,
        0.019999966025352478,
        0.019999966025352478
      ]
    ],
    "feature_names": [
      "day_of_week",
      "day_index",
      "system_login_hours",
      "work_focused_hours",
      "meeting_collaboration_hours",
      "social_dining_hours",
      "break_relaxation_hours",
      "shared_work_hours",
      "internal_comm_volume",
      "cafeteria_usage",
      "convenience_food_usage"
    ],
    "gradient_importance": [
      7.033846826690027e-16,
      3.083801056700408e-16,
      9.494879349718124e-16,
      1.8258371160470577e-15,
      2.108872116580898e-15,
      3.749964676447333e-16,
      1.452825659526303e-14,
      1.5368301097186008e-15,
      4.7921985898578736e-15,
      9.355638991650778e-15,
      1.1213792108701482e-14
    ],
    "sequence_importance": {
      "timestep_0": 1.0171520608203907e-13,
      "timestep_1": 2.1615479520761642e-14,
      "timestep_10": 4.803607049847707e-21,
      "timestep_11": 3.605180669797491e-21,
      "timestep_12": 2.8322476361811353e-21,
      "timestep_13": 2.2864384866604153e-21,
      "timestep_14": 1.588753443289026e-21,
      "timestep_15": 1.103110879092581e-21,
      "timestep_16": 8.750892334214798e-22,
      "timestep_17": 6.55520238660709e-22,
      "timestep_18": 5.535513964760189e-22,
      "timestep_19": 4.1725397826875195e-22,
      "timestep_2": 3.8325109855391606e-20,
      "timestep_20": 3.3527350827071807e-22,
      "timestep_21": 3.0249327056758553e-22,
      "timestep_22": 2.435177263706751e-22,
      "timestep_23": 1.911463363456577e-22,
      "timestep_24": 1.5635845394962492e-22,
      "timestep_25": 1.1869774208516896e-22,
      "timestep_26": 9.99903790343958e-23,
      "timestep_27": 9.922507667124831e-23,
      "timestep_28": 7.553996344320711e-23,
      "timestep_29": 8.433912623932125e-23,
      "timestep_3": 2.722795848776136e-20,
      "timestep_30": 5.702237508268116e-23,
      "timestep_31": 5.417123613370792e-23,
      "timestep_32": 4.704129039126696e-23,
      "timestep_33": 4.442786994291665e-23,
      "timestep_34": 3.09990055563616e-23,
      "timestep_35": 2.9061563173138795e-23,
      "timestep_36": 2.023688072674075e-23,
      "timestep_37": 1.8791384625788252e-23,
      "timestep_38": 1.7345888524835754e-23,
      "timestep_39": 1.5900398734770497e-23,
      "timestep_4": 2.4370241726259582e-20,
      "timestep_40": 7.227453683491715e-24,
      "timestep_41": 6.504708394028634e-24,
      "timestep_42": 5.7819627101351004e-24,
      "timestep_43": 5.059217026241567e-24,
      "timestep_44": 4.336470553487128e-24,
      "timestep_45": 3.613726052884952e-24,
      "timestep_46": 2.8909803689914187e-24,
      "timestep_47": 1.8925096204242854e-14,
      "timestep_48": 3.003309474486522e-14,
      "timestep_49": 4.451858464662138e-14,
      "timestep_5": 1.8418297555964083e-20,
      "timestep_6": 1.5099296740406147e-20,
      "timestep_7": 1.1092367614126791e-20,
      "timestep_8": 8.348843782422813e-21,
      "timestep_9": 6.549441202887629e-21
    },
    "temporal_importance": [
      1.0171520608203907e-13,
      2.1615479520761642e-14,
      3.8325109855391606e-20,
      2.722795848776136e-20,
      2.4370241726259582e-20,
      1.8418297555964083e-20,
      1.5099296740406147e-20,
      1.1092367614126791e-20,
      8.348843782422813e-21,
      6.549441202887629e-21,
      4.803607049847707e-21,
      3.605180669797491e-21,
      2.8322476361811353e-21,
      2.2864384866604153e-21,
      1.588753443289026e-21,
      1.103110879092581e-21,
      8.750892334214798e-22,
      6.55520238660709e-22,
      5.535513964760189e-22,
      4.1725397826875195e-22,
      3.3527350827071807e-22,
      3.0249327056758553e-22,
      2.435177263706751e-22,
      1.911463363456577e-22,
      1.5635845394962492e-22,
      1.1869774208516896e-22,
      9.99903790343958e-23,
      9.922507667124831e-23,
      7.553996344320711e-23,
      8.433912623932125e-23,
      5.702237508268116e-23,
      5.417123613370792e-23,
      4.704129039126696e-23,
      4.442786994291665e-23,
      3.09990055563616e-23,
      2.9061563173138795e-23,
      2.023688072674075e-23,
      1.8791384625788252e-23,
      1.7345888524835754e-23,
      1.5900398734770497e-23,
      7.227453683491715e-24,
      6.504708394028634e-24,
      5.7819627101351004e-24,
      5.059217026241567e-24,
      4.336470553487128e-24,
      3.613726052884952e-24,
      2.8909803689914187e-24,
      1.8925096204242854e-14,
      3.003309474486522e-14,
      4.451858464662138e-14
    ],
    "trend_analysis": {
      "confidence_level": "high",
      "prediction_trend": "stable"
    }
  }
}