{
  "confidence": 0.8,
  "employee_id": "716",
  "features_used": 11,
  "model_metadata": {
    "feature_dimensions": 11,
    "model_type": "GRU_CNN_Hybrid",
    "sequence_length": 50,
    "training_optimized": true
  },
  "predicted_attrition": 0,
  "risk_score": 0.002052668947726488,
  "sequence_length": 50,
  "xai_explanation": {
    "attention_weights": [
      [
        0.02000175230205059,
        0.020000969991087914,
        0.020000876858830452,
        0.020000774413347244,
        0.020000670105218887,
        0.020000586286187172,
        0.02000049687922001,
        0.020000416785478592,
        0.020000344142317772,
        0.020000288262963295,
        0.02000022493302822,
        0.020000172778964043,
        0.020000120624899864,
        0.020000075921416283,
        0.02000003680586815,
        0.020000001415610313,
        0.019999977201223373,
        0.019999949261546135,
        0.019999921321868896,
        0.019999898970127106,
        0.019999882206320763,
        0.01999986171722412,
        0.019999844953417778,
        0.019999831914901733,
        0.019999820739030838,
        0.019999807700514793,
        0.019999796524643898,
        0.019999787211418152,
        0.019999779760837555,
        0.019999772310256958,
        0.01999976485967636,
        0.019999761134386063,
        0.019999753683805466,
        0.019999748095870018,
        0.01999974437057972,
        0.019999738782644272,
        0.019999735057353973,
        0.019999729469418526,
        0.019999727606773376,
        0.019999725744128227,
        0.01999972201883793,
        0.01999972015619278,
        0.01999972015619278,
        0.01999971643090248,
        0.01999971643090248,
        0.019999712705612183,
        0.019999710842967033,
        0.019999710842967033,
        0.019999710842967033,
        0.019999708980321884
      ]
    ],
    "feature_names": [
      "day_of_week",
      "day_index",
      "system_login_hours",
      "work_focused_hours",
      "meeting_collaboration_hours",
      "social_dining_hours",
      "break_relaxation_hours",
      "shared_work_hours",
      "internal_comm_volume",
      "cafeteria_usage",
      "convenience_food_usage"
    ],
    "gradient_importance": [
      1.5096982679096982e-05,
      3.887925231538247e-06,
      1.633912506804336e-05,
      3.0201834306353703e-05,
      3.475634002825245e-05,
      5.905518264626153e-06,
      0.00023938543745316565,
      2.537750333431177e-05,
      7.878606993472204e-05,
      0.00015453288506250829,
      0.00018494647520128638
    ],
    "sequence_importance": {
      "timestep_0": 0.0016643654089421034,
      "timestep_1": 0.00034978656913153827,
      "timestep_10": 1.073352240421599e-10,
      "timestep_11": 8.416179558823345e-11,
      "timestep_12": 7.820816910752981e-11,
      "timestep_13": 6.479276837279002e-11,
      "timestep_14": 4.8007122582793826e-11,
      "timestep_15": 4.5574991697217015e-11,
      "timestep_16": 3.124289715827899e-11,
      "timestep_17": 3.170868081991962e-11,
      "timestep_18": 3.030055373276497e-11,
      "timestep_19": 2.2764514231998767e-11,
      "timestep_2": 3.067783527210821e-10,
      "timestep_20": 1.7683436312476708e-11,
      "timestep_21": 1.8700830814455394e-11,
      "timestep_22": 1.4363486094959299e-11,
      "timestep_23": 1.1455361832723998e-11,
      "timestep_24": 9.718210611242561e-12,
      "timestep_25": 9.404654138789326e-12,
      "timestep_26": 6.728610290468451e-12,
      "timestep_27": 7.068895815920406e-12,
      "timestep_28": 5.538450340708545e-12,
      "timestep_29": 4.078378260108373e-12,
      "timestep_3": 3.083589217300897e-10,
      "timestep_30": 4.2708623096410214e-12,
      "timestep_31": 3.5147579291461284e-12,
      "timestep_32": 3.014247705601658e-12,
      "timestep_33": 2.562269840744591e-12,
      "timestep_34": 2.0932422462038858e-12,
      "timestep_35": 1.962413304773536e-12,
      "timestep_36": 1.5528858580970972e-12,
      "timestep_37": 1.0851457536362186e-12,
      "timestep_38": 1.2151750959643604e-12,
      "timestep_39": 9.181994357551626e-13,
      "timestep_4": 2.530158305091845e-10,
      "timestep_40": 6.8185528837722e-13,
      "timestep_41": 6.136694342788462e-13,
      "timestep_42": 4.720788647147312e-13,
      "timestep_43": 4.1306888465264535e-13,
      "timestep_44": 2.998746270830438e-13,
      "timestep_45": 1.9311361862915655e-13,
      "timestep_46": 6.823353032814339e-05,
      "timestep_47": 0.00034959535696543753,
      "timestep_48": 0.0005201094318181276,
      "timestep_49": 0.0006352537893690169,
      "timestep_5": 2.1050210186057683e-10,
      "timestep_6": 2.033653800914692e-10,
      "timestep_7": 1.6330235774741908e-10,
      "timestep_8": 1.3920499475350567e-10,
      "timestep_9": 1.0224128488278694e-10
    },
    "temporal_importance": [
      0.0016643654089421034,
      0.00034978656913153827,
      3.067783527210821e-10,
      3.083589217300897e-10,
      2.530158305091845e-10,
      2.1050210186057683e-10,
      2.033653800914692e-10,
      1.6330235774741908e-10,
      1.3920499475350567e-10,
      1.0224128488278694e-10,
      1.073352240421599e-10,
      8.416179558823345e-11,
      7.820816910752981e-11,
      6.479276837279002e-11,
      4.8007122582793826e-11,
      4.5574991697217015e-11,
      3.124289715827899e-11,
      3.170868081991962e-11,
      3.030055373276497e-11,
      2.2764514231998767e-11,
      1.7683436312476708e-11,
      1.8700830814455394e-11,
      1.4363486094959299e-11,
      1.1455361832723998e-11,
      9.718210611242561e-12,
      9.404654138789326e-12,
      6.728610290468451e-12,
      7.068895815920406e-12,
      5.538450340708545e-12,
      4.078378260108373e-12,
      4.2708623096410214e-12,
      3.5147579291461284e-12,
      3.014247705601658e-12,
      2.562269840744591e-12,
      2.0932422462038858e-12,
      1.962413304773536e-12,
      1.5528858580970972e-12,
      1.0851457536362186e-12,
      1.2151750959643604e-12,
      9.181994357551626e-13,
      6.8185528837722e-13,
      6.136694342788462e-13,
      4.720788647147312e-13,
      4.1306888465264535e-13,
      2.998746270830438e-13,
      1.9311361862915655e-13,
      6.823353032814339e-05,
      0.00034959535696543753,
      0.0005201094318181276,
      0.0006352537893690169
    ],
    "trend_analysis": {
      "confidence_level": "high",
      "prediction_trend": "stable"
    }
  }
}