{
  "confidence": 0.8,
  "employee_id": "98",
  "features_used": 11,
  "model_metadata": {
    "feature_dimensions": 11,
    "model_type": "GRU_CNN_Hybrid",
    "sequence_length": 50,
    "training_optimized": true
  },
  "predicted_attrition": 0,
  "risk_score": 3.636661192894956e-21,
  "sequence_length": 50,
  "xai_explanation": {
    "attention_weights": [
      [
        0.020005017518997192,
        0.01999966986477375,
        0.019999733194708824,
        0.019999781623482704,
        0.019999828189611435,
        0.01999986171722412,
        0.01999988593161106,
        0.019999908283352852,
        0.019999919459223747,
        0.019999928772449493,
        0.01999993622303009,
        0.01999993622303009,
        0.01999993622303009,
        0.01999993622303009,
        0.01999993622303009,
        0.01999993436038494,
        0.019999928772449493,
        0.019999926909804344,
        0.019999925047159195,
        0.019999921321868896,
        0.019999919459223747,
        0.019999917596578598,
        0.0199999138712883,
        0.019999910145998,
        0.019999910145998,
        0.019999904558062553,
        0.019999902695417404,
        0.019999902695417404,
        0.019999900832772255,
        0.019999900832772255,
        0.019999897107481956,
        0.019999895244836807,
        0.019999895244836807,
        0.019999895244836807,
        0.019999893382191658,
        0.019999893382191658,
        0.01999989151954651,
        0.01999989151954651,
        0.01999989151954651,
        0.01999989151954651,
        0.01999989151954651,
        0.01999989151954651,
        0.01999988779425621,
        0.01999988779425621,
        0.01999988779425621,
        0.01999988779425621,
        0.01999988593161106,
        0.01999988593161106,
        0.01999988593161106,
        0.01999988593161106
      ]
    ],
    "feature_names": [
      "day_of_week",
      "day_index",
      "system_login_hours",
      "work_focused_hours",
      "meeting_collaboration_hours",
      "social_dining_hours",
      "break_relaxation_hours",
      "shared_work_hours",
      "internal_comm_volume",
      "cafeteria_usage",
      "convenience_food_usage"
    ],
    "gradient_importance": [
      2.66670800249799e-23,
      1.5671657471248992e-23,
      4.203144935237453e-23,
      5.2457713496153915e-23,
      8.588417658651264e-23,
      3.525563589206176e-23,
      5.315896098488618e-22,
      6.395024621564071e-23,
      2.0008101282351433e-22,
      3.3908402198729765e-22,
      4.222220601667656e-22
    ],
    "sequence_importance": {
      "timestep_0": 3.775880375190319e-21,
      "timestep_1": 1.4626268781525332e-21,
      "timestep_10": 9.576157619583931e-29,
      "timestep_11": 6.520289391649565e-29,
      "timestep_12": 5.107751583272097e-29,
      "timestep_13": 4.199840823171557e-29,
      "timestep_14": 3.22760370200193e-29,
      "timestep_15": 2.1545424931475848e-29,
      "timestep_16": 1.7626437356342867e-29,
      "timestep_17": 1.3160893432484324e-29,
      "timestep_18": 1.0708788894861112e-29,
      "timestep_19": 9.402553241153928e-30,
      "timestep_2": 1.220150347202554e-22,
      "timestep_20": 7.131812623614e-30,
      "timestep_21": 5.972528810087292e-30,
      "timestep_22": 5.636086904396071e-30,
      "timestep_23": 4.236571166013283e-30,
      "timestep_24": 3.832754438031235e-30,
      "timestep_25": 3.5732289833357865e-30,
      "timestep_26": 3.092846759951347e-30,
      "timestep_27": 2.658317091729207e-30,
      "timestep_28": 2.3024674921872652e-30,
      "timestep_29": 1.4869037751743301e-30,
      "timestep_3": 5.0929541820268835e-28,
      "timestep_30": 1.7539959340257957e-30,
      "timestep_31": 1.2838883776234758e-30,
      "timestep_32": 1.3545828900005724e-30,
      "timestep_33": 9.263050649733934e-31,
      "timestep_34": 8.906476193355501e-31,
      "timestep_35": 8.349820373325867e-31,
      "timestep_36": 7.793164083098492e-31,
      "timestep_37": 4.711656423773821e-31,
      "timestep_38": 4.349220952562188e-31,
      "timestep_39": 3.986785951548296e-31,
      "timestep_4": 4.627601840696804e-28,
      "timestep_40": 3.6243504803366632e-31,
      "timestep_41": 1.8689426835559818e-31,
      "timestep_42": 1.661282084978983e-31,
      "timestep_43": 1.4536218390502896e-31,
      "timestep_44": 1.245961475572161e-31,
      "timestep_45": 1.0383012296434675e-31,
      "timestep_46": 8.306409249400565e-32,
      "timestep_47": 5.4375230515088285e-22,
      "timestep_48": 8.629051820770326e-22,
      "timestep_49": 1.4823400704118993e-21,
      "timestep_5": 3.492235082860175e-28,
      "timestep_6": 2.644293146958925e-28,
      "timestep_7": 2.276211341917581e-28,
      "timestep_8": 1.5684589300038717e-28,
      "timestep_9": 1.3634666782125615e-28
    },
    "temporal_importance": [
      3.775880375190319e-21,
      1.4626268781525332e-21,
      1.220150347202554e-22,
      5.0929541820268835e-28,
      4.627601840696804e-28,
      3.492235082860175e-28,
      2.644293146958925e-28,
      2.276211341917581e-28,
      1.5684589300038717e-28,
      1.3634666782125615e-28,
      9.576157619583931e-29,
      6.520289391649565e-29,
      5.107751583272097e-29,
      4.199840823171557e-29,
      3.22760370200193e-29,
      2.1545424931475848e-29,
      1.7626437356342867e-29,
      1.3160893432484324e-29,
      1.0708788894861112e-29,
      9.402553241153928e-30,
      7.131812623614e-30,
      5.972528810087292e-30,
      5.636086904396071e-30,
      4.236571166013283e-30,
      3.832754438031235e-30,
      3.5732289833357865e-30,
      3.092846759951347e-30,
      2.658317091729207e-30,
      2.3024674921872652e-30,
      1.4869037751743301e-30,
      1.7539959340257957e-30,
      1.2838883776234758e-30,
      1.3545828900005724e-30,
      9.263050649733934e-31,
      8.906476193355501e-31,
      8.349820373325867e-31,
      7.793164083098492e-31,
      4.711656423773821e-31,
      4.349220952562188e-31,
      3.986785951548296e-31,
      3.6243504803366632e-31,
      1.8689426835559818e-31,
      1.661282084978983e-31,
      1.4536218390502896e-31,
      1.245961475572161e-31,
      1.0383012296434675e-31,
      8.306409249400565e-32,
      5.4375230515088285e-22,
      8.629051820770326e-22,
      1.4823400704118993e-21
    ],
    "trend_analysis": {
      "confidence_level": "high",
      "prediction_trend": "stable"
    }
  }
}