{
  "confidence": 0.7,
  "employee_data": {
    "Age": 31,
    "AgeFactor": 1,
    "Attrition": "No",
    "BusinessTravel": "Travel_Rarely",
    "DailyRate": 746,
    "Department": "Research & Development",
    "DistanceFromHome": 8,
    "Education": 4,
    "EducationField": "Life Sciences",
    "EmployeeCount": 1,
    "EmployeeNumber": 98,
    "EnvironmentSatisfaction": 3,
    "Gender": "Female",
    "HourlyRate": 61,
    "JobInvolvement": 3,
    "JobLevel": 2,
    "JobRole": "Manufacturing Director",
    "JobSatisfaction": 4,
    "MaritalStatus": "Single",
    "MonthlyIncome": 4424,
    "MonthlyRate": 20682,
    "Norm_EnvironmentSatisfaction": 0.6666666666666666,
    "Norm_JobInvolvement": 0.6666666666666666,
    "Norm_JobLevel": 0.25,
    "Norm_JobSatisfaction": 1,
    "Norm_MonthlyIncome": 0.1798314902580305,
    "Norm_NumCompaniesWorked": 0.1111111111111111,
    "Norm_PercentSalaryHike": 0.8571428571428571,
    "Norm_PerformanceRating": 1,
    "Norm_RelationshipSatisfaction": 1,
    "Norm_TotalWorkingYears": 0.275,
    "Norm_TrainingTimesLastYear": 0.3333333333333333,
    "Norm_WorkLifeBalance": 0.6666666666666666,
    "Norm_YearsAtCompany": 0.275,
    "Norm_YearsSinceLastPromotion": 0.0666666666666666,
    "NumCompaniesWorked": 1,
    "Over18": "Y",
    "OverTime": "No",
    "OverTime_bin": 0,
    "PercentSalaryHike": 23,
    "PerformanceRating": 4,
    "Prob_N01": 0.0004811096285755,
    "Prob_N02": 0.019739576847454,
    "Prob_N03": 0.0101346366759423,
    "Prob_P01": 0.0001330042225825,
    "Prob_P02": 0.004990946631467,
    "Prob_P03": 0.0013715739250388,
    "Prob_P04": 0.0053018803529151,
    "Prob_S01": 0.0036463866143753,
    "Prob_S02": 0.8657342392913163,
    "Prob_S03": 0.0884666458103331,
    "RelationshipSatisfaction": 4,
    "Score_N01": 0.1952380952380952,
    "Score_N02": 0.5666666666666667,
    "Score_N03": 0.5,
    "Score_P01": 0.0666666666666666,
    "Score_P02": 0.4291666666666667,
    "Score_P03": 0.3,
    "Score_P04": 0.4352102610396449,
    "Score_S01": 0.3977777777777778,
    "Score_S02": 0.9447619047619048,
    "Score_S03": 0.7166666666666668,
    "StandardHours": 80,
    "StockOptionLevel": 0,
    "TotalWorkingYears": 11,
    "TrainingTimesLastYear": 2,
    "WorkLifeBalance": 3,
    "YearsAtCompany": 11,
    "YearsInCurrentRole": 7,
    "YearsSinceLastPromotion": 1,
    "YearsWithCurrManager": 8,
    "argmax_Persona": "라이징 스타",
    "argmax_Persona_Code": "S02",
    "argmax_RiskTier": "Stable",
    "is_married": 0,
    "softmax_Persona": "라이징 스타",
    "softmax_Persona_Code": "S02",
    "softmax_RiskTier": "Stable"
  },
  "employee_id": 98,
  "feature_importance": {},
  "lime_explanation": {},
  "model_interpretation": {},
  "predicted_attrition": 0,
  "risk_score": 8.701796468812972e-05,
  "shap_values": {},
  "xai_explanation": {}
}