{
  "prediction": {
    "risk_score": 0.9999943971633911,
    "attrition_probability": 0.9999943971633911
  },
  "confidence": 0.8
}