{
  "confidence": 0.7,
  "employee_data": {
    "Age": 43,
    "AgeFactor": 1,
    "Attrition": "No",
    "BusinessTravel": "Travel_Rarely",
    "DailyRate": 589,
    "Department": "Research & Development",
    "DistanceFromHome": 14,
    "Education": 2,
    "EducationField": "Life Sciences",
    "EmployeeCount": 1,
    "EmployeeNumber": 843,
    "EnvironmentSatisfaction": 2,
    "Gender": "Male",
    "HourlyRate": 94,
    "JobInvolvement": 3,
    "JobLevel": 4,
    "JobRole": "Research Director",
    "JobSatisfaction": 1,
    "MaritalStatus": "Married",
    "MonthlyIncome": 17159,
    "MonthlyRate": 5200,
    "Norm_EnvironmentSatisfaction": 0.3333333333333333,
    "Norm_JobInvolvement": 0.6666666666666666,
    "Norm_JobLevel": 0.75,
    "Norm_JobSatisfaction": 0,
    "Norm_MonthlyIncome": 0.8504476040021064,
    "Norm_NumCompaniesWorked": 0.6666666666666666,
    "Norm_PercentSalaryHike": 0.9285714285714286,
    "Norm_PerformanceRating": 1,
    "Norm_RelationshipSatisfaction": 0.6666666666666666,
    "Norm_TotalWorkingYears": 0.55,
    "Norm_TrainingTimesLastYear": 0.5,
    "Norm_WorkLifeBalance": 0.6666666666666666,
    "Norm_YearsAtCompany": 0.1,
    "Norm_YearsSinceLastPromotion": 0.0666666666666666,
    "NumCompaniesWorked": 6,
    "Over18": "Y",
    "OverTime": "No",
    "OverTime_bin": 0,
    "PercentSalaryHike": 24,
    "PerformanceRating": 4,
    "Prob_N01": 0.0001555306452211,
    "Prob_N02": 0.0389740886762921,
    "Prob_N03": 0.560911814114128,
    "Prob_P01": 0.0009962374618924,
    "Prob_P02": 0.0236389797165301,
    "Prob_P03": 0.0003102315574177,
    "Prob_P04": 0.0002762324849046,
    "Prob_S01": 0.0006677979413181,
    "Prob_S02": 0.3724265695082052,
    "Prob_S03": 0.0016425178940903,
    "RelationshipSatisfaction": 3,
    "Score_N01": 0.1809523809523809,
    "Score_N02": 0.7333333333333334,
    "Score_N03": 1,
    "Score_P01": 0.3666666666666667,
    "Score_P02": 0.6833333333333333,
    "Score_P03": 0.25,
    "Score_P04": 0.238392386970586,
    "Score_S01": 0.3266666666666666,
    "Score_S02": 0.9590476190476191,
    "Score_S03": 0.4166666666666667,
    "StandardHours": 80,
    "StockOptionLevel": 1,
    "TotalWorkingYears": 22,
    "TrainingTimesLastYear": 3,
    "WorkLifeBalance": 3,
    "YearsAtCompany": 4,
    "YearsInCurrentRole": 1,
    "YearsSinceLastPromotion": 1,
    "YearsWithCurrManager": 0,
    "argmax_Persona": "신규 부모",
    "argmax_Persona_Code": "N03",
    "argmax_RiskTier": "Neutral",
    "is_married": 1,
    "softmax_Persona": "신규 부모",
    "softmax_Persona_Code": "N03",
    "softmax_RiskTier": "Neutral"
  },
  "employee_id": 843,
  "feature_importance": {},
  "lime_explanation": {},
  "model_interpretation": {},
  "predicted_attrition": 0,
  "risk_score": 0.0443405881524086,
  "shap_values": {},
  "xai_explanation": {}
}