{
  "confidence": 0.8,
  "employee_id": "991",
  "features_used": 11,
  "model_metadata": {
    "feature_dimensions": 11,
    "model_type": "GRU_CNN_Hybrid",
    "sequence_length": 50,
    "training_optimized": true
  },
  "predicted_attrition": 1,
  "risk_score": 0.9999985694885254,
  "sequence_length": 50,
  "xai_explanation": {
    "attention_weights": [
      [
        0.020001711323857307,
        0.020001396536827087,
        0.020001178607344627,
        0.020001010969281197,
        0.020000901073217392,
        0.020000800490379333,
        0.020000696182250977,
        0.020000608637928963,
        0.02000054158270359,
        0.020000454038381577,
        0.020000364631414413,
        0.020000280812382698,
        0.02000020258128643,
        0.020000148564577103,
        0.020000088959932327,
        0.0200000312179327,
        0.019999990239739418,
        0.019999945536255836,
        0.019999910145998,
        0.019999871030449867,
        0.019999844953417778,
        0.01999981887638569,
        0.01999979466199875,
        0.01999976858496666,
        0.019999749958515167,
        0.019999733194708824,
        0.01999972201883793,
        0.019999707117676735,
        0.01999969407916069,
        0.019999684765934944,
        0.0199996717274189,
        0.019999666139483452,
        0.019999656826257706,
        0.01999964751303196,
        0.019999641925096512,
        0.019999634474515915,
        0.019999628886580467,
        0.01999962329864502,
        0.01999962143599987,
        0.01999961957335472,
        0.019999613985419273,
        0.019999612122774124,
        0.019999608397483826,
        0.019999604672193527,
        0.019999604672193527,
        0.01999959908425808,
        0.01999959908425808,
        0.01999959722161293,
        0.01999959535896778,
        0.01999959535896778
      ]
    ],
    "feature_names": [
      "day_of_week",
      "day_index",
      "system_login_hours",
      "work_focused_hours",
      "meeting_collaboration_hours",
      "social_dining_hours",
      "break_relaxation_hours",
      "shared_work_hours",
      "internal_comm_volume",
      "cafeteria_usage",
      "convenience_food_usage"
    ],
    "gradient_importance": [
      4.9451487349472245e-09,
      1.4406924542242905e-09,
      3.4492495526450284e-09,
      1.5985452961331248e-08,
      7.832616333303122e-09,
      3.050793173642319e-09,
      1.04298877090514e-07,
      7.4487251922050746e-09,
      1.2554473016734846e-08,
      6.878877201188516e-08,
      7.016453906771858e-08
    ],
    "sequence_importance": {
      "timestep_0": 4.1930476868401456e-08,
      "timestep_1": 1.3220519514203777e-12,
      "timestep_10": 2.7834876873029935e-13,
      "timestep_11": 2.120319572045462e-13,
      "timestep_12": 1.8293569784000319e-13,
      "timestep_13": 1.5265547615057884e-13,
      "timestep_14": 1.377098305180291e-13,
      "timestep_15": 9.561180514851275e-14,
      "timestep_16": 8.674432564392473e-14,
      "timestep_17": 7.100704301887112e-14,
      "timestep_18": 6.150475636602926e-14,
      "timestep_19": 4.815697401397076e-14,
      "timestep_2": 1.1076532486359314e-12,
      "timestep_20": 4.4604209513193424e-14,
      "timestep_21": 3.7805665580514444e-14,
      "timestep_22": 3.057562612384518e-14,
      "timestep_23": 2.6161044562752166e-14,
      "timestep_24": 1.9980484009928662e-14,
      "timestep_25": 1.766906831620913e-14,
      "timestep_26": 1.3599476498269217e-14,
      "timestep_27": 1.2475900846263543e-14,
      "timestep_28": 9.316002084884013e-15,
      "timestep_29": 7.91768113204104e-15,
      "timestep_3": 8.509540186212028e-13,
      "timestep_30": 6.306049330992176e-15,
      "timestep_31": 4.995379771047552e-15,
      "timestep_32": 4.892314496091543e-15,
      "timestep_33": 3.7650678032924694e-15,
      "timestep_34": 3.2512944634212164e-15,
      "timestep_35": 2.572897940910485e-15,
      "timestep_36": 1.9238625449669033e-15,
      "timestep_37": 1.7864424607032074e-15,
      "timestep_38": 1.6166538593931357e-15,
      "timestep_39": 1.0819747934715808e-15,
      "timestep_4": 6.686417370303788e-13,
      "timestep_40": 9.836129865925568e-16,
      "timestep_41": 6.216902607304568e-16,
      "timestep_42": 4.616600083683466e-16,
      "timestep_43": 5.233286656096696e-16,
      "timestep_44": 3.8035228344000186e-16,
      "timestep_45": 2.6011431545091862e-16,
      "timestep_46": 5.304720218646253e-09,
      "timestep_47": 3.211548857962043e-07,
      "timestep_48": 4.837760343434638e-07,
      "timestep_49": 5.112775056659302e-07,
      "timestep_5": 6.427499049492524e-13,
      "timestep_6": 5.798537106201096e-13,
      "timestep_7": 4.846610851365341e-13,
      "timestep_8": 4.088929986701545e-13,
      "timestep_9": 3.247896472168693e-13
    },
    "temporal_importance": [
      4.1930476868401456e-08,
      1.3220519514203777e-12,
      1.1076532486359314e-12,
      8.509540186212028e-13,
      6.686417370303788e-13,
      6.427499049492524e-13,
      5.798537106201096e-13,
      4.846610851365341e-13,
      4.088929986701545e-13,
      3.247896472168693e-13,
      2.7834876873029935e-13,
      2.120319572045462e-13,
      1.8293569784000319e-13,
      1.5265547615057884e-13,
      1.377098305180291e-13,
      9.561180514851275e-14,
      8.674432564392473e-14,
      7.100704301887112e-14,
      6.150475636602926e-14,
      4.815697401397076e-14,
      4.4604209513193424e-14,
      3.7805665580514444e-14,
      3.057562612384518e-14,
      2.6161044562752166e-14,
      1.9980484009928662e-14,
      1.766906831620913e-14,
      1.3599476498269217e-14,
      1.2475900846263543e-14,
      9.316002084884013e-15,
      7.91768113204104e-15,
      6.306049330992176e-15,
      4.995379771047552e-15,
      4.892314496091543e-15,
      3.7650678032924694e-15,
      3.2512944634212164e-15,
      2.572897940910485e-15,
      1.9238625449669033e-15,
      1.7864424607032074e-15,
      1.6166538593931357e-15,
      1.0819747934715808e-15,
      9.836129865925568e-16,
      6.216902607304568e-16,
      4.616600083683466e-16,
      5.233286656096696e-16,
      3.8035228344000186e-16,
      2.6011431545091862e-16,
      5.304720218646253e-09,
      3.211548857962043e-07,
      4.837760343434638e-07,
      5.112775056659302e-07
    ],
    "trend_analysis": {
      "confidence_level": "high",
      "prediction_trend": "increasing"
    }
  }
}