{
  "confidence": 0.8,
  "employee_id": "307",
  "features_used": 11,
  "model_metadata": {
    "feature_dimensions": 11,
    "model_type": "GRU_CNN_Hybrid",
    "sequence_length": 50,
    "training_optimized": true
  },
  "predicted_attrition": 0,
  "risk_score": 1.176418740200802e-09,
  "sequence_length": 50,
  "xai_explanation": {
    "attention_weights": [
      [
        0.020001791417598724,
        0.020000284537672997,
        0.020000258460640907,
        0.020000234246253967,
        0.020000215619802475,
        0.02000020630657673,
        0.02000018209218979,
        0.0200001560151577,
        0.02000013366341591,
        0.020000115036964417,
        0.020000090822577477,
        0.020000072196125984,
        0.020000051707029343,
        0.020000029355287552,
        0.02000001259148121,
        0.019999995827674866,
        0.01999998651444912,
        0.019999971613287926,
        0.01999996043741703,
        0.019999949261546135,
        0.01999993622303009,
        0.019999926909804344,
        0.019999917596578598,
        0.019999910145998,
        0.019999902695417404,
        0.019999898970127106,
        0.01999989151954651,
        0.01999988593161106,
        0.019999884068965912,
        0.019999878481030464,
        0.019999874755740166,
        0.019999872893095016,
        0.019999869167804718,
        0.01999986730515957,
        0.01999986171722412,
        0.019999859854578972,
        0.019999857991933823,
        0.019999856129288673,
        0.019999856129288673,
        0.019999852403998375,
        0.019999850541353226,
        0.019999850541353226,
        0.019999848678708076,
        0.019999848678708076,
        0.019999844953417778,
        0.019999844953417778,
        0.01999984309077263,
        0.01999984309077263,
        0.01999984309077263,
        0.01999984309077263
      ]
    ],
    "feature_names": [
      "day_of_week",
      "day_index",
      "system_login_hours",
      "work_focused_hours",
      "meeting_collaboration_hours",
      "social_dining_hours",
      "break_relaxation_hours",
      "shared_work_hours",
      "internal_comm_volume",
      "cafeteria_usage",
      "convenience_food_usage"
    ],
    "gradient_importance": [
      6.537547846824365e-12,
      2.866194044257031e-12,
      8.824944247587396e-12,
      1.697004689549253e-11,
      1.960072382178879e-11,
      3.485363690367005e-12,
      1.3503162477057629e-10,
      1.4283864889497178e-11,
      4.454069058024146e-11,
      8.695519998491719e-11,
      1.04225621189169e-10
    ],
    "sequence_importance": {
      "timestep_0": 9.453834382000537e-10,
      "timestep_1": 2.0090316910081896e-10,
      "timestep_10": 2.79729421369956e-17,
      "timestep_11": 2.2471899895942345e-17,
      "timestep_12": 2.042142007345812e-17,
      "timestep_13": 1.8009958631655756e-17,
      "timestep_14": 1.3676045073857674e-17,
      "timestep_15": 1.3057002955757689e-17,
      "timestep_16": 8.416824121800623e-18,
      "timestep_17": 8.727433750536735e-18,
      "timestep_18": 9.105344448271387e-18,
      "timestep_19": 7.01847860500218e-18,
      "timestep_2": 1.4361008192822214e-16,
      "timestep_20": 7.004343742694874e-18,
      "timestep_21": 5.275488285983518e-18,
      "timestep_22": 4.177209153833586e-18,
      "timestep_23": 4.3414392470110896e-18,
      "timestep_24": 3.1445893439614293e-18,
      "timestep_25": 2.755707749762487e-18,
      "timestep_26": 2.4088915984343163e-18,
      "timestep_27": 1.9268250063039783e-18,
      "timestep_28": 1.6070752385943084e-18,
      "timestep_29": 1.7137189820798246e-18,
      "timestep_3": 1.187009737667311e-16,
      "timestep_30": 1.4981689493383065e-18,
      "timestep_31": 1.2195639724776367e-18,
      "timestep_32": 1.0319276664946033e-18,
      "timestep_33": 9.750388368541517e-19,
      "timestep_34": 8.027354608981309e-19,
      "timestep_35": 6.648356122927445e-19,
      "timestep_36": 5.264873800965661e-19,
      "timestep_37": 4.015715270724832e-19,
      "timestep_38": 3.7068137182548536e-19,
      "timestep_39": 3.397912165784875e-19,
      "timestep_4": 9.31745374053693e-17,
      "timestep_40": 2.428553164606819e-19,
      "timestep_41": 2.1856970726643128e-19,
      "timestep_42": 1.4403295340776666e-19,
      "timestep_43": 1.6999859227550661e-19,
      "timestep_44": 8.059322166976157e-20,
      "timestep_45": 6.716101051872802e-20,
      "timestep_46": 5.3728805830043e-20,
      "timestep_47": 1.758976991839134e-10,
      "timestep_48": 2.791400166568536e-10,
      "timestep_49": 4.137741815846141e-10,
      "timestep_5": 7.605530670964534e-17,
      "timestep_6": 6.370301862239098e-17,
      "timestep_7": 5.034445870252096e-17,
      "timestep_8": 4.087136133443707e-17,
      "timestep_9": 3.175792540541369e-17
    },
    "temporal_importance": [
      9.453834382000537e-10,
      2.0090316910081896e-10,
      1.4361008192822214e-16,
      1.187009737667311e-16,
      9.31745374053693e-17,
      7.605530670964534e-17,
      6.370301862239098e-17,
      5.034445870252096e-17,
      4.087136133443707e-17,
      3.175792540541369e-17,
      2.79729421369956e-17,
      2.2471899895942345e-17,
      2.042142007345812e-17,
      1.8009958631655756e-17,
      1.3676045073857674e-17,
      1.3057002955757689e-17,
      8.416824121800623e-18,
      8.727433750536735e-18,
      9.105344448271387e-18,
      7.01847860500218e-18,
      7.004343742694874e-18,
      5.275488285983518e-18,
      4.177209153833586e-18,
      4.3414392470110896e-18,
      3.1445893439614293e-18,
      2.755707749762487e-18,
      2.4088915984343163e-18,
      1.9268250063039783e-18,
      1.6070752385943084e-18,
      1.7137189820798246e-18,
      1.4981689493383065e-18,
      1.2195639724776367e-18,
      1.0319276664946033e-18,
      9.750388368541517e-19,
      8.027354608981309e-19,
      6.648356122927445e-19,
      5.264873800965661e-19,
      4.015715270724832e-19,
      3.7068137182548536e-19,
      3.397912165784875e-19,
      2.428553164606819e-19,
      2.1856970726643128e-19,
      1.4403295340776666e-19,
      1.6999859227550661e-19,
      8.059322166976157e-20,
      6.716101051872802e-20,
      5.3728805830043e-20,
      1.758976991839134e-10,
      2.791400166568536e-10,
      4.137741815846141e-10
    ],
    "trend_analysis": {
      "confidence_level": "high",
      "prediction_trend": "stable"
    }
  }
}