{
  "prediction": {
    "employee_id": "1691",
    "attrition_probability": 0.07980194687843323,
    "attrition_prediction": 1,
    "risk_category": "LOW",
    "confidence_score": 0.8403961062431335,
    "prediction_timestamp": "2025-09-23T22:53:43.112734"
  },
  "explanation": {
    "employee_id": "1691",
    "feature_importance": {
      "RelationshipSatisfaction": 0.03405288979411125,
      "Education": 0.02487798221409321,
      "JobInvolvement": 0.03501373156905174,
      "EnvironmentSatisfaction": 0.048257846385240555,
      "JobLevel": 0.07228615880012512,
      "JobSatisfaction": 0.04019258916378021,
      "StockOptionLevel": 0.07264421880245209,
      "WorkLifeBalance": 0.03580893576145172,
      "Department": 0.037670474499464035,
      "JobRole": 0.046762410551309586,
      "MaritalStatus": 0.036864522844552994,
      "OverTime": 0.0779639258980751,
      "Age": 0.04039482772350311,
      "DailyRate": 0.03578038513660431,
      "DistanceFromHome": 0.036774344742298126,
      "MonthlyIncome": 0.04666806384921074,
      "NumCompaniesWorked": 0.050036631524562836,
      "TotalWorkingYears": 0.04981709271669388,
      "TrainingTimesLastYear": 0.02378365956246853,
      "YearsAtCompany": 0.02968277968466282,
      "YearsInCurrentRole": 0.03649982064962387,
      "YearsSinceLastPromotion": 0.03537580743432045,
      "YearsWithCurrManager": 0.05279093235731125
    },
    "shap_values": {
      "RelationshipSatisfaction": -0.30008697509765625,
      "Education": 0.02124277874827385,
      "JobInvolvement": -0.0929122194647789,
      "EnvironmentSatisfaction": -0.3170839250087738,
      "JobLevel": 0.01660960540175438,
      "JobSatisfaction": -0.0379338338971138,
      "StockOptionLevel": -0.29848626255989075,
      "WorkLifeBalance": -0.17215114831924438,
      "Department": -0.052539270371198654,
      "JobRole": -0.2554264962673187,
      "MaritalStatus": -0.10103288292884827,
      "OverTime": -0.5615162253379822,
      "Age": -0.17041097581386566,
      "DailyRate": 0.08151248097419739,
      "DistanceFromHome": -0.18931476771831512,
      "MonthlyIncome": 0.09338405728340149,
      "NumCompaniesWorked": -0.13384900987148285,
      "TotalWorkingYears": -0.266851544380188,
      "TrainingTimesLastYear": -0.06741707772016525,
      "YearsAtCompany": 0.06854424625635147,
      "YearsInCurrentRole": -0.05469468981027603,
      "YearsSinceLastPromotion": 0.25861990451812744,
      "YearsWithCurrManager": -0.18853147327899933
    },
    "lime_explanation": {
      "features": [
        "OverTime=0",
        "MonthlyIncome <= 2922.25",
        "3.00 < EnvironmentSatisfaction <= 4.00",
        "2.00 < WorkLifeBalance <= 3.00",
        "2.00 < JobInvolvement <= 3.00",
        "TotalWorkingYears > 15.00",
        "2.00 < RelationshipSatisfaction <= 3.00",
        "StockOptionLevel > 1.00",
        "2.00 < DistanceFromHome <= 7.00",
        "Age > 42.00"
      ],
      "values": [
        -0.21428177990711267,
        0.09569528487385963,
        -0.08081759391736264,
        -0.0694056517559629,
        -0.05898508059567195,
        -0.05555365411973899,
        -0.05236026273591273,
        -0.05183809966078186,
        -0.04336623948781952,
        -0.04272968357550985
      ],
      "intercept": 0.580601139531453
    },
    "top_risk_factors": [],
    "top_protective_factors": [
      {
        "feature": "OverTime",
        "impact": 0.5615162253379822,
        "type": "protective"
      },
      {
        "feature": "EnvironmentSatisfaction",
        "impact": 0.3170839250087738,
        "type": "protective"
      },
      {
        "feature": "RelationshipSatisfaction",
        "impact": 0.30008697509765625,
        "type": "protective"
      },
      {
        "feature": "StockOptionLevel",
        "impact": 0.29848626255989075,
        "type": "protective"
      },
      {
        "feature": "TotalWorkingYears",
        "impact": 0.266851544380188,
        "type": "protective"
      }
    ],
    "explanation_timestamp": "2025-09-23T22:53:43.194260"
  },
  "agent_type": "structura",
  "analysis_type": "individual"
}