{
  "prediction": {
    "risk_score": 5.131875013830722e-08,
    "attrition_probability": 5.131875013830722e-08
  },
  "confidence": 0.8
}