{
  "confidence": 0.8,
  "employee_id": "787",
  "features_used": 11,
  "model_metadata": {
    "feature_dimensions": 11,
    "model_type": "GRU_CNN_Hybrid",
    "sequence_length": 50,
    "training_optimized": true
  },
  "predicted_attrition": 1,
  "risk_score": 0.9999992847442627,
  "sequence_length": 50,
  "xai_explanation": {
    "attention_weights": [
      [
        0.020001308992505074,
        0.020000990480184555,
        0.020000874996185303,
        0.020000770688056946,
        0.020000696182250977,
        0.020000599324703217,
        0.020000530406832695,
        0.020000465214252472,
        0.0200003944337368,
        0.020000312477350235,
        0.02000025101006031,
        0.02000020258128643,
        0.020000159740447998,
        0.020000113174319267,
        0.02000005915760994,
        0.020000021904706955,
        0.019999995827674866,
        0.01999996043741703,
        0.019999930635094643,
        0.019999906420707703,
        0.019999878481030464,
        0.01999986357986927,
        0.019999850541353226,
        0.019999833777546883,
        0.01999981887638569,
        0.019999809563159943,
        0.019999798387289047,
        0.019999787211418152,
        0.019999777898192406,
        0.01999976858496666,
        0.019999761134386063,
        0.019999755546450615,
        0.01999974437057972,
        0.01999974064528942,
        0.019999735057353973,
        0.019999731332063675,
        0.019999725744128227,
        0.01999972201883793,
        0.01999972201883793,
        0.01999971643090248,
        0.019999714568257332,
        0.019999712705612183,
        0.019999712705612183,
        0.019999707117676735,
        0.019999707117676735,
        0.019999705255031586,
        0.019999701529741287,
        0.019999701529741287,
        0.019999701529741287,
        0.019999699667096138
      ]
    ],
    "feature_names": [
      "day_of_week",
      "day_index",
      "system_login_hours",
      "work_focused_hours",
      "meeting_collaboration_hours",
      "social_dining_hours",
      "break_relaxation_hours",
      "shared_work_hours",
      "internal_comm_volume",
      "cafeteria_usage",
      "convenience_food_usage"
    ],
    "gradient_importance": [
      2.721635583569082e-09,
      8.109627969155042e-10,
      2.1679584794043194e-09,
      8.079212854283924e-09,
      3.794968783665809e-09,
      1.2275421790164387e-09,
      5.180130813187134e-08,
      3.8768548371592715e-09,
      6.372219640837784e-09,
      3.4326152587027536e-08,
      3.4784203961635285e-08
    ],
    "sequence_importance": {
      "timestep_0": 1.357368795140701e-08,
      "timestep_1": 3.2755658537116095e-13,
      "timestep_10": 7.504022766667215e-14,
      "timestep_11": 6.03923107269505e-14,
      "timestep_12": 5.125925590021216e-14,
      "timestep_13": 4.3271115179486716e-14,
      "timestep_14": 3.8071464519362844e-14,
      "timestep_15": 3.0383966284804054e-14,
      "timestep_16": 2.4454537448314294e-14,
      "timestep_17": 2.3180181461367882e-14,
      "timestep_18": 1.8662912402013336e-14,
      "timestep_19": 1.5409067522387937e-14,
      "timestep_2": 2.97111754686899e-13,
      "timestep_20": 1.3146311330389324e-14,
      "timestep_21": 1.0673641739336256e-14,
      "timestep_22": 8.322526458411864e-15,
      "timestep_23": 7.322374518249457e-15,
      "timestep_24": 5.982405241626359e-15,
      "timestep_25": 5.0873154565931125e-15,
      "timestep_26": 4.288009851301277e-15,
      "timestep_27": 3.3431352812766848e-15,
      "timestep_28": 3.0542942934058898e-15,
      "timestep_29": 2.9493384409116094e-15,
      "timestep_3": 3.1845535865444863e-13,
      "timestep_30": 1.7819133755342387e-15,
      "timestep_31": 1.964984512248442e-15,
      "timestep_32": 1.542913182708426e-15,
      "timestep_33": 1.2305362197278678e-15,
      "timestep_34": 1.0130886743658224e-15,
      "timestep_35": 8.2040556658485495e-16,
      "timestep_36": 7.657113786312239e-16,
      "timestep_37": 5.184102099827599e-16,
      "timestep_38": 4.0953791536839205e-16,
      "timestep_39": 3.437871945960138e-16,
      "timestep_4": 2.0673663247896407e-13,
      "timestep_40": 3.1253371701535945e-16,
      "timestep_41": 2.6270750681893767e-16,
      "timestep_42": 2.335177456049296e-16,
      "timestep_43": 1.8420466532097652e-16,
      "timestep_44": 1.5788966775550056e-16,
      "timestep_45": 8.917022223444909e-17,
      "timestep_46": 2.4692718980645623e-08,
      "timestep_47": 1.7976712740619405e-07,
      "timestep_48": 2.0715637560897449e-07,
      "timestep_49": 2.564579233421682e-07,
      "timestep_5": 1.8486301627939489e-13,
      "timestep_6": 1.7853657463019756e-13,
      "timestep_7": 1.3709125252104465e-13,
      "timestep_8": 1.0610609613159738e-13,
      "timestep_9": 9.030514373396456e-14
    },
    "temporal_importance": [
      1.357368795140701e-08,
      3.2755658537116095e-13,
      2.97111754686899e-13,
      3.1845535865444863e-13,
      2.0673663247896407e-13,
      1.8486301627939489e-13,
      1.7853657463019756e-13,
      1.3709125252104465e-13,
      1.0610609613159738e-13,
      9.030514373396456e-14,
      7.504022766667215e-14,
      6.03923107269505e-14,
      5.125925590021216e-14,
      4.3271115179486716e-14,
      3.8071464519362844e-14,
      3.0383966284804054e-14,
      2.4454537448314294e-14,
      2.3180181461367882e-14,
      1.8662912402013336e-14,
      1.5409067522387937e-14,
      1.3146311330389324e-14,
      1.0673641739336256e-14,
      8.322526458411864e-15,
      7.322374518249457e-15,
      5.982405241626359e-15,
      5.0873154565931125e-15,
      4.288009851301277e-15,
      3.3431352812766848e-15,
      3.0542942934058898e-15,
      2.9493384409116094e-15,
      1.7819133755342387e-15,
      1.964984512248442e-15,
      1.542913182708426e-15,
      1.2305362197278678e-15,
      1.0130886743658224e-15,
      8.2040556658485495e-16,
      7.657113786312239e-16,
      5.184102099827599e-16,
      4.0953791536839205e-16,
      3.437871945960138e-16,
      3.1253371701535945e-16,
      2.6270750681893767e-16,
      2.335177456049296e-16,
      1.8420466532097652e-16,
      1.5788966775550056e-16,
      8.917022223444909e-17,
      2.4692718980645623e-08,
      1.7976712740619405e-07,
      2.0715637560897449e-07,
      2.564579233421682e-07
    ],
    "trend_analysis": {
      "confidence_level": "high",
      "prediction_trend": "increasing"
    }
  }
}