{
  "confidence": 0.8,
  "employee_id": "1038",
  "features_used": 11,
  "model_metadata": {
    "feature_dimensions": 11,
    "model_type": "GRU_CNN_Hybrid",
    "sequence_length": 50,
    "training_optimized": true
  },
  "predicted_attrition": 1,
  "risk_score": 0.9999994039535522,
  "sequence_length": 50,
  "xai_explanation": {
    "attention_weights": [
      [
        0.02000311389565468,
        0.02000274322926998,
        0.020002400502562523,
        0.02000209502875805,
        0.02000175602734089,
        0.020001523196697235,
        0.020001310855150223,
        0.02000110223889351,
        0.020000891759991646,
        0.020000725984573364,
        0.02000059001147747,
        0.020000454038381577,
        0.020000331103801727,
        0.020000237971544266,
        0.020000139251351357,
        0.02000003680586815,
        0.019999967887997627,
        0.01999988965690136,
        0.019999824464321136,
        0.019999761134386063,
        0.01999969594180584,
        0.019999651238322258,
        0.019999604672193527,
        0.019999561831355095,
        0.019999533891677856,
        0.01999950036406517,
        0.019999470561742783,
        0.019999442622065544,
        0.019999422132968903,
        0.01999940350651741,
        0.019999388605356216,
        0.019999371841549873,
        0.01999935507774353,
        0.019999343901872635,
        0.01999933086335659,
        0.019999319687485695,
        0.01999931037425995,
        0.019999302923679352,
        0.019999295473098755,
        0.019999288022518158,
        0.01999928057193756,
        0.019999274984002113,
        0.019999267533421516,
        0.01999926194548607,
        0.01999925822019577,
        0.019999252632260323,
        0.019999250769615173,
        0.019999247044324875,
        0.019999243319034576,
        0.019999241456389427
      ]
    ],
    "feature_names": [
      "day_of_week",
      "day_index",
      "system_login_hours",
      "work_focused_hours",
      "meeting_collaboration_hours",
      "social_dining_hours",
      "break_relaxation_hours",
      "shared_work_hours",
      "internal_comm_volume",
      "cafeteria_usage",
      "convenience_food_usage"
    ],
    "gradient_importance": [
      2.3987742903130993e-09,
      7.337937479867662e-10,
      1.6013419479321556e-09,
      7.490189801728775e-09,
      3.6880121179194703e-09,
      1.2625852585657071e-09,
      4.821473353899819e-08,
      3.608227272522413e-09,
      5.984414741533328e-09,
      3.171333773366314e-08,
      3.2457236898153496e-08
    ],
    "sequence_importance": {
      "timestep_0": 1.231520396771657e-08,
      "timestep_1": 4.230920084766221e-13,
      "timestep_10": 8.5117676795754e-14,
      "timestep_11": 8.186845163382292e-14,
      "timestep_12": 6.668317699236315e-14,
      "timestep_13": 5.338234398250506e-14,
      "timestep_14": 4.51786638698895e-14,
      "timestep_15": 4.000778861304975e-14,
      "timestep_16": 3.023298096789008e-14,
      "timestep_17": 2.919589415606265e-14,
      "timestep_18": 2.3245430103360776e-14,
      "timestep_19": 2.0187622529047912e-14,
      "timestep_2": 3.5133874976001067e-13,
      "timestep_20": 1.778511521811476e-14,
      "timestep_21": 1.2837138375410874e-14,
      "timestep_22": 1.200145905778157e-14,
      "timestep_23": 1.0084316872218183e-14,
      "timestep_24": 7.627936571773762e-15,
      "timestep_25": 7.354953099466752e-15,
      "timestep_26": 6.188761102302346e-15,
      "timestep_27": 4.945199421669839e-15,
      "timestep_28": 4.33019548020633e-15,
      "timestep_29": 3.248148371296877e-15,
      "timestep_3": 2.936027885657583e-13,
      "timestep_30": 2.6083587634890496e-15,
      "timestep_31": 2.4697496567256455e-15,
      "timestep_32": 2.1078241250669077e-15,
      "timestep_33": 1.740889240558108e-15,
      "timestep_34": 1.394432965735957e-15,
      "timestep_35": 1.1728864161839113e-15,
      "timestep_36": 1.0565523701091639e-15,
      "timestep_37": 7.1417937642793e-16,
      "timestep_38": 7.688941578700911e-16,
      "timestep_39": 4.7633866582779e-16,
      "timestep_4": 2.569026805523955e-13,
      "timestep_40": 4.785367692654741e-16,
      "timestep_41": 3.078269931554837e-16,
      "timestep_42": 3.646277785187158e-16,
      "timestep_43": 2.251798973792931e-16,
      "timestep_44": 1.9301120069913048e-16,
      "timestep_45": 1.511298022059294e-16,
      "timestep_46": 9.234687371933854e-17,
      "timestep_47": 1.4380007939962525e-07,
      "timestep_48": 2.2987896386439388e-07,
      "timestep_49": 2.465150998887111e-07,
      "timestep_5": 2.0974297602546765e-13,
      "timestep_6": 1.905747830594287e-13,
      "timestep_7": 1.5014894980559107e-13,
      "timestep_8": 1.3485301200363842e-13,
      "timestep_9": 1.0972317076186205e-13
    },
    "temporal_importance": [
      1.231520396771657e-08,
      4.230920084766221e-13,
      3.5133874976001067e-13,
      2.936027885657583e-13,
      2.569026805523955e-13,
      2.0974297602546765e-13,
      1.905747830594287e-13,
      1.5014894980559107e-13,
      1.3485301200363842e-13,
      1.0972317076186205e-13,
      8.5117676795754e-14,
      8.186845163382292e-14,
      6.668317699236315e-14,
      5.338234398250506e-14,
      4.51786638698895e-14,
      4.000778861304975e-14,
      3.023298096789008e-14,
      2.919589415606265e-14,
      2.3245430103360776e-14,
      2.0187622529047912e-14,
      1.778511521811476e-14,
      1.2837138375410874e-14,
      1.200145905778157e-14,
      1.0084316872218183e-14,
      7.627936571773762e-15,
      7.354953099466752e-15,
      6.188761102302346e-15,
      4.945199421669839e-15,
      4.33019548020633e-15,
      3.248148371296877e-15,
      2.6083587634890496e-15,
      2.4697496567256455e-15,
      2.1078241250669077e-15,
      1.740889240558108e-15,
      1.394432965735957e-15,
      1.1728864161839113e-15,
      1.0565523701091639e-15,
      7.1417937642793e-16,
      7.688941578700911e-16,
      4.7633866582779e-16,
      4.785367692654741e-16,
      3.078269931554837e-16,
      3.646277785187158e-16,
      2.251798973792931e-16,
      1.9301120069913048e-16,
      1.511298022059294e-16,
      9.234687371933854e-17,
      1.4380007939962525e-07,
      2.2987896386439388e-07,
      2.465150998887111e-07
    ],
    "trend_analysis": {
      "confidence_level": "high",
      "prediction_trend": "increasing"
    }
  }
}