{
  "prediction": {
    "risk_score": 3.9525467840433073e-28,
    "attrition_probability": 3.9525467840433073e-28
  },
  "confidence": 0.8
}