{
  "confidence": 0.8,
  "employee_id": "483",
  "features_used": 11,
  "model_metadata": {
    "feature_dimensions": 11,
    "model_type": "GRU_CNN_Hybrid",
    "sequence_length": 50,
    "training_optimized": true
  },
  "predicted_attrition": 0,
  "risk_score": 2.2556797731524464e-27,
  "sequence_length": 50,
  "xai_explanation": {
    "attention_weights": [
      [
        0.020010020583868027,
        0.01999947428703308,
        0.0199995506554842,
        0.01999962516129017,
        0.01999969407916069,
        0.01999974437057972,
        0.019999774172902107,
        0.019999800249934196,
        0.01999981887638569,
        0.019999830052256584,
        0.01999983936548233,
        0.019999846816062927,
        0.019999852403998375,
        0.019999852403998375,
        0.019999852403998375,
        0.019999850541353226,
        0.019999846816062927,
        0.019999846816062927,
        0.019999844953417778,
        0.01999984309077263,
        0.01999983750283718,
        0.01999983750283718,
        0.01999983750283718,
        0.019999835640192032,
        0.019999833777546883,
        0.019999833777546883,
        0.019999830052256584,
        0.019999828189611435,
        0.019999828189611435,
        0.019999828189611435,
        0.019999826326966286,
        0.019999822601675987,
        0.019999822601675987,
        0.019999822601675987,
        0.019999820739030838,
        0.019999820739030838,
        0.01999981887638569,
        0.01999981887638569,
        0.01999981887638569,
        0.01999981887638569,
        0.01999981701374054,
        0.01999981701374054,
        0.01999981701374054,
        0.01999981701374054,
        0.01999981701374054,
        0.01999981328845024,
        0.01999981328845024,
        0.01999981328845024,
        0.01999981328845024,
        0.01999981328845024
      ]
    ],
    "feature_names": [
      "day_of_week",
      "day_index",
      "system_login_hours",
      "work_focused_hours",
      "meeting_collaboration_hours",
      "social_dining_hours",
      "break_relaxation_hours",
      "shared_work_hours",
      "internal_comm_volume",
      "cafeteria_usage",
      "convenience_food_usage"
    ],
    "gradient_importance": [
      2.0922043538195233e-29,
      9.329455924284202e-30,
      2.7569617940795905e-29,
      3.218101946065363e-29,
      5.366663975345795e-29,
      2.106020945147902e-29,
      3.306552806544399e-28,
      3.9849913008130084e-29,
      1.2480566503719932e-28,
      2.107339304380146e-28,
      2.626994444198439e-28
    ],
    "sequence_importance": {
      "timestep_0": 2.3529361538560908e-27,
      "timestep_1": 9.136291951802279e-28,
      "timestep_10": 6.866793169319288e-35,
      "timestep_11": 5.350668909838141e-35,
      "timestep_12": 4.029220978943809e-35,
      "timestep_13": 2.841968527768118e-35,
      "timestep_14": 2.186130210716557e-35,
      "timestep_15": 1.5944021100399272e-35,
      "timestep_16": 1.1677133014243762e-35,
      "timestep_17": 9.525067171925533e-36,
      "timestep_18": 7.323514194079981e-36,
      "timestep_19": 5.2332181261678004e-36,
      "timestep_2": 7.462894275065472e-29,
      "timestep_20": 4.282981180659977e-36,
      "timestep_21": 3.409299524439638e-36,
      "timestep_22": 3.18999241355788e-36,
      "timestep_23": 2.472337112915527e-36,
      "timestep_24": 2.337770847381148e-36,
      "timestep_25": 1.6473146378274626e-36,
      "timestep_26": 1.73581499879881e-36,
      "timestep_27": 1.464688094914074e-36,
      "timestep_28": 1.2458093105261148e-36,
      "timestep_29": 9.569982442293539e-37,
      "timestep_3": 3.97405941420466e-34,
      "timestep_30": 7.468299759371886e-37,
      "timestep_31": 9.678608408754947e-37,
      "timestep_32": 9.176871812045289e-37,
      "timestep_33": 7.356941597216676e-37,
      "timestep_34": 4.766746090933506e-37,
      "timestep_35": 4.468824656431947e-37,
      "timestep_36": 4.1709023250993706e-37,
      "timestep_37": 3.8729808905978114e-37,
      "timestep_38": 2.5451546347312103e-37,
      "timestep_39": 2.3330583591183375e-37,
      "timestep_4": 3.6336353318515643e-34,
      "timestep_40": 2.1209618592977105e-37,
      "timestep_41": 1.9088655836848377e-37,
      "timestep_42": 1.8186029049232047e-37,
      "timestep_43": 8.973192856047923e-38,
      "timestep_44": 1.3639520665885264e-37,
      "timestep_45": 1.1366267034731258e-37,
      "timestep_46": 9.435128390140638e-29,
      "timestep_47": 4.356680312454879e-28,
      "timestep_48": 5.317995725651129e-28,
      "timestep_49": 7.4913604826084875e-28,
      "timestep_5": 2.571080044615634e-34,
      "timestep_6": 1.7852030667846533e-34,
      "timestep_7": 1.5906895166147776e-34,
      "timestep_8": 1.183438236034324e-34,
      "timestep_9": 9.101103725151434e-35
    },
    "temporal_importance": [
      2.3529361538560908e-27,
      9.136291951802279e-28,
      7.462894275065472e-29,
      3.97405941420466e-34,
      3.6336353318515643e-34,
      2.571080044615634e-34,
      1.7852030667846533e-34,
      1.5906895166147776e-34,
      1.183438236034324e-34,
      9.101103725151434e-35,
      6.866793169319288e-35,
      5.350668909838141e-35,
      4.029220978943809e-35,
      2.841968527768118e-35,
      2.186130210716557e-35,
      1.5944021100399272e-35,
      1.1677133014243762e-35,
      9.525067171925533e-36,
      7.323514194079981e-36,
      5.2332181261678004e-36,
      4.282981180659977e-36,
      3.409299524439638e-36,
      3.18999241355788e-36,
      2.472337112915527e-36,
      2.337770847381148e-36,
      1.6473146378274626e-36,
      1.73581499879881e-36,
      1.464688094914074e-36,
      1.2458093105261148e-36,
      9.569982442293539e-37,
      7.468299759371886e-37,
      9.678608408754947e-37,
      9.176871812045289e-37,
      7.356941597216676e-37,
      4.766746090933506e-37,
      4.468824656431947e-37,
      4.1709023250993706e-37,
      3.8729808905978114e-37,
      2.5451546347312103e-37,
      2.3330583591183375e-37,
      2.1209618592977105e-37,
      1.9088655836848377e-37,
      1.8186029049232047e-37,
      8.973192856047923e-38,
      1.3639520665885264e-37,
      1.1366267034731258e-37,
      9.435128390140638e-29,
      4.356680312454879e-28,
      5.317995725651129e-28,
      7.4913604826084875e-28
    ],
    "trend_analysis": {
      "confidence_level": "high",
      "prediction_trend": "stable"
    }
  }
}