{
  "prediction": {
    "risk_score": 4.555430651758708e-21,
    "attrition_probability": 4.555430651758708e-21
  },
  "confidence": 0.8
}