{
  "confidence": 0.7,
  "employee_data": {
    "Age": 41,
    "AgeFactor": 1,
    "Attrition": "No",
    "BusinessTravel": "Travel_Frequently",
    "DailyRate": 1018,
    "Department": "Sales",
    "DistanceFromHome": 1,
    "Education": 3,
    "EducationField": "Marketing",
    "EmployeeCount": 1,
    "EmployeeNumber": 1349,
    "EnvironmentSatisfaction": 3,
    "Gender": "Female",
    "HourlyRate": 66,
    "JobInvolvement": 3,
    "JobLevel": 2,
    "JobRole": "Sales Executive",
    "JobSatisfaction": 1,
    "MaritalStatus": "Divorced",
    "MonthlyIncome": 4103,
    "MonthlyRate": 4297,
    "Norm_EnvironmentSatisfaction": 0.6666666666666666,
    "Norm_JobInvolvement": 0.6666666666666666,
    "Norm_JobLevel": 0.25,
    "Norm_JobSatisfaction": 0,
    "Norm_MonthlyIncome": 0.1629278567667193,
    "Norm_NumCompaniesWorked": 0,
    "Norm_PercentSalaryHike": 0.4285714285714285,
    "Norm_PerformanceRating": 0,
    "Norm_RelationshipSatisfaction": 1,
    "Norm_TotalWorkingYears": 0.25,
    "Norm_TrainingTimesLastYear": 0.3333333333333333,
    "Norm_WorkLifeBalance": 0.6666666666666666,
    "Norm_YearsAtCompany": 0.225,
    "Norm_YearsSinceLastPromotion": 0.0666666666666666,
    "NumCompaniesWorked": 0,
    "Over18": "Y",
    "OverTime": "No",
    "OverTime_bin": 0,
    "PercentSalaryHike": 17,
    "PerformanceRating": 3,
    "Prob_N01": 0.2494004979967826,
    "Prob_N02": 0.0014567426581808,
    "Prob_N03": 0.1110006681317899,
    "Prob_P01": 0.0795354542110377,
    "Prob_P02": 0.0701897919868997,
    "Prob_P03": 0.015022306861069,
    "Prob_P04": 0.3449981584347908,
    "Prob_S01": 0.0369489126922398,
    "Prob_S02": 0.0737007083916223,
    "Prob_S03": 0.0177467586355869,
    "RelationshipSatisfaction": 4,
    "Score_N01": 0.580952380952381,
    "Score_N02": 0.0666666666666666,
    "Score_N03": 0.5,
    "Score_P01": 0.4666666666666667,
    "Score_P02": 0.4541666666666667,
    "Score_P03": 0.3,
    "Score_P04": 0.6134002858647408,
    "Score_S01": 0.39,
    "Score_S02": 0.459047619047619,
    "Score_S03": 0.3166666666666666,
    "StandardHours": 80,
    "StockOptionLevel": 1,
    "TotalWorkingYears": 10,
    "TrainingTimesLastYear": 2,
    "WorkLifeBalance": 3,
    "YearsAtCompany": 9,
    "YearsInCurrentRole": 3,
    "YearsSinceLastPromotion": 1,
    "YearsWithCurrManager": 7,
    "argmax_Persona": "저평가된 전문가",
    "argmax_Persona_Code": "P04",
    "argmax_RiskTier": "High",
    "is_married": 0,
    "softmax_Persona": "안정적인 핵심인재",
    "softmax_Persona_Code": "S01",
    "softmax_RiskTier": "Stable"
  },
  "employee_id": 1349,
  "feature_importance": {},
  "lime_explanation": {},
  "model_interpretation": {},
  "predicted_attrition": 0,
  "risk_score": 0.0004610423056874424,
  "shap_values": {},
  "xai_explanation": {}
}