{
  "confidence": 0.8,
  "employee_id": "1244",
  "features_used": 11,
  "model_metadata": {
    "feature_dimensions": 11,
    "model_type": "GRU_CNN_Hybrid",
    "sequence_length": 50,
    "training_optimized": true
  },
  "predicted_attrition": 0,
  "risk_score": 3.732305098288265e-19,
  "sequence_length": 50,
  "xai_explanation": {
    "attention_weights": [
      [
        0.020003458485007286,
        0.019999688491225243,
        0.01999976485967636,
        0.019999828189611435,
        0.019999871030449867,
        0.019999904558062553,
        0.019999930635094643,
        0.019999947398900986,
        0.01999995857477188,
        0.01999996416270733,
        0.019999967887997627,
        0.019999967887997627,
        0.019999967887997627,
        0.01999996416270733,
        0.01999996230006218,
        0.01999995857477188,
        0.019999954849481583,
        0.019999952986836433,
        0.019999947398900986,
        0.019999945536255836,
        0.019999943673610687,
        0.019999941810965538,
        0.01999993808567524,
        0.01999993436038494,
        0.01999993436038494,
        0.019999930635094643,
        0.019999928772449493,
        0.019999926909804344,
        0.019999926909804344,
        0.019999925047159195,
        0.019999925047159195,
        0.019999919459223747,
        0.019999919459223747,
        0.019999919459223747,
        0.019999919459223747,
        0.0199999138712883,
        0.0199999138712883,
        0.0199999138712883,
        0.0199999138712883,
        0.01999991200864315,
        0.01999991200864315,
        0.01999991200864315,
        0.019999910145998,
        0.019999910145998,
        0.019999910145998,
        0.019999910145998,
        0.019999910145998,
        0.019999910145998,
        0.019999910145998,
        0.019999910145998
      ]
    ],
    "feature_names": [
      "day_of_week",
      "day_index",
      "system_login_hours",
      "work_focused_hours",
      "meeting_collaboration_hours",
      "social_dining_hours",
      "break_relaxation_hours",
      "shared_work_hours",
      "internal_comm_volume",
      "cafeteria_usage",
      "convenience_food_usage"
    ],
    "gradient_importance": [
      2.736830656156653e-21,
      1.6083761626688942e-21,
      4.31367257745588e-21,
      5.3837143064274005e-21,
      8.814258084986768e-21,
      3.618270560653073e-21,
      5.455682654790565e-20,
      6.5631922727777564e-21,
      2.053423525639753e-20,
      3.480006028795127e-20,
      4.333248969874684e-20
    ],
    "sequence_importance": {
      "timestep_0": 3.8751705638095956e-19,
      "timestep_1": 1.5010882765151592e-19,
      "timestep_10": 9.847106471956942e-27,
      "timestep_11": 7.448514030246213e-27,
      "timestep_12": 5.775463694974877e-27,
      "timestep_13": 4.3996351946730226e-27,
      "timestep_14": 3.422281214678899e-27,
      "timestep_15": 2.3845371975695854e-27,
      "timestep_16": 1.8613134540090886e-27,
      "timestep_17": 1.4956710318353053e-27,
      "timestep_18": 1.3136913558376137e-27,
      "timestep_19": 9.788358867898326e-28,
      "timestep_2": 1.252236094483924e-20,
      "timestep_20": 7.673066676554076e-28,
      "timestep_21": 6.734465681121929e-28,
      "timestep_22": 6.433474608658286e-28,
      "timestep_23": 4.571940057891582e-28,
      "timestep_24": 3.7336540125077607e-28,
      "timestep_25": 3.358988415951529e-28,
      "timestep_26": 3.5214011251967322e-28,
      "timestep_27": 2.6203223006473524e-28,
      "timestep_28": 2.5074185095175395e-28,
      "timestep_29": 1.5259794154442516e-28,
      "timestep_3": 6.28833321544976e-26,
      "timestep_30": 1.4540484598044403e-28,
      "timestep_31": 2.1402828175613756e-28,
      "timestep_32": 1.6453545719284486e-28,
      "timestep_33": 1.1789293672487237e-28,
      "timestep_34": 8.947310196379903e-29,
      "timestep_35": 5.579395576618625e-29,
      "timestep_36": 7.997986224870515e-29,
      "timestep_37": 7.426701838438682e-29,
      "timestep_38": 6.855415646447527e-29,
      "timestep_39": 4.0915554120483847e-29,
      "timestep_4": 4.9667412905349815e-26,
      "timestep_40": 3.7195948442843554e-29,
      "timestep_41": 3.3476351792999876e-29,
      "timestep_42": 2.97567551431562e-29,
      "timestep_43": 1.491834814108798e-29,
      "timestep_44": 1.2787154689713828e-29,
      "timestep_45": 1.0655962742972447e-29,
      "timestep_46": 8.524767786965527e-30,
      "timestep_47": 5.580507440399085e-20,
      "timestep_48": 8.855961074115225e-20,
      "timestep_49": 1.5213196925815285e-19,
      "timestep_5": 3.7167924188074527e-26,
      "timestep_6": 3.103936242302564e-26,
      "timestep_7": 2.3662608542507294e-26,
      "timestep_8": 1.692389522289302e-26,
      "timestep_9": 1.3668018207269066e-26
    },
    "temporal_importance": [
      3.8751705638095956e-19,
      1.5010882765151592e-19,
      1.252236094483924e-20,
      6.28833321544976e-26,
      4.9667412905349815e-26,
      3.7167924188074527e-26,
      3.103936242302564e-26,
      2.3662608542507294e-26,
      1.692389522289302e-26,
      1.3668018207269066e-26,
      9.847106471956942e-27,
      7.448514030246213e-27,
      5.775463694974877e-27,
      4.3996351946730226e-27,
      3.422281214678899e-27,
      2.3845371975695854e-27,
      1.8613134540090886e-27,
      1.4956710318353053e-27,
      1.3136913558376137e-27,
      9.788358867898326e-28,
      7.673066676554076e-28,
      6.734465681121929e-28,
      6.433474608658286e-28,
      4.571940057891582e-28,
      3.7336540125077607e-28,
      3.358988415951529e-28,
      3.5214011251967322e-28,
      2.6203223006473524e-28,
      2.5074185095175395e-28,
      1.5259794154442516e-28,
      1.4540484598044403e-28,
      2.1402828175613756e-28,
      1.6453545719284486e-28,
      1.1789293672487237e-28,
      8.947310196379903e-29,
      5.579395576618625e-29,
      7.997986224870515e-29,
      7.426701838438682e-29,
      6.855415646447527e-29,
      4.0915554120483847e-29,
      3.7195948442843554e-29,
      3.3476351792999876e-29,
      2.97567551431562e-29,
      1.491834814108798e-29,
      1.2787154689713828e-29,
      1.0655962742972447e-29,
      8.524767786965527e-30,
      5.580507440399085e-20,
      8.855961074115225e-20,
      1.5213196925815285e-19
    ],
    "trend_analysis": {
      "confidence_level": "high",
      "prediction_trend": "stable"
    }
  }
}