{
  "prediction": {
    "risk_score": 9.36765415400758e-15,
    "attrition_probability": 9.36765415400758e-15
  },
  "confidence": 0.8
}