{
  "confidence": 0.8,
  "employee_id": "1903",
  "features_used": 11,
  "model_metadata": {
    "feature_dimensions": 11,
    "model_type": "GRU_CNN_Hybrid",
    "sequence_length": 50,
    "training_optimized": true
  },
  "predicted_attrition": 0,
  "risk_score": 0.0002016895596170798,
  "sequence_length": 50,
  "xai_explanation": {
    "attention_weights": [
      [
        0.02000175416469574,
        0.02000088058412075,
        0.020000813528895378,
        0.020000744611024857,
        0.020000677555799484,
        0.020000597462058067,
        0.020000522956252098,
        0.020000437274575233,
        0.020000366494059563,
        0.02000030316412449,
        0.02000025101006031,
        0.020000196993350983,
        0.020000146701931953,
        0.020000098273158073,
        0.02000005543231964,
        0.020000020042061806,
        0.019999992102384567,
        0.01999996043741703,
        0.019999932497739792,
        0.019999908283352852,
        0.019999884068965912,
        0.01999986544251442,
        0.019999848678708076,
        0.019999831914901733,
        0.01999981887638569,
        0.019999805837869644,
        0.0199997927993536,
        0.019999783486127853,
        0.019999774172902107,
        0.01999976485967636,
        0.019999757409095764,
        0.019999749958515167,
        0.01999974250793457,
        0.019999736919999123,
        0.019999731332063675,
        0.019999729469418526,
        0.019999723881483078,
        0.01999972015619278,
        0.019999714568257332,
        0.019999712705612183,
        0.019999710842967033,
        0.019999707117676735,
        0.019999705255031586,
        0.019999703392386436,
        0.019999699667096138,
        0.01999969780445099,
        0.01999969780445099,
        0.01999969594180584,
        0.01999969594180584,
        0.01999969407916069
      ]
    ],
    "feature_names": [
      "day_of_week",
      "day_index",
      "system_login_hours",
      "work_focused_hours",
      "meeting_collaboration_hours",
      "social_dining_hours",
      "break_relaxation_hours",
      "shared_work_hours",
      "internal_comm_volume",
      "cafeteria_usage",
      "convenience_food_usage"
    ],
    "gradient_importance": [
      1.1622247484410764e-06,
      4.876459342995076e-07,
      1.5000643998064334e-06,
      2.8309266326687066e-06,
      3.2751759135862812e-06,
      5.860752025910188e-07,
      2.247023076051846e-05,
      2.3922734726511408e-06,
      7.452585123246536e-06,
      1.4480840945907403e-05,
      1.7359236153424717e-05
    ],
    "sequence_importance": {
      "timestep_0": 0.0001574994676047936,
      "timestep_1": 3.3736127079464495e-05,
      "timestep_10": 7.224631917018831e-12,
      "timestep_11": 6.723431273530922e-12,
      "timestep_12": 5.8338585698369805e-12,
      "timestep_13": 5.25691729730271e-12,
      "timestep_14": 4.604558921650348e-12,
      "timestep_15": 3.532877983214444e-12,
      "timestep_16": 2.843114632611332e-12,
      "timestep_17": 2.737966971200212e-12,
      "timestep_18": 2.512317610892101e-12,
      "timestep_19": 2.082417788554225e-12,
      "timestep_2": 2.6403185193757395e-11,
      "timestep_20": 1.7630502092969014e-12,
      "timestep_21": 1.5181723066193253e-12,
      "timestep_22": 1.121427711976708e-12,
      "timestep_23": 1.1883063977258246e-12,
      "timestep_24": 8.934396191623284e-13,
      "timestep_25": 7.813567501346874e-13,
      "timestep_26": 7.343396181934414e-13,
      "timestep_27": 5.718962087751522e-13,
      "timestep_28": 5.848432090178879e-13,
      "timestep_29": 4.44124066949908e-13,
      "timestep_3": 2.2932511792306265e-11,
      "timestep_30": 3.7507749185185235e-13,
      "timestep_31": 3.901327774290947e-13,
      "timestep_32": 2.9865229755378364e-13,
      "timestep_33": 2.4136850287556633e-13,
      "timestep_34": 2.1291623249642538e-13,
      "timestep_35": 1.166046832657905e-13,
      "timestep_36": 1.474705638637372e-13,
      "timestep_37": 1.1740811773318371e-13,
      "timestep_38": 1.0403457880326511e-13,
      "timestep_39": 9.536497297141927e-14,
      "timestep_4": 1.819333746155838e-11,
      "timestep_40": 7.773623189382892e-14,
      "timestep_41": 5.383609275608561e-14,
      "timestep_42": 4.785428509620354e-14,
      "timestep_43": 3.560107598803673e-14,
      "timestep_44": 3.051519879338806e-14,
      "timestep_45": 2.5429323292805277e-14,
      "timestep_46": 6.714650680805789e-06,
      "timestep_47": 3.562259371392429e-05,
      "timestep_48": 3.9984301110962406e-05,
      "timestep_49": 6.279396620811895e-05,
      "timestep_5": 1.6975513009165333e-11,
      "timestep_6": 1.456781743847113e-11,
      "timestep_7": 1.392426365182109e-11,
      "timestep_8": 1.1065046448544003e-11,
      "timestep_9": 9.235136960716872e-12
    },
    "temporal_importance": [
      0.0001574994676047936,
      3.3736127079464495e-05,
      2.6403185193757395e-11,
      2.2932511792306265e-11,
      1.819333746155838e-11,
      1.6975513009165333e-11,
      1.456781743847113e-11,
      1.392426365182109e-11,
      1.1065046448544003e-11,
      9.235136960716872e-12,
      7.224631917018831e-12,
      6.723431273530922e-12,
      5.8338585698369805e-12,
      5.25691729730271e-12,
      4.604558921650348e-12,
      3.532877983214444e-12,
      2.843114632611332e-12,
      2.737966971200212e-12,
      2.512317610892101e-12,
      2.082417788554225e-12,
      1.7630502092969014e-12,
      1.5181723066193253e-12,
      1.121427711976708e-12,
      1.1883063977258246e-12,
      8.934396191623284e-13,
      7.813567501346874e-13,
      7.343396181934414e-13,
      5.718962087751522e-13,
      5.848432090178879e-13,
      4.44124066949908e-13,
      3.7507749185185235e-13,
      3.901327774290947e-13,
      2.9865229755378364e-13,
      2.4136850287556633e-13,
      2.1291623249642538e-13,
      1.166046832657905e-13,
      1.474705638637372e-13,
      1.1740811773318371e-13,
      1.0403457880326511e-13,
      9.536497297141927e-14,
      7.773623189382892e-14,
      5.383609275608561e-14,
      4.785428509620354e-14,
      3.560107598803673e-14,
      3.051519879338806e-14,
      2.5429323292805277e-14,
      6.714650680805789e-06,
      3.562259371392429e-05,
      3.9984301110962406e-05,
      6.279396620811895e-05
    ],
    "trend_analysis": {
      "confidence_level": "high",
      "prediction_trend": "stable"
    }
  }
}