{
  "prediction": {
    "employee_id": "331",
    "attrition_probability": 0.10276908427476883,
    "attrition_prediction": 1,
    "risk_category": "LOW",
    "confidence_score": 0.7944618314504623,
    "prediction_timestamp": "2025-09-23T22:52:06.689634"
  },
  "explanation": {
    "employee_id": "331",
    "feature_importance": {
      "RelationshipSatisfaction": 0.03405288979411125,
      "Education": 0.02487798221409321,
      "JobInvolvement": 0.03501373156905174,
      "EnvironmentSatisfaction": 0.048257846385240555,
      "JobLevel": 0.07228615880012512,
      "JobSatisfaction": 0.04019258916378021,
      "StockOptionLevel": 0.07264421880245209,
      "WorkLifeBalance": 0.03580893576145172,
      "Department": 0.037670474499464035,
      "JobRole": 0.046762410551309586,
      "MaritalStatus": 0.036864522844552994,
      "OverTime": 0.0779639258980751,
      "Age": 0.04039482772350311,
      "DailyRate": 0.03578038513660431,
      "DistanceFromHome": 0.036774344742298126,
      "MonthlyIncome": 0.04666806384921074,
      "NumCompaniesWorked": 0.050036631524562836,
      "TotalWorkingYears": 0.04981709271669388,
      "TrainingTimesLastYear": 0.02378365956246853,
      "YearsAtCompany": 0.02968277968466282,
      "YearsInCurrentRole": 0.03649982064962387,
      "YearsSinceLastPromotion": 0.03537580743432045,
      "YearsWithCurrManager": 0.05279093235731125
    },
    "shap_values": {
      "RelationshipSatisfaction": -0.20552605390548706,
      "Education": 0.04795798286795616,
      "JobInvolvement": 0.04248091205954552,
      "EnvironmentSatisfaction": -0.3531172275543213,
      "JobLevel": 0.022519445046782494,
      "JobSatisfaction": -0.06985440105199814,
      "StockOptionLevel": 0.23954154551029205,
      "WorkLifeBalance": 0.6851495504379272,
      "Department": -0.07674622535705566,
      "JobRole": -0.37163761258125305,
      "MaritalStatus": -0.10615290701389313,
      "OverTime": -0.4949618875980377,
      "Age": 0.2687268555164337,
      "DailyRate": 0.025288619101047516,
      "DistanceFromHome": -0.8126729130744934,
      "MonthlyIncome": -0.03625503554940224,
      "NumCompaniesWorked": -0.7682709693908691,
      "TotalWorkingYears": -0.04527735337615013,
      "TrainingTimesLastYear": -0.012999823316931725,
      "YearsAtCompany": -0.004110333975404501,
      "YearsInCurrentRole": -0.040840767323970795,
      "YearsSinceLastPromotion": -0.07440285384654999,
      "YearsWithCurrManager": -0.3009522557258606
    },
    "lime_explanation": {
      "features": [
        "OverTime=0",
        "NumCompaniesWorked <= 1.00",
        "StockOptionLevel <= 0.00",
        "JobInvolvement <= 2.00",
        "DistanceFromHome <= 2.00",
        "WorkLifeBalance <= 2.00",
        "3.00 < EnvironmentSatisfaction <= 4.00",
        "YearsWithCurrManager <= 2.00",
        "3.00 < RelationshipSatisfaction <= 4.00",
        "30.00 < Age <= 35.00"
      ],
      "values": [
        -0.21323710007753321,
        -0.1177029695505568,
        0.10726858698276134,
        0.10591647059205295,
        -0.0926126762004572,
        0.07946092872769898,
        -0.07296973976999534,
        0.06977636339178198,
        -0.0562707479219046,
        0.05004604472167358
      ],
      "intercept": 0.4166655448790082
    },
    "top_risk_factors": [
      {
        "feature": "WorkLifeBalance",
        "impact": 0.6851495504379272,
        "type": "risk"
      }
    ],
    "top_protective_factors": [
      {
        "feature": "DistanceFromHome",
        "impact": 0.8126729130744934,
        "type": "protective"
      },
      {
        "feature": "NumCompaniesWorked",
        "impact": 0.7682709693908691,
        "type": "protective"
      },
      {
        "feature": "OverTime",
        "impact": 0.4949618875980377,
        "type": "protective"
      },
      {
        "feature": "JobRole",
        "impact": 0.37163761258125305,
        "type": "protective"
      }
    ],
    "explanation_timestamp": "2025-09-23T22:52:06.778721"
  },
  "agent_type": "structura",
  "analysis_type": "individual"
}