{
  "prediction": {
    "risk_score": 4.038313863966026e-32,
    "attrition_probability": 4.038313863966026e-32
  },
  "confidence": 0.8
}