{
  "confidence": 0.8,
  "employee_id": "1312",
  "features_used": 11,
  "model_metadata": {
    "feature_dimensions": 11,
    "model_type": "GRU_CNN_Hybrid",
    "sequence_length": 50,
    "training_optimized": true
  },
  "predicted_attrition": 0,
  "risk_score": 1.8435814398524986e-14,
  "sequence_length": 50,
  "xai_explanation": {
    "attention_weights": [
      [
        0.020002171397209167,
        0.019999658688902855,
        0.019999736919999123,
        0.01999981328845024,
        0.019999878481030464,
        0.019999925047159195,
        0.019999951124191284,
        0.019999973475933075,
        0.01999998465180397,
        0.019999997690320015,
        0.02000000700354576,
        0.02000001072883606,
        0.02000001072883606,
        0.02000000886619091,
        0.02000000700354576,
        0.02000000700354576,
        0.020000001415610313,
        0.019999997690320015,
        0.019999992102384567,
        0.019999990239739418,
        0.01999998651444912,
        0.01999998278915882,
        0.019999980926513672,
        0.019999977201223373,
        0.019999973475933075,
        0.019999973475933075,
        0.019999971613287926,
        0.019999967887997627,
        0.019999967887997627,
        0.01999996416270733,
        0.01999996416270733,
        0.01999996416270733,
        0.01999996043741703,
        0.01999996043741703,
        0.01999995857477188,
        0.01999995857477188,
        0.019999956712126732,
        0.019999954849481583,
        0.019999954849481583,
        0.019999954849481583,
        0.019999954849481583,
        0.019999954849481583,
        0.019999951124191284,
        0.019999951124191284,
        0.019999951124191284,
        0.019999951124191284,
        0.019999951124191284,
        0.019999949261546135,
        0.019999949261546135,
        0.019999949261546135
      ]
    ],
    "feature_names": [
      "day_of_week",
      "day_index",
      "system_login_hours",
      "work_focused_hours",
      "meeting_collaboration_hours",
      "social_dining_hours",
      "break_relaxation_hours",
      "shared_work_hours",
      "internal_comm_volume",
      "cafeteria_usage",
      "convenience_food_usage"
    ],
    "gradient_importance": [
      1.3528840673792227e-16,
      3.6194687291854166e-17,
      1.528239078051074e-16,
      2.659388051638148e-16,
      3.071639516462408e-16,
      5.099046029114527e-17,
      2.1160867197091366e-15,
      2.2384391466323626e-16,
      6.979989824925639e-16,
      1.362678653455459e-15,
      1.6333247383445212e-15
    ],
    "sequence_importance": {
      "timestep_0": 1.481514665449806e-14,
      "timestep_1": 3.148363019670874e-15,
      "timestep_10": 6.397283792978879e-22,
      "timestep_11": 4.436779913161715e-22,
      "timestep_12": 3.061486121886645e-22,
      "timestep_13": 2.4747298659703185e-22,
      "timestep_14": 1.810103067506836e-22,
      "timestep_15": 1.5600772008027642e-22,
      "timestep_16": 1.1280246463359475e-22,
      "timestep_17": 9.951484105895409e-23,
      "timestep_18": 7.367155585552201e-23,
      "timestep_19": 5.764260908080212e-23,
      "timestep_2": 4.073949335148191e-21,
      "timestep_20": 5.1064783930481723e-23,
      "timestep_21": 3.9719938594226786e-23,
      "timestep_22": 3.772169712331679e-23,
      "timestep_23": 2.738215719201378e-23,
      "timestep_24": 2.4577284935131763e-23,
      "timestep_25": 1.7962503229123568e-23,
      "timestep_26": 1.6798636782222213e-23,
      "timestep_27": 1.4150459122387864e-23,
      "timestep_28": 1.3828826331832963e-23,
      "timestep_29": 1.1227840697931651e-23,
      "timestep_3": 3.595907603545731e-21,
      "timestep_30": 8.305383201100104e-24,
      "timestep_31": 1.0049235173877146e-23,
      "timestep_32": 7.88691852329023e-24,
      "timestep_33": 6.470965263238258e-24,
      "timestep_34": 4.5150307971057145e-24,
      "timestep_35": 4.2328410518118646e-24,
      "timestep_36": 3.950651306518015e-24,
      "timestep_37": 3.668461561224165e-24,
      "timestep_38": 3.3862722103607675e-24,
      "timestep_39": 3.1040824650669176e-24,
      "timestep_4": 3.0595970966303412e-21,
      "timestep_40": 1.0526905045915216e-24,
      "timestep_41": 9.474213555247563e-25,
      "timestep_42": 8.42152206457991e-25,
      "timestep_43": 7.368832053026454e-25,
      "timestep_44": 6.316141055396866e-25,
      "timestep_45": 5.263449564729213e-25,
      "timestep_46": 1.1971983793524778e-15,
      "timestep_47": 3.76865244672525e-15,
      "timestep_48": 4.098563732867801e-15,
      "timestep_49": 4.7099364440864305e-15,
      "timestep_5": 2.292700704339775e-21,
      "timestep_6": 1.6271328263708e-21,
      "timestep_7": 1.3256103469658412e-21,
      "timestep_8": 9.496901810193225e-22,
      "timestep_9": 7.816417046003105e-22
    },
    "temporal_importance": [
      1.481514665449806e-14,
      3.148363019670874e-15,
      4.073949335148191e-21,
      3.595907603545731e-21,
      3.0595970966303412e-21,
      2.292700704339775e-21,
      1.6271328263708e-21,
      1.3256103469658412e-21,
      9.496901810193225e-22,
      7.816417046003105e-22,
      6.397283792978879e-22,
      4.436779913161715e-22,
      3.061486121886645e-22,
      2.4747298659703185e-22,
      1.810103067506836e-22,
      1.5600772008027642e-22,
      1.1280246463359475e-22,
      9.951484105895409e-23,
      7.367155585552201e-23,
      5.764260908080212e-23,
      5.1064783930481723e-23,
      3.9719938594226786e-23,
      3.772169712331679e-23,
      2.738215719201378e-23,
      2.4577284935131763e-23,
      1.7962503229123568e-23,
      1.6798636782222213e-23,
      1.4150459122387864e-23,
      1.3828826331832963e-23,
      1.1227840697931651e-23,
      8.305383201100104e-24,
      1.0049235173877146e-23,
      7.88691852329023e-24,
      6.470965263238258e-24,
      4.5150307971057145e-24,
      4.2328410518118646e-24,
      3.950651306518015e-24,
      3.668461561224165e-24,
      3.3862722103607675e-24,
      3.1040824650669176e-24,
      1.0526905045915216e-24,
      9.474213555247563e-25,
      8.42152206457991e-25,
      7.368832053026454e-25,
      6.316141055396866e-25,
      5.263449564729213e-25,
      1.1971983793524778e-15,
      3.76865244672525e-15,
      4.098563732867801e-15,
      4.7099364440864305e-15
    ],
    "trend_analysis": {
      "confidence_level": "high",
      "prediction_trend": "stable"
    }
  }
}