{
  "confidence": 0.7,
  "employee_data": {
    "Age": 18,
    "AgeFactor": 0,
    "Attrition": "No",
    "BusinessTravel": "Non-Travel",
    "DailyRate": 287,
    "Department": "Research & Development",
    "DistanceFromHome": 5,
    "Education": 2,
    "EducationField": "Life Sciences",
    "EmployeeCount": 1,
    "EmployeeNumber": 1012,
    "EnvironmentSatisfaction": 2,
    "Gender": "Male",
    "HourlyRate": 73,
    "JobInvolvement": 3,
    "JobLevel": 1,
    "JobRole": "Research Scientist",
    "JobSatisfaction": 4,
    "MaritalStatus": "Single",
    "MonthlyIncome": 1051,
    "MonthlyRate": 13493,
    "Norm_EnvironmentSatisfaction": 0.3333333333333333,
    "Norm_JobInvolvement": 0.6666666666666666,
    "Norm_JobLevel": 0,
    "Norm_JobSatisfaction": 1,
    "Norm_MonthlyIncome": 0.0022116903633491,
    "Norm_NumCompaniesWorked": 0.1111111111111111,
    "Norm_PercentSalaryHike": 0.2857142857142857,
    "Norm_PerformanceRating": 0,
    "Norm_RelationshipSatisfaction": 1,
    "Norm_TotalWorkingYears": 0,
    "Norm_TrainingTimesLastYear": 0.3333333333333333,
    "Norm_WorkLifeBalance": 0.6666666666666666,
    "Norm_YearsAtCompany": 0,
    "Norm_YearsSinceLastPromotion": 0,
    "NumCompaniesWorked": 1,
    "Over18": "Y",
    "OverTime": "No",
    "OverTime_bin": 0,
    "PercentSalaryHike": 15,
    "PerformanceRating": 3,
    "Prob_N01": 0.154705638050564,
    "Prob_N02": 0.0013226263779465,
    "Prob_N03": 0.0025761244199233,
    "Prob_P01": 0.0018458738068088,
    "Prob_P02": 0.1962951590634481,
    "Prob_P03": 0.0050176052266769,
    "Prob_P04": 0.3285149025763392,
    "Prob_S01": 0.0020627991776,
    "Prob_S02": 0.0337073083274941,
    "Prob_S03": 0.2739519629731988,
    "RelationshipSatisfaction": 4,
    "Score_N01": 0.6095238095238096,
    "Score_N02": 0.1333333333333333,
    "Score_N03": 0.2,
    "Score_P01": 0.1666666666666666,
    "Score_P02": 0.6333333333333333,
    "Score_P03": 0.2666666666666667,
    "Score_P04": 0.6848296095689461,
    "Score_S01": 0.1777777777777777,
    "Score_S02": 0.4571428571428572,
    "Score_S03": 0.6666666666666667,
    "StandardHours": 80,
    "StockOptionLevel": 0,
    "TotalWorkingYears": 0,
    "TrainingTimesLastYear": 2,
    "WorkLifeBalance": 3,
    "YearsAtCompany": 0,
    "YearsInCurrentRole": 0,
    "YearsSinceLastPromotion": 0,
    "YearsWithCurrManager": 0,
    "argmax_Persona": "저평가된 전문가",
    "argmax_Persona_Code": "P04",
    "argmax_RiskTier": "High",
    "is_married": 0,
    "softmax_Persona": "온보딩에 실패한 직원",
    "softmax_Persona_Code": "P02",
    "softmax_RiskTier": "High"
  },
  "employee_id": 1012,
  "feature_importance": {},
  "lime_explanation": {},
  "model_interpretation": {},
  "predicted_attrition": 0,
  "risk_score": 0.9233376979827881,
  "shap_values": {},
  "xai_explanation": {}
}