{
  "confidence": 0.8,
  "employee_id": "1918",
  "features_used": 11,
  "model_metadata": {
    "feature_dimensions": 11,
    "model_type": "GRU_CNN_Hybrid",
    "sequence_length": 50,
    "training_optimized": true
  },
  "predicted_attrition": 0,
  "risk_score": 3.9656589529440684e-19,
  "sequence_length": 50,
  "xai_explanation": {
    "attention_weights": [
      [
        0.02000357210636139,
        0.019999271258711815,
        0.019999433308839798,
        0.019999558106064796,
        0.0199996680021286,
        0.01999974437057972,
        0.019999805837869644,
        0.019999856129288673,
        0.019999893382191658,
        0.019999919459223747,
        0.01999993994832039,
        0.019999952986836433,
        0.019999966025352478,
        0.019999975338578224,
        0.019999977201223373,
        0.01999998278915882,
        0.01999998465180397,
        0.01999998278915882,
        0.01999998278915882,
        0.01999998465180397,
        0.019999979063868523,
        0.019999979063868523,
        0.019999979063868523,
        0.019999979063868523,
        0.019999977201223373,
        0.019999975338578224,
        0.019999975338578224,
        0.019999973475933075,
        0.019999973475933075,
        0.019999969750642776,
        0.019999969750642776,
        0.019999969750642776,
        0.019999967887997627,
        0.019999967887997627,
        0.019999966025352478,
        0.019999966025352478,
        0.019999966025352478,
        0.019999966025352478,
        0.019999966025352478,
        0.019999966025352478,
        0.01999996416270733,
        0.01999996416270733,
        0.01999996416270733,
        0.01999996416270733,
        0.01999996416270733,
        0.01999996043741703,
        0.01999996043741703,
        0.01999996043741703,
        0.01999996043741703,
        0.01999996043741703
      ]
    ],
    "feature_names": [
      "day_of_week",
      "day_index",
      "system_login_hours",
      "work_focused_hours",
      "meeting_collaboration_hours",
      "social_dining_hours",
      "break_relaxation_hours",
      "shared_work_hours",
      "internal_comm_volume",
      "cafeteria_usage",
      "convenience_food_usage"
    ],
    "gradient_importance": [
      3.878779543128642e-21,
      1.794969812336566e-21,
      4.641122605030723e-21,
      5.942238934485422e-21,
      9.126984863113664e-21,
      3.2035154160530225e-21,
      5.695802200622199e-20,
      7.20977488146538e-21,
      2.0019250701597915e-20,
      3.622326330593997e-20,
      4.5365114801859714e-20
    ],
    "sequence_importance": {
      "timestep_0": 4.1174253988443523e-19,
      "timestep_1": 1.5949282980941203e-19,
      "timestep_10": 1.8436506734519155e-26,
      "timestep_11": 1.4199124974684935e-26,
      "timestep_12": 1.1665178946854648e-26,
      "timestep_13": 8.976162432506146e-27,
      "timestep_14": 6.55928367115945e-27,
      "timestep_15": 4.836773528986304e-27,
      "timestep_16": 3.42870765771733e-27,
      "timestep_17": 2.3920240576353964e-27,
      "timestep_18": 2.2379342546448624e-27,
      "timestep_19": 1.8668152580812196e-27,
      "timestep_2": 1.3305231656864561e-20,
      "timestep_20": 1.1282503985438693e-27,
      "timestep_21": 9.766006524963768e-28,
      "timestep_22": 6.589729638388798e-28,
      "timestep_23": 5.242919606041512e-28,
      "timestep_24": 3.914084277865193e-28,
      "timestep_25": 3.7638025198571985e-28,
      "timestep_26": 2.7954666105311707e-28,
      "timestep_27": 2.678988774907061e-28,
      "timestep_28": 2.3667921605444875e-28,
      "timestep_29": 1.8759359326671028e-28,
      "timestep_3": 1.0929851498516615e-25,
      "timestep_30": 1.3489230182375213e-28,
      "timestep_31": 1.0013583254496667e-28,
      "timestep_32": 9.486551321508885e-29,
      "timestep_33": 1.0319449216761418e-28,
      "timestep_34": 9.712422579827297e-29,
      "timestep_35": 9.105394137333853e-29,
      "timestep_36": 8.498368704105946e-29,
      "timestep_37": 2.943829961758623e-29,
      "timestep_38": 2.7173809244568947e-29,
      "timestep_39": 2.490932639471551e-29,
      "timestep_4": 9.523483218937822e-26,
      "timestep_40": 2.2644842040229302e-29,
      "timestep_41": 2.0380353171844787e-29,
      "timestep_42": 1.811586881735858e-29,
      "timestep_43": 1.5851384462872373e-29,
      "timestep_44": 1.3586900108386166e-29,
      "timestep_45": 1.1967592556867518e-20,
      "timestep_46": 2.6458947089964135e-20,
      "timestep_47": 8.090490073963214e-20,
      "timestep_48": 7.654006251764588e-20,
      "timestep_49": 1.0305580880447628e-19,
      "timestep_5": 6.721742024944335e-26,
      "timestep_6": 5.436701785183697e-26,
      "timestep_7": 4.44876813274467e-26,
      "timestep_8": 3.2283852130770005e-26,
      "timestep_9": 2.523680513077911e-26
    },
    "temporal_importance": [
      4.1174253988443523e-19,
      1.5949282980941203e-19,
      1.3305231656864561e-20,
      1.0929851498516615e-25,
      9.523483218937822e-26,
      6.721742024944335e-26,
      5.436701785183697e-26,
      4.44876813274467e-26,
      3.2283852130770005e-26,
      2.523680513077911e-26,
      1.8436506734519155e-26,
      1.4199124974684935e-26,
      1.1665178946854648e-26,
      8.976162432506146e-27,
      6.55928367115945e-27,
      4.836773528986304e-27,
      3.42870765771733e-27,
      2.3920240576353964e-27,
      2.2379342546448624e-27,
      1.8668152580812196e-27,
      1.1282503985438693e-27,
      9.766006524963768e-28,
      6.589729638388798e-28,
      5.242919606041512e-28,
      3.914084277865193e-28,
      3.7638025198571985e-28,
      2.7954666105311707e-28,
      2.678988774907061e-28,
      2.3667921605444875e-28,
      1.8759359326671028e-28,
      1.3489230182375213e-28,
      1.0013583254496667e-28,
      9.486551321508885e-29,
      1.0319449216761418e-28,
      9.712422579827297e-29,
      9.105394137333853e-29,
      8.498368704105946e-29,
      2.943829961758623e-29,
      2.7173809244568947e-29,
      2.490932639471551e-29,
      2.2644842040229302e-29,
      2.0380353171844787e-29,
      1.811586881735858e-29,
      1.5851384462872373e-29,
      1.3586900108386166e-29,
      1.1967592556867518e-20,
      2.6458947089964135e-20,
      8.090490073963214e-20,
      7.654006251764588e-20,
      1.0305580880447628e-19
    ],
    "trend_analysis": {
      "confidence_level": "high",
      "prediction_trend": "stable"
    }
  }
}