{
  "confidence": 0.8,
  "employee_id": "120",
  "features_used": 11,
  "model_metadata": {
    "feature_dimensions": 11,
    "model_type": "GRU_CNN_Hybrid",
    "sequence_length": 50,
    "training_optimized": true
  },
  "predicted_attrition": 0,
  "risk_score": 1.6202357923204846e-13,
  "sequence_length": 50,
  "xai_explanation": {
    "attention_weights": [
      [
        0.02000194601714611,
        0.019999617710709572,
        0.019999733194708824,
        0.019999809563159943,
        0.01999988593161106,
        0.01999993994832039,
        0.01999996416270733,
        0.01999998651444912,
        0.020000003278255463,
        0.02000001259148121,
        0.020000018179416656,
        0.020000018179416656,
        0.020000018179416656,
        0.020000018179416656,
        0.020000014454126358,
        0.02000001259148121,
        0.02000000886619091,
        0.020000005140900612,
        0.019999999552965164,
        0.019999995827674866,
        0.019999992102384567,
        0.019999990239739418,
        0.01999998651444912,
        0.019999980926513672,
        0.019999979063868523,
        0.019999975338578224,
        0.019999975338578224,
        0.019999971613287926,
        0.019999969750642776,
        0.019999969750642776,
        0.019999966025352478,
        0.01999996416270733,
        0.01999996230006218,
        0.01999996230006218,
        0.01999995857477188,
        0.019999956712126732,
        0.019999956712126732,
        0.019999956712126732,
        0.019999956712126732,
        0.019999956712126732,
        0.019999952986836433,
        0.019999952986836433,
        0.019999952986836433,
        0.019999952986836433,
        0.019999952986836433,
        0.019999952986836433,
        0.019999952986836433,
        0.019999949261546135,
        0.019999949261546135,
        0.019999949261546135
      ]
    ],
    "feature_names": [
      "day_of_week",
      "day_index",
      "system_login_hours",
      "work_focused_hours",
      "meeting_collaboration_hours",
      "social_dining_hours",
      "break_relaxation_hours",
      "shared_work_hours",
      "internal_comm_volume",
      "cafeteria_usage",
      "convenience_food_usage"
    ],
    "gradient_importance": [
      9.08523515818463e-16,
      3.683318800668385e-16,
      1.2347311503991447e-15,
      2.337214623227002e-15,
      2.6995230137778986e-15,
      4.869073606084779e-16,
      1.8597314782446174e-14,
      1.9672621838436087e-15,
      6.1343925985169346e-15,
      1.1975956589805638e-14,
      1.435454030217654e-14
    ],
    "sequence_importance": {
      "timestep_0": 1.3020350585462442e-13,
      "timestep_1": 2.7669517068187877e-14,
      "timestep_10": 5.613831671533748e-21,
      "timestep_11": 4.185312564080977e-21,
      "timestep_12": 3.39724531603949e-21,
      "timestep_13": 2.5104109661030022e-21,
      "timestep_14": 1.742834411629067e-21,
      "timestep_15": 1.3624989470198158e-21,
      "timestep_16": 1.1085153209780394e-21,
      "timestep_17": 8.220858080391993e-22,
      "timestep_18": 6.693347203458415e-22,
      "timestep_19": 5.350616580608909e-22,
      "timestep_2": 4.586947848684112e-20,
      "timestep_20": 4.47937840204365e-22,
      "timestep_21": 4.198133712114255e-22,
      "timestep_22": 2.8231665723628186e-22,
      "timestep_23": 2.696477278032752e-22,
      "timestep_24": 2.590397321950382e-22,
      "timestep_25": 1.9514491450204196e-22,
      "timestep_26": 1.5157491501633506e-22,
      "timestep_27": 1.5511914715663547e-22,
      "timestep_28": 1.1898288059252653e-22,
      "timestep_29": 9.934603113612404e-23,
      "timestep_3": 3.378440204918406e-20,
      "timestep_30": 1.1057844486072325e-22,
      "timestep_31": 6.575738139909549e-23,
      "timestep_32": 6.02147310830423e-23,
      "timestep_33": 5.686946228481312e-23,
      "timestep_34": 5.35241745539222e-23,
      "timestep_35": 5.017890260024939e-23,
      "timestep_36": 4.6833646423794684e-23,
      "timestep_37": 3.223991215926684e-23,
      "timestep_38": 2.975991017809475e-23,
      "timestep_39": 2.727992081869714e-23,
      "timestep_4": 3.1049067628661786e-20,
      "timestep_40": 2.479992357069048e-23,
      "timestep_41": 1.6652632828162097e-23,
      "timestep_42": 1.4802339064582678e-23,
      "timestep_43": 6.476023044932082e-24,
      "timestep_44": 5.550876952003278e-24,
      "timestep_45": 4.625729675783116e-24,
      "timestep_46": 3.700583188423859e-24,
      "timestep_47": 2.5330078136441385e-14,
      "timestep_48": 3.899608907271743e-14,
      "timestep_49": 5.536741990450414e-14,
      "timestep_5": 2.2825939143475694e-20,
      "timestep_6": 1.5330753831143275e-20,
      "timestep_7": 1.2771595956397722e-20,
      "timestep_8": 9.819991771990475e-21,
      "timestep_9": 7.564120799748484e-21
    },
    "temporal_importance": [
      1.3020350585462442e-13,
      2.7669517068187877e-14,
      4.586947848684112e-20,
      3.378440204918406e-20,
      3.1049067628661786e-20,
      2.2825939143475694e-20,
      1.5330753831143275e-20,
      1.2771595956397722e-20,
      9.819991771990475e-21,
      7.564120799748484e-21,
      5.613831671533748e-21,
      4.185312564080977e-21,
      3.39724531603949e-21,
      2.5104109661030022e-21,
      1.742834411629067e-21,
      1.3624989470198158e-21,
      1.1085153209780394e-21,
      8.220858080391993e-22,
      6.693347203458415e-22,
      5.350616580608909e-22,
      4.47937840204365e-22,
      4.198133712114255e-22,
      2.8231665723628186e-22,
      2.696477278032752e-22,
      2.590397321950382e-22,
      1.9514491450204196e-22,
      1.5157491501633506e-22,
      1.5511914715663547e-22,
      1.1898288059252653e-22,
      9.934603113612404e-23,
      1.1057844486072325e-22,
      6.575738139909549e-23,
      6.02147310830423e-23,
      5.686946228481312e-23,
      5.35241745539222e-23,
      5.017890260024939e-23,
      4.6833646423794684e-23,
      3.223991215926684e-23,
      2.975991017809475e-23,
      2.727992081869714e-23,
      2.479992357069048e-23,
      1.6652632828162097e-23,
      1.4802339064582678e-23,
      6.476023044932082e-24,
      5.550876952003278e-24,
      4.625729675783116e-24,
      3.700583188423859e-24,
      2.5330078136441385e-14,
      3.899608907271743e-14,
      5.536741990450414e-14
    ],
    "trend_analysis": {
      "confidence_level": "high",
      "prediction_trend": "stable"
    }
  }
}