{
  "confidence": 0.8,
  "employee_id": "231",
  "features_used": 11,
  "model_metadata": {
    "feature_dimensions": 11,
    "model_type": "GRU_CNN_Hybrid",
    "sequence_length": 50,
    "training_optimized": true
  },
  "predicted_attrition": 0,
  "risk_score": 2.7343442594796565e-19,
  "sequence_length": 50,
  "xai_explanation": {
    "attention_weights": [
      [
        0.020003817975521088,
        0.01999972015619278,
        0.0199997890740633,
        0.01999983936548233,
        0.019999878481030464,
        0.019999910145998,
        0.01999993622303009,
        0.019999947398900986,
        0.01999995857477188,
        0.01999996230006218,
        0.01999996416270733,
        0.01999996416270733,
        0.01999996230006218,
        0.01999996043741703,
        0.019999954849481583,
        0.019999951124191284,
        0.019999945536255836,
        0.019999941810965538,
        0.01999993622303009,
        0.01999993436038494,
        0.019999930635094643,
        0.019999926909804344,
        0.019999925047159195,
        0.019999921321868896,
        0.019999919459223747,
        0.019999917596578598,
        0.019999917596578598,
        0.01999991573393345,
        0.01999991200864315,
        0.01999991200864315,
        0.019999910145998,
        0.019999908283352852,
        0.019999908283352852,
        0.019999904558062553,
        0.019999904558062553,
        0.019999902695417404,
        0.019999902695417404,
        0.019999902695417404,
        0.019999902695417404,
        0.019999902695417404,
        0.019999900832772255,
        0.019999900832772255,
        0.019999898970127106,
        0.019999898970127106,
        0.019999898970127106,
        0.019999898970127106,
        0.019999898970127106,
        0.019999898970127106,
        0.019999898970127106,
        0.019999898970127106
      ]
    ],
    "feature_names": [
      "day_of_week",
      "day_index",
      "system_login_hours",
      "work_focused_hours",
      "meeting_collaboration_hours",
      "social_dining_hours",
      "break_relaxation_hours",
      "shared_work_hours",
      "internal_comm_volume",
      "cafeteria_usage",
      "convenience_food_usage"
    ],
    "gradient_importance": [
      1.7736836440539635e-21,
      1.1886478369739387e-21,
      3.225173371324812e-21,
      3.944206379186675e-21,
      6.457486426091079e-21,
      2.7214623835454993e-21,
      3.9969325193296816e-20,
      4.808312043478386e-21,
      1.5043754470330052e-20,
      2.549515404495628e-20,
      3.1746167627542314e-20
    ],
    "sequence_importance": {
      "timestep_0": 2.839020347083062e-19,
      "timestep_1": 1.0997246044209741e-19,
      "timestep_10": 6.458680409398449e-27,
      "timestep_11": 5.2083582154105e-27,
      "timestep_12": 3.6601050590475454e-27,
      "timestep_13": 2.7660304083716645e-27,
      "timestep_14": 2.0240585787626932e-27,
      "timestep_15": 1.6286645834010104e-27,
      "timestep_16": 1.2658810116366755e-27,
      "timestep_17": 1.0463735314111292e-27,
      "timestep_18": 9.36644346905147e-28,
      "timestep_19": 7.565126488373435e-28,
      "timestep_2": 9.174107500841477e-21,
      "timestep_20": 5.579138826082914e-28,
      "timestep_21": 4.489939738649407e-28,
      "timestep_22": 4.558497548362245e-28,
      "timestep_23": 3.8522212413802874e-28,
      "timestep_24": 2.517821420112147e-28,
      "timestep_25": 2.449533722074009e-28,
      "timestep_26": 2.5798380495101175e-28,
      "timestep_27": 1.9196911350736365e-28,
      "timestep_28": 1.91256411094381e-28,
      "timestep_29": 1.1179614067054722e-28,
      "timestep_3": 3.9856842865181854e-26,
      "timestep_30": 1.337296058792634e-28,
      "timestep_31": 1.2528435492487677e-28,
      "timestep_32": 9.14514172026736e-29,
      "timestep_33": 6.964642355831019e-29,
      "timestep_34": 6.554956130648535e-29,
      "timestep_35": 6.278006802792543e-29,
      "timestep_36": 5.859472133221816e-29,
      "timestep_37": 5.440938065504196e-29,
      "timestep_38": 3.2700620313321616e-29,
      "timestep_39": 2.997557087749397e-29,
      "timestep_4": 3.3030789392961596e-26,
      "timestep_40": 2.7250515423135245e-29,
      "timestep_41": 2.452546147340929e-29,
      "timestep_42": 1.249074203421048e-29,
      "timestep_43": 1.0929400408408747e-29,
      "timestep_44": 9.368055021025091e-30,
      "timestep_45": 7.806713395223358e-30,
      "timestep_46": 2.564833109229491e-20,
      "timestep_47": 3.4930399395565194e-20,
      "timestep_48": 6.993741639536811e-20,
      "timestep_49": 8.631409972140634e-20,
      "timestep_5": 2.586315298580482e-26,
      "timestep_6": 2.106965664341285e-26,
      "timestep_7": 1.4779669593401245e-26,
      "timestep_8": 1.1917191502309585e-26,
      "timestep_9": 8.760139344735985e-27
    },
    "temporal_importance": [
      2.839020347083062e-19,
      1.0997246044209741e-19,
      9.174107500841477e-21,
      3.9856842865181854e-26,
      3.3030789392961596e-26,
      2.586315298580482e-26,
      2.106965664341285e-26,
      1.4779669593401245e-26,
      1.1917191502309585e-26,
      8.760139344735985e-27,
      6.458680409398449e-27,
      5.2083582154105e-27,
      3.6601050590475454e-27,
      2.7660304083716645e-27,
      2.0240585787626932e-27,
      1.6286645834010104e-27,
      1.2658810116366755e-27,
      1.0463735314111292e-27,
      9.36644346905147e-28,
      7.565126488373435e-28,
      5.579138826082914e-28,
      4.489939738649407e-28,
      4.558497548362245e-28,
      3.8522212413802874e-28,
      2.517821420112147e-28,
      2.449533722074009e-28,
      2.5798380495101175e-28,
      1.9196911350736365e-28,
      1.91256411094381e-28,
      1.1179614067054722e-28,
      1.337296058792634e-28,
      1.2528435492487677e-28,
      9.14514172026736e-29,
      6.964642355831019e-29,
      6.554956130648535e-29,
      6.278006802792543e-29,
      5.859472133221816e-29,
      5.440938065504196e-29,
      3.2700620313321616e-29,
      2.997557087749397e-29,
      2.7250515423135245e-29,
      2.452546147340929e-29,
      1.249074203421048e-29,
      1.0929400408408747e-29,
      9.368055021025091e-30,
      7.806713395223358e-30,
      2.564833109229491e-20,
      3.4930399395565194e-20,
      6.993741639536811e-20,
      8.631409972140634e-20
    ],
    "trend_analysis": {
      "confidence_level": "high",
      "prediction_trend": "stable"
    }
  }
}