{
  "prediction": {
    "risk_score": 3.750420016023087e-32,
    "attrition_probability": 3.750420016023087e-32
  },
  "confidence": 0.8
}