{
  "confidence": 0.8,
  "employee_id": "997",
  "features_used": 11,
  "model_metadata": {
    "feature_dimensions": 11,
    "model_type": "GRU_CNN_Hybrid",
    "sequence_length": 50,
    "training_optimized": true
  },
  "predicted_attrition": 0,
  "risk_score": 4.4339796591297276e-12,
  "sequence_length": 50,
  "xai_explanation": {
    "attention_weights": [
      [
        0.02000134252011776,
        0.01999959722161293,
        0.019999714568257332,
        0.019999809563159943,
        0.01999988779425621,
        0.01999993436038494,
        0.019999969750642776,
        0.019999997690320015,
        0.020000014454126358,
        0.020000021904706955,
        0.0200000312179327,
        0.02000003308057785,
        0.02000003680586815,
        0.02000003680586815,
        0.02000003680586815,
        0.0200000312179327,
        0.0200000312179327,
        0.020000023767352104,
        0.020000021904706955,
        0.020000016316771507,
        0.020000014454126358,
        0.02000001259148121,
        0.02000000700354576,
        0.020000003278255463,
        0.020000003278255463,
        0.019999997690320015,
        0.019999995827674866,
        0.019999993965029716,
        0.019999993965029716,
        0.019999990239739418,
        0.01999998837709427,
        0.01999998651444912,
        0.01999998465180397,
        0.01999998465180397,
        0.019999980926513672,
        0.019999979063868523,
        0.019999979063868523,
        0.019999979063868523,
        0.019999979063868523,
        0.019999977201223373,
        0.019999977201223373,
        0.019999973475933075,
        0.019999973475933075,
        0.019999973475933075,
        0.019999973475933075,
        0.019999973475933075,
        0.019999973475933075,
        0.019999973475933075,
        0.019999973475933075,
        0.019999971613287926
      ]
    ],
    "feature_names": [
      "day_of_week",
      "day_index",
      "system_login_hours",
      "work_focused_hours",
      "meeting_collaboration_hours",
      "social_dining_hours",
      "break_relaxation_hours",
      "shared_work_hours",
      "internal_comm_volume",
      "cafeteria_usage",
      "convenience_food_usage"
    ],
    "gradient_importance": [
      2.4640293467713056e-14,
      1.0802867626868214e-14,
      3.326155404706141e-14,
      6.396094862515939e-14,
      7.387597749253932e-14,
      1.313650861809075e-14,
      5.089398954355451e-13,
      5.383672972486195e-14,
      1.678757095358377e-13,
      3.2773770134407465e-13,
      3.9283076032521624e-13
    ],
    "sequence_importance": {
      "timestep_0": 3.563189240191056e-12,
      "timestep_1": 7.572127061657163e-13,
      "timestep_10": 1.5974850616687334e-19,
      "timestep_11": 1.1215788454515958e-19,
      "timestep_12": 9.592565409593696e-20,
      "timestep_13": 6.540879641209635e-20,
      "timestep_14": 5.566710972510495e-20,
      "timestep_15": 3.599294197295797e-20,
      "timestep_16": 2.8832465925089755e-20,
      "timestep_17": 2.3694370542318402e-20,
      "timestep_18": 1.885763870556771e-20,
      "timestep_19": 1.7397257796453876e-20,
      "timestep_2": 1.2403891749768483e-18,
      "timestep_20": 1.2981824232195501e-20,
      "timestep_21": 1.0194289383583586e-20,
      "timestep_22": 9.392736829735498e-21,
      "timestep_23": 7.736772134399054e-21,
      "timestep_24": 6.803515301808904e-21,
      "timestep_25": 5.5222702902043004e-21,
      "timestep_26": 5.169182510401715e-21,
      "timestep_27": 3.705118466519389e-21,
      "timestep_28": 3.0951044706590335e-21,
      "timestep_29": 2.954417527452529e-21,
      "timestep_3": 1.0250392165459914e-18,
      "timestep_30": 2.4056205514760666e-21,
      "timestep_31": 2.416918150354986e-21,
      "timestep_32": 2.28971146424529e-21,
      "timestep_33": 1.9795779054166835e-21,
      "timestep_34": 1.4647698535114459e-21,
      "timestep_35": 1.1392990211498172e-21,
      "timestep_36": 9.501667792238208e-22,
      "timestep_37": 9.873920272468203e-22,
      "timestep_38": 6.076257541796785e-22,
      "timestep_39": 5.569902746647053e-22,
      "timestep_4": 8.503621424246731e-19,
      "timestep_40": 5.063547446626341e-22,
      "timestep_41": 4.55719214660563e-22,
      "timestep_42": 2.0254184232924593e-22,
      "timestep_43": 1.7722410257175932e-22,
      "timestep_44": 1.519063754360472e-22,
      "timestep_45": 1.265886356785606e-22,
      "timestep_46": 1.0127090223196124e-22,
      "timestep_47": 6.629657218169827e-13,
      "timestep_48": 1.052090380961046e-12,
      "timestep_49": 1.5595320174144334e-12,
      "timestep_5": 5.751487094730473e-19,
      "timestep_6": 4.584271143920679e-19,
      "timestep_7": 3.5776238747044975e-19,
      "timestep_8": 2.7181359138706213e-19,
      "timestep_9": 1.9395353601988916e-19
    },
    "temporal_importance": [
      3.563189240191056e-12,
      7.572127061657163e-13,
      1.2403891749768483e-18,
      1.0250392165459914e-18,
      8.503621424246731e-19,
      5.751487094730473e-19,
      4.584271143920679e-19,
      3.5776238747044975e-19,
      2.7181359138706213e-19,
      1.9395353601988916e-19,
      1.5974850616687334e-19,
      1.1215788454515958e-19,
      9.592565409593696e-20,
      6.540879641209635e-20,
      5.566710972510495e-20,
      3.599294197295797e-20,
      2.8832465925089755e-20,
      2.3694370542318402e-20,
      1.885763870556771e-20,
      1.7397257796453876e-20,
      1.2981824232195501e-20,
      1.0194289383583586e-20,
      9.392736829735498e-21,
      7.736772134399054e-21,
      6.803515301808904e-21,
      5.5222702902043004e-21,
      5.169182510401715e-21,
      3.705118466519389e-21,
      3.0951044706590335e-21,
      2.954417527452529e-21,
      2.4056205514760666e-21,
      2.416918150354986e-21,
      2.28971146424529e-21,
      1.9795779054166835e-21,
      1.4647698535114459e-21,
      1.1392990211498172e-21,
      9.501667792238208e-22,
      9.873920272468203e-22,
      6.076257541796785e-22,
      5.569902746647053e-22,
      5.063547446626341e-22,
      4.55719214660563e-22,
      2.0254184232924593e-22,
      1.7722410257175932e-22,
      1.519063754360472e-22,
      1.265886356785606e-22,
      1.0127090223196124e-22,
      6.629657218169827e-13,
      1.052090380961046e-12,
      1.5595320174144334e-12
    ],
    "trend_analysis": {
      "confidence_level": "high",
      "prediction_trend": "stable"
    }
  }
}