{
  "confidence": 0.8,
  "employee_id": "1306",
  "features_used": 11,
  "model_metadata": {
    "feature_dimensions": 11,
    "model_type": "GRU_CNN_Hybrid",
    "sequence_length": 50,
    "training_optimized": true
  },
  "predicted_attrition": 0,
  "risk_score": 4.951051278538443e-26,
  "sequence_length": 50,
  "xai_explanation": {
    "attention_weights": [
      [
        0.020007720217108727,
        0.019999414682388306,
        0.01999950036406517,
        0.01999957673251629,
        0.019999662414193153,
        0.019999723881483078,
        0.019999774172902107,
        0.019999807700514793,
        0.019999833777546883,
        0.019999850541353226,
        0.01999986544251442,
        0.019999876618385315,
        0.019999884068965912,
        0.01999988779425621,
        0.01999988965690136,
        0.01999989151954651,
        0.01999989151954651,
        0.01999989151954651,
        0.01999989151954651,
        0.01999989151954651,
        0.01999988965690136,
        0.01999988779425621,
        0.01999988779425621,
        0.01999988779425621,
        0.019999884068965912,
        0.019999884068965912,
        0.019999882206320763,
        0.019999882206320763,
        0.019999882206320763,
        0.019999880343675613,
        0.019999880343675613,
        0.019999876618385315,
        0.019999876618385315,
        0.019999874755740166,
        0.019999874755740166,
        0.019999872893095016,
        0.019999872893095016,
        0.019999872893095016,
        0.019999872893095016,
        0.019999872893095016,
        0.019999872893095016,
        0.019999872893095016,
        0.019999872893095016,
        0.019999872893095016,
        0.019999871030449867,
        0.019999871030449867,
        0.019999871030449867,
        0.019999871030449867,
        0.019999871030449867,
        0.019999871030449867
      ]
    ],
    "feature_names": [
      "day_of_week",
      "day_index",
      "system_login_hours",
      "work_focused_hours",
      "meeting_collaboration_hours",
      "social_dining_hours",
      "break_relaxation_hours",
      "shared_work_hours",
      "internal_comm_volume",
      "cafeteria_usage",
      "convenience_food_usage"
    ],
    "gradient_importance": [
      4.5344561648664595e-28,
      1.938374340722894e-28,
      5.939819282347978e-28,
      7.141746419803873e-28,
      1.1692515211299292e-27,
      4.7763341880645385e-28,
      7.237208700467823e-27,
      8.706374314036493e-28,
      2.7239590465155087e-27,
      4.6163843580322175e-27,
      5.748250304860685e-27
    ],
    "sequence_importance": {
      "timestep_0": 5.1405886695645997e-26,
      "timestep_1": 1.9912610318119486e-26,
      "timestep_10": 1.7574889507540947e-33,
      "timestep_11": 1.4607769115332716e-33,
      "timestep_12": 1.0520003122382558e-33,
      "timestep_13": 7.155576659855933e-34,
      "timestep_14": 5.8199225812665516e-34,
      "timestep_15": 4.1935021689841035e-34,
      "timestep_16": 3.4593313305549566e-34,
      "timestep_17": 2.6959818295202715e-34,
      "timestep_18": 1.6835977661622644e-34,
      "timestep_19": 1.5147164213250456e-34,
      "timestep_2": 1.6611482808080177e-27,
      "timestep_20": 1.063848445816205e-34,
      "timestep_21": 8.518955071174821e-35,
      "timestep_22": 6.668632257625128e-35,
      "timestep_23": 5.035215128479143e-35,
      "timestep_24": 4.644303850744155e-35,
      "timestep_25": 3.3418822257522804e-35,
      "timestep_26": 2.8594342042077404e-35,
      "timestep_27": 2.4999823236253745e-35,
      "timestep_28": 1.654478595739081e-35,
      "timestep_29": 2.0038628665621645e-35,
      "timestep_3": 9.004513009961256e-33,
      "timestep_30": 1.4854484773980864e-35,
      "timestep_31": 1.7479384322353667e-35,
      "timestep_32": 1.335299593574212e-35,
      "timestep_33": 1.2611161712144514e-35,
      "timestep_34": 7.345794346405686e-36,
      "timestep_35": 7.401501901868086e-36,
      "timestep_36": 6.908068346081572e-36,
      "timestep_37": 6.41463335536543e-36,
      "timestep_38": 5.9212012345085435e-36,
      "timestep_39": 5.4277673199896224e-36,
      "timestep_4": 9.280833528273174e-33,
      "timestep_40": 4.934333764203108e-36,
      "timestep_41": 2.5444866301480728e-36,
      "timestep_42": 0,
      "timestep_43": 1.9790450770635218e-36,
      "timestep_44": 1.6963243005212462e-36,
      "timestep_45": 0,
      "timestep_46": 1.64748900786344e-27,
      "timestep_47": 8.193939822617448e-27,
      "timestep_48": 1.2075862707451827e-26,
      "timestep_49": 1.7824678850530173e-26,
      "timestep_5": 6.640139101080661e-33,
      "timestep_6": 5.470413488785034e-33,
      "timestep_7": 3.919635586965023e-33,
      "timestep_8": 3.0483788269317214e-33,
      "timestep_9": 2.2368827303262863e-33
    },
    "temporal_importance": [
      5.1405886695645997e-26,
      1.9912610318119486e-26,
      1.6611482808080177e-27,
      9.004513009961256e-33,
      9.280833528273174e-33,
      6.640139101080661e-33,
      5.470413488785034e-33,
      3.919635586965023e-33,
      3.0483788269317214e-33,
      2.2368827303262863e-33,
      1.7574889507540947e-33,
      1.4607769115332716e-33,
      1.0520003122382558e-33,
      7.155576659855933e-34,
      5.8199225812665516e-34,
      4.1935021689841035e-34,
      3.4593313305549566e-34,
      2.6959818295202715e-34,
      1.6835977661622644e-34,
      1.5147164213250456e-34,
      1.063848445816205e-34,
      8.518955071174821e-35,
      6.668632257625128e-35,
      5.035215128479143e-35,
      4.644303850744155e-35,
      3.3418822257522804e-35,
      2.8594342042077404e-35,
      2.4999823236253745e-35,
      1.654478595739081e-35,
      2.0038628665621645e-35,
      1.4854484773980864e-35,
      1.7479384322353667e-35,
      1.335299593574212e-35,
      1.2611161712144514e-35,
      7.345794346405686e-36,
      7.401501901868086e-36,
      6.908068346081572e-36,
      6.41463335536543e-36,
      5.9212012345085435e-36,
      5.4277673199896224e-36,
      4.934333764203108e-36,
      2.5444866301480728e-36,
      0,
      1.9790450770635218e-36,
      1.6963243005212462e-36,
      0,
      1.64748900786344e-27,
      8.193939822617448e-27,
      1.2075862707451827e-26,
      1.7824678850530173e-26
    ],
    "trend_analysis": {
      "confidence_level": "high",
      "prediction_trend": "stable"
    }
  }
}