{
  "confidence": 0.8,
  "employee_id": "679",
  "features_used": 11,
  "model_metadata": {
    "feature_dimensions": 11,
    "model_type": "GRU_CNN_Hybrid",
    "sequence_length": 50,
    "training_optimized": true
  },
  "predicted_attrition": 0,
  "risk_score": 6.883261322032652e-11,
  "sequence_length": 50,
  "xai_explanation": {
    "attention_weights": [
      [
        0.020001892000436783,
        0.020000282675027847,
        0.020000267773866653,
        0.020000247284770012,
        0.02000022493302822,
        0.02000020258128643,
        0.020000185817480087,
        0.02000015787780285,
        0.02000013180077076,
        0.020000113174319267,
        0.020000094547867775,
        0.020000072196125984,
        0.020000049844384193,
        0.02000003308057785,
        0.020000018179416656,
        0.019999999552965164,
        0.01999998651444912,
        0.019999975338578224,
        0.01999996416270733,
        0.019999951124191284,
        0.01999993994832039,
        0.019999930635094643,
        0.019999923184514046,
        0.0199999138712883,
        0.019999910145998,
        0.019999904558062553,
        0.019999898970127106,
        0.019999893382191658,
        0.01999988965690136,
        0.019999884068965912,
        0.019999882206320763,
        0.019999880343675613,
        0.019999874755740166,
        0.019999872893095016,
        0.019999871030449867,
        0.019999871030449867,
        0.01999986730515957,
        0.01999986544251442,
        0.01999986357986927,
        0.019999859854578972,
        0.019999859854578972,
        0.019999857991933823,
        0.019999857991933823,
        0.019999856129288673,
        0.019999856129288673,
        0.019999856129288673,
        0.019999856129288673,
        0.019999856129288673,
        0.019999856129288673,
        0.019999854266643524
      ]
    ],
    "feature_names": [
      "day_of_week",
      "day_index",
      "system_login_hours",
      "work_focused_hours",
      "meeting_collaboration_hours",
      "social_dining_hours",
      "break_relaxation_hours",
      "shared_work_hours",
      "internal_comm_volume",
      "cafeteria_usage",
      "convenience_food_usage"
    ],
    "gradient_importance": [
      3.8911097109163573e-13,
      1.5493590568502191e-13,
      5.226888800252683e-13,
      9.929186379348254e-13,
      1.146840001436944e-12,
      2.1347395964647908e-13,
      7.900709600439093e-12,
      8.357499262957868e-13,
      2.6060789810877782e-12,
      5.087754870181094e-12,
      6.098248642172344e-12
    ],
    "sequence_importance": {
      "timestep_0": 5.531445093631682e-11,
      "timestep_1": 1.1754860106127918e-11,
      "timestep_10": 1.4687545101534974e-18,
      "timestep_11": 1.3258372424463058e-18,
      "timestep_12": 1.343801330604273e-18,
      "timestep_13": 8.468308049921077e-19,
      "timestep_14": 8.44196183042338e-19,
      "timestep_15": 7.779798580195853e-19,
      "timestep_16": 6.219901381043353e-19,
      "timestep_17": 4.932769573819629e-19,
      "timestep_18": 5.039541013312208e-19,
      "timestep_19": 4.202696346265147e-19,
      "timestep_2": 7.584289996323152e-18,
      "timestep_20": 3.912307095904105e-19,
      "timestep_21": 3.0825115586396443e-19,
      "timestep_22": 2.6333855732478524e-19,
      "timestep_23": 2.097994343489583e-19,
      "timestep_24": 1.75286189244887e-19,
      "timestep_25": 1.4552731980782906e-19,
      "timestep_26": 1.4864338672349874e-19,
      "timestep_27": 1.1295666959824731e-19,
      "timestep_28": 1.0502488640326462e-19,
      "timestep_29": 9.201975247990131e-20,
      "timestep_3": 6.376337054706346e-18,
      "timestep_30": 6.723027397033226e-20,
      "timestep_31": 6.389197335087285e-20,
      "timestep_32": 5.991384852760366e-20,
      "timestep_33": 4.99047854011273e-20,
      "timestep_34": 3.701179584307602e-20,
      "timestep_35": 3.3005979856331914e-20,
      "timestep_36": 2.5303986466164167e-20,
      "timestep_37": 2.349655482247032e-20,
      "timestep_38": 2.168912156318934e-20,
      "timestep_39": 1.563080228923695e-20,
      "timestep_4": 5.2795629776809544e-18,
      "timestep_40": 1.4209815856795952e-20,
      "timestep_41": 1.2788831847735656e-20,
      "timestep_42": 8.427572959044535e-21,
      "timestep_43": 5.501575830709486e-21,
      "timestep_44": 4.715636714820119e-21,
      "timestep_45": 3.929696387240402e-21,
      "timestep_46": 3.1437568674542514e-21,
      "timestep_47": 1.126385183042311e-11,
      "timestep_48": 1.6612534264881518e-11,
      "timestep_49": 2.3002044713393843e-11,
      "timestep_5": 4.215493140534072e-18,
      "timestep_6": 3.4335353192499308e-18,
      "timestep_7": 2.933253796440869e-18,
      "timestep_8": 2.3793618709516326e-18,
      "timestep_9": 1.7968505302438273e-18
    },
    "temporal_importance": [
      5.531445093631682e-11,
      1.1754860106127918e-11,
      7.584289996323152e-18,
      6.376337054706346e-18,
      5.2795629776809544e-18,
      4.215493140534072e-18,
      3.4335353192499308e-18,
      2.933253796440869e-18,
      2.3793618709516326e-18,
      1.7968505302438273e-18,
      1.4687545101534974e-18,
      1.3258372424463058e-18,
      1.343801330604273e-18,
      8.468308049921077e-19,
      8.44196183042338e-19,
      7.779798580195853e-19,
      6.219901381043353e-19,
      4.932769573819629e-19,
      5.039541013312208e-19,
      4.202696346265147e-19,
      3.912307095904105e-19,
      3.0825115586396443e-19,
      2.6333855732478524e-19,
      2.097994343489583e-19,
      1.75286189244887e-19,
      1.4552731980782906e-19,
      1.4864338672349874e-19,
      1.1295666959824731e-19,
      1.0502488640326462e-19,
      9.201975247990131e-20,
      6.723027397033226e-20,
      6.389197335087285e-20,
      5.991384852760366e-20,
      4.99047854011273e-20,
      3.701179584307602e-20,
      3.3005979856331914e-20,
      2.5303986466164167e-20,
      2.349655482247032e-20,
      2.168912156318934e-20,
      1.563080228923695e-20,
      1.4209815856795952e-20,
      1.2788831847735656e-20,
      8.427572959044535e-21,
      5.501575830709486e-21,
      4.715636714820119e-21,
      3.929696387240402e-21,
      3.1437568674542514e-21,
      1.126385183042311e-11,
      1.6612534264881518e-11,
      2.3002044713393843e-11
    ],
    "trend_analysis": {
      "confidence_level": "high",
      "prediction_trend": "stable"
    }
  }
}