{
  "prediction": {
    "risk_score": 4.272845139618765e-19,
    "attrition_probability": 4.272845139618765e-19
  },
  "confidence": 0.8
}