{
  "prediction": {
    "employee_id": "837",
    "attrition_probability": 0.19267576932907104,
    "attrition_prediction": 1,
    "risk_category": "LOW",
    "confidence_score": 0.6146484613418579,
    "prediction_timestamp": "2025-09-23T22:52:43.099002"
  },
  "explanation": {
    "employee_id": "837",
    "feature_importance": {
      "RelationshipSatisfaction": 0.03405288979411125,
      "Education": 0.02487798221409321,
      "JobInvolvement": 0.03501373156905174,
      "EnvironmentSatisfaction": 0.048257846385240555,
      "JobLevel": 0.07228615880012512,
      "JobSatisfaction": 0.04019258916378021,
      "StockOptionLevel": 0.07264421880245209,
      "WorkLifeBalance": 0.03580893576145172,
      "Department": 0.037670474499464035,
      "JobRole": 0.046762410551309586,
      "MaritalStatus": 0.036864522844552994,
      "OverTime": 0.0779639258980751,
      "Age": 0.04039482772350311,
      "DailyRate": 0.03578038513660431,
      "DistanceFromHome": 0.036774344742298126,
      "MonthlyIncome": 0.04666806384921074,
      "NumCompaniesWorked": 0.050036631524562836,
      "TotalWorkingYears": 0.04981709271669388,
      "TrainingTimesLastYear": 0.02378365956246853,
      "YearsAtCompany": 0.02968277968466282,
      "YearsInCurrentRole": 0.03649982064962387,
      "YearsSinceLastPromotion": 0.03537580743432045,
      "YearsWithCurrManager": 0.05279093235731125
    },
    "shap_values": {
      "RelationshipSatisfaction": -0.2726379930973053,
      "Education": 0.08162278681993484,
      "JobInvolvement": 0.04036125913262367,
      "EnvironmentSatisfaction": 0.7631192803382874,
      "JobLevel": -0.05071685463190079,
      "JobSatisfaction": 0.2702503800392151,
      "StockOptionLevel": -0.3387845456600189,
      "WorkLifeBalance": 0.044599276036024094,
      "Department": -0.05353442206978798,
      "JobRole": -0.28523021936416626,
      "MaritalStatus": -0.15118426084518433,
      "OverTime": -0.3835763931274414,
      "Age": -0.45616793632507324,
      "DailyRate": 0.06701264530420303,
      "DistanceFromHome": 0.3015086352825165,
      "MonthlyIncome": -0.500042736530304,
      "NumCompaniesWorked": -0.2628699839115143,
      "TotalWorkingYears": -0.006707658991217613,
      "TrainingTimesLastYear": -0.11597154289484024,
      "YearsAtCompany": -0.022552696987986565,
      "YearsInCurrentRole": -0.0350244902074337,
      "YearsSinceLastPromotion": -0.08963596820831299,
      "YearsWithCurrManager": -0.2518385350704193
    },
    "lime_explanation": {
      "features": [
        "OverTime=0",
        "EnvironmentSatisfaction <= 2.00",
        "JobInvolvement <= 2.00",
        "0.00 < StockOptionLevel <= 1.00",
        "35.00 < Age <= 42.00",
        "WorkLifeBalance <= 2.00",
        "YearsWithCurrManager <= 2.00",
        "JobSatisfaction <= 2.00",
        "DailyRate <= 471.75",
        "2.00 < RelationshipSatisfaction <= 3.00"
      ],
      "values": [
        -0.1940904155675631,
        0.1164144094792214,
        0.11028248962790768,
        -0.09369469657240696,
        -0.08535235199273301,
        0.0827627587003158,
        0.07025570043439658,
        0.06794816542221048,
        0.06176808390496891,
        -0.049531556115170836
      ],
      "intercept": 0.33084201215745374
    },
    "top_risk_factors": [
      {
        "feature": "EnvironmentSatisfaction",
        "impact": 0.7631192803382874,
        "type": "risk"
      }
    ],
    "top_protective_factors": [
      {
        "feature": "MonthlyIncome",
        "impact": 0.500042736530304,
        "type": "protective"
      },
      {
        "feature": "Age",
        "impact": 0.45616793632507324,
        "type": "protective"
      },
      {
        "feature": "OverTime",
        "impact": 0.3835763931274414,
        "type": "protective"
      },
      {
        "feature": "StockOptionLevel",
        "impact": 0.3387845456600189,
        "type": "protective"
      }
    ],
    "explanation_timestamp": "2025-09-23T22:52:43.189574"
  },
  "agent_type": "structura",
  "analysis_type": "individual"
}