{
  "confidence": 0.7,
  "employee_data": {
    "Age": 36,
    "AgeFactor": 1,
    "Attrition": "No",
    "BusinessTravel": "Travel_Rarely",
    "DailyRate": 329,
    "Department": "Sales",
    "DistanceFromHome": 16,
    "Education": 4,
    "EducationField": "Marketing",
    "EmployeeCount": 1,
    "EmployeeNumber": 1436,
    "EnvironmentSatisfaction": 3,
    "Gender": "Female",
    "HourlyRate": 98,
    "JobInvolvement": 2,
    "JobLevel": 2,
    "JobRole": "Sales Executive",
    "JobSatisfaction": 1,
    "MaritalStatus": "Married",
    "MonthlyIncome": 5647,
    "MonthlyRate": 13494,
    "Norm_EnvironmentSatisfaction": 0.6666666666666666,
    "Norm_JobInvolvement": 0.3333333333333333,
    "Norm_JobLevel": 0.25,
    "Norm_JobSatisfaction": 0,
    "Norm_MonthlyIncome": 0.2442338072669826,
    "Norm_NumCompaniesWorked": 0.4444444444444444,
    "Norm_PercentSalaryHike": 0.1428571428571428,
    "Norm_PerformanceRating": 0,
    "Norm_RelationshipSatisfaction": 0,
    "Norm_TotalWorkingYears": 0.275,
    "Norm_TrainingTimesLastYear": 0.5,
    "Norm_WorkLifeBalance": 0.3333333333333333,
    "Norm_YearsAtCompany": 0.075,
    "Norm_YearsSinceLastPromotion": 0,
    "NumCompaniesWorked": 4,
    "Over18": "Y",
    "OverTime": "No",
    "OverTime_bin": 0,
    "PercentSalaryHike": 13,
    "PerformanceRating": 3,
    "Prob_N01": 0.1023599818773928,
    "Prob_N02": 0.0012808750194099,
    "Prob_N03": 0.7211713655356644,
    "Prob_P01": 0.0067815800461618,
    "Prob_P02": 0.1306528039521764,
    "Prob_P03": 0.000556665988757,
    "Prob_P04": 0.0342098285104469,
    "Prob_S01": 0.0004033251968895,
    "Prob_S02": 0.0023787879002378,
    "Prob_S03": 0.000204785972863,
    "RelationshipSatisfaction": 1,
    "Score_N01": 0.8047619047619048,
    "Score_N02": 0.3666666666666667,
    "Score_N03": 1,
    "Score_P01": 0.5333333333333333,
    "Score_P02": 0.8291666666666666,
    "Score_P03": 0.2833333333333333,
    "Score_P04": 0.6951636199503499,
    "Score_S01": 0.2511111111111111,
    "Score_S02": 0.4285714285714286,
    "Score_S03": 0.1833333333333333,
    "StandardHours": 80,
    "StockOptionLevel": 2,
    "TotalWorkingYears": 11,
    "TrainingTimesLastYear": 3,
    "WorkLifeBalance": 2,
    "YearsAtCompany": 3,
    "YearsInCurrentRole": 2,
    "YearsSinceLastPromotion": 0,
    "YearsWithCurrManager": 2,
    "argmax_Persona": "신규 부모",
    "argmax_Persona_Code": "N03",
    "argmax_RiskTier": "Neutral",
    "is_married": 1,
    "softmax_Persona": "신규 부모",
    "softmax_Persona_Code": "N03",
    "softmax_RiskTier": "Neutral"
  },
  "employee_id": 1436,
  "feature_importance": {},
  "lime_explanation": {},
  "model_interpretation": {},
  "predicted_attrition": 0,
  "risk_score": 0.0005337561597116292,
  "shap_values": {},
  "xai_explanation": {}
}