{
  "prediction": {
    "employee_id": "1812",
    "attrition_probability": 0.04750204086303711,
    "attrition_prediction": 1,
    "risk_category": "LOW",
    "confidence_score": 0.9049959182739258,
    "prediction_timestamp": "2025-09-23T22:53:51.925907"
  },
  "explanation": {
    "employee_id": "1812",
    "feature_importance": {
      "RelationshipSatisfaction": 0.03405288979411125,
      "Education": 0.02487798221409321,
      "JobInvolvement": 0.03501373156905174,
      "EnvironmentSatisfaction": 0.048257846385240555,
      "JobLevel": 0.07228615880012512,
      "JobSatisfaction": 0.04019258916378021,
      "StockOptionLevel": 0.07264421880245209,
      "WorkLifeBalance": 0.03580893576145172,
      "Department": 0.037670474499464035,
      "JobRole": 0.046762410551309586,
      "MaritalStatus": 0.036864522844552994,
      "OverTime": 0.0779639258980751,
      "Age": 0.04039482772350311,
      "DailyRate": 0.03578038513660431,
      "DistanceFromHome": 0.036774344742298126,
      "MonthlyIncome": 0.04666806384921074,
      "NumCompaniesWorked": 0.050036631524562836,
      "TotalWorkingYears": 0.04981709271669388,
      "TrainingTimesLastYear": 0.02378365956246853,
      "YearsAtCompany": 0.02968277968466282,
      "YearsInCurrentRole": 0.03649982064962387,
      "YearsSinceLastPromotion": 0.03537580743432045,
      "YearsWithCurrManager": 0.05279093235731125
    },
    "shap_values": {
      "RelationshipSatisfaction": -0.15287330746650696,
      "Education": 0.044662486761808395,
      "JobInvolvement": -0.08290370553731918,
      "EnvironmentSatisfaction": -0.3241235613822937,
      "JobLevel": -0.06414856016635895,
      "JobSatisfaction": -0.4195111095905304,
      "StockOptionLevel": -0.2024681568145752,
      "WorkLifeBalance": -0.1899113804101944,
      "Department": -0.012921882793307304,
      "JobRole": -0.13799796998500824,
      "MaritalStatus": -0.12000326812267303,
      "OverTime": -0.5451298952102661,
      "Age": -0.3979201316833496,
      "DailyRate": 0.06251916289329529,
      "DistanceFromHome": 0.27072960138320923,
      "MonthlyIncome": -0.3242935240268707,
      "NumCompaniesWorked": -0.1852944791316986,
      "TotalWorkingYears": 0.021336056292057037,
      "TrainingTimesLastYear": -0.18107381463050842,
      "YearsAtCompany": -0.02358614094555378,
      "YearsInCurrentRole": 0.019050365313887596,
      "YearsSinceLastPromotion": -0.062443241477012634,
      "YearsWithCurrManager": -0.26529282331466675
    },
    "lime_explanation": {
      "features": [
        "OverTime=0",
        "DistanceFromHome > 14.00",
        "3.00 < JobSatisfaction <= 4.00",
        "2.00 < JobInvolvement <= 3.00",
        "2.00 < WorkLifeBalance <= 3.00",
        "0.00 < StockOptionLevel <= 1.00",
        "35.00 < Age <= 42.00",
        "YearsWithCurrManager <= 2.00",
        "2.00 < EnvironmentSatisfaction <= 3.00",
        "YearsInCurrentRole <= 2.00"
      ],
      "values": [
        -0.2273848430429743,
        0.11861839601404463,
        -0.08175441275012922,
        -0.074667859869533,
        -0.0732736431610904,
        -0.0728194131428747,
        -0.06938926026893595,
        0.06218166801792637,
        -0.05348784941881205,
        0.044993058472504954
      ],
      "intercept": 0.5576718650744527
    },
    "top_risk_factors": [],
    "top_protective_factors": [
      {
        "feature": "OverTime",
        "impact": 0.5451298952102661,
        "type": "protective"
      },
      {
        "feature": "JobSatisfaction",
        "impact": 0.4195111095905304,
        "type": "protective"
      },
      {
        "feature": "Age",
        "impact": 0.3979201316833496,
        "type": "protective"
      },
      {
        "feature": "MonthlyIncome",
        "impact": 0.3242935240268707,
        "type": "protective"
      },
      {
        "feature": "EnvironmentSatisfaction",
        "impact": 0.3241235613822937,
        "type": "protective"
      }
    ],
    "explanation_timestamp": "2025-09-23T22:53:51.999418"
  },
  "agent_type": "structura",
  "analysis_type": "individual"
}