{
  "prediction": {
    "employee_id": "406",
    "attrition_probability": 0.022107185795903206,
    "attrition_prediction": 1,
    "risk_category": "LOW",
    "confidence_score": 0.9557856284081936,
    "prediction_timestamp": "2025-09-23T22:52:12.441616"
  },
  "explanation": {
    "employee_id": "406",
    "feature_importance": {
      "RelationshipSatisfaction": 0.03405288979411125,
      "Education": 0.02487798221409321,
      "JobInvolvement": 0.03501373156905174,
      "EnvironmentSatisfaction": 0.048257846385240555,
      "JobLevel": 0.07228615880012512,
      "JobSatisfaction": 0.04019258916378021,
      "StockOptionLevel": 0.07264421880245209,
      "WorkLifeBalance": 0.03580893576145172,
      "Department": 0.037670474499464035,
      "JobRole": 0.046762410551309586,
      "MaritalStatus": 0.036864522844552994,
      "OverTime": 0.0779639258980751,
      "Age": 0.04039482772350311,
      "DailyRate": 0.03578038513660431,
      "DistanceFromHome": 0.036774344742298126,
      "MonthlyIncome": 0.04666806384921074,
      "NumCompaniesWorked": 0.050036631524562836,
      "TotalWorkingYears": 0.04981709271669388,
      "TrainingTimesLastYear": 0.02378365956246853,
      "YearsAtCompany": 0.02968277968466282,
      "YearsInCurrentRole": 0.03649982064962387,
      "YearsSinceLastPromotion": 0.03537580743432045,
      "YearsWithCurrManager": 0.05279093235731125
    },
    "shap_values": {
      "RelationshipSatisfaction": -0.29375165700912476,
      "Education": 0.037378616631031036,
      "JobInvolvement": -0.09387075901031494,
      "EnvironmentSatisfaction": -0.2332383543252945,
      "JobLevel": 0.0842515230178833,
      "JobSatisfaction": 0.05892080068588257,
      "StockOptionLevel": -0.4514663517475128,
      "WorkLifeBalance": 0.09466706961393356,
      "Department": -0.016223695129156113,
      "JobRole": -0.3236730694770813,
      "MaritalStatus": -0.18199069797992706,
      "OverTime": -0.36968421936035156,
      "Age": -0.27235037088394165,
      "DailyRate": -0.9508775472640991,
      "DistanceFromHome": 0.26034173369407654,
      "MonthlyIncome": -0.07275820523500443,
      "NumCompaniesWorked": -0.5819022059440613,
      "TotalWorkingYears": -0.07737648487091064,
      "TrainingTimesLastYear": -0.17365007102489471,
      "YearsAtCompany": -0.060538552701473236,
      "YearsInCurrentRole": -0.2284594625234604,
      "YearsSinceLastPromotion": 0.1741156429052353,
      "YearsWithCurrManager": -0.39264658093452454
    },
    "lime_explanation": {
      "features": [
        "OverTime=0",
        "NumCompaniesWorked <= 1.00",
        "DistanceFromHome > 14.00",
        "DailyRate > 1162.00",
        "StockOptionLevel > 1.00",
        "WorkLifeBalance <= 2.00",
        "JobSatisfaction <= 2.00",
        "2.00 < JobInvolvement <= 3.00",
        "2.00 < RelationshipSatisfaction <= 3.00",
        "YearsWithCurrManager > 7.00"
      ],
      "values": [
        -0.20737966436082317,
        -0.12087852131233118,
        0.11898110620077157,
        -0.07294038985611917,
        -0.0728301822832828,
        0.0722030416049267,
        0.06728984770754132,
        -0.0665433506994544,
        -0.05884994138602385,
        -0.057854145266059226
      ],
      "intercept": 0.5222295312701446
    },
    "top_risk_factors": [],
    "top_protective_factors": [
      {
        "feature": "DailyRate",
        "impact": 0.9508775472640991,
        "type": "protective"
      },
      {
        "feature": "NumCompaniesWorked",
        "impact": 0.5819022059440613,
        "type": "protective"
      },
      {
        "feature": "StockOptionLevel",
        "impact": 0.4514663517475128,
        "type": "protective"
      },
      {
        "feature": "YearsWithCurrManager",
        "impact": 0.39264658093452454,
        "type": "protective"
      },
      {
        "feature": "OverTime",
        "impact": 0.36968421936035156,
        "type": "protective"
      }
    ],
    "explanation_timestamp": "2025-09-23T22:52:12.530119"
  },
  "agent_type": "structura",
  "analysis_type": "individual"
}