{
  "confidence": 0.7,
  "employee_data": {
    "Age": 36,
    "AgeFactor": 1,
    "Attrition": "No",
    "BusinessTravel": "Travel_Frequently",
    "DailyRate": 635,
    "Department": "Research & Development",
    "DistanceFromHome": 18,
    "Education": 1,
    "EducationField": "Medical",
    "EmployeeCount": 1,
    "EmployeeNumber": 286,
    "EnvironmentSatisfaction": 2,
    "Gender": "Female",
    "HourlyRate": 73,
    "JobInvolvement": 3,
    "JobLevel": 1,
    "JobRole": "Laboratory Technician",
    "JobSatisfaction": 4,
    "MaritalStatus": "Single",
    "MonthlyIncome": 2153,
    "MonthlyRate": 7703,
    "Norm_EnvironmentSatisfaction": 0.3333333333333333,
    "Norm_JobInvolvement": 0.6666666666666666,
    "Norm_JobLevel": 0,
    "Norm_JobSatisfaction": 1,
    "Norm_MonthlyIncome": 0.060242232754081,
    "Norm_NumCompaniesWorked": 0.1111111111111111,
    "Norm_PercentSalaryHike": 0.1428571428571428,
    "Norm_PerformanceRating": 0,
    "Norm_RelationshipSatisfaction": 0,
    "Norm_TotalWorkingYears": 0.2,
    "Norm_TrainingTimesLastYear": 0.3333333333333333,
    "Norm_WorkLifeBalance": 0.6666666666666666,
    "Norm_YearsAtCompany": 0.2,
    "Norm_YearsSinceLastPromotion": 0.0666666666666666,
    "NumCompaniesWorked": 1,
    "Over18": "Y",
    "OverTime": "No",
    "OverTime_bin": 0,
    "PercentSalaryHike": 13,
    "PerformanceRating": 3,
    "Prob_N01": 0.0820763543832857,
    "Prob_N02": 0.0105912789022703,
    "Prob_N03": 0.0206289944562561,
    "Prob_P01": 0.0007359186109929,
    "Prob_P02": 0.5782642345490308,
    "Prob_P03": 0.0027918308076239,
    "Prob_P04": 0.1838830727878019,
    "Prob_S01": 0.004073389125257,
    "Prob_S02": 0.0077349204776315,
    "Prob_S03": 0.1092200058998495,
    "RelationshipSatisfaction": 1,
    "Score_N01": 0.6380952380952382,
    "Score_N02": 0.4333333333333333,
    "Score_N03": 0.5,
    "Score_P01": 0.1666666666666666,
    "Score_P02": 0.8333333333333333,
    "Score_P03": 0.3,
    "Score_P04": 0.7187602497555106,
    "Score_S01": 0.3377777777777778,
    "Score_S02": 0.4019047619047619,
    "Score_S03": 0.6666666666666667,
    "StandardHours": 80,
    "StockOptionLevel": 0,
    "TotalWorkingYears": 8,
    "TrainingTimesLastYear": 2,
    "WorkLifeBalance": 3,
    "YearsAtCompany": 8,
    "YearsInCurrentRole": 1,
    "YearsSinceLastPromotion": 1,
    "YearsWithCurrManager": 7,
    "argmax_Persona": "온보딩에 실패한 직원",
    "argmax_Persona_Code": "P02",
    "argmax_RiskTier": "High",
    "is_married": 0,
    "softmax_Persona": "저평가된 전문가",
    "softmax_Persona_Code": "P04",
    "softmax_RiskTier": "High"
  },
  "employee_id": 286,
  "feature_importance": {},
  "lime_explanation": {},
  "model_interpretation": {},
  "predicted_attrition": 0,
  "risk_score": 0.023926319554448128,
  "shap_values": {},
  "xai_explanation": {}
}