{
  "prediction": {
    "risk_score": 1.0921957959083748e-26,
    "attrition_probability": 1.0921957959083748e-26
  },
  "confidence": 0.8
}