{
  "confidence": 0.7,
  "employee_data": {
    "Age": 26,
    "AgeFactor": 0,
    "Attrition": "Yes",
    "BusinessTravel": "Travel_Rarely",
    "DailyRate": 1146,
    "Department": "Sales",
    "DistanceFromHome": 8,
    "Education": 3,
    "EducationField": "Technical Degree",
    "EmployeeCount": 1,
    "EmployeeNumber": 796,
    "EnvironmentSatisfaction": 4,
    "Gender": "Male",
    "HourlyRate": 38,
    "JobInvolvement": 2,
    "JobLevel": 2,
    "JobRole": "Sales Executive",
    "JobSatisfaction": 1,
    "MaritalStatus": "Single",
    "MonthlyIncome": 5326,
    "MonthlyRate": 3064,
    "Norm_EnvironmentSatisfaction": 1,
    "Norm_JobInvolvement": 0.3333333333333333,
    "Norm_JobLevel": 0.25,
    "Norm_JobSatisfaction": 0,
    "Norm_MonthlyIncome": 0.2273301737756714,
    "Norm_NumCompaniesWorked": 0.6666666666666666,
    "Norm_PercentSalaryHike": 0.4285714285714285,
    "Norm_PerformanceRating": 0,
    "Norm_RelationshipSatisfaction": 0.6666666666666666,
    "Norm_TotalWorkingYears": 0.15,
    "Norm_TrainingTimesLastYear": 0.3333333333333333,
    "Norm_WorkLifeBalance": 0.3333333333333333,
    "Norm_YearsAtCompany": 0.1,
    "Norm_YearsSinceLastPromotion": 0.0666666666666666,
    "NumCompaniesWorked": 6,
    "Over18": "Y",
    "OverTime": "No",
    "OverTime_bin": 0,
    "PercentSalaryHike": 17,
    "PerformanceRating": 3,
    "Prob_N01": 0.6459560044814316,
    "Prob_N02": 0.0009945557944502,
    "Prob_N03": 0.0027034829434427,
    "Prob_P01": 0.0757830197793356,
    "Prob_P02": 0.0895270595347214,
    "Prob_P03": 0.0143135635456729,
    "Prob_P04": 0.1304427601977121,
    "Prob_S01": 0.0019371301765788,
    "Prob_S02": 0.0360539746414765,
    "Prob_S03": 0.0022884489051777,
    "RelationshipSatisfaction": 3,
    "Score_N01": 0.7476190476190476,
    "Score_N02": 0.1,
    "Score_N03": 0.2,
    "Score_P01": 0.5333333333333333,
    "Score_P02": 0.55,
    "Score_P03": 0.3666666666666667,
    "Score_P04": 0.58763935906116,
    "Score_S01": 0.1666666666666666,
    "Score_S02": 0.459047619047619,
    "Score_S03": 0.1833333333333333,
    "StandardHours": 80,
    "StockOptionLevel": 0,
    "TotalWorkingYears": 6,
    "TrainingTimesLastYear": 2,
    "WorkLifeBalance": 2,
    "YearsAtCompany": 4,
    "YearsInCurrentRole": 3,
    "YearsSinceLastPromotion": 1,
    "YearsWithCurrManager": 2,
    "argmax_Persona": "현상 유지자",
    "argmax_Persona_Code": "N01",
    "argmax_RiskTier": "Neutral",
    "is_married": 0,
    "softmax_Persona": "현상 유지자",
    "softmax_Persona_Code": "N01",
    "softmax_RiskTier": "Neutral"
  },
  "employee_id": 796,
  "feature_importance": {},
  "lime_explanation": {},
  "model_interpretation": {},
  "predicted_attrition": 0,
  "risk_score": 0.9193379878997803,
  "shap_values": {},
  "xai_explanation": {}
}