{
  "prediction": {
    "risk_score": 1.7531358025735244e-05,
    "attrition_probability": 1.7531358025735244e-05
  },
  "confidence": 0.8
}