{
  "prediction": {
    "risk_score": 4.2530009523034096e-05,
    "attrition_probability": 4.2530009523034096e-05
  },
  "confidence": 0.8
}