{
  "confidence": 0.7,
  "employee_data": {
    "Age": 42,
    "AgeFactor": 1,
    "Attrition": "No",
    "BusinessTravel": "Travel_Rarely",
    "DailyRate": 933,
    "Department": "Research & Development",
    "DistanceFromHome": 29,
    "Education": 3,
    "EducationField": "Life Sciences",
    "EmployeeCount": 1,
    "EmployeeNumber": 836,
    "EnvironmentSatisfaction": 2,
    "Gender": "Male",
    "HourlyRate": 98,
    "JobInvolvement": 3,
    "JobLevel": 2,
    "JobRole": "Manufacturing Director",
    "JobSatisfaction": 2,
    "MaritalStatus": "Married",
    "MonthlyIncome": 4434,
    "MonthlyRate": 11806,
    "Norm_EnvironmentSatisfaction": 0.3333333333333333,
    "Norm_JobInvolvement": 0.6666666666666666,
    "Norm_JobLevel": 0.25,
    "Norm_JobSatisfaction": 0.3333333333333333,
    "Norm_MonthlyIncome": 0.1803580832016851,
    "Norm_NumCompaniesWorked": 0.1111111111111111,
    "Norm_PercentSalaryHike": 0.1428571428571428,
    "Norm_PerformanceRating": 0,
    "Norm_RelationshipSatisfaction": 1,
    "Norm_TotalWorkingYears": 0.25,
    "Norm_TrainingTimesLastYear": 0.5,
    "Norm_WorkLifeBalance": 0.3333333333333333,
    "Norm_YearsAtCompany": 0.225,
    "Norm_YearsSinceLastPromotion": 0.4666666666666667,
    "NumCompaniesWorked": 1,
    "Over18": "Y",
    "OverTime": "No",
    "OverTime_bin": 0,
    "PercentSalaryHike": 13,
    "PerformanceRating": 3,
    "Prob_N01": 0.0241414421713523,
    "Prob_N02": 0.0001550993977546,
    "Prob_N03": 0.9005246833086229,
    "Prob_P01": 0.0031152546803649,
    "Prob_P02": 0.0074731074871428,
    "Prob_P03": 0.0036802385553775,
    "Prob_P04": 0.0551533049614416,
    "Prob_S01": 0.0016172955694852,
    "Prob_S02": 0.0004593353130803,
    "Prob_S03": 0.0036802385553775,
    "RelationshipSatisfaction": 4,
    "Score_N01": 0.6380952380952382,
    "Score_N02": 0.1333333333333333,
    "Score_N03": 1,
    "Score_P01": 0.4333333333333333,
    "Score_P02": 0.5208333333333334,
    "Score_P03": 0.4499999999999999,
    "Score_P04": 0.720713909576469,
    "Score_S01": 0.3677777777777777,
    "Score_S02": 0.2419047619047619,
    "Score_S03": 0.45,
    "StandardHours": 80,
    "StockOptionLevel": 1,
    "TotalWorkingYears": 10,
    "TrainingTimesLastYear": 3,
    "WorkLifeBalance": 2,
    "YearsAtCompany": 9,
    "YearsInCurrentRole": 8,
    "YearsSinceLastPromotion": 7,
    "YearsWithCurrManager": 8,
    "argmax_Persona": "신규 부모",
    "argmax_Persona_Code": "N03",
    "argmax_RiskTier": "Neutral",
    "is_married": 1,
    "softmax_Persona": "신규 부모",
    "softmax_Persona_Code": "N03",
    "softmax_RiskTier": "Neutral"
  },
  "employee_id": 836,
  "feature_importance": {},
  "lime_explanation": {},
  "model_interpretation": {},
  "predicted_attrition": 0,
  "risk_score": 0.0004426758678164333,
  "shap_values": {},
  "xai_explanation": {}
}