{
  "confidence": 0.8,
  "employee_id": "1638",
  "features_used": 11,
  "model_metadata": {
    "feature_dimensions": 11,
    "model_type": "GRU_CNN_Hybrid",
    "sequence_length": 50,
    "training_optimized": true
  },
  "predicted_attrition": 0,
  "risk_score": 0.00010677111276891083,
  "sequence_length": 50,
  "xai_explanation": {
    "attention_weights": [
      [
        0.02000119723379612,
        0.02000034600496292,
        0.020000334829092026,
        0.020000316202640533,
        0.020000305026769638,
        0.020000288262963295,
        0.020000264048576355,
        0.02000023052096367,
        0.02000020258128643,
        0.020000170916318893,
        0.020000144839286804,
        0.020000120624899864,
        0.020000096410512924,
        0.020000068470835686,
        0.020000053569674492,
        0.020000034943223,
        0.020000014454126358,
        0.019999997690320015,
        0.01999998837709427,
        0.019999967887997627,
        0.019999956712126732,
        0.019999943673610687,
        0.01999993436038494,
        0.019999925047159195,
        0.019999917596578598,
        0.019999908283352852,
        0.019999900832772255,
        0.019999895244836807,
        0.01999988779425621,
        0.019999880343675613,
        0.019999878481030464,
        0.019999872893095016,
        0.019999869167804718,
        0.01999986544251442,
        0.01999986171722412,
        0.019999857991933823,
        0.019999854266643524,
        0.019999854266643524,
        0.019999848678708076,
        0.019999848678708076,
        0.019999846816062927,
        0.019999844953417778,
        0.019999844953417778,
        0.01999984122812748,
        0.01999984122812748,
        0.01999983936548233,
        0.01999983936548233,
        0.01999983936548233,
        0.01999983936548233,
        0.01999983750283718
      ]
    ],
    "feature_names": [
      "day_of_week",
      "day_index",
      "system_login_hours",
      "work_focused_hours",
      "meeting_collaboration_hours",
      "social_dining_hours",
      "break_relaxation_hours",
      "shared_work_hours",
      "internal_comm_volume",
      "cafeteria_usage",
      "convenience_food_usage"
    ],
    "gradient_importance": [
      5.748407261307875e-07,
      2.5229510924873466e-07,
      7.789460596541176e-07,
      1.4989927876740694e-06,
      1.7341003513138276e-06,
      3.108843031895958e-07,
      1.1897505828528665e-05,
      1.2664561381825479e-06,
      3.945565367757808e-06,
      7.667146746825892e-06,
      9.191073331749067e-06
    ],
    "sequence_importance": {
      "timestep_0": 8.338576299138367e-05,
      "timestep_1": 1.786110078683123e-05,
      "timestep_10": 3.648514650123058e-12,
      "timestep_11": 3.130537279058543e-12,
      "timestep_12": 2.4702481813548838e-12,
      "timestep_13": 2.275430711906612e-12,
      "timestep_14": 1.5563216947817038e-12,
      "timestep_15": 1.5381473221845465e-12,
      "timestep_16": 1.4322040732192565e-12,
      "timestep_17": 9.86677644969347e-13,
      "timestep_18": 7.716981892912089e-13,
      "timestep_19": 9.30776831477298e-13,
      "timestep_2": 1.8374352386829607e-11,
      "timestep_20": 6.572736604114338e-13,
      "timestep_21": 6.550802109962783e-13,
      "timestep_22": 4.1867141806380126e-13,
      "timestep_23": 4.2681160797482243e-13,
      "timestep_24": 3.319884243815213e-13,
      "timestep_25": 3.3122091766361883e-13,
      "timestep_26": 3.043054632063946e-13,
      "timestep_27": 2.7001130823399444e-13,
      "timestep_28": 2.0368415613002122e-13,
      "timestep_29": 1.6279704906189962e-13,
      "timestep_3": 1.5505150982586535e-11,
      "timestep_30": 1.2235821893451931e-13,
      "timestep_31": 1.1219162128180485e-13,
      "timestep_32": 9.462762062643904e-14,
      "timestep_33": 8.130484268698349e-14,
      "timestep_34": 7.652216262987038e-14,
      "timestep_35": 6.462276596003527e-14,
      "timestep_36": 5.4039411156612746e-14,
      "timestep_37": 5.0179427805866275e-14,
      "timestep_38": 4.1411610197852194e-14,
      "timestep_39": 3.34617689188698e-14,
      "timestep_4": 1.2073251252908701e-11,
      "timestep_40": 2.3722396050025567e-14,
      "timestep_41": 1.7080119531719638e-14,
      "timestep_42": 1.5182325272737433e-14,
      "timestep_43": 9.963397836799948e-15,
      "timestep_44": 8.540052989596241e-15,
      "timestep_45": 7.116708989425482e-15,
      "timestep_46": 3.795577930052569e-15,
      "timestep_47": 1.5490739315282553e-05,
      "timestep_48": 2.4699840651010163e-05,
      "timestep_49": 3.637068948592059e-05,
      "timestep_5": 9.657887337088944e-12,
      "timestep_6": 8.577302930412589e-12,
      "timestep_7": 6.95572202266681e-12,
      "timestep_8": 5.794491622634901e-12,
      "timestep_9": 4.673498133628273e-12
    },
    "temporal_importance": [
      8.338576299138367e-05,
      1.786110078683123e-05,
      1.8374352386829607e-11,
      1.5505150982586535e-11,
      1.2073251252908701e-11,
      9.657887337088944e-12,
      8.577302930412589e-12,
      6.95572202266681e-12,
      5.794491622634901e-12,
      4.673498133628273e-12,
      3.648514650123058e-12,
      3.130537279058543e-12,
      2.4702481813548838e-12,
      2.275430711906612e-12,
      1.5563216947817038e-12,
      1.5381473221845465e-12,
      1.4322040732192565e-12,
      9.86677644969347e-13,
      7.716981892912089e-13,
      9.30776831477298e-13,
      6.572736604114338e-13,
      6.550802109962783e-13,
      4.1867141806380126e-13,
      4.2681160797482243e-13,
      3.319884243815213e-13,
      3.3122091766361883e-13,
      3.043054632063946e-13,
      2.7001130823399444e-13,
      2.0368415613002122e-13,
      1.6279704906189962e-13,
      1.2235821893451931e-13,
      1.1219162128180485e-13,
      9.462762062643904e-14,
      8.130484268698349e-14,
      7.652216262987038e-14,
      6.462276596003527e-14,
      5.4039411156612746e-14,
      5.0179427805866275e-14,
      4.1411610197852194e-14,
      3.34617689188698e-14,
      2.3722396050025567e-14,
      1.7080119531719638e-14,
      1.5182325272737433e-14,
      9.963397836799948e-15,
      8.540052989596241e-15,
      7.116708989425482e-15,
      3.795577930052569e-15,
      1.5490739315282553e-05,
      2.4699840651010163e-05,
      3.637068948592059e-05
    ],
    "trend_analysis": {
      "confidence_level": "high",
      "prediction_trend": "stable"
    }
  }
}