{
  "prediction": {
    "risk_score": 1.2386782145767938e-05,
    "attrition_probability": 1.2386782145767938e-05
  },
  "confidence": 0.8
}