{
  "confidence": 0.8,
  "employee_id": "1533",
  "features_used": 11,
  "model_metadata": {
    "feature_dimensions": 11,
    "model_type": "GRU_CNN_Hybrid",
    "sequence_length": 50,
    "training_optimized": true
  },
  "predicted_attrition": 0,
  "risk_score": 3.984767030229541e-11,
  "sequence_length": 50,
  "xai_explanation": {
    "attention_weights": [
      [
        0.020001821219921112,
        0.020000029355287552,
        0.020000064745545387,
        0.020000062882900238,
        0.02000008150935173,
        0.020000088959932327,
        0.020000088959932327,
        0.02000008150935173,
        0.020000072196125984,
        0.020000062882900238,
        0.020000053569674492,
        0.020000042393803596,
        0.0200000312179327,
        0.020000020042061806,
        0.02000001072883606,
        0.019999995827674866,
        0.01999998651444912,
        0.019999977201223373,
        0.019999969750642776,
        0.01999996230006218,
        0.019999954849481583,
        0.019999947398900986,
        0.019999943673610687,
        0.01999993622303009,
        0.019999930635094643,
        0.019999928772449493,
        0.019999923184514046,
        0.019999919459223747,
        0.019999917596578598,
        0.0199999138712883,
        0.019999910145998,
        0.019999908283352852,
        0.019999904558062553,
        0.019999902695417404,
        0.019999900832772255,
        0.019999900832772255,
        0.019999897107481956,
        0.019999897107481956,
        0.019999895244836807,
        0.019999893382191658,
        0.019999893382191658,
        0.019999893382191658,
        0.01999989151954651,
        0.01999989151954651,
        0.01999989151954651,
        0.01999989151954651,
        0.01999989151954651,
        0.01999989151954651,
        0.01999988779425621,
        0.01999988779425621
      ]
    ],
    "feature_names": [
      "day_of_week",
      "day_index",
      "system_login_hours",
      "work_focused_hours",
      "meeting_collaboration_hours",
      "social_dining_hours",
      "break_relaxation_hours",
      "shared_work_hours",
      "internal_comm_volume",
      "cafeteria_usage",
      "convenience_food_usage"
    ],
    "gradient_importance": [
      3.3411730955730523e-13,
      1.1207884392707562e-13,
      3.613949146451939e-13,
      5.748078879194707e-13,
      6.766580568431935e-13,
      1.5531814116093168e-13,
      4.5737753862074015e-12,
      4.899640263823779e-13,
      1.50867675557248e-12,
      2.9453362491993484e-12,
      3.530318181885206e-12
    ],
    "sequence_importance": {
      "timestep_0": 3.202191289908285e-11,
      "timestep_1": 6.804968914753129e-12,
      "timestep_10": 8.833965307651674e-19,
      "timestep_11": 7.286533203342466e-19,
      "timestep_12": 6.051195310173749e-19,
      "timestep_13": 4.975679051107934e-19,
      "timestep_14": 4.096017447603597e-19,
      "timestep_15": 3.533653796774534e-19,
      "timestep_16": 2.820969456659565e-19,
      "timestep_17": 2.8798303365791315e-19,
      "timestep_18": 1.867051203331489e-19,
      "timestep_19": 1.8869591142301676e-19,
      "timestep_2": 6.664051564857909e-18,
      "timestep_20": 1.6388186306431547e-19,
      "timestep_21": 1.2381450081255978e-19,
      "timestep_22": 1.1024792451077464e-19,
      "timestep_23": 1.0523192712564723e-19,
      "timestep_24": 8.172267217271737e-20,
      "timestep_25": 7.596294248167675e-20,
      "timestep_26": 6.352080836273235e-20,
      "timestep_27": 4.476632328007655e-20,
      "timestep_28": 4.283084343132464e-20,
      "timestep_29": 4.0895376507269805e-20,
      "timestep_3": 4.44469661646639e-18,
      "timestep_30": 3.881020604821421e-20,
      "timestep_31": 2.9699910200193655e-20,
      "timestep_32": 2.4105931671154747e-20,
      "timestep_33": 2.1656286370280106e-20,
      "timestep_34": 2.038238137492156e-20,
      "timestep_35": 1.9108479610737283e-20,
      "timestep_36": 1.1517282378418326e-20,
      "timestep_37": 1.0694618139698095e-20,
      "timestep_38": 9.871953900977864e-21,
      "timestep_39": 9.049289662257633e-21,
      "timestep_4": 4.4747265814245154e-18,
      "timestep_40": 4.550123851920654e-21,
      "timestep_41": 4.09511191101505e-21,
      "timestep_42": 3.64009916231588e-21,
      "timestep_43": 1.1146583872925775e-12,
      "timestep_44": 1.9027561644346935e-12,
      "timestep_45": 7.387706765782376e-12,
      "timestep_46": 5.151138196546334e-12,
      "timestep_47": 4.860126190386893e-12,
      "timestep_48": 3.4006096549799025e-12,
      "timestep_49": 6.730848083752461e-12,
      "timestep_5": 3.130680095166197e-18,
      "timestep_6": 2.5795757683412645e-18,
      "timestep_7": 1.829126290565034e-18,
      "timestep_8": 1.4668392768427074e-18,
      "timestep_9": 1.1636215408555223e-18
    },
    "temporal_importance": [
      3.202191289908285e-11,
      6.804968914753129e-12,
      6.664051564857909e-18,
      4.44469661646639e-18,
      4.4747265814245154e-18,
      3.130680095166197e-18,
      2.5795757683412645e-18,
      1.829126290565034e-18,
      1.4668392768427074e-18,
      1.1636215408555223e-18,
      8.833965307651674e-19,
      7.286533203342466e-19,
      6.051195310173749e-19,
      4.975679051107934e-19,
      4.096017447603597e-19,
      3.533653796774534e-19,
      2.820969456659565e-19,
      2.8798303365791315e-19,
      1.867051203331489e-19,
      1.8869591142301676e-19,
      1.6388186306431547e-19,
      1.2381450081255978e-19,
      1.1024792451077464e-19,
      1.0523192712564723e-19,
      8.172267217271737e-20,
      7.596294248167675e-20,
      6.352080836273235e-20,
      4.476632328007655e-20,
      4.283084343132464e-20,
      4.0895376507269805e-20,
      3.881020604821421e-20,
      2.9699910200193655e-20,
      2.4105931671154747e-20,
      2.1656286370280106e-20,
      2.038238137492156e-20,
      1.9108479610737283e-20,
      1.1517282378418326e-20,
      1.0694618139698095e-20,
      9.871953900977864e-21,
      9.049289662257633e-21,
      4.550123851920654e-21,
      4.09511191101505e-21,
      3.64009916231588e-21,
      1.1146583872925775e-12,
      1.9027561644346935e-12,
      7.387706765782376e-12,
      5.151138196546334e-12,
      4.860126190386893e-12,
      3.4006096549799025e-12,
      6.730848083752461e-12
    ],
    "trend_analysis": {
      "confidence_level": "high",
      "prediction_trend": "stable"
    }
  }
}