{
  "confidence": 0.7,
  "employee_data": {
    "Age": 29,
    "AgeFactor": 1,
    "Attrition": "No",
    "BusinessTravel": "Travel_Rarely",
    "DailyRate": 469,
    "Department": "Sales",
    "DistanceFromHome": 10,
    "Education": 3,
    "EducationField": "Medical",
    "EmployeeCount": 1,
    "EmployeeNumber": 1650,
    "EnvironmentSatisfaction": 3,
    "Gender": "Male",
    "HourlyRate": 42,
    "JobInvolvement": 2,
    "JobLevel": 2,
    "JobRole": "Sales Executive",
    "JobSatisfaction": 3,
    "MaritalStatus": "Single",
    "MonthlyIncome": 5869,
    "MonthlyRate": 23413,
    "Norm_EnvironmentSatisfaction": 0.6666666666666666,
    "Norm_JobInvolvement": 0.3333333333333333,
    "Norm_JobLevel": 0.25,
    "Norm_JobSatisfaction": 0.6666666666666666,
    "Norm_MonthlyIncome": 0.2559241706161137,
    "Norm_NumCompaniesWorked": 1,
    "Norm_PercentSalaryHike": 0,
    "Norm_PerformanceRating": 0,
    "Norm_RelationshipSatisfaction": 0.6666666666666666,
    "Norm_TotalWorkingYears": 0.2,
    "Norm_TrainingTimesLastYear": 0.3333333333333333,
    "Norm_WorkLifeBalance": 0.6666666666666666,
    "Norm_YearsAtCompany": 0.125,
    "Norm_YearsSinceLastPromotion": 0.0666666666666666,
    "NumCompaniesWorked": 9,
    "Over18": "Y",
    "OverTime": "No",
    "OverTime_bin": 0,
    "PercentSalaryHike": 11,
    "PerformanceRating": 3,
    "Prob_N01": 0.6219294872480705,
    "Prob_N02": 0.0007914884875218,
    "Prob_N03": 0.0221867083905477,
    "Prob_P01": 0.0021514887730651,
    "Prob_P02": 0.0628757184561961,
    "Prob_P03": 0.0058483528359565,
    "Prob_P04": 0.263959770208926,
    "Prob_S01": 0.0005485336721834,
    "Prob_S02": 0.0062515330505617,
    "Prob_S03": 0.0134569188769707,
    "RelationshipSatisfaction": 3,
    "Score_N01": 0.8333333333333333,
    "Score_N02": 0.1666666666666666,
    "Score_N03": 0.5,
    "Score_P01": 0.2666666666666667,
    "Score_P02": 0.6041666666666666,
    "Score_P03": 0.3666666666666667,
    "Score_P04": 0.7476303317535546,
    "Score_S01": 0.13,
    "Score_S02": 0.3733333333333333,
    "Score_S03": 0.45,
    "StandardHours": 80,
    "StockOptionLevel": 0,
    "TotalWorkingYears": 8,
    "TrainingTimesLastYear": 2,
    "WorkLifeBalance": 3,
    "YearsAtCompany": 5,
    "YearsInCurrentRole": 2,
    "YearsSinceLastPromotion": 1,
    "YearsWithCurrManager": 4,
    "argmax_Persona": "현상 유지자",
    "argmax_Persona_Code": "N01",
    "argmax_RiskTier": "Neutral",
    "is_married": 0,
    "softmax_Persona": "저평가된 전문가",
    "softmax_Persona_Code": "P04",
    "softmax_RiskTier": "High"
  },
  "employee_id": 1650,
  "feature_importance": {},
  "lime_explanation": {},
  "model_interpretation": {},
  "predicted_attrition": 0,
  "risk_score": 0.019282283261418343,
  "shap_values": {},
  "xai_explanation": {}
}