{
  "confidence": 0.8,
  "employee_id": "911",
  "features_used": 11,
  "model_metadata": {
    "feature_dimensions": 11,
    "model_type": "GRU_CNN_Hybrid",
    "sequence_length": 50,
    "training_optimized": true
  },
  "predicted_attrition": 1,
  "risk_score": 0.9997133612632751,
  "sequence_length": 50,
  "xai_explanation": {
    "attention_weights": [
      [
        0.020001530647277832,
        0.020001010969281197,
        0.020000912249088287,
        0.020000791177153587,
        0.020000727847218513,
        0.02000063844025135,
        0.020000550895929337,
        0.020000450313091278,
        0.020000379532575607,
        0.020000316202640533,
        0.020000236108899117,
        0.020000170916318893,
        0.020000124350190163,
        0.020000092685222626,
        0.020000051707029343,
        0.020000021904706955,
        0.01999998278915882,
        0.019999952986836433,
        0.019999919459223747,
        0.019999897107481956,
        0.019999878481030464,
        0.019999856129288673,
        0.01999983936548233,
        0.019999822601675987,
        0.01999981328845024,
        0.019999796524643898,
        0.019999785348773003,
        0.01999977044761181,
        0.019999759271740913,
        0.019999751821160316,
        0.01999974437057972,
        0.019999736919999123,
        0.019999733194708824,
        0.019999727606773376,
        0.01999972015619278,
        0.01999971829354763,
        0.019999714568257332,
        0.019999708980321884,
        0.019999707117676735,
        0.019999701529741287,
        0.019999699667096138,
        0.01999969780445099,
        0.01999969407916069,
        0.01999969221651554,
        0.01999969221651554,
        0.019999690353870392,
        0.019999686628580093,
        0.019999686628580093,
        0.019999686628580093,
        0.019999684765934944
      ]
    ],
    "feature_names": [
      "day_of_week",
      "day_index",
      "system_login_hours",
      "work_focused_hours",
      "meeting_collaboration_hours",
      "social_dining_hours",
      "break_relaxation_hours",
      "shared_work_hours",
      "internal_comm_volume",
      "cafeteria_usage",
      "convenience_food_usage"
    ],
    "gradient_importance": [
      2.4480989395669894e-06,
      6.61025353565492e-07,
      2.1073058178444626e-06,
      5.260228590486804e-06,
      3.952044153265888e-06,
      1.7728806369632366e-06,
      3.565620500012301e-05,
      4.8226975195575505e-06,
      8.89346392796142e-06,
      2.3665330445510335e-05,
      2.496681372576859e-05
    ],
    "sequence_importance": {
      "timestep_0": 0.0001602075935807079,
      "timestep_1": 2.2964308300288394e-05,
      "timestep_10": 2.490259214116275e-11,
      "timestep_11": 1.8566564952138265e-11,
      "timestep_12": 1.5203246647721436e-11,
      "timestep_13": 1.0872070604905915e-11,
      "timestep_14": 1.1016659806628581e-11,
      "timestep_15": 8.624493480491324e-12,
      "timestep_16": 8.18111203781946e-12,
      "timestep_17": 6.668880725424486e-12,
      "timestep_18": 6.659363598754409e-12,
      "timestep_19": 4.5010076395179954e-12,
      "timestep_2": 8.38177166562204e-11,
      "timestep_20": 3.734004858785278e-12,
      "timestep_21": 3.5916645092087807e-12,
      "timestep_22": 2.8258534835040594e-12,
      "timestep_23": 2.3940007962131027e-12,
      "timestep_24": 1.912280229998675e-12,
      "timestep_25": 2.1547813446737285e-12,
      "timestep_26": 1.4279510733572476e-12,
      "timestep_27": 1.562946061635373e-12,
      "timestep_28": 1.1923840820965426e-12,
      "timestep_29": 8.780558203268229e-13,
      "timestep_3": 7.892801690001505e-11,
      "timestep_30": 8.083926323482205e-13,
      "timestep_31": 5.491469909010838e-13,
      "timestep_32": 5.379520071589761e-13,
      "timestep_33": 4.690928635114888e-13,
      "timestep_34": 2.980507821884887e-13,
      "timestep_35": 3.2822448101446633e-13,
      "timestep_36": 2.3896349851150467e-13,
      "timestep_37": 2.633133511578678e-13,
      "timestep_38": 2.4305834038160223e-13,
      "timestep_39": 1.7247818841562013e-13,
      "timestep_4": 5.494558280583206e-11,
      "timestep_40": 1.4290867480278718e-13,
      "timestep_41": 1.1972455633228046e-13,
      "timestep_42": 8.271974007460423e-14,
      "timestep_43": 6.031645045619441e-14,
      "timestep_44": 5.16998045123427e-14,
      "timestep_45": 3.446652956529822e-14,
      "timestep_46": 4.336905476520769e-06,
      "timestep_47": 6.650028808508068e-05,
      "timestep_48": 0.00010821509204106405,
      "timestep_49": 0.00015689390420448035,
      "timestep_5": 5.0620410640966895e-11,
      "timestep_6": 4.5800373910109826e-11,
      "timestep_7": 3.982910529165551e-11,
      "timestep_8": 3.0691997554566086e-11,
      "timestep_9": 2.6772443637024246e-11
    },
    "temporal_importance": [
      0.0001602075935807079,
      2.2964308300288394e-05,
      8.38177166562204e-11,
      7.892801690001505e-11,
      5.494558280583206e-11,
      5.0620410640966895e-11,
      4.5800373910109826e-11,
      3.982910529165551e-11,
      3.0691997554566086e-11,
      2.6772443637024246e-11,
      2.490259214116275e-11,
      1.8566564952138265e-11,
      1.5203246647721436e-11,
      1.0872070604905915e-11,
      1.1016659806628581e-11,
      8.624493480491324e-12,
      8.18111203781946e-12,
      6.668880725424486e-12,
      6.659363598754409e-12,
      4.5010076395179954e-12,
      3.734004858785278e-12,
      3.5916645092087807e-12,
      2.8258534835040594e-12,
      2.3940007962131027e-12,
      1.912280229998675e-12,
      2.1547813446737285e-12,
      1.4279510733572476e-12,
      1.562946061635373e-12,
      1.1923840820965426e-12,
      8.780558203268229e-13,
      8.083926323482205e-13,
      5.491469909010838e-13,
      5.379520071589761e-13,
      4.690928635114888e-13,
      2.980507821884887e-13,
      3.2822448101446633e-13,
      2.3896349851150467e-13,
      2.633133511578678e-13,
      2.4305834038160223e-13,
      1.7247818841562013e-13,
      1.4290867480278718e-13,
      1.1972455633228046e-13,
      8.271974007460423e-14,
      6.031645045619441e-14,
      5.16998045123427e-14,
      3.446652956529822e-14,
      4.336905476520769e-06,
      6.650028808508068e-05,
      0.00010821509204106405,
      0.00015689390420448035
    ],
    "trend_analysis": {
      "confidence_level": "high",
      "prediction_trend": "increasing"
    }
  }
}