{
  "prediction": {
    "employee_id": "467",
    "attrition_probability": 0.06190657988190651,
    "attrition_prediction": 1,
    "risk_category": "LOW",
    "confidence_score": 0.876186840236187,
    "prediction_timestamp": "2025-09-23T22:52:17.420888"
  },
  "explanation": {
    "employee_id": "467",
    "feature_importance": {
      "RelationshipSatisfaction": 0.03405288979411125,
      "Education": 0.02487798221409321,
      "JobInvolvement": 0.03501373156905174,
      "EnvironmentSatisfaction": 0.048257846385240555,
      "JobLevel": 0.07228615880012512,
      "JobSatisfaction": 0.04019258916378021,
      "StockOptionLevel": 0.07264421880245209,
      "WorkLifeBalance": 0.03580893576145172,
      "Department": 0.037670474499464035,
      "JobRole": 0.046762410551309586,
      "MaritalStatus": 0.036864522844552994,
      "OverTime": 0.0779639258980751,
      "Age": 0.04039482772350311,
      "DailyRate": 0.03578038513660431,
      "DistanceFromHome": 0.036774344742298126,
      "MonthlyIncome": 0.04666806384921074,
      "NumCompaniesWorked": 0.050036631524562836,
      "TotalWorkingYears": 0.04981709271669388,
      "TrainingTimesLastYear": 0.02378365956246853,
      "YearsAtCompany": 0.02968277968466282,
      "YearsInCurrentRole": 0.03649982064962387,
      "YearsSinceLastPromotion": 0.03537580743432045,
      "YearsWithCurrManager": 0.05279093235731125
    },
    "shap_values": {
      "RelationshipSatisfaction": 0.3901258409023285,
      "Education": -0.14585062861442566,
      "JobInvolvement": -0.09059356898069382,
      "EnvironmentSatisfaction": -0.22829431295394897,
      "JobLevel": -0.09155848622322083,
      "JobSatisfaction": -0.10781289637088776,
      "StockOptionLevel": 0.27230188250541687,
      "WorkLifeBalance": -0.10878375917673111,
      "Department": -0.07215068489313126,
      "JobRole": -0.3564607501029968,
      "MaritalStatus": -0.0713750571012497,
      "OverTime": -0.6868675947189331,
      "Age": -0.9123826622962952,
      "DailyRate": -0.557327926158905,
      "DistanceFromHome": -0.3155475854873657,
      "MonthlyIncome": -0.11047974973917007,
      "NumCompaniesWorked": -0.09520092606544495,
      "TotalWorkingYears": 0.03753957152366638,
      "TrainingTimesLastYear": -0.047798722982406616,
      "YearsAtCompany": -0.13160718977451324,
      "YearsInCurrentRole": 0.09829381853342056,
      "YearsSinceLastPromotion": -0.11017312854528427,
      "YearsWithCurrManager": 0.4484972357749939
    },
    "lime_explanation": {
      "features": [
        "OverTime=0",
        "EnvironmentSatisfaction <= 2.00",
        "StockOptionLevel <= 0.00",
        "RelationshipSatisfaction <= 2.00",
        "DailyRate > 1162.00",
        "2.00 < JobInvolvement <= 3.00",
        "2.00 < WorkLifeBalance <= 3.00",
        "YearsWithCurrManager <= 2.00",
        "Age > 42.00",
        "YearsInCurrentRole <= 2.00"
      ],
      "values": [
        -0.21089925350345448,
        0.10705844230946815,
        0.106212201504374,
        0.09698064701450033,
        -0.07193185176128401,
        -0.0687845271920611,
        -0.05890309149016689,
        0.05388716022356506,
        -0.053503667826299776,
        0.04565855988886619
      ],
      "intercept": 0.3755427217693078
    },
    "top_risk_factors": [
      {
        "feature": "YearsWithCurrManager",
        "impact": 0.4484972357749939,
        "type": "risk"
      },
      {
        "feature": "RelationshipSatisfaction",
        "impact": 0.3901258409023285,
        "type": "risk"
      }
    ],
    "top_protective_factors": [
      {
        "feature": "Age",
        "impact": 0.9123826622962952,
        "type": "protective"
      },
      {
        "feature": "OverTime",
        "impact": 0.6868675947189331,
        "type": "protective"
      },
      {
        "feature": "DailyRate",
        "impact": 0.557327926158905,
        "type": "protective"
      }
    ],
    "explanation_timestamp": "2025-09-23T22:52:17.508424"
  },
  "agent_type": "structura",
  "analysis_type": "individual"
}