{
  "prediction": {
    "risk_score": 5.7442547896786324e-21,
    "attrition_probability": 5.7442547896786324e-21
  },
  "confidence": 0.8
}