{
  "confidence": 0.8,
  "employee_id": "1383",
  "features_used": 11,
  "model_metadata": {
    "feature_dimensions": 11,
    "model_type": "GRU_CNN_Hybrid",
    "sequence_length": 50,
    "training_optimized": true
  },
  "predicted_attrition": 0,
  "risk_score": 3.844629947763242e-27,
  "sequence_length": 50,
  "xai_explanation": {
    "attention_weights": [
      [
        0.020008839666843414,
        0.019999586045742035,
        0.019999628886580467,
        0.019999681040644646,
        0.019999729469418526,
        0.01999977044761181,
        0.019999800249934196,
        0.019999820739030838,
        0.01999983750283718,
        0.01999984309077263,
        0.019999854266643524,
        0.019999854266643524,
        0.019999857991933823,
        0.019999857991933823,
        0.019999857991933823,
        0.019999857991933823,
        0.019999856129288673,
        0.019999854266643524,
        0.019999850541353226,
        0.019999848678708076,
        0.019999848678708076,
        0.019999846816062927,
        0.01999984309077263,
        0.01999984122812748,
        0.01999984122812748,
        0.01999983936548233,
        0.01999983750283718,
        0.01999983750283718,
        0.019999833777546883,
        0.019999833777546883,
        0.019999833777546883,
        0.019999831914901733,
        0.019999830052256584,
        0.019999830052256584,
        0.019999830052256584,
        0.019999830052256584,
        0.019999828189611435,
        0.019999828189611435,
        0.019999828189611435,
        0.019999824464321136,
        0.019999824464321136,
        0.019999824464321136,
        0.019999824464321136,
        0.019999824464321136,
        0.019999824464321136,
        0.019999824464321136,
        0.019999824464321136,
        0.019999824464321136,
        0.019999824464321136,
        0.019999824464321136
      ]
    ],
    "feature_names": [
      "day_of_week",
      "day_index",
      "system_login_hours",
      "work_focused_hours",
      "meeting_collaboration_hours",
      "social_dining_hours",
      "break_relaxation_hours",
      "shared_work_hours",
      "internal_comm_volume",
      "cafeteria_usage",
      "convenience_food_usage"
    ],
    "gradient_importance": [
      2.858010222510174e-29,
      1.6920787157148767e-29,
      4.4677644608991107e-29,
      5.485000935219346e-29,
      9.147058020562025e-29,
      3.752968802808156e-29,
      5.6357602034829265e-28,
      6.79210491249755e-29,
      2.127214901406222e-28,
      3.591795309111544e-28,
      4.477505934928443e-28
    ],
    "sequence_importance": {
      "timestep_0": 4.010396278820607e-27,
      "timestep_1": 1.557209500976333e-27,
      "timestep_10": 1.0142716271871645e-34,
      "timestep_11": 7.329067228245322e-35,
      "timestep_12": 6.057684566025221e-35,
      "timestep_13": 3.9853675206268895e-35,
      "timestep_14": 3.1963218163981624e-35,
      "timestep_15": 2.3867421257073967e-35,
      "timestep_16": 1.8005528533927956e-35,
      "timestep_17": 1.2589787000413741e-35,
      "timestep_18": 1.0739233593672914e-35,
      "timestep_19": 8.978460146398728e-36,
      "timestep_2": 1.271991024385244e-28,
      "timestep_20": 7.064881760560224e-36,
      "timestep_21": 5.609039109968477e-36,
      "timestep_22": 5.1430586278146925e-36,
      "timestep_23": 3.852388574246416e-36,
      "timestep_24": 3.445131869631971e-36,
      "timestep_25": 2.7115502850543438e-36,
      "timestep_26": 2.3143285814233966e-36,
      "timestep_27": 2.214825538801027e-36,
      "timestep_28": 1.8578521762909468e-36,
      "timestep_29": 1.3760978714748064e-36,
      "timestep_3": 5.447902037282818e-34,
      "timestep_30": 1.7352013870168637e-36,
      "timestep_31": 1.3737336455473485e-36,
      "timestep_32": 1.2905100589148136e-36,
      "timestep_33": 1.2188149659586666e-36,
      "timestep_34": 1.147119783319418e-36,
      "timestep_35": 5.422630451289488e-37,
      "timestep_36": 5.061121007177675e-37,
      "timestep_37": 4.69961201148137e-37,
      "timestep_38": 4.338103912616082e-37,
      "timestep_39": 3.9765944685042685e-37,
      "timestep_4": 4.828701204437562e-34,
      "timestep_40": 3.87467545280475e-37,
      "timestep_41": 3.4872074591087666e-37,
      "timestep_42": 3.0997399138282915e-37,
      "timestep_43": 2.712272592755571e-37,
      "timestep_44": 0,
      "timestep_45": 0,
      "timestep_46": 0,
      "timestep_47": 5.712887919965802e-28,
      "timestep_48": 9.143138632754575e-28,
      "timestep_49": 1.5703977877530106e-27,
      "timestep_5": 3.5790343080220902e-34,
      "timestep_6": 2.985014997812096e-34,
      "timestep_7": 2.163273503666535e-34,
      "timestep_8": 1.7150374186832123e-34,
      "timestep_9": 1.2438185824313906e-34
    },
    "temporal_importance": [
      4.010396278820607e-27,
      1.557209500976333e-27,
      1.271991024385244e-28,
      5.447902037282818e-34,
      4.828701204437562e-34,
      3.5790343080220902e-34,
      2.985014997812096e-34,
      2.163273503666535e-34,
      1.7150374186832123e-34,
      1.2438185824313906e-34,
      1.0142716271871645e-34,
      7.329067228245322e-35,
      6.057684566025221e-35,
      3.9853675206268895e-35,
      3.1963218163981624e-35,
      2.3867421257073967e-35,
      1.8005528533927956e-35,
      1.2589787000413741e-35,
      1.0739233593672914e-35,
      8.978460146398728e-36,
      7.064881760560224e-36,
      5.609039109968477e-36,
      5.1430586278146925e-36,
      3.852388574246416e-36,
      3.445131869631971e-36,
      2.7115502850543438e-36,
      2.3143285814233966e-36,
      2.214825538801027e-36,
      1.8578521762909468e-36,
      1.3760978714748064e-36,
      1.7352013870168637e-36,
      1.3737336455473485e-36,
      1.2905100589148136e-36,
      1.2188149659586666e-36,
      1.147119783319418e-36,
      5.422630451289488e-37,
      5.061121007177675e-37,
      4.69961201148137e-37,
      4.338103912616082e-37,
      3.9765944685042685e-37,
      3.87467545280475e-37,
      3.4872074591087666e-37,
      3.0997399138282915e-37,
      2.712272592755571e-37,
      0,
      0,
      0,
      5.712887919965802e-28,
      9.143138632754575e-28,
      1.5703977877530106e-27
    ],
    "trend_analysis": {
      "confidence_level": "high",
      "prediction_trend": "stable"
    }
  }
}