{
  "prediction": {
    "risk_score": 2.3917284579511033e-06,
    "attrition_probability": 2.3917284579511033e-06
  },
  "confidence": 0.8
}