{
  "confidence": 0.7,
  "employee_data": {
    "Age": 25,
    "AgeFactor": 0,
    "Attrition": "No",
    "BusinessTravel": "Travel_Rarely",
    "DailyRate": 810,
    "Department": "Sales",
    "DistanceFromHome": 8,
    "Education": 3,
    "EducationField": "Life Sciences",
    "EmployeeCount": 1,
    "EmployeeNumber": 707,
    "EnvironmentSatisfaction": 4,
    "Gender": "Male",
    "HourlyRate": 57,
    "JobInvolvement": 4,
    "JobLevel": 2,
    "JobRole": "Sales Executive",
    "JobSatisfaction": 2,
    "MaritalStatus": "Married",
    "MonthlyIncome": 4851,
    "MonthlyRate": 15678,
    "Norm_EnvironmentSatisfaction": 1,
    "Norm_JobInvolvement": 1,
    "Norm_JobLevel": 0.25,
    "Norm_JobSatisfaction": 0.3333333333333333,
    "Norm_MonthlyIncome": 0.20231700895208,
    "Norm_NumCompaniesWorked": 0,
    "Norm_PercentSalaryHike": 0.7857142857142857,
    "Norm_PerformanceRating": 1,
    "Norm_RelationshipSatisfaction": 0.6666666666666666,
    "Norm_TotalWorkingYears": 0.1,
    "Norm_TrainingTimesLastYear": 0.6666666666666666,
    "Norm_WorkLifeBalance": 0.6666666666666666,
    "Norm_YearsAtCompany": 0.075,
    "Norm_YearsSinceLastPromotion": 0.0666666666666666,
    "NumCompaniesWorked": 0,
    "Over18": "Y",
    "OverTime": "No",
    "OverTime_bin": 0,
    "PercentSalaryHike": 22,
    "PerformanceRating": 4,
    "Prob_N01": 0.0001159580390248,
    "Prob_N02": 0.0304748479362305,
    "Prob_N03": 0.0828392253701081,
    "Prob_P01": 0.0010871595225356,
    "Prob_P02": 0.0209450362593564,
    "Prob_P03": 0.0002865721388156,
    "Prob_P04": 0.0071333181646184,
    "Prob_S01": 0.0011240089179593,
    "Prob_S02": 0.8301974718045112,
    "Prob_S03": 0.0257964018468396,
    "RelationshipSatisfaction": 3,
    "Score_N01": 0.0428571428571428,
    "Score_N02": 0.6,
    "Score_N03": 0.7,
    "Score_P01": 0.2666666666666667,
    "Score_P02": 0.5625,
    "Score_P03": 0.1333333333333333,
    "Score_P04": 0.4547874821334537,
    "Score_S01": 0.27,
    "Score_S02": 0.9304761904761906,
    "Score_S03": 0.5833333333333334,
    "StandardHours": 80,
    "StockOptionLevel": 1,
    "TotalWorkingYears": 4,
    "TrainingTimesLastYear": 4,
    "WorkLifeBalance": 3,
    "YearsAtCompany": 3,
    "YearsInCurrentRole": 2,
    "YearsSinceLastPromotion": 1,
    "YearsWithCurrManager": 2,
    "argmax_Persona": "라이징 스타",
    "argmax_Persona_Code": "S02",
    "argmax_RiskTier": "Stable",
    "is_married": 1,
    "softmax_Persona": "라이징 스타",
    "softmax_Persona_Code": "S02",
    "softmax_RiskTier": "Stable"
  },
  "employee_id": 707,
  "feature_importance": {},
  "lime_explanation": {},
  "model_interpretation": {},
  "predicted_attrition": 0,
  "risk_score": 1.562163197377231e-05,
  "shap_values": {},
  "xai_explanation": {}
}