{
  "confidence": 0.8,
  "employee_id": "1965",
  "features_used": 11,
  "model_metadata": {
    "feature_dimensions": 11,
    "model_type": "GRU_CNN_Hybrid",
    "sequence_length": 50,
    "training_optimized": true
  },
  "predicted_attrition": 0,
  "risk_score": 5.002064540349238e-07,
  "sequence_length": 50,
  "xai_explanation": {
    "attention_weights": [
      [
        0.020001139491796494,
        0.020000064745545387,
        0.020000092685222626,
        0.020000115036964417,
        0.020000126212835312,
        0.020000124350190163,
        0.020000118762254715,
        0.02000010758638382,
        0.020000092685222626,
        0.020000088959932327,
        0.020000074058771133,
        0.02000005915760994,
        0.020000047981739044,
        0.02000003680586815,
        0.020000021904706955,
        0.02000000700354576,
        0.019999997690320015,
        0.01999998837709427,
        0.019999979063868523,
        0.019999966025352478,
        0.01999996043741703,
        0.019999949261546135,
        0.019999945536255836,
        0.01999993994832039,
        0.01999993436038494,
        0.019999928772449493,
        0.019999923184514046,
        0.019999921321868896,
        0.019999917596578598,
        0.01999991200864315,
        0.019999910145998,
        0.019999906420707703,
        0.019999902695417404,
        0.019999900832772255,
        0.019999897107481956,
        0.019999897107481956,
        0.019999893382191658,
        0.019999893382191658,
        0.01999988965690136,
        0.01999988965690136,
        0.01999988779425621,
        0.01999988779425621,
        0.01999988779425621,
        0.01999988593161106,
        0.01999988593161106,
        0.01999988593161106,
        0.019999884068965912,
        0.019999884068965912,
        0.019999884068965912,
        0.019999884068965912
      ]
    ],
    "feature_names": [
      "day_of_week",
      "day_index",
      "system_login_hours",
      "work_focused_hours",
      "meeting_collaboration_hours",
      "social_dining_hours",
      "break_relaxation_hours",
      "shared_work_hours",
      "internal_comm_volume",
      "cafeteria_usage",
      "convenience_food_usage"
    ],
    "gradient_importance": [
      2.544298327578076e-09,
      1.2112315594947631e-09,
      3.93769639117636e-09,
      7.023275738760049e-09,
      8.124832362454981e-09,
      1.4720638041865186e-09,
      5.5743775817518326e-08,
      5.933770808042027e-09,
      1.8486280950469336e-08,
      3.592313291278515e-08,
      4.306323830860492e-08
    ],
    "sequence_importance": {
      "timestep_0": 3.906900758465781e-07,
      "timestep_1": 8.36851938856853e-08,
      "timestep_10": 1.302856951555624e-14,
      "timestep_11": 1.0643907494755842e-14,
      "timestep_12": 8.397669292261635e-15,
      "timestep_13": 7.142323265750452e-15,
      "timestep_14": 5.6479136248215305e-15,
      "timestep_15": 5.060509828427829e-15,
      "timestep_16": 3.761938016552365e-15,
      "timestep_17": 3.352391233807806e-15,
      "timestep_18": 3.072558017814587e-15,
      "timestep_19": 2.806691739846881e-15,
      "timestep_2": 8.085892388596735e-14,
      "timestep_20": 2.0600417259628717e-15,
      "timestep_21": 1.9278027304792935e-15,
      "timestep_22": 1.3084015233492323e-15,
      "timestep_23": 1.347574256060902e-15,
      "timestep_24": 1.041927181604516e-15,
      "timestep_25": 9.704999636569946e-16,
      "timestep_26": 9.550005312716618e-16,
      "timestep_27": 6.065743225119934e-16,
      "timestep_28": 6.197123858590588e-16,
      "timestep_29": 4.558624384213054e-16,
      "timestep_3": 6.693179132677765e-14,
      "timestep_30": 4.037547979210133e-16,
      "timestep_31": 3.4365701621993266e-16,
      "timestep_32": 3.2556965995272154e-16,
      "timestep_33": 2.423214090119968e-16,
      "timestep_34": 2.5873111064805235e-16,
      "timestep_35": 1.5595687091876425e-16,
      "timestep_36": 1.4555971354478513e-16,
      "timestep_37": 1.351625429359162e-16,
      "timestep_38": 1.2476539879682688e-16,
      "timestep_39": 7.33669366316235e-17,
      "timestep_4": 5.1966470812929086e-14,
      "timestep_40": 6.669720729904103e-17,
      "timestep_41": 6.002747796645855e-17,
      "timestep_42": 3.5571833525491537e-17,
      "timestep_43": 3.112535722993724e-17,
      "timestep_44": 2.667887100821559e-17,
      "timestep_45": 2.223239140393884e-17,
      "timestep_46": 6.565963417415333e-08,
      "timestep_47": 7.830287529486668e-08,
      "timestep_48": 1.0854353860167976e-07,
      "timestep_49": 1.070437818384562e-07,
      "timestep_5": 3.954970980704284e-14,
      "timestep_6": 3.283309428915408e-14,
      "timestep_7": 2.4944390154238612e-14,
      "timestep_8": 1.992746652369412e-14,
      "timestep_9": 1.5825946645840402e-14
    },
    "temporal_importance": [
      3.906900758465781e-07,
      8.36851938856853e-08,
      8.085892388596735e-14,
      6.693179132677765e-14,
      5.1966470812929086e-14,
      3.954970980704284e-14,
      3.283309428915408e-14,
      2.4944390154238612e-14,
      1.992746652369412e-14,
      1.5825946645840402e-14,
      1.302856951555624e-14,
      1.0643907494755842e-14,
      8.397669292261635e-15,
      7.142323265750452e-15,
      5.6479136248215305e-15,
      5.060509828427829e-15,
      3.761938016552365e-15,
      3.352391233807806e-15,
      3.072558017814587e-15,
      2.806691739846881e-15,
      2.0600417259628717e-15,
      1.9278027304792935e-15,
      1.3084015233492323e-15,
      1.347574256060902e-15,
      1.041927181604516e-15,
      9.704999636569946e-16,
      9.550005312716618e-16,
      6.065743225119934e-16,
      6.197123858590588e-16,
      4.558624384213054e-16,
      4.037547979210133e-16,
      3.4365701621993266e-16,
      3.2556965995272154e-16,
      2.423214090119968e-16,
      2.5873111064805235e-16,
      1.5595687091876425e-16,
      1.4555971354478513e-16,
      1.351625429359162e-16,
      1.2476539879682688e-16,
      7.33669366316235e-17,
      6.669720729904103e-17,
      6.002747796645855e-17,
      3.5571833525491537e-17,
      3.112535722993724e-17,
      2.667887100821559e-17,
      2.223239140393884e-17,
      6.565963417415333e-08,
      7.830287529486668e-08,
      1.0854353860167976e-07,
      1.070437818384562e-07
    ],
    "trend_analysis": {
      "confidence_level": "high",
      "prediction_trend": "stable"
    }
  }
}