{
  "confidence": 0.8,
  "employee_id": "1708",
  "features_used": 11,
  "model_metadata": {
    "feature_dimensions": 11,
    "model_type": "GRU_CNN_Hybrid",
    "sequence_length": 50,
    "training_optimized": true
  },
  "predicted_attrition": 0,
  "risk_score": 4.409160325735684e-08,
  "sequence_length": 50,
  "xai_explanation": {
    "attention_weights": [
      [
        0.02000153809785843,
        0.020000336691737175,
        0.020000319927930832,
        0.020000308752059937,
        0.020000288262963295,
        0.02000025101006031,
        0.020000221207737923,
        0.020000193268060684,
        0.020000172778964043,
        0.020000144839286804,
        0.020000118762254715,
        0.020000092685222626,
        0.020000062882900238,
        0.02000003680586815,
        0.020000016316771507,
        0.019999997690320015,
        0.01999998651444912,
        0.019999969750642776,
        0.019999954849481583,
        0.01999993994832039,
        0.019999928772449493,
        0.019999919459223747,
        0.019999906420707703,
        0.019999900832772255,
        0.019999893382191658,
        0.019999884068965912,
        0.019999878481030464,
        0.019999871030449867,
        0.019999869167804718,
        0.01999986357986927,
        0.019999859854578972,
        0.019999854266643524,
        0.019999850541353226,
        0.019999844953417778,
        0.019999844953417778,
        0.01999984122812748,
        0.01999984122812748,
        0.019999835640192032,
        0.019999833777546883,
        0.019999831914901733,
        0.019999831914901733,
        0.019999831914901733,
        0.019999828189611435,
        0.019999826326966286,
        0.019999826326966286,
        0.019999826326966286,
        0.019999826326966286,
        0.019999826326966286,
        0.019999824464321136,
        0.019999824464321136
      ]
    ],
    "feature_names": [
      "day_of_week",
      "day_index",
      "system_login_hours",
      "work_focused_hours",
      "meeting_collaboration_hours",
      "social_dining_hours",
      "break_relaxation_hours",
      "shared_work_hours",
      "internal_comm_volume",
      "cafeteria_usage",
      "convenience_food_usage"
    ],
    "gradient_importance": [
      2.984265612404613e-10,
      8.402067236401578e-11,
      3.72575359453009e-10,
      6.328078061557108e-10,
      7.313754046833765e-10,
      1.5391662944175266e-10,
      5.0305519749827e-09,
      5.314316209314995e-10,
      1.6624422949362838e-09,
      3.2397682314666554e-09,
      3.884333743542356e-09
    ],
    "sequence_importance": {
      "timestep_0": 3.525641645296673e-08,
      "timestep_1": 7.49126982668713e-09,
      "timestep_10": 1.1817004292748027e-15,
      "timestep_11": 1.0260539959312072e-15,
      "timestep_12": 1.0264192788897106e-15,
      "timestep_13": 8.685560015044729e-16,
      "timestep_14": 6.400870751909914e-16,
      "timestep_15": 5.366230065355034e-16,
      "timestep_16": 3.9382643357867004e-16,
      "timestep_17": 4.1585236070171565e-16,
      "timestep_18": 3.2946296748543713e-16,
      "timestep_19": 3.1303285764930865e-16,
      "timestep_2": 5.456262679626352e-15,
      "timestep_20": 2.7142067004954664e-16,
      "timestep_21": 2.380100113104724e-16,
      "timestep_22": 2.0425573512749873e-16,
      "timestep_23": 1.5417586503315388e-16,
      "timestep_24": 1.350626592225892e-16,
      "timestep_25": 1.1773339744317068e-16,
      "timestep_26": 1.0528477921050084e-16,
      "timestep_27": 8.100383200618257e-17,
      "timestep_28": 7.038632695190912e-17,
      "timestep_29": 7.190208579357579e-17,
      "timestep_3": 4.705159178263916e-15,
      "timestep_30": 5.333389274501005e-17,
      "timestep_31": 4.6020974237885945e-17,
      "timestep_32": 4.772108516831108e-17,
      "timestep_33": 3.4817444806843175e-17,
      "timestep_34": 2.544084798338095e-17,
      "timestep_35": 2.3850785161649866e-17,
      "timestep_36": 1.9401807471923207e-17,
      "timestep_37": 1.8015958999819216e-17,
      "timestep_38": 1.9080606622623966e-17,
      "timestep_39": 1.1672259596952068e-17,
      "timestep_4": 3.644407112923147e-15,
      "timestep_40": 1.0611142381001693e-17,
      "timestep_41": 7.547743502499335e-18,
      "timestep_42": 5.496365361869878e-18,
      "timestep_43": 3.2062134724160173e-18,
      "timestep_44": 2.7481820605494795e-18,
      "timestep_45": 2.2901518894538606e-18,
      "timestep_46": 6.97996860310468e-09,
      "timestep_47": 7.162990200981767e-09,
      "timestep_48": 1.0312529497014111e-08,
      "timestep_49": 8.3497573299951e-09,
      "timestep_5": 3.2011382544825003e-15,
      "timestep_6": 2.6259073803320274e-15,
      "timestep_7": 2.1074711240861395e-15,
      "timestep_8": 1.59669871606789e-15,
      "timestep_9": 1.3989905323877772e-15
    },
    "temporal_importance": [
      3.525641645296673e-08,
      7.49126982668713e-09,
      5.456262679626352e-15,
      4.705159178263916e-15,
      3.644407112923147e-15,
      3.2011382544825003e-15,
      2.6259073803320274e-15,
      2.1074711240861395e-15,
      1.59669871606789e-15,
      1.3989905323877772e-15,
      1.1817004292748027e-15,
      1.0260539959312072e-15,
      1.0264192788897106e-15,
      8.685560015044729e-16,
      6.400870751909914e-16,
      5.366230065355034e-16,
      3.9382643357867004e-16,
      4.1585236070171565e-16,
      3.2946296748543713e-16,
      3.1303285764930865e-16,
      2.7142067004954664e-16,
      2.380100113104724e-16,
      2.0425573512749873e-16,
      1.5417586503315388e-16,
      1.350626592225892e-16,
      1.1773339744317068e-16,
      1.0528477921050084e-16,
      8.100383200618257e-17,
      7.038632695190912e-17,
      7.190208579357579e-17,
      5.333389274501005e-17,
      4.6020974237885945e-17,
      4.772108516831108e-17,
      3.4817444806843175e-17,
      2.544084798338095e-17,
      2.3850785161649866e-17,
      1.9401807471923207e-17,
      1.8015958999819216e-17,
      1.9080606622623966e-17,
      1.1672259596952068e-17,
      1.0611142381001693e-17,
      7.547743502499335e-18,
      5.496365361869878e-18,
      3.2062134724160173e-18,
      2.7481820605494795e-18,
      2.2901518894538606e-18,
      6.97996860310468e-09,
      7.162990200981767e-09,
      1.0312529497014111e-08,
      8.3497573299951e-09
    ],
    "trend_analysis": {
      "confidence_level": "high",
      "prediction_trend": "stable"
    }
  }
}