{
  "prediction": {
    "employee_id": "376",
    "attrition_probability": 0.744049072265625,
    "attrition_prediction": 1,
    "risk_category": "HIGH",
    "confidence_score": 0.48809814453125,
    "prediction_timestamp": "2025-09-23T22:52:09.891930"
  },
  "explanation": {
    "employee_id": "376",
    "feature_importance": {
      "RelationshipSatisfaction": 0.03405288979411125,
      "Education": 0.02487798221409321,
      "JobInvolvement": 0.03501373156905174,
      "EnvironmentSatisfaction": 0.048257846385240555,
      "JobLevel": 0.07228615880012512,
      "JobSatisfaction": 0.04019258916378021,
      "StockOptionLevel": 0.07264421880245209,
      "WorkLifeBalance": 0.03580893576145172,
      "Department": 0.037670474499464035,
      "JobRole": 0.046762410551309586,
      "MaritalStatus": 0.036864522844552994,
      "OverTime": 0.0779639258980751,
      "Age": 0.04039482772350311,
      "DailyRate": 0.03578038513660431,
      "DistanceFromHome": 0.036774344742298126,
      "MonthlyIncome": 0.04666806384921074,
      "NumCompaniesWorked": 0.050036631524562836,
      "TotalWorkingYears": 0.04981709271669388,
      "TrainingTimesLastYear": 0.02378365956246853,
      "YearsAtCompany": 0.02968277968466282,
      "YearsInCurrentRole": 0.03649982064962387,
      "YearsSinceLastPromotion": 0.03537580743432045,
      "YearsWithCurrManager": 0.05279093235731125
    },
    "shap_values": {
      "RelationshipSatisfaction": 0.1198107898235321,
      "Education": -0.024552015587687492,
      "JobInvolvement": -0.06389602273702621,
      "EnvironmentSatisfaction": 0.7139655351638794,
      "JobLevel": 0.09952866286039352,
      "JobSatisfaction": 0.13911642134189606,
      "StockOptionLevel": -0.19671659171581268,
      "WorkLifeBalance": 0.05202626436948776,
      "Department": -0.07691042870283127,
      "JobRole": -0.13079874217510223,
      "MaritalStatus": -0.16436760127544403,
      "OverTime": -0.4686316251754761,
      "Age": 0.13469666242599487,
      "DailyRate": 0.19012409448623657,
      "DistanceFromHome": 0.663167417049408,
      "MonthlyIncome": -0.22894567251205444,
      "NumCompaniesWorked": -0.12588350474834442,
      "TotalWorkingYears": 0.05078606680035591,
      "TrainingTimesLastYear": 0.09218347072601318,
      "YearsAtCompany": 0.007235202006995678,
      "YearsInCurrentRole": 0.00608208030462265,
      "YearsSinceLastPromotion": 0.3306213319301605,
      "YearsWithCurrManager": -0.3268057107925415
    },
    "lime_explanation": {
      "features": [
        "OverTime=0",
        "NumCompaniesWorked <= 1.00",
        "DistanceFromHome > 14.00",
        "EnvironmentSatisfaction <= 2.00",
        "WorkLifeBalance <= 2.00",
        "0.00 < StockOptionLevel <= 1.00",
        "2.00 < JobInvolvement <= 3.00",
        "JobSatisfaction <= 2.00",
        "MonthlyIncome > 8201.00",
        "YearsWithCurrManager > 7.00"
      ],
      "values": [
        -0.20960860001998075,
        -0.12004204889220016,
        0.1119102473563698,
        0.11167481782461737,
        0.08895784780363722,
        -0.08689392938782105,
        -0.06976979588747328,
        0.06121866420362654,
        -0.055600143691007145,
        -0.055588644962684175
      ],
      "intercept": 0.4837473052147115
    },
    "top_risk_factors": [
      {
        "feature": "EnvironmentSatisfaction",
        "impact": 0.7139655351638794,
        "type": "risk"
      },
      {
        "feature": "DistanceFromHome",
        "impact": 0.663167417049408,
        "type": "risk"
      },
      {
        "feature": "YearsSinceLastPromotion",
        "impact": 0.3306213319301605,
        "type": "risk"
      }
    ],
    "top_protective_factors": [
      {
        "feature": "OverTime",
        "impact": 0.4686316251754761,
        "type": "protective"
      },
      {
        "feature": "YearsWithCurrManager",
        "impact": 0.3268057107925415,
        "type": "protective"
      }
    ],
    "explanation_timestamp": "2025-09-23T22:52:09.981438"
  },
  "agent_type": "structura",
  "analysis_type": "individual"
}