{
  "prediction": {
    "risk_score": 1.3999776606428872e-30,
    "attrition_probability": 1.3999776606428872e-30
  },
  "confidence": 0.8
}