{
  "prediction": {
    "employee_id": "364",
    "attrition_probability": 0.824135422706604,
    "attrition_prediction": 1,
    "risk_category": "HIGH",
    "confidence_score": 0.648270845413208,
    "prediction_timestamp": "2025-09-23T22:52:09.127932"
  },
  "explanation": {
    "employee_id": "364",
    "feature_importance": {
      "RelationshipSatisfaction": 0.03405288979411125,
      "Education": 0.02487798221409321,
      "JobInvolvement": 0.03501373156905174,
      "EnvironmentSatisfaction": 0.048257846385240555,
      "JobLevel": 0.07228615880012512,
      "JobSatisfaction": 0.04019258916378021,
      "StockOptionLevel": 0.07264421880245209,
      "WorkLifeBalance": 0.03580893576145172,
      "Department": 0.037670474499464035,
      "JobRole": 0.046762410551309586,
      "MaritalStatus": 0.036864522844552994,
      "OverTime": 0.0779639258980751,
      "Age": 0.04039482772350311,
      "DailyRate": 0.03578038513660431,
      "DistanceFromHome": 0.036774344742298126,
      "MonthlyIncome": 0.04666806384921074,
      "NumCompaniesWorked": 0.050036631524562836,
      "TotalWorkingYears": 0.04981709271669388,
      "TrainingTimesLastYear": 0.02378365956246853,
      "YearsAtCompany": 0.02968277968466282,
      "YearsInCurrentRole": 0.03649982064962387,
      "YearsSinceLastPromotion": 0.03537580743432045,
      "YearsWithCurrManager": 0.05279093235731125
    },
    "shap_values": {
      "RelationshipSatisfaction": -0.14548037946224213,
      "Education": -0.013419970870018005,
      "JobInvolvement": -0.08673159778118134,
      "EnvironmentSatisfaction": 0.5130633115768433,
      "JobLevel": 0.040187638252973557,
      "JobSatisfaction": 0.00544377975165844,
      "StockOptionLevel": 0.3529825806617737,
      "WorkLifeBalance": 0.5136979818344116,
      "Department": -0.07068632543087006,
      "JobRole": -0.04813075438141823,
      "MaritalStatus": -0.13492317497730255,
      "OverTime": -0.5129324197769165,
      "Age": 0.571486234664917,
      "DailyRate": 0.06966868788003922,
      "DistanceFromHome": -0.37627941370010376,
      "MonthlyIncome": 0.024178339168429375,
      "NumCompaniesWorked": -0.17271527647972107,
      "TotalWorkingYears": -0.02226816490292549,
      "TrainingTimesLastYear": -0.04381570219993591,
      "YearsAtCompany": 0.13592882454395294,
      "YearsInCurrentRole": 0.1307598203420639,
      "YearsSinceLastPromotion": -0.09772460162639618,
      "YearsWithCurrManager": 0.6370455622673035
    },
    "lime_explanation": {
      "features": [
        "OverTime=0",
        "StockOptionLevel <= 0.00",
        "EnvironmentSatisfaction <= 2.00",
        "DistanceFromHome <= 2.00",
        "WorkLifeBalance <= 2.00",
        "2.00 < JobInvolvement <= 3.00",
        "Age <= 30.00",
        "YearsWithCurrManager <= 2.00",
        "2.00 < RelationshipSatisfaction <= 3.00",
        "YearsInCurrentRole <= 2.00"
      ],
      "values": [
        -0.21022419467530193,
        0.11640147648944472,
        0.11302861453808556,
        -0.09957037587230719,
        0.08717627626300757,
        -0.07805340756546145,
        0.07403117829544659,
        0.06420155118420418,
        -0.050093897872868914,
        0.04631613299930958
      ],
      "intercept": 0.34438423635425924
    },
    "top_risk_factors": [
      {
        "feature": "YearsWithCurrManager",
        "impact": 0.6370455622673035,
        "type": "risk"
      },
      {
        "feature": "Age",
        "impact": 0.571486234664917,
        "type": "risk"
      },
      {
        "feature": "WorkLifeBalance",
        "impact": 0.5136979818344116,
        "type": "risk"
      },
      {
        "feature": "EnvironmentSatisfaction",
        "impact": 0.5130633115768433,
        "type": "risk"
      }
    ],
    "top_protective_factors": [
      {
        "feature": "OverTime",
        "impact": 0.5129324197769165,
        "type": "protective"
      }
    ],
    "explanation_timestamp": "2025-09-23T22:52:09.213184"
  },
  "agent_type": "structura",
  "analysis_type": "individual"
}