{
  "prediction": {
    "employee_id": "1156",
    "attrition_probability": 0.7590599656105042,
    "attrition_prediction": 1,
    "risk_category": "HIGH",
    "confidence_score": 0.5181199312210083,
    "prediction_timestamp": "2025-09-23T22:53:05.245281"
  },
  "explanation": {
    "employee_id": "1156",
    "feature_importance": {
      "RelationshipSatisfaction": 0.03405288979411125,
      "Education": 0.02487798221409321,
      "JobInvolvement": 0.03501373156905174,
      "EnvironmentSatisfaction": 0.048257846385240555,
      "JobLevel": 0.07228615880012512,
      "JobSatisfaction": 0.04019258916378021,
      "StockOptionLevel": 0.07264421880245209,
      "WorkLifeBalance": 0.03580893576145172,
      "Department": 0.037670474499464035,
      "JobRole": 0.046762410551309586,
      "MaritalStatus": 0.036864522844552994,
      "OverTime": 0.0779639258980751,
      "Age": 0.04039482772350311,
      "DailyRate": 0.03578038513660431,
      "DistanceFromHome": 0.036774344742298126,
      "MonthlyIncome": 0.04666806384921074,
      "NumCompaniesWorked": 0.050036631524562836,
      "TotalWorkingYears": 0.04981709271669388,
      "TrainingTimesLastYear": 0.02378365956246853,
      "YearsAtCompany": 0.02968277968466282,
      "YearsInCurrentRole": 0.03649982064962387,
      "YearsSinceLastPromotion": 0.03537580743432045,
      "YearsWithCurrManager": 0.05279093235731125
    },
    "shap_values": {
      "RelationshipSatisfaction": -0.3065672218799591,
      "Education": -0.29348868131637573,
      "JobInvolvement": -0.08283890783786774,
      "EnvironmentSatisfaction": -0.15983909368515015,
      "JobLevel": 0.0723104402422905,
      "JobSatisfaction": -0.038832828402519226,
      "StockOptionLevel": 0.24366405606269836,
      "WorkLifeBalance": -0.1951029896736145,
      "Department": -0.064959317445755,
      "JobRole": 0.0701650083065033,
      "MaritalStatus": -0.22993338108062744,
      "OverTime": -0.7521710395812988,
      "Age": 0.42805618047714233,
      "DailyRate": 0.24240534007549286,
      "DistanceFromHome": -0.027830637991428375,
      "MonthlyIncome": 0.5989426970481873,
      "NumCompaniesWorked": -0.12579509615898132,
      "TotalWorkingYears": 0.399303674697876,
      "TrainingTimesLastYear": 0.21881870925426483,
      "YearsAtCompany": 0.09164862334728241,
      "YearsInCurrentRole": 0.09836959093809128,
      "YearsSinceLastPromotion": -0.08048956096172333,
      "YearsWithCurrManager": 0.7664119005203247
    },
    "lime_explanation": {
      "features": [
        "OverTime=0",
        "StockOptionLevel <= 0.00",
        "NumCompaniesWorked <= 1.00",
        "MonthlyIncome <= 2922.25",
        "2.00 < JobInvolvement <= 3.00",
        "Age <= 30.00",
        "2.00 < WorkLifeBalance <= 3.00",
        "YearsWithCurrManager <= 2.00",
        "3.00 < RelationshipSatisfaction <= 4.00",
        "DailyRate <= 471.75"
      ],
      "values": [
        -0.2074072898775025,
        0.11792659055536941,
        -0.11202629710906858,
        0.09637468984972704,
        -0.07762567798258832,
        0.06917208815200414,
        -0.06761065618119687,
        0.059912753889726195,
        -0.05238597212279458,
        0.05157781661744055
      ],
      "intercept": 0.46385804535596964
    },
    "top_risk_factors": [
      {
        "feature": "YearsWithCurrManager",
        "impact": 0.7664119005203247,
        "type": "risk"
      },
      {
        "feature": "MonthlyIncome",
        "impact": 0.5989426970481873,
        "type": "risk"
      },
      {
        "feature": "Age",
        "impact": 0.42805618047714233,
        "type": "risk"
      },
      {
        "feature": "TotalWorkingYears",
        "impact": 0.399303674697876,
        "type": "risk"
      }
    ],
    "top_protective_factors": [
      {
        "feature": "OverTime",
        "impact": 0.7521710395812988,
        "type": "protective"
      }
    ],
    "explanation_timestamp": "2025-09-23T22:53:05.315426"
  },
  "agent_type": "structura",
  "analysis_type": "individual"
}