{
  "confidence": 0.7,
  "employee_data": {
    "Age": 38,
    "AgeFactor": 1,
    "Attrition": "No",
    "BusinessTravel": "Travel_Rarely",
    "DailyRate": 1035,
    "Department": "Sales",
    "DistanceFromHome": 3,
    "Education": 4,
    "EducationField": "Life Sciences",
    "EmployeeCount": 1,
    "EmployeeNumber": 1036,
    "EnvironmentSatisfaction": 2,
    "Gender": "Male",
    "HourlyRate": 42,
    "JobInvolvement": 3,
    "JobLevel": 2,
    "JobRole": "Sales Executive",
    "JobSatisfaction": 4,
    "MaritalStatus": "Single",
    "MonthlyIncome": 6861,
    "MonthlyRate": 4981,
    "Norm_EnvironmentSatisfaction": 0.3333333333333333,
    "Norm_JobInvolvement": 0.6666666666666666,
    "Norm_JobLevel": 0.25,
    "Norm_JobSatisfaction": 1,
    "Norm_MonthlyIncome": 0.3081621906266456,
    "Norm_NumCompaniesWorked": 0.8888888888888888,
    "Norm_PercentSalaryHike": 0.0714285714285714,
    "Norm_PerformanceRating": 0,
    "Norm_RelationshipSatisfaction": 0.6666666666666666,
    "Norm_TotalWorkingYears": 0.475,
    "Norm_TrainingTimesLastYear": 0.1666666666666666,
    "Norm_WorkLifeBalance": 0.6666666666666666,
    "Norm_YearsAtCompany": 0.025,
    "Norm_YearsSinceLastPromotion": 0,
    "NumCompaniesWorked": 8,
    "Over18": "Y",
    "OverTime": "Yes",
    "OverTime_bin": 1,
    "PercentSalaryHike": 12,
    "PerformanceRating": 3,
    "Prob_N01": 0.141338486538902,
    "Prob_N02": 0.0021397338171395,
    "Prob_N03": 0.0041676323944384,
    "Prob_P01": 0.0599802157361871,
    "Prob_P02": 0.2802498247963992,
    "Prob_P03": 0.004923475926166,
    "Prob_P04": 0.223404729113912,
    "Prob_S01": 0.0019147179470937,
    "Prob_S02": 0.0130685064283725,
    "Prob_S03": 0.2688126773013893,
    "RelationshipSatisfaction": 3,
    "Score_N01": 0.6523809523809524,
    "Score_N02": 0.2333333333333333,
    "Score_N03": 0.3,
    "Score_P01": 0.5666666666666667,
    "Score_P02": 0.7208333333333334,
    "Score_P03": 0.3166666666666666,
    "Score_P04": 0.6981636951779133,
    "Score_S01": 0.2222222222222222,
    "Score_S02": 0.4142857142857143,
    "Score_S03": 0.7166666666666668,
    "StandardHours": 80,
    "StockOptionLevel": 0,
    "TotalWorkingYears": 19,
    "TrainingTimesLastYear": 1,
    "WorkLifeBalance": 3,
    "YearsAtCompany": 1,
    "YearsInCurrentRole": 0,
    "YearsSinceLastPromotion": 0,
    "YearsWithCurrManager": 0,
    "argmax_Persona": "온보딩에 실패한 직원",
    "argmax_Persona_Code": "P02",
    "argmax_RiskTier": "High",
    "is_married": 0,
    "softmax_Persona": "저평가된 전문가",
    "softmax_Persona_Code": "P04",
    "softmax_RiskTier": "High"
  },
  "employee_id": 1036,
  "feature_importance": {},
  "lime_explanation": {},
  "model_interpretation": {},
  "predicted_attrition": 0,
  "risk_score": 0.007273481227457523,
  "shap_values": {},
  "xai_explanation": {}
}