{
  "prediction": {
    "employee_id": "1428",
    "attrition_probability": 0.2170044481754303,
    "attrition_prediction": 1,
    "risk_category": "LOW",
    "confidence_score": 0.5659911036491394,
    "prediction_timestamp": "2025-09-23T22:53:23.806635"
  },
  "explanation": {
    "employee_id": "1428",
    "feature_importance": {
      "RelationshipSatisfaction": 0.03405288979411125,
      "Education": 0.02487798221409321,
      "JobInvolvement": 0.03501373156905174,
      "EnvironmentSatisfaction": 0.048257846385240555,
      "JobLevel": 0.07228615880012512,
      "JobSatisfaction": 0.04019258916378021,
      "StockOptionLevel": 0.07264421880245209,
      "WorkLifeBalance": 0.03580893576145172,
      "Department": 0.037670474499464035,
      "JobRole": 0.046762410551309586,
      "MaritalStatus": 0.036864522844552994,
      "OverTime": 0.0779639258980751,
      "Age": 0.04039482772350311,
      "DailyRate": 0.03578038513660431,
      "DistanceFromHome": 0.036774344742298126,
      "MonthlyIncome": 0.04666806384921074,
      "NumCompaniesWorked": 0.050036631524562836,
      "TotalWorkingYears": 0.04981709271669388,
      "TrainingTimesLastYear": 0.02378365956246853,
      "YearsAtCompany": 0.02968277968466282,
      "YearsInCurrentRole": 0.03649982064962387,
      "YearsSinceLastPromotion": 0.03537580743432045,
      "YearsWithCurrManager": 0.05279093235731125
    },
    "shap_values": {
      "RelationshipSatisfaction": -0.03283347561955452,
      "Education": -0.039557453244924545,
      "JobInvolvement": -0.0832788497209549,
      "EnvironmentSatisfaction": -0.388872891664505,
      "JobLevel": -0.10087218135595322,
      "JobSatisfaction": 0.3794092535972595,
      "StockOptionLevel": -0.5131749510765076,
      "WorkLifeBalance": -0.14947184920310974,
      "Department": 0.013653922826051712,
      "JobRole": -0.10922233760356903,
      "MaritalStatus": -0.12883490324020386,
      "OverTime": -0.489606112241745,
      "Age": 0.4698526859283447,
      "DailyRate": 0.032361950725317,
      "DistanceFromHome": -0.13580124080181122,
      "MonthlyIncome": -0.33936184644699097,
      "NumCompaniesWorked": 0.546055793762207,
      "TotalWorkingYears": -0.058672916144132614,
      "TrainingTimesLastYear": -0.08092762529850006,
      "YearsAtCompany": -0.023895230144262314,
      "YearsInCurrentRole": 0.04134508967399597,
      "YearsSinceLastPromotion": -0.09498781710863113,
      "YearsWithCurrManager": -0.2718014419078827
    },
    "lime_explanation": {
      "features": [
        "OverTime=0",
        "NumCompaniesWorked > 4.00",
        "RelationshipSatisfaction <= 2.00",
        "2.00 < JobInvolvement <= 3.00",
        "Age <= 30.00",
        "JobSatisfaction <= 2.00",
        "3.00 < EnvironmentSatisfaction <= 4.00",
        "YearsWithCurrManager <= 2.00",
        "2.00 < WorkLifeBalance <= 3.00",
        "StockOptionLevel > 1.00"
      ],
      "values": [
        -0.19758484156961553,
        0.156032287341238,
        0.08525811989121035,
        -0.076184315254371,
        0.0761568813152001,
        0.07344050343490446,
        -0.0697491684789594,
        0.06823586688643932,
        -0.06524646132401238,
        -0.057518048825864754
      ],
      "intercept": 0.40346077527393626
    },
    "top_risk_factors": [
      {
        "feature": "NumCompaniesWorked",
        "impact": 0.546055793762207,
        "type": "risk"
      },
      {
        "feature": "Age",
        "impact": 0.4698526859283447,
        "type": "risk"
      }
    ],
    "top_protective_factors": [
      {
        "feature": "StockOptionLevel",
        "impact": 0.5131749510765076,
        "type": "protective"
      },
      {
        "feature": "OverTime",
        "impact": 0.489606112241745,
        "type": "protective"
      },
      {
        "feature": "EnvironmentSatisfaction",
        "impact": 0.388872891664505,
        "type": "protective"
      }
    ],
    "explanation_timestamp": "2025-09-23T22:53:23.899654"
  },
  "agent_type": "structura",
  "analysis_type": "individual"
}