{
  "prediction": {
    "employee_id": "634",
    "attrition_probability": 0.021600086241960526,
    "attrition_prediction": 1,
    "risk_category": "LOW",
    "confidence_score": 0.956799827516079,
    "prediction_timestamp": "2025-09-23T22:52:29.565426"
  },
  "explanation": {
    "employee_id": "634",
    "feature_importance": {
      "RelationshipSatisfaction": 0.03405288979411125,
      "Education": 0.02487798221409321,
      "JobInvolvement": 0.03501373156905174,
      "EnvironmentSatisfaction": 0.048257846385240555,
      "JobLevel": 0.07228615880012512,
      "JobSatisfaction": 0.04019258916378021,
      "StockOptionLevel": 0.07264421880245209,
      "WorkLifeBalance": 0.03580893576145172,
      "Department": 0.037670474499464035,
      "JobRole": 0.046762410551309586,
      "MaritalStatus": 0.036864522844552994,
      "OverTime": 0.0779639258980751,
      "Age": 0.04039482772350311,
      "DailyRate": 0.03578038513660431,
      "DistanceFromHome": 0.036774344742298126,
      "MonthlyIncome": 0.04666806384921074,
      "NumCompaniesWorked": 0.050036631524562836,
      "TotalWorkingYears": 0.04981709271669388,
      "TrainingTimesLastYear": 0.02378365956246853,
      "YearsAtCompany": 0.02968277968466282,
      "YearsInCurrentRole": 0.03649982064962387,
      "YearsSinceLastPromotion": 0.03537580743432045,
      "YearsWithCurrManager": 0.05279093235731125
    },
    "shap_values": {
      "RelationshipSatisfaction": -0.3758491277694702,
      "Education": 0.06849855929613113,
      "JobInvolvement": -0.08412978798151016,
      "EnvironmentSatisfaction": -0.33733269572257996,
      "JobLevel": -0.06283058971166611,
      "JobSatisfaction": -0.0749782994389534,
      "StockOptionLevel": -0.34934157133102417,
      "WorkLifeBalance": -0.13310372829437256,
      "Department": -0.05378549546003342,
      "JobRole": -0.22154328227043152,
      "MaritalStatus": -0.145204558968544,
      "OverTime": -0.40843555331230164,
      "Age": -0.8649201989173889,
      "DailyRate": -0.6856986880302429,
      "DistanceFromHome": 0.11366614699363708,
      "MonthlyIncome": -0.24738553166389465,
      "NumCompaniesWorked": -0.19394756853580475,
      "TotalWorkingYears": -0.1628277450799942,
      "TrainingTimesLastYear": -0.04671512544155121,
      "YearsAtCompany": 0.09227553755044937,
      "YearsInCurrentRole": -0.0024339966475963593,
      "YearsSinceLastPromotion": -0.14120975136756897,
      "YearsWithCurrManager": 0.22872629761695862
    },
    "lime_explanation": {
      "features": [
        "OverTime=0",
        "0.00 < StockOptionLevel <= 1.00",
        "35.00 < Age <= 42.00",
        "DailyRate > 1162.00",
        "2.00 < WorkLifeBalance <= 3.00",
        "2.00 < JobInvolvement <= 3.00",
        "YearsWithCurrManager <= 2.00",
        "MonthlyIncome > 8201.00",
        "TotalWorkingYears > 15.00",
        "2.00 < EnvironmentSatisfaction <= 3.00"
      ],
      "values": [
        -0.2140361570570067,
        -0.09583254489251436,
        -0.07760731728454742,
        -0.07039595143637771,
        -0.0697681560291453,
        -0.06064599798519669,
        0.060076574631725124,
        -0.059588222472613875,
        -0.053689114271408156,
        -0.05326602931837267
      ],
      "intercept": 0.623539327894084
    },
    "top_risk_factors": [],
    "top_protective_factors": [
      {
        "feature": "Age",
        "impact": 0.8649201989173889,
        "type": "protective"
      },
      {
        "feature": "DailyRate",
        "impact": 0.6856986880302429,
        "type": "protective"
      },
      {
        "feature": "OverTime",
        "impact": 0.40843555331230164,
        "type": "protective"
      },
      {
        "feature": "RelationshipSatisfaction",
        "impact": 0.3758491277694702,
        "type": "protective"
      },
      {
        "feature": "StockOptionLevel",
        "impact": 0.34934157133102417,
        "type": "protective"
      }
    ],
    "explanation_timestamp": "2025-09-23T22:52:29.657006"
  },
  "agent_type": "structura",
  "analysis_type": "individual"
}