{
  "confidence": 0.8,
  "employee_id": "671",
  "features_used": 11,
  "model_metadata": {
    "feature_dimensions": 11,
    "model_type": "GRU_CNN_Hybrid",
    "sequence_length": 50,
    "training_optimized": true
  },
  "predicted_attrition": 0,
  "risk_score": 1.6855435539310847e-28,
  "sequence_length": 50,
  "xai_explanation": {
    "attention_weights": [
      [
        0.020009761676192284,
        0.0199991837143898,
        0.019999315962195396,
        0.019999446347355843,
        0.0199995469301939,
        0.01999962143599987,
        0.019999682903289795,
        0.019999727606773376,
        0.01999976672232151,
        0.0199997927993536,
        0.01999981515109539,
        0.019999828189611435,
        0.01999984309077263,
        0.019999850541353226,
        0.019999859854578972,
        0.01999986171722412,
        0.01999986730515957,
        0.01999986730515957,
        0.019999869167804718,
        0.019999869167804718,
        0.019999869167804718,
        0.019999869167804718,
        0.019999869167804718,
        0.019999869167804718,
        0.01999986730515957,
        0.01999986730515957,
        0.01999986730515957,
        0.01999986730515957,
        0.01999986357986927,
        0.01999986730515957,
        0.01999986357986927,
        0.01999986357986927,
        0.01999986357986927,
        0.01999986357986927,
        0.01999986171722412,
        0.01999986171722412,
        0.01999986171722412,
        0.01999986171722412,
        0.01999986171722412,
        0.01999986171722412,
        0.01999986171722412,
        0.01999986171722412,
        0.01999986171722412,
        0.01999986171722412,
        0.01999986171722412,
        0.01999986171722412,
        0.01999986171722412,
        0.01999986171722412,
        0.01999986171722412,
        0.01999986171722412
      ]
    ],
    "feature_names": [
      "day_of_week",
      "day_index",
      "system_login_hours",
      "work_focused_hours",
      "meeting_collaboration_hours",
      "social_dining_hours",
      "break_relaxation_hours",
      "shared_work_hours",
      "internal_comm_volume",
      "cafeteria_usage",
      "convenience_food_usage"
    ],
    "gradient_importance": [
      1.235980306019555e-30,
      7.2635925933072835e-31,
      1.9480933731544757e-30,
      2.431340605410287e-30,
      3.9806026631838745e-30,
      1.634047738151505e-30,
      2.4638375134930068e-29,
      2.964003363225514e-30,
      9.273452740303683e-30,
      1.5716030708233946e-29,
      1.9569359118591013e-29
    ],
    "sequence_importance": {
      "timestep_0": 1.7500635311448939e-28,
      "timestep_1": 6.779054329711896e-29,
      "timestep_10": 7.082063607919534e-36,
      "timestep_11": 5.6514093532759636e-36,
      "timestep_12": 4.455325914693943e-36,
      "timestep_13": 3.195797062633397e-36,
      "timestep_14": 2.6257004184711345e-36,
      "timestep_15": 1.8160467571580728e-36,
      "timestep_16": 1.3633618845169036e-36,
      "timestep_17": 1.0064703129955892e-36,
      "timestep_18": 9.287186511312025e-37,
      "timestep_19": 6.02541344711896e-37,
      "timestep_2": 5.655226209376611e-30,
      "timestep_20": 4.466925168337585e-37,
      "timestep_21": 3.650226226761407e-37,
      "timestep_22": 2.91128231016593e-37,
      "timestep_23": 2.2197758218080393e-37,
      "timestep_24": 1.6055516163809253e-37,
      "timestep_25": 1.0243970457769826e-37,
      "timestep_26": 9.834210608103363e-38,
      "timestep_27": 5.815820226875003e-38,
      "timestep_28": 5.562958161065133e-38,
      "timestep_29": 4.4214147496961996e-38,
      "timestep_3": 4.49361270701406e-35,
      "timestep_30": 4.2108702159507816e-38,
      "timestep_31": 3.8501619782489304e-38,
      "timestep_32": 3.023814031759043e-38,
      "timestep_33": 2.8558246902976266e-38,
      "timestep_34": 2.6878350685765175e-38,
      "timestep_35": 2.5198448863360226e-38,
      "timestep_36": 2.3518549843552206e-38,
      "timestep_37": 2.183865502763958e-38,
      "timestep_38": 1.1550180171421876e-38,
      "timestep_39": 1.0587664690037231e-38,
      "timestep_4": 3.4980734547444624e-35,
      "timestep_40": 0,
      "timestep_41": 0,
      "timestep_42": 0,
      "timestep_43": 0,
      "timestep_44": 0,
      "timestep_45": 0,
      "timestep_46": 0,
      "timestep_47": 2.5202088811121135e-29,
      "timestep_48": 3.99943396983659e-29,
      "timestep_49": 6.870421649979842e-29,
      "timestep_5": 2.579617187132851e-35,
      "timestep_6": 2.1766177752301422e-35,
      "timestep_7": 1.536028024850802e-35,
      "timestep_8": 1.307718093739824e-35,
      "timestep_9": 9.362181135263434e-36
    },
    "temporal_importance": [
      1.7500635311448939e-28,
      6.779054329711896e-29,
      5.655226209376611e-30,
      4.49361270701406e-35,
      3.4980734547444624e-35,
      2.579617187132851e-35,
      2.1766177752301422e-35,
      1.536028024850802e-35,
      1.307718093739824e-35,
      9.362181135263434e-36,
      7.082063607919534e-36,
      5.6514093532759636e-36,
      4.455325914693943e-36,
      3.195797062633397e-36,
      2.6257004184711345e-36,
      1.8160467571580728e-36,
      1.3633618845169036e-36,
      1.0064703129955892e-36,
      9.287186511312025e-37,
      6.02541344711896e-37,
      4.466925168337585e-37,
      3.650226226761407e-37,
      2.91128231016593e-37,
      2.2197758218080393e-37,
      1.6055516163809253e-37,
      1.0243970457769826e-37,
      9.834210608103363e-38,
      5.815820226875003e-38,
      5.562958161065133e-38,
      4.4214147496961996e-38,
      4.2108702159507816e-38,
      3.8501619782489304e-38,
      3.023814031759043e-38,
      2.8558246902976266e-38,
      2.6878350685765175e-38,
      2.5198448863360226e-38,
      2.3518549843552206e-38,
      2.183865502763958e-38,
      1.1550180171421876e-38,
      1.0587664690037231e-38,
      0,
      0,
      0,
      0,
      0,
      0,
      0,
      2.5202088811121135e-29,
      3.99943396983659e-29,
      6.870421649979842e-29
    ],
    "trend_analysis": {
      "confidence_level": "high",
      "prediction_trend": "stable"
    }
  }
}