{
  "confidence": 0.8,
  "employee_id": "846",
  "features_used": 11,
  "model_metadata": {
    "feature_dimensions": 11,
    "model_type": "GRU_CNN_Hybrid",
    "sequence_length": 50,
    "training_optimized": true
  },
  "predicted_attrition": 0,
  "risk_score": 2.2292902664276816e-19,
  "sequence_length": 50,
  "xai_explanation": {
    "attention_weights": [
      [
        0.020003248006105423,
        0.019999004900455475,
        0.01999923214316368,
        0.019999396055936813,
        0.0199995506554842,
        0.019999654963612556,
        0.01999974064528942,
        0.019999803975224495,
        0.019999856129288673,
        0.019999897107481956,
        0.019999930635094643,
        0.019999954849481583,
        0.019999973475933075,
        0.01999998837709427,
        0.019999997690320015,
        0.020000001415610313,
        0.02000000700354576,
        0.02000001259148121,
        0.020000014454126358,
        0.020000014454126358,
        0.020000016316771507,
        0.020000016316771507,
        0.020000018179416656,
        0.020000016316771507,
        0.020000016316771507,
        0.020000016316771507,
        0.020000016316771507,
        0.020000016316771507,
        0.020000016316771507,
        0.020000014454126358,
        0.020000014454126358,
        0.020000014454126358,
        0.02000001259148121,
        0.02000001259148121,
        0.02000001259148121,
        0.02000001259148121,
        0.02000001259148121,
        0.02000001259148121,
        0.02000001259148121,
        0.02000001259148121,
        0.02000001259148121,
        0.02000000886619091,
        0.02000000886619091,
        0.02000000886619091,
        0.02000000886619091,
        0.02000000886619091,
        0.02000000886619091,
        0.02000000886619091,
        0.02000000886619091,
        0.02000000886619091
      ]
    ],
    "feature_names": [
      "day_of_week",
      "day_index",
      "system_login_hours",
      "work_focused_hours",
      "meeting_collaboration_hours",
      "social_dining_hours",
      "break_relaxation_hours",
      "shared_work_hours",
      "internal_comm_volume",
      "cafeteria_usage",
      "convenience_food_usage"
    ],
    "gradient_importance": [
      2.098860338583028e-21,
      9.369436024296931e-22,
      2.326382061010385e-21,
      3.3404259243340528e-21,
      5.130721843092267e-21,
      1.7623204119477297e-21,
      3.2018888429266194e-20,
      4.052973359595296e-21,
      1.1253796272751776e-20,
      2.0362860235582736e-20,
      2.5501945973267165e-20
    ],
    "sequence_importance": {
      "timestep_0": 2.1986367623840563e-19,
      "timestep_1": 8.504508187712782e-20,
      "timestep_10": 1.4090200540006215e-26,
      "timestep_11": 9.841451941640221e-27,
      "timestep_12": 8.20834731934542e-27,
      "timestep_13": 6.045677443962239e-27,
      "timestep_14": 4.448036895663385e-27,
      "timestep_15": 3.348976083949643e-27,
      "timestep_16": 2.522501574321754e-27,
      "timestep_17": 1.7239322488440805e-27,
      "timestep_18": 1.6092465873297205e-27,
      "timestep_19": 1.1781459470955955e-27,
      "timestep_2": 1.5814258670638992e-20,
      "timestep_20": 8.57892686293164e-28,
      "timestep_21": 6.543979172559879e-28,
      "timestep_22": 4.753464251457426e-28,
      "timestep_23": 3.7076399952664362e-28,
      "timestep_24": 2.8225552966814632e-28,
      "timestep_25": 1.9905032457863802e-28,
      "timestep_26": 1.9732033393196788e-28,
      "timestep_27": 1.2638702204041137e-28,
      "timestep_28": 1.2122690201453896e-28,
      "timestep_29": 6.221369416099868e-29,
      "timestep_3": 7.479517348307928e-21,
      "timestep_30": 5.359499515952674e-29,
      "timestep_31": 5.628857670562243e-29,
      "timestep_32": 4.8235496245427176e-29,
      "timestep_33": 2.1641399437282633e-29,
      "timestep_34": 2.036837479037036e-29,
      "timestep_35": 1.909534863882532e-29,
      "timestep_36": 1.7822325496545816e-29,
      "timestep_37": 1.6549300849633543e-29,
      "timestep_38": 1.527627770735404e-29,
      "timestep_39": 1.4003254565074537e-29,
      "timestep_4": 6.812303256863707e-26,
      "timestep_40": 1.2730231422795033e-29,
      "timestep_41": 1.145720828051553e-29,
      "timestep_42": 0,
      "timestep_43": 0,
      "timestep_44": 0,
      "timestep_45": 0,
      "timestep_46": 8.643842722929505e-21,
      "timestep_47": 3.727835479547123e-20,
      "timestep_48": 5.430146684552258e-20,
      "timestep_49": 6.605593599444839e-20,
      "timestep_5": 4.6155964986105676e-26,
      "timestep_6": 3.7429678097188174e-26,
      "timestep_7": 2.9322770278385607e-26,
      "timestep_8": 2.2947099375520192e-26,
      "timestep_9": 1.7279324823757706e-26
    },
    "temporal_importance": [
      2.1986367623840563e-19,
      8.504508187712782e-20,
      1.5814258670638992e-20,
      7.479517348307928e-21,
      6.812303256863707e-26,
      4.6155964986105676e-26,
      3.7429678097188174e-26,
      2.9322770278385607e-26,
      2.2947099375520192e-26,
      1.7279324823757706e-26,
      1.4090200540006215e-26,
      9.841451941640221e-27,
      8.20834731934542e-27,
      6.045677443962239e-27,
      4.448036895663385e-27,
      3.348976083949643e-27,
      2.522501574321754e-27,
      1.7239322488440805e-27,
      1.6092465873297205e-27,
      1.1781459470955955e-27,
      8.57892686293164e-28,
      6.543979172559879e-28,
      4.753464251457426e-28,
      3.7076399952664362e-28,
      2.8225552966814632e-28,
      1.9905032457863802e-28,
      1.9732033393196788e-28,
      1.2638702204041137e-28,
      1.2122690201453896e-28,
      6.221369416099868e-29,
      5.359499515952674e-29,
      5.628857670562243e-29,
      4.8235496245427176e-29,
      2.1641399437282633e-29,
      2.036837479037036e-29,
      1.909534863882532e-29,
      1.7822325496545816e-29,
      1.6549300849633543e-29,
      1.527627770735404e-29,
      1.4003254565074537e-29,
      1.2730231422795033e-29,
      1.145720828051553e-29,
      0,
      0,
      0,
      0,
      8.643842722929505e-21,
      3.727835479547123e-20,
      5.430146684552258e-20,
      6.605593599444839e-20
    ],
    "trend_analysis": {
      "confidence_level": "high",
      "prediction_trend": "stable"
    }
  }
}