{
  "prediction": {
    "employee_id": "1557",
    "attrition_probability": 0.07653221487998962,
    "attrition_prediction": 1,
    "risk_category": "LOW",
    "confidence_score": 0.8469355702400208,
    "prediction_timestamp": "2025-09-23T22:53:33.018642"
  },
  "explanation": {
    "employee_id": "1557",
    "feature_importance": {
      "RelationshipSatisfaction": 0.03405288979411125,
      "Education": 0.02487798221409321,
      "JobInvolvement": 0.03501373156905174,
      "EnvironmentSatisfaction": 0.048257846385240555,
      "JobLevel": 0.07228615880012512,
      "JobSatisfaction": 0.04019258916378021,
      "StockOptionLevel": 0.07264421880245209,
      "WorkLifeBalance": 0.03580893576145172,
      "Department": 0.037670474499464035,
      "JobRole": 0.046762410551309586,
      "MaritalStatus": 0.036864522844552994,
      "OverTime": 0.0779639258980751,
      "Age": 0.04039482772350311,
      "DailyRate": 0.03578038513660431,
      "DistanceFromHome": 0.036774344742298126,
      "MonthlyIncome": 0.04666806384921074,
      "NumCompaniesWorked": 0.050036631524562836,
      "TotalWorkingYears": 0.04981709271669388,
      "TrainingTimesLastYear": 0.02378365956246853,
      "YearsAtCompany": 0.02968277968466282,
      "YearsInCurrentRole": 0.03649982064962387,
      "YearsSinceLastPromotion": 0.03537580743432045,
      "YearsWithCurrManager": 0.05279093235731125
    },
    "shap_values": {
      "RelationshipSatisfaction": -0.2828851044178009,
      "Education": -0.10112404823303223,
      "JobInvolvement": -0.07181958109140396,
      "EnvironmentSatisfaction": -0.33220174908638,
      "JobLevel": -0.10794689506292343,
      "JobSatisfaction": -0.07514415681362152,
      "StockOptionLevel": -0.3837581276893616,
      "WorkLifeBalance": -0.18072059750556946,
      "Department": -0.05389336869120598,
      "JobRole": -0.3200005888938904,
      "MaritalStatus": -0.07035516947507858,
      "OverTime": -0.5112192630767822,
      "Age": -0.2474909871816635,
      "DailyRate": 0.015747657045722008,
      "DistanceFromHome": 0.2165783941745758,
      "MonthlyIncome": -0.49579155445098877,
      "NumCompaniesWorked": 0.3304443955421448,
      "TotalWorkingYears": -0.18333853781223297,
      "TrainingTimesLastYear": 0.00021167902741581202,
      "YearsAtCompany": -0.0013357119169086218,
      "YearsInCurrentRole": -0.06633291393518448,
      "YearsSinceLastPromotion": 0.24062605202198029,
      "YearsWithCurrManager": -0.08395865559577942
    },
    "lime_explanation": {
      "features": [
        "OverTime=0",
        "NumCompaniesWorked > 4.00",
        "DistanceFromHome > 14.00",
        "0.00 < StockOptionLevel <= 1.00",
        "2.00 < JobInvolvement <= 3.00",
        "2.00 < WorkLifeBalance <= 3.00",
        "Age > 42.00",
        "2.00 < EnvironmentSatisfaction <= 3.00",
        "2.00 < RelationshipSatisfaction <= 3.00",
        "TotalWorkingYears > 15.00"
      ],
      "values": [
        -0.21145581132740895,
        0.14102010599445172,
        0.10683042314451008,
        -0.0837284558528174,
        -0.07717135009901571,
        -0.06948807494544529,
        -0.0629525360148822,
        -0.05765125115240804,
        -0.05205868728234504,
        -0.043257365556564766
      ],
      "intercept": 0.573309224152777
    },
    "top_risk_factors": [
      {
        "feature": "NumCompaniesWorked",
        "impact": 0.3304443955421448,
        "type": "risk"
      }
    ],
    "top_protective_factors": [
      {
        "feature": "OverTime",
        "impact": 0.5112192630767822,
        "type": "protective"
      },
      {
        "feature": "MonthlyIncome",
        "impact": 0.49579155445098877,
        "type": "protective"
      },
      {
        "feature": "StockOptionLevel",
        "impact": 0.3837581276893616,
        "type": "protective"
      },
      {
        "feature": "EnvironmentSatisfaction",
        "impact": 0.33220174908638,
        "type": "protective"
      }
    ],
    "explanation_timestamp": "2025-09-23T22:53:33.098656"
  },
  "agent_type": "structura",
  "analysis_type": "individual"
}