{
  "prediction": {
    "employee_id": "959",
    "attrition_probability": 0.9187890291213989,
    "attrition_prediction": 1,
    "risk_category": "HIGH",
    "confidence_score": 0.8375780582427979,
    "prediction_timestamp": "2025-09-23T22:52:51.431015"
  },
  "explanation": {
    "employee_id": "959",
    "feature_importance": {
      "RelationshipSatisfaction": 0.03405288979411125,
      "Education": 0.02487798221409321,
      "JobInvolvement": 0.03501373156905174,
      "EnvironmentSatisfaction": 0.048257846385240555,
      "JobLevel": 0.07228615880012512,
      "JobSatisfaction": 0.04019258916378021,
      "StockOptionLevel": 0.07264421880245209,
      "WorkLifeBalance": 0.03580893576145172,
      "Department": 0.037670474499464035,
      "JobRole": 0.046762410551309586,
      "MaritalStatus": 0.036864522844552994,
      "OverTime": 0.0779639258980751,
      "Age": 0.04039482772350311,
      "DailyRate": 0.03578038513660431,
      "DistanceFromHome": 0.036774344742298126,
      "MonthlyIncome": 0.04666806384921074,
      "NumCompaniesWorked": 0.050036631524562836,
      "TotalWorkingYears": 0.04981709271669388,
      "TrainingTimesLastYear": 0.02378365956246853,
      "YearsAtCompany": 0.02968277968466282,
      "YearsInCurrentRole": 0.03649982064962387,
      "YearsSinceLastPromotion": 0.03537580743432045,
      "YearsWithCurrManager": 0.05279093235731125
    },
    "shap_values": {
      "RelationshipSatisfaction": 0.050810329616069794,
      "Education": 0.04709305241703987,
      "JobInvolvement": 0.05010940507054329,
      "EnvironmentSatisfaction": -0.35508981347084045,
      "JobLevel": 0.059482984244823456,
      "JobSatisfaction": 0.12721197307109833,
      "StockOptionLevel": 0.2979814112186432,
      "WorkLifeBalance": -0.12132373452186584,
      "Department": -0.02898433990776539,
      "JobRole": -0.09156031161546707,
      "MaritalStatus": -0.1872296780347824,
      "OverTime": -0.6589711904525757,
      "Age": 0.47721731662750244,
      "DailyRate": 0.2024252861738205,
      "DistanceFromHome": 0.3377895951271057,
      "MonthlyIncome": 0.6733713150024414,
      "NumCompaniesWorked": -0.13440445065498352,
      "TotalWorkingYears": 0.4172140955924988,
      "TrainingTimesLastYear": -0.050221193581819534,
      "YearsAtCompany": 0.12240774184465408,
      "YearsInCurrentRole": 0.11013621836900711,
      "YearsSinceLastPromotion": -0.1046985387802124,
      "YearsWithCurrManager": 0.9099541902542114
    },
    "lime_explanation": {
      "features": [
        "OverTime=0",
        "NumCompaniesWorked <= 1.00",
        "StockOptionLevel <= 0.00",
        "JobInvolvement <= 2.00",
        "MonthlyIncome <= 2922.25",
        "DistanceFromHome > 14.00",
        "RelationshipSatisfaction <= 2.00",
        "Age <= 30.00",
        "JobSatisfaction <= 2.00",
        "3.00 < EnvironmentSatisfaction <= 4.00"
      ],
      "values": [
        -0.21032978698976623,
        -0.1182898293245692,
        0.11743247343321188,
        0.1031699849849631,
        0.09934305526012328,
        0.09912703447835665,
        0.0956504108416306,
        0.07450983768351924,
        0.07360290894326703,
        -0.0703097720560364
      ],
      "intercept": 0.30330218879348136
    },
    "top_risk_factors": [
      {
        "feature": "YearsWithCurrManager",
        "impact": 0.9099541902542114,
        "type": "risk"
      },
      {
        "feature": "MonthlyIncome",
        "impact": 0.6733713150024414,
        "type": "risk"
      },
      {
        "feature": "Age",
        "impact": 0.47721731662750244,
        "type": "risk"
      },
      {
        "feature": "TotalWorkingYears",
        "impact": 0.4172140955924988,
        "type": "risk"
      }
    ],
    "top_protective_factors": [
      {
        "feature": "OverTime",
        "impact": 0.6589711904525757,
        "type": "protective"
      }
    ],
    "explanation_timestamp": "2025-09-23T22:52:51.523166"
  },
  "agent_type": "structura",
  "analysis_type": "individual"
}