{
  "confidence": 0.7,
  "employee_data": {
    "Age": 41,
    "AgeFactor": 1,
    "Attrition": "No",
    "BusinessTravel": "Travel_Rarely",
    "DailyRate": 314,
    "Department": "Human Resources",
    "DistanceFromHome": 1,
    "Education": 3,
    "EducationField": "Human Resources",
    "EmployeeCount": 1,
    "EmployeeNumber": 734,
    "EnvironmentSatisfaction": 4,
    "Gender": "Male",
    "HourlyRate": 59,
    "JobInvolvement": 2,
    "JobLevel": 5,
    "JobRole": "Manager",
    "JobSatisfaction": 3,
    "MaritalStatus": "Married",
    "MonthlyIncome": 19189,
    "MonthlyRate": 19562,
    "Norm_EnvironmentSatisfaction": 1,
    "Norm_JobInvolvement": 0.3333333333333333,
    "Norm_JobLevel": 1,
    "Norm_JobSatisfaction": 0.6666666666666666,
    "Norm_MonthlyIncome": 0.957345971563981,
    "Norm_NumCompaniesWorked": 0.1111111111111111,
    "Norm_PercentSalaryHike": 0.0714285714285714,
    "Norm_PerformanceRating": 0,
    "Norm_RelationshipSatisfaction": 0.3333333333333333,
    "Norm_TotalWorkingYears": 0.55,
    "Norm_TrainingTimesLastYear": 0.5,
    "Norm_WorkLifeBalance": 0.6666666666666666,
    "Norm_YearsAtCompany": 0.55,
    "Norm_YearsSinceLastPromotion": 0.1333333333333333,
    "NumCompaniesWorked": 1,
    "Over18": "Y",
    "OverTime": "No",
    "OverTime_bin": 0,
    "PercentSalaryHike": 12,
    "PerformanceRating": 3,
    "Prob_N01": 0.1333753581180149,
    "Prob_N02": 0.0002732662195394,
    "Prob_N03": 0.8145951197247133,
    "Prob_P01": 0.0005322499180672,
    "Prob_P02": 0.0025926777039903,
    "Prob_P03": 0.0012246942294023,
    "Prob_P04": 0.0132977258544186,
    "Prob_S01": 0.0178226297118479,
    "Prob_S02": 0.0013664484666026,
    "Prob_S03": 0.014919830053403,
    "RelationshipSatisfaction": 2,
    "Score_N01": 0.819047619047619,
    "Score_N02": 0.2,
    "Score_N03": 1,
    "Score_P01": 0.2666666666666667,
    "Score_P02": 0.425,
    "Score_P03": 0.35,
    "Score_P04": 0.588490182802979,
    "Score_S01": 0.6177777777777779,
    "Score_S02": 0.3609523809523809,
    "Score_S03": 0.6000000000000001,
    "StandardHours": 80,
    "StockOptionLevel": 1,
    "TotalWorkingYears": 22,
    "TrainingTimesLastYear": 3,
    "WorkLifeBalance": 3,
    "YearsAtCompany": 22,
    "YearsInCurrentRole": 7,
    "YearsSinceLastPromotion": 2,
    "YearsWithCurrManager": 10,
    "argmax_Persona": "신규 부모",
    "argmax_Persona_Code": "N03",
    "argmax_RiskTier": "Neutral",
    "is_married": 1,
    "softmax_Persona": "현상 유지자",
    "softmax_Persona_Code": "N01",
    "softmax_RiskTier": "Neutral"
  },
  "employee_id": 734,
  "feature_importance": {},
  "lime_explanation": {},
  "model_interpretation": {},
  "predicted_attrition": 0,
  "risk_score": 9.62428475759225e-06,
  "shap_values": {},
  "xai_explanation": {}
}