{
  "prediction": {
    "risk_score": 5.778442232526414e-32,
    "attrition_probability": 5.778442232526414e-32
  },
  "confidence": 0.8
}