{
  "confidence": 0.8,
  "employee_id": "337",
  "features_used": 11,
  "model_metadata": {
    "feature_dimensions": 11,
    "model_type": "GRU_CNN_Hybrid",
    "sequence_length": 50,
    "training_optimized": true
  },
  "predicted_attrition": 0,
  "risk_score": 6.893084244537348e-16,
  "sequence_length": 50,
  "xai_explanation": {
    "attention_weights": [
      [
        0.02000248432159424,
        0.019999489188194275,
        0.01999962329864502,
        0.01999972015619278,
        0.01999979466199875,
        0.019999852403998375,
        0.019999893382191658,
        0.019999923184514046,
        0.019999952986836433,
        0.019999966025352478,
        0.01999998278915882,
        0.019999992102384567,
        0.019999997690320015,
        0.019999999552965164,
        0.020000001415610313,
        0.020000001415610313,
        0.020000001415610313,
        0.020000001415610313,
        0.019999999552965164,
        0.019999999552965164,
        0.019999999552965164,
        0.019999995827674866,
        0.019999995827674866,
        0.019999995827674866,
        0.019999992102384567,
        0.019999990239739418,
        0.019999990239739418,
        0.01999998837709427,
        0.01999998465180397,
        0.01999998465180397,
        0.01999998465180397,
        0.01999998465180397,
        0.01999998278915882,
        0.019999980926513672,
        0.019999980926513672,
        0.019999980926513672,
        0.019999980926513672,
        0.019999980926513672,
        0.019999979063868523,
        0.019999979063868523,
        0.019999979063868523,
        0.019999975338578224,
        0.019999975338578224,
        0.019999975338578224,
        0.019999975338578224,
        0.019999975338578224,
        0.019999975338578224,
        0.019999975338578224,
        0.019999975338578224,
        0.019999975338578224
      ]
    ],
    "feature_names": [
      "day_of_week",
      "day_index",
      "system_login_hours",
      "work_focused_hours",
      "meeting_collaboration_hours",
      "social_dining_hours",
      "break_relaxation_hours",
      "shared_work_hours",
      "internal_comm_volume",
      "cafeteria_usage",
      "convenience_food_usage"
    ],
    "gradient_importance": [
      4.927107108936397e-18,
      2.303286483605437e-18,
      5.5888743464456646e-18,
      1.3328421594251651e-17,
      1.2774596877187185e-17,
      3.1153888343625418e-18,
      9.33244490021435e-17,
      1.07268674302397e-17,
      3.004424871294268e-17,
      6.032180868073962e-17,
      7.201476764534022e-17
    ],
    "sequence_importance": {
      "timestep_0": 6.161106429486559e-16,
      "timestep_1": 2.0493035716531737e-16,
      "timestep_10": 2.6886099366705464e-23,
      "timestep_11": 1.977457983728865e-23,
      "timestep_12": 1.4088047603010398e-23,
      "timestep_13": 1.0691214122850532e-23,
      "timestep_14": 7.683100531208277e-24,
      "timestep_15": 6.445791134030845e-24,
      "timestep_16": 4.597020660859408e-24,
      "timestep_17": 3.237473913759133e-24,
      "timestep_18": 2.8918051230678272e-24,
      "timestep_19": 2.3171014153830475e-24,
      "timestep_2": 4.889888448146819e-17,
      "timestep_20": 1.5942316831121679e-24,
      "timestep_21": 1.4347136542770982e-24,
      "timestep_22": 1.0282644127374845e-24,
      "timestep_23": 8.841932665027738e-25,
      "timestep_24": 6.803930237911884e-25,
      "timestep_25": 5.053464159482629e-25,
      "timestep_26": 4.859372822362052e-25,
      "timestep_27": 4.59802912091912e-25,
      "timestep_28": 4.1139411751637854e-25,
      "timestep_29": 3.260734365018093e-25,
      "timestep_3": 2.312719072284563e-17,
      "timestep_30": 1.832292771235084e-25,
      "timestep_31": 1.740677916969176e-25,
      "timestep_32": 1.8992475870847502e-25,
      "timestep_33": 1.7937336199664302e-25,
      "timestep_34": 1.688219899367143e-25,
      "timestep_35": 5.904202328033046e-26,
      "timestep_36": 1.102117693943792e-25,
      "timestep_37": 5.116973995107292e-26,
      "timestep_38": 4.723360753090789e-26,
      "timestep_39": 4.329746586627912e-26,
      "timestep_4": 1.1969132817251293e-22,
      "timestep_40": 3.9361330364626173e-26,
      "timestep_41": 3.5425191781485316e-26,
      "timestep_42": 3.148905936132028e-26,
      "timestep_43": 2.7552926941155246e-26,
      "timestep_44": 2.361679452099021e-26,
      "timestep_45": 1.968066056008122e-26,
      "timestep_46": 1.5744528139916185e-26,
      "timestep_47": 1.0306475217786162e-16,
      "timestep_48": 1.6355813135253454e-16,
      "timestep_49": 2.424451287618551e-16,
      "timestep_5": 9.003230383786509e-23,
      "timestep_6": 7.007205296475819e-23,
      "timestep_7": 5.535485565767601e-23,
      "timestep_8": 4.412485269200315e-23,
      "timestep_9": 3.161211771823023e-23
    },
    "temporal_importance": [
      6.161106429486559e-16,
      2.0493035716531737e-16,
      4.889888448146819e-17,
      2.312719072284563e-17,
      1.1969132817251293e-22,
      9.003230383786509e-23,
      7.007205296475819e-23,
      5.535485565767601e-23,
      4.412485269200315e-23,
      3.161211771823023e-23,
      2.6886099366705464e-23,
      1.977457983728865e-23,
      1.4088047603010398e-23,
      1.0691214122850532e-23,
      7.683100531208277e-24,
      6.445791134030845e-24,
      4.597020660859408e-24,
      3.237473913759133e-24,
      2.8918051230678272e-24,
      2.3171014153830475e-24,
      1.5942316831121679e-24,
      1.4347136542770982e-24,
      1.0282644127374845e-24,
      8.841932665027738e-25,
      6.803930237911884e-25,
      5.053464159482629e-25,
      4.859372822362052e-25,
      4.59802912091912e-25,
      4.1139411751637854e-25,
      3.260734365018093e-25,
      1.832292771235084e-25,
      1.740677916969176e-25,
      1.8992475870847502e-25,
      1.7937336199664302e-25,
      1.688219899367143e-25,
      5.904202328033046e-26,
      1.102117693943792e-25,
      5.116973995107292e-26,
      4.723360753090789e-26,
      4.329746586627912e-26,
      3.9361330364626173e-26,
      3.5425191781485316e-26,
      3.148905936132028e-26,
      2.7552926941155246e-26,
      2.361679452099021e-26,
      1.968066056008122e-26,
      1.5744528139916185e-26,
      1.0306475217786162e-16,
      1.6355813135253454e-16,
      2.424451287618551e-16
    ],
    "trend_analysis": {
      "confidence_level": "high",
      "prediction_trend": "stable"
    }
  }
}