{
  "confidence": 0.7,
  "employee_data": {
    "Age": 28,
    "AgeFactor": 1,
    "Attrition": "No",
    "BusinessTravel": "Travel_Rarely",
    "DailyRate": 1300,
    "Department": "Research & Development",
    "DistanceFromHome": 17,
    "Education": 2,
    "EducationField": "Medical",
    "EmployeeCount": 1,
    "EmployeeNumber": 536,
    "EnvironmentSatisfaction": 3,
    "Gender": "Male",
    "HourlyRate": 79,
    "JobInvolvement": 3,
    "JobLevel": 2,
    "JobRole": "Laboratory Technician",
    "JobSatisfaction": 1,
    "MaritalStatus": "Divorced",
    "MonthlyIncome": 4558,
    "MonthlyRate": 13535,
    "Norm_EnvironmentSatisfaction": 0.6666666666666666,
    "Norm_JobInvolvement": 0.6666666666666666,
    "Norm_JobLevel": 0.25,
    "Norm_JobSatisfaction": 0,
    "Norm_MonthlyIncome": 0.1868878357030015,
    "Norm_NumCompaniesWorked": 0.1111111111111111,
    "Norm_PercentSalaryHike": 0.0714285714285714,
    "Norm_PerformanceRating": 0,
    "Norm_RelationshipSatisfaction": 1,
    "Norm_TotalWorkingYears": 0.25,
    "Norm_TrainingTimesLastYear": 0.3333333333333333,
    "Norm_WorkLifeBalance": 0.6666666666666666,
    "Norm_YearsAtCompany": 0.25,
    "Norm_YearsSinceLastPromotion": 0.0666666666666666,
    "NumCompaniesWorked": 1,
    "Over18": "Y",
    "OverTime": "No",
    "OverTime_bin": 0,
    "PercentSalaryHike": 12,
    "PerformanceRating": 3,
    "Prob_N01": 0.234453080181291,
    "Prob_N02": 0.0006703955458928,
    "Prob_N03": 0.0510827036531049,
    "Prob_P01": 0.0366023565962118,
    "Prob_P02": 0.0285059439793885,
    "Prob_P03": 0.0069132921673849,
    "Prob_P04": 0.6019535789857219,
    "Prob_S01": 0.0150476786582294,
    "Prob_S02": 0.0166038805436518,
    "Prob_S03": 0.0081670896891226,
    "RelationshipSatisfaction": 4,
    "Score_N01": 0.6523809523809524,
    "Score_N02": 0.0666666666666666,
    "Score_N03": 0.5,
    "Score_P01": 0.4666666666666667,
    "Score_P02": 0.4416666666666666,
    "Score_P03": 0.3,
    "Score_P04": 0.7466734371473709,
    "Score_S01": 0.3777777777777777,
    "Score_S02": 0.3876190476190476,
    "Score_S03": 0.3166666666666666,
    "StandardHours": 80,
    "StockOptionLevel": 1,
    "TotalWorkingYears": 10,
    "TrainingTimesLastYear": 2,
    "WorkLifeBalance": 3,
    "YearsAtCompany": 10,
    "YearsInCurrentRole": 0,
    "YearsSinceLastPromotion": 1,
    "YearsWithCurrManager": 8,
    "argmax_Persona": "저평가된 전문가",
    "argmax_Persona_Code": "P04",
    "argmax_RiskTier": "High",
    "is_married": 0,
    "softmax_Persona": "신규 부모",
    "softmax_Persona_Code": "N03",
    "softmax_RiskTier": "Neutral"
  },
  "employee_id": 536,
  "feature_importance": {},
  "lime_explanation": {},
  "model_interpretation": {},
  "predicted_attrition": 0,
  "risk_score": 0.00014721445040777326,
  "shap_values": {},
  "xai_explanation": {}
}