{
  "prediction": {
    "employee_id": "582",
    "attrition_probability": 0.23947329819202423,
    "attrition_prediction": 1,
    "risk_category": "LOW",
    "confidence_score": 0.5210534036159515,
    "prediction_timestamp": "2025-09-23T22:52:26.163006"
  },
  "explanation": {
    "employee_id": "582",
    "feature_importance": {
      "RelationshipSatisfaction": 0.03405288979411125,
      "Education": 0.02487798221409321,
      "JobInvolvement": 0.03501373156905174,
      "EnvironmentSatisfaction": 0.048257846385240555,
      "JobLevel": 0.07228615880012512,
      "JobSatisfaction": 0.04019258916378021,
      "StockOptionLevel": 0.07264421880245209,
      "WorkLifeBalance": 0.03580893576145172,
      "Department": 0.037670474499464035,
      "JobRole": 0.046762410551309586,
      "MaritalStatus": 0.036864522844552994,
      "OverTime": 0.0779639258980751,
      "Age": 0.04039482772350311,
      "DailyRate": 0.03578038513660431,
      "DistanceFromHome": 0.036774344742298126,
      "MonthlyIncome": 0.04666806384921074,
      "NumCompaniesWorked": 0.050036631524562836,
      "TotalWorkingYears": 0.04981709271669388,
      "TrainingTimesLastYear": 0.02378365956246853,
      "YearsAtCompany": 0.02968277968466282,
      "YearsInCurrentRole": 0.03649982064962387,
      "YearsSinceLastPromotion": 0.03537580743432045,
      "YearsWithCurrManager": 0.05279093235731125
    },
    "shap_values": {
      "RelationshipSatisfaction": -0.22316403687000275,
      "Education": -0.14732332527637482,
      "JobInvolvement": -0.13884636759757996,
      "EnvironmentSatisfaction": -0.21095460653305054,
      "JobLevel": 0.01877131685614586,
      "JobSatisfaction": -0.10972756147384644,
      "StockOptionLevel": 0.35206538438796997,
      "WorkLifeBalance": -0.10747621953487396,
      "Department": -0.0022570970468223095,
      "JobRole": -0.3323664367198944,
      "MaritalStatus": -0.15633009374141693,
      "OverTime": -0.7059402465820312,
      "Age": 0.19096463918685913,
      "DailyRate": -0.6567660570144653,
      "DistanceFromHome": 0.3112627863883972,
      "MonthlyIncome": -0.2981840670108795,
      "NumCompaniesWorked": 0.8072726726531982,
      "TotalWorkingYears": -0.07949995994567871,
      "TrainingTimesLastYear": 0.03681773319840431,
      "YearsAtCompany": -0.08863735944032669,
      "YearsInCurrentRole": -0.0821702778339386,
      "YearsSinceLastPromotion": 0.17144708335399628,
      "YearsWithCurrManager": 0.020187895745038986
    },
    "lime_explanation": {
      "features": [
        "OverTime=0",
        "NumCompaniesWorked > 4.00",
        "StockOptionLevel <= 0.00",
        "EnvironmentSatisfaction <= 2.00",
        "DistanceFromHome > 14.00",
        "2.00 < JobInvolvement <= 3.00",
        "30.00 < Age <= 35.00",
        "MonthlyIncome > 8201.00",
        "DailyRate > 1162.00",
        "3.00 < RelationshipSatisfaction <= 4.00"
      ],
      "values": [
        -0.20279897102333397,
        0.1478339225843058,
        0.11595570903623591,
        0.11407024684178677,
        0.10391122910650474,
        -0.0786911535450886,
        0.06199614629042746,
        -0.06145625758198615,
        -0.058288959201466754,
        -0.053932464194401286
      ],
      "intercept": 0.3675830042738373
    },
    "top_risk_factors": [
      {
        "feature": "NumCompaniesWorked",
        "impact": 0.8072726726531982,
        "type": "risk"
      },
      {
        "feature": "StockOptionLevel",
        "impact": 0.35206538438796997,
        "type": "risk"
      }
    ],
    "top_protective_factors": [
      {
        "feature": "OverTime",
        "impact": 0.7059402465820312,
        "type": "protective"
      },
      {
        "feature": "DailyRate",
        "impact": 0.6567660570144653,
        "type": "protective"
      },
      {
        "feature": "JobRole",
        "impact": 0.3323664367198944,
        "type": "protective"
      }
    ],
    "explanation_timestamp": "2025-09-23T22:52:26.234011"
  },
  "agent_type": "structura",
  "analysis_type": "individual"
}