{
  "confidence": 0.7,
  "employee_data": {
    "Age": 31,
    "AgeFactor": 1,
    "Attrition": "No",
    "BusinessTravel": "Travel_Rarely",
    "DailyRate": 1082,
    "Department": "Research & Development",
    "DistanceFromHome": 1,
    "Education": 4,
    "EducationField": "Medical",
    "EmployeeCount": 1,
    "EmployeeNumber": 95,
    "EnvironmentSatisfaction": 3,
    "Gender": "Male",
    "HourlyRate": 87,
    "JobInvolvement": 3,
    "JobLevel": 1,
    "JobRole": "Research Scientist",
    "JobSatisfaction": 2,
    "MaritalStatus": "Single",
    "MonthlyIncome": 2501,
    "MonthlyRate": 18775,
    "Norm_EnvironmentSatisfaction": 0.6666666666666666,
    "Norm_JobInvolvement": 0.6666666666666666,
    "Norm_JobLevel": 0,
    "Norm_JobSatisfaction": 0.3333333333333333,
    "Norm_MonthlyIncome": 0.0785676671932596,
    "Norm_NumCompaniesWorked": 0.1111111111111111,
    "Norm_PercentSalaryHike": 0.4285714285714285,
    "Norm_PerformanceRating": 0,
    "Norm_RelationshipSatisfaction": 0.3333333333333333,
    "Norm_TotalWorkingYears": 0.025,
    "Norm_TrainingTimesLastYear": 0.6666666666666666,
    "Norm_WorkLifeBalance": 0.6666666666666666,
    "Norm_YearsAtCompany": 0.025,
    "Norm_YearsSinceLastPromotion": 0.0666666666666666,
    "NumCompaniesWorked": 1,
    "Over18": "Y",
    "OverTime": "No",
    "OverTime_bin": 0,
    "PercentSalaryHike": 17,
    "PerformanceRating": 3,
    "Prob_N01": 0.111892588939942,
    "Prob_N02": 0.0048292068501235,
    "Prob_N03": 0.0498000293948471,
    "Prob_P01": 0.0131271452265607,
    "Prob_P02": 0.6325012778748161,
    "Prob_P03": 0.0024793974682028,
    "Prob_P04": 0.1315594961141666,
    "Prob_S01": 0.0024249074338828,
    "Prob_S02": 0.0330655437133598,
    "Prob_S03": 0.0183204069840977,
    "RelationshipSatisfaction": 2,
    "Score_N01": 0.580952380952381,
    "Score_N02": 0.2666666666666667,
    "Score_N03": 0.5,
    "Score_P01": 0.3666666666666667,
    "Score_P02": 0.7541666666666667,
    "Score_P03": 0.2,
    "Score_P04": 0.5971443616941248,
    "Score_S01": 0.1977777777777777,
    "Score_S02": 0.459047619047619,
    "Score_S03": 0.4,
    "StandardHours": 80,
    "StockOptionLevel": 0,
    "TotalWorkingYears": 1,
    "TrainingTimesLastYear": 4,
    "WorkLifeBalance": 3,
    "YearsAtCompany": 1,
    "YearsInCurrentRole": 1,
    "YearsSinceLastPromotion": 1,
    "YearsWithCurrManager": 0,
    "argmax_Persona": "온보딩에 실패한 직원",
    "argmax_Persona_Code": "P02",
    "argmax_RiskTier": "High",
    "is_married": 0,
    "softmax_Persona": "현상 유지자",
    "softmax_Persona_Code": "N01",
    "softmax_RiskTier": "Neutral"
  },
  "employee_id": 95,
  "feature_importance": {},
  "lime_explanation": {},
  "model_interpretation": {},
  "predicted_attrition": 0,
  "risk_score": 0.5557330250740051,
  "shap_values": {},
  "xai_explanation": {}
}