{
  "confidence": 0.8,
  "employee_id": "386",
  "features_used": 11,
  "model_metadata": {
    "feature_dimensions": 11,
    "model_type": "GRU_CNN_Hybrid",
    "sequence_length": 50,
    "training_optimized": true
  },
  "predicted_attrition": 0,
  "risk_score": 8.674124956087326e-07,
  "sequence_length": 50,
  "xai_explanation": {
    "attention_weights": [
      [
        0.0200010035187006,
        0.019999893382191658,
        0.019999951124191284,
        0.02000001072883606,
        0.020000042393803596,
        0.020000075921416283,
        0.020000092685222626,
        0.020000096410512924,
        0.020000096410512924,
        0.020000092685222626,
        0.020000088959932327,
        0.020000075921416283,
        0.020000070333480835,
        0.02000005915760994,
        0.020000046119093895,
        0.02000003680586815,
        0.020000023767352104,
        0.02000001259148121,
        0.020000003278255463,
        0.019999993965029716,
        0.01999998651444912,
        0.019999979063868523,
        0.019999969750642776,
        0.01999996230006218,
        0.019999956712126732,
        0.019999951124191284,
        0.019999945536255836,
        0.01999993994832039,
        0.01999993622303009,
        0.01999993436038494,
        0.019999928772449493,
        0.019999926909804344,
        0.019999923184514046,
        0.019999921321868896,
        0.019999917596578598,
        0.0199999138712883,
        0.01999991200864315,
        0.019999910145998,
        0.019999906420707703,
        0.019999906420707703,
        0.019999904558062553,
        0.019999904558062553,
        0.019999902695417404,
        0.019999902695417404,
        0.019999902695417404,
        0.019999900832772255,
        0.019999900832772255,
        0.019999900832772255,
        0.019999897107481956,
        0.019999897107481956
      ]
    ],
    "feature_names": [
      "day_of_week",
      "day_index",
      "system_login_hours",
      "work_focused_hours",
      "meeting_collaboration_hours",
      "social_dining_hours",
      "break_relaxation_hours",
      "shared_work_hours",
      "internal_comm_volume",
      "cafeteria_usage",
      "convenience_food_usage"
    ],
    "gradient_importance": [
      4.669038489168997e-09,
      2.048595515447005e-09,
      6.45237907548335e-09,
      1.2179164343706361e-08,
      1.4089362565528063e-08,
      2.211223648629357e-09,
      9.666595701673941e-08,
      1.0289848084710229e-08,
      3.2057279497621494e-08,
      6.229472404584158e-08,
      7.467647833436786e-08
    ],
    "sequence_importance": {
      "timestep_0": 6.7750028165392e-07,
      "timestep_1": 1.4511952883822232e-07,
      "timestep_10": 3.09382544810919e-14,
      "timestep_11": 2.432162950856062e-14,
      "timestep_12": 1.907403847768805e-14,
      "timestep_13": 1.5484131582173613e-14,
      "timestep_14": 1.3342130101201468e-14,
      "timestep_15": 9.569127716775594e-15,
      "timestep_16": 8.61492477290289e-15,
      "timestep_17": 7.008987574358416e-15,
      "timestep_18": 6.056980986917943e-15,
      "timestep_19": 4.8166566662098415e-15,
      "timestep_2": 2.1431733341140125e-13,
      "timestep_20": 3.666104708900013e-15,
      "timestep_21": 3.200005983190258e-15,
      "timestep_22": 3.517660067311329e-15,
      "timestep_23": 2.4904293308581488e-15,
      "timestep_24": 1.9175887836848276e-15,
      "timestep_25": 1.784439016024714e-15,
      "timestep_26": 1.7132033334023907e-15,
      "timestep_27": 1.337716380741638e-15,
      "timestep_28": 1.1079555174253568e-15,
      "timestep_29": 1.0575934794804578e-15,
      "timestep_3": 1.8631050749482597e-13,
      "timestep_30": 7.281452556622589e-16,
      "timestep_31": 6.327003655557826e-16,
      "timestep_32": 5.645628118171602e-16,
      "timestep_33": 5.951175666256685e-16,
      "timestep_34": 5.01833192869842e-16,
      "timestep_35": 4.704684628055217e-16,
      "timestep_36": 3.9257724526992716e-16,
      "timestep_37": 3.213327217412167e-16,
      "timestep_38": 2.3131413645308835e-16,
      "timestep_39": 1.6963036496761281e-16,
      "timestep_4": 1.433471668189218e-13,
      "timestep_40": 1.5420938900901943e-16,
      "timestep_41": 1.0409130978781953e-16,
      "timestep_42": 9.25255976712092e-17,
      "timestep_43": 5.397325372767679e-17,
      "timestep_44": 4.6262778983269896e-17,
      "timestep_45": 3.8552317473752805e-17,
      "timestep_46": 3.0841852655513264e-17,
      "timestep_47": 1.5386287088858808e-07,
      "timestep_48": 1.9719259114481247e-07,
      "timestep_49": 2.7011492420569994e-07,
      "timestep_5": 1.1652087443785736e-13,
      "timestep_6": 9.132884742522537e-14,
      "timestep_7": 6.677356557223055e-14,
      "timestep_8": 5.3478099363126266e-14,
      "timestep_9": 4.071380073898158e-14
    },
    "temporal_importance": [
      6.7750028165392e-07,
      1.4511952883822232e-07,
      2.1431733341140125e-13,
      1.8631050749482597e-13,
      1.433471668189218e-13,
      1.1652087443785736e-13,
      9.132884742522537e-14,
      6.677356557223055e-14,
      5.3478099363126266e-14,
      4.071380073898158e-14,
      3.09382544810919e-14,
      2.432162950856062e-14,
      1.907403847768805e-14,
      1.5484131582173613e-14,
      1.3342130101201468e-14,
      9.569127716775594e-15,
      8.61492477290289e-15,
      7.008987574358416e-15,
      6.056980986917943e-15,
      4.8166566662098415e-15,
      3.666104708900013e-15,
      3.200005983190258e-15,
      3.517660067311329e-15,
      2.4904293308581488e-15,
      1.9175887836848276e-15,
      1.784439016024714e-15,
      1.7132033334023907e-15,
      1.337716380741638e-15,
      1.1079555174253568e-15,
      1.0575934794804578e-15,
      7.281452556622589e-16,
      6.327003655557826e-16,
      5.645628118171602e-16,
      5.951175666256685e-16,
      5.01833192869842e-16,
      4.704684628055217e-16,
      3.9257724526992716e-16,
      3.213327217412167e-16,
      2.3131413645308835e-16,
      1.6963036496761281e-16,
      1.5420938900901943e-16,
      1.0409130978781953e-16,
      9.25255976712092e-17,
      5.397325372767679e-17,
      4.6262778983269896e-17,
      3.8552317473752805e-17,
      3.0841852655513264e-17,
      1.5386287088858808e-07,
      1.9719259114481247e-07,
      2.7011492420569994e-07
    ],
    "trend_analysis": {
      "confidence_level": "high",
      "prediction_trend": "stable"
    }
  }
}