{
  "confidence": 0.7,
  "employee_data": {
    "Age": 34,
    "AgeFactor": 1,
    "Attrition": "No",
    "BusinessTravel": "Travel_Rarely",
    "DailyRate": 304,
    "Department": "Sales",
    "DistanceFromHome": 2,
    "Education": 3,
    "EducationField": "Other",
    "EmployeeCount": 1,
    "EmployeeNumber": 786,
    "EnvironmentSatisfaction": 4,
    "Gender": "Male",
    "HourlyRate": 60,
    "JobInvolvement": 3,
    "JobLevel": 2,
    "JobRole": "Sales Executive",
    "JobSatisfaction": 4,
    "MaritalStatus": "Single",
    "MonthlyIncome": 6274,
    "MonthlyRate": 18686,
    "Norm_EnvironmentSatisfaction": 1,
    "Norm_JobInvolvement": 0.6666666666666666,
    "Norm_JobLevel": 0.25,
    "Norm_JobSatisfaction": 1,
    "Norm_MonthlyIncome": 0.2772511848341232,
    "Norm_NumCompaniesWorked": 0.1111111111111111,
    "Norm_PercentSalaryHike": 0.7857142857142857,
    "Norm_PerformanceRating": 1,
    "Norm_RelationshipSatisfaction": 0.6666666666666666,
    "Norm_TotalWorkingYears": 0.15,
    "Norm_TrainingTimesLastYear": 0.8333333333333334,
    "Norm_WorkLifeBalance": 0.6666666666666666,
    "Norm_YearsAtCompany": 0.15,
    "Norm_YearsSinceLastPromotion": 0.0666666666666666,
    "NumCompaniesWorked": 1,
    "Over18": "Y",
    "OverTime": "No",
    "OverTime_bin": 0,
    "PercentSalaryHike": 22,
    "PerformanceRating": 4,
    "Prob_N01": 0.0006188828916976,
    "Prob_N02": 0.0307202698082903,
    "Prob_N03": 0.0113013556897097,
    "Prob_P01": 0.0001483159264314,
    "Prob_P02": 0.0145112279486159,
    "Prob_P03": 0.0003412713709541,
    "Prob_P04": 0.0053284522365543,
    "Prob_S01": 0.0014958587682423,
    "Prob_S02": 0.8368832678464113,
    "Prob_S03": 0.0986510975130926,
    "RelationshipSatisfaction": 3,
    "Score_N01": 0.2095238095238095,
    "Score_N02": 0.6,
    "Score_N03": 0.5,
    "Score_P01": 0.0666666666666666,
    "Score_P02": 0.525,
    "Score_P03": 0.15,
    "Score_P04": 0.4248138117806364,
    "Score_S01": 0.2977777777777778,
    "Score_S02": 0.9304761904761906,
    "Score_S03": 0.7166666666666668,
    "StandardHours": 80,
    "StockOptionLevel": 0,
    "TotalWorkingYears": 6,
    "TrainingTimesLastYear": 5,
    "WorkLifeBalance": 3,
    "YearsAtCompany": 6,
    "YearsInCurrentRole": 5,
    "YearsSinceLastPromotion": 1,
    "YearsWithCurrManager": 4,
    "argmax_Persona": "라이징 스타",
    "argmax_Persona_Code": "S02",
    "argmax_RiskTier": "Stable",
    "is_married": 0,
    "softmax_Persona": "라이징 스타",
    "softmax_Persona_Code": "S02",
    "softmax_RiskTier": "Stable"
  },
  "employee_id": 786,
  "feature_importance": {},
  "lime_explanation": {},
  "model_interpretation": {},
  "predicted_attrition": 0,
  "risk_score": 9.062558092409745e-06,
  "shap_values": {},
  "xai_explanation": {}
}