{
  "prediction": {
    "employee_id": "510",
    "attrition_probability": 0.05687631666660309,
    "attrition_prediction": 1,
    "risk_category": "LOW",
    "confidence_score": 0.8862473666667938,
    "prediction_timestamp": "2025-09-23T22:52:20.923393"
  },
  "explanation": {
    "employee_id": "510",
    "feature_importance": {
      "RelationshipSatisfaction": 0.03405288979411125,
      "Education": 0.02487798221409321,
      "JobInvolvement": 0.03501373156905174,
      "EnvironmentSatisfaction": 0.048257846385240555,
      "JobLevel": 0.07228615880012512,
      "JobSatisfaction": 0.04019258916378021,
      "StockOptionLevel": 0.07264421880245209,
      "WorkLifeBalance": 0.03580893576145172,
      "Department": 0.037670474499464035,
      "JobRole": 0.046762410551309586,
      "MaritalStatus": 0.036864522844552994,
      "OverTime": 0.0779639258980751,
      "Age": 0.04039482772350311,
      "DailyRate": 0.03578038513660431,
      "DistanceFromHome": 0.036774344742298126,
      "MonthlyIncome": 0.04666806384921074,
      "NumCompaniesWorked": 0.050036631524562836,
      "TotalWorkingYears": 0.04981709271669388,
      "TrainingTimesLastYear": 0.02378365956246853,
      "YearsAtCompany": 0.02968277968466282,
      "YearsInCurrentRole": 0.03649982064962387,
      "YearsSinceLastPromotion": 0.03537580743432045,
      "YearsWithCurrManager": 0.05279093235731125
    },
    "shap_values": {
      "RelationshipSatisfaction": -0.24554850161075592,
      "Education": -0.2376934140920639,
      "JobInvolvement": -0.10001979768276215,
      "EnvironmentSatisfaction": -0.1708512008190155,
      "JobLevel": 0.003255231771618128,
      "JobSatisfaction": 0.2874891459941864,
      "StockOptionLevel": 0.2516354024410248,
      "WorkLifeBalance": -0.18757867813110352,
      "Department": -0.07235582172870636,
      "JobRole": -0.21640029549598694,
      "MaritalStatus": -0.15211725234985352,
      "OverTime": -0.6588518619537354,
      "Age": 0.2264864146709442,
      "DailyRate": -0.05201997235417366,
      "DistanceFromHome": -0.2817900478839874,
      "MonthlyIncome": -0.06292912364006042,
      "NumCompaniesWorked": -0.7410822510719299,
      "TotalWorkingYears": -0.010003117844462395,
      "TrainingTimesLastYear": 0.025953281670808792,
      "YearsAtCompany": -0.2150300294160843,
      "YearsInCurrentRole": -0.12451792508363724,
      "YearsSinceLastPromotion": -0.15106019377708435,
      "YearsWithCurrManager": -0.1985730677843094
    },
    "lime_explanation": {
      "features": [
        "OverTime=0",
        "NumCompaniesWorked <= 1.00",
        "StockOptionLevel <= 0.00",
        "Age <= 30.00",
        "JobSatisfaction <= 2.00",
        "2.00 < WorkLifeBalance <= 3.00",
        "2.00 < JobInvolvement <= 3.00",
        "2.00 < DistanceFromHome <= 7.00",
        "2.00 < EnvironmentSatisfaction <= 3.00",
        "2.00 < RelationshipSatisfaction <= 3.00"
      ],
      "values": [
        -0.20837347827918376,
        -0.13207805798766328,
        0.11569827208269577,
        0.07998478431954341,
        0.07569122796684398,
        -0.07490735824567711,
        -0.06600514510498215,
        -0.051625079039242315,
        -0.05026382919942321,
        -0.046411517512787985
      ],
      "intercept": 0.536693758186976
    },
    "top_risk_factors": [
      {
        "feature": "JobSatisfaction",
        "impact": 0.2874891459941864,
        "type": "risk"
      },
      {
        "feature": "StockOptionLevel",
        "impact": 0.2516354024410248,
        "type": "risk"
      }
    ],
    "top_protective_factors": [
      {
        "feature": "NumCompaniesWorked",
        "impact": 0.7410822510719299,
        "type": "protective"
      },
      {
        "feature": "OverTime",
        "impact": 0.6588518619537354,
        "type": "protective"
      },
      {
        "feature": "DistanceFromHome",
        "impact": 0.2817900478839874,
        "type": "protective"
      }
    ],
    "explanation_timestamp": "2025-09-23T22:52:20.995287"
  },
  "agent_type": "structura",
  "analysis_type": "individual"
}