{
  "prediction": {
    "employee_id": "1835",
    "attrition_probability": 0.029780671000480652,
    "attrition_prediction": 1,
    "risk_category": "LOW",
    "confidence_score": 0.9404386579990387,
    "prediction_timestamp": "2025-09-23T22:53:53.543108"
  },
  "explanation": {
    "employee_id": "1835",
    "feature_importance": {
      "RelationshipSatisfaction": 0.03405288979411125,
      "Education": 0.02487798221409321,
      "JobInvolvement": 0.03501373156905174,
      "EnvironmentSatisfaction": 0.048257846385240555,
      "JobLevel": 0.07228615880012512,
      "JobSatisfaction": 0.04019258916378021,
      "StockOptionLevel": 0.07264421880245209,
      "WorkLifeBalance": 0.03580893576145172,
      "Department": 0.037670474499464035,
      "JobRole": 0.046762410551309586,
      "MaritalStatus": 0.036864522844552994,
      "OverTime": 0.0779639258980751,
      "Age": 0.04039482772350311,
      "DailyRate": 0.03578038513660431,
      "DistanceFromHome": 0.036774344742298126,
      "MonthlyIncome": 0.04666806384921074,
      "NumCompaniesWorked": 0.050036631524562836,
      "TotalWorkingYears": 0.04981709271669388,
      "TrainingTimesLastYear": 0.02378365956246853,
      "YearsAtCompany": 0.02968277968466282,
      "YearsInCurrentRole": 0.03649982064962387,
      "YearsSinceLastPromotion": 0.03537580743432045,
      "YearsWithCurrManager": 0.05279093235731125
    },
    "shap_values": {
      "RelationshipSatisfaction": 0.215793177485466,
      "Education": -0.15237727761268616,
      "JobInvolvement": 0.48323842883110046,
      "EnvironmentSatisfaction": -0.16052386164665222,
      "JobLevel": -0.061156075447797775,
      "JobSatisfaction": -0.4065227508544922,
      "StockOptionLevel": -0.33009105920791626,
      "WorkLifeBalance": 0.08972165733575821,
      "Department": -0.09345445781946182,
      "JobRole": -0.4220679700374603,
      "MaritalStatus": -0.09797893464565277,
      "OverTime": -0.5012032389640808,
      "Age": -0.6690506339073181,
      "DailyRate": 0.07356839627027512,
      "DistanceFromHome": -0.31938880681991577,
      "MonthlyIncome": -0.5150830149650574,
      "NumCompaniesWorked": -0.21100936830043793,
      "TotalWorkingYears": -0.3248472809791565,
      "TrainingTimesLastYear": -0.01268058456480503,
      "YearsAtCompany": -0.05113563686609268,
      "YearsInCurrentRole": -0.0034399889409542084,
      "YearsSinceLastPromotion": -0.14660169184207916,
      "YearsWithCurrManager": -0.1426568478345871
    },
    "lime_explanation": {
      "features": [
        "OverTime=0",
        "JobInvolvement <= 2.00",
        "EnvironmentSatisfaction <= 2.00",
        "DistanceFromHome <= 2.00",
        "RelationshipSatisfaction <= 2.00",
        "WorkLifeBalance <= 2.00",
        "3.00 < JobSatisfaction <= 4.00",
        "35.00 < Age <= 42.00",
        "StockOptionLevel > 1.00",
        "TotalWorkingYears > 15.00"
      ],
      "values": [
        -0.2123110727827492,
        0.10695615513452944,
        0.10595360117248664,
        -0.10323563277142117,
        0.08564284069507386,
        0.08189882879082917,
        -0.08023132411776068,
        -0.06585220536581891,
        -0.06439902678955953,
        -0.04229056117988384
      ],
      "intercept": 0.40668713939345125
    },
    "top_risk_factors": [
      {
        "feature": "JobInvolvement",
        "impact": 0.48323842883110046,
        "type": "risk"
      }
    ],
    "top_protective_factors": [
      {
        "feature": "Age",
        "impact": 0.6690506339073181,
        "type": "protective"
      },
      {
        "feature": "MonthlyIncome",
        "impact": 0.5150830149650574,
        "type": "protective"
      },
      {
        "feature": "OverTime",
        "impact": 0.5012032389640808,
        "type": "protective"
      },
      {
        "feature": "JobRole",
        "impact": 0.4220679700374603,
        "type": "protective"
      }
    ],
    "explanation_timestamp": "2025-09-23T22:53:53.628112"
  },
  "agent_type": "structura",
  "analysis_type": "individual"
}