{
  "prediction": {
    "risk_score": 3.076109089672485e-10,
    "attrition_probability": 3.076109089672485e-10
  },
  "confidence": 0.8
}