{
  "confidence": 0.8,
  "employee_id": "1445",
  "features_used": 11,
  "model_metadata": {
    "feature_dimensions": 11,
    "model_type": "GRU_CNN_Hybrid",
    "sequence_length": 50,
    "training_optimized": true
  },
  "predicted_attrition": 0,
  "risk_score": 2.959922931755621e-11,
  "sequence_length": 50,
  "xai_explanation": {
    "attention_weights": [
      [
        0.020002247765660286,
        0.020000474527478218,
        0.020000435411930084,
        0.020000388845801353,
        0.020000338554382324,
        0.020000291988253593,
        0.020000256597995758,
        0.020000221207737923,
        0.020000185817480087,
        0.020000146701931953,
        0.020000116899609566,
        0.020000087097287178,
        0.020000062882900238,
        0.020000040531158447,
        0.020000016316771507,
        0.019999992102384567,
        0.019999973475933075,
        0.019999949261546135,
        0.01999993436038494,
        0.019999923184514046,
        0.01999991200864315,
        0.019999895244836807,
        0.019999884068965912,
        0.019999874755740166,
        0.01999986730515957,
        0.019999857991933823,
        0.019999854266643524,
        0.019999846816062927,
        0.01999984122812748,
        0.01999983750283718,
        0.019999830052256584,
        0.019999828189611435,
        0.019999824464321136,
        0.019999820739030838,
        0.01999981515109539,
        0.01999981328845024,
        0.019999811425805092,
        0.019999807700514793,
        0.019999805837869644,
        0.019999805837869644,
        0.019999803975224495,
        0.019999802112579346,
        0.019999802112579346,
        0.019999798387289047,
        0.019999798387289047,
        0.019999796524643898,
        0.019999796524643898,
        0.01999979466199875,
        0.01999979466199875,
        0.0199997927993536
      ]
    ],
    "feature_names": [
      "day_of_week",
      "day_index",
      "system_login_hours",
      "work_focused_hours",
      "meeting_collaboration_hours",
      "social_dining_hours",
      "break_relaxation_hours",
      "shared_work_hours",
      "internal_comm_volume",
      "cafeteria_usage",
      "convenience_food_usage"
    ],
    "gradient_importance": [
      2.2122772635069926e-13,
      5.341261016377635e-14,
      2.436009022537683e-13,
      4.26972828837871e-13,
      4.931620975305584e-13,
      7.783382364187977e-14,
      3.3974500730088453e-12,
      3.5938740590261975e-13,
      1.120661723141847e-12,
      2.187828043731521e-12,
      2.6223584935480826e-12
    ],
    "sequence_importance": {
      "timestep_0": 2.3786224725985683e-11,
      "timestep_1": 5.054804231435783e-12,
      "timestep_10": 6.806647989885007e-19,
      "timestep_11": 6.365706956654427e-19,
      "timestep_12": 5.104653569205085e-19,
      "timestep_13": 4.449955107017966e-19,
      "timestep_14": 4.26478865894644e-19,
      "timestep_15": 4.021266428116887e-19,
      "timestep_16": 3.260774667511533e-19,
      "timestep_17": 3.4851122534905083e-19,
      "timestep_18": 2.198166561904608e-19,
      "timestep_19": 1.9551742436549722e-19,
      "timestep_2": 2.759520225205744e-18,
      "timestep_20": 1.8929944307745076e-19,
      "timestep_21": 1.8957139162852464e-19,
      "timestep_22": 1.33215421398922e-19,
      "timestep_23": 1.257525074395891e-19,
      "timestep_24": 1.0500311475104828e-19,
      "timestep_25": 9.412719542318475e-20,
      "timestep_26": 7.964452951769421e-20,
      "timestep_27": 7.003197994148912e-20,
      "timestep_28": 5.714140407061587e-20,
      "timestep_29": 4.532952018612579e-20,
      "timestep_3": 2.418320216646502e-18,
      "timestep_30": 4.6476622594106506e-20,
      "timestep_31": 3.581762168836221e-20,
      "timestep_32": 3.090153221159471e-20,
      "timestep_33": 3.206833832026038e-20,
      "timestep_34": 2.243240312029219e-20,
      "timestep_35": 1.832984416038346e-20,
      "timestep_36": 1.472197959645979e-20,
      "timestep_37": 1.3670406855706147e-20,
      "timestep_38": 1.2767457629954256e-20,
      "timestep_39": 8.54875330319642e-21,
      "timestep_4": 1.9248610727346243e-18,
      "timestep_40": 7.771591268308708e-21,
      "timestep_41": 5.498943231474808e-21,
      "timestep_42": 4.887948776172572e-21,
      "timestep_43": 4.276954724767119e-21,
      "timestep_44": 2.7177600636797926e-21,
      "timestep_45": 2.264799514537449e-21,
      "timestep_46": 1.1476902327806071e-12,
      "timestep_47": 5.9037870078770815e-12,
      "timestep_48": 7.113042359979671e-12,
      "timestep_49": 7.921233113883375e-12,
      "timestep_5": 1.6431294565560806e-18,
      "timestep_6": 1.2994884380091948e-18,
      "timestep_7": 1.0736742312392358e-18,
      "timestep_8": 9.62182175388393e-19,
      "timestep_9": 9.023402075635506e-19
    },
    "temporal_importance": [
      2.3786224725985683e-11,
      5.054804231435783e-12,
      2.759520225205744e-18,
      2.418320216646502e-18,
      1.9248610727346243e-18,
      1.6431294565560806e-18,
      1.2994884380091948e-18,
      1.0736742312392358e-18,
      9.62182175388393e-19,
      9.023402075635506e-19,
      6.806647989885007e-19,
      6.365706956654427e-19,
      5.104653569205085e-19,
      4.449955107017966e-19,
      4.26478865894644e-19,
      4.021266428116887e-19,
      3.260774667511533e-19,
      3.4851122534905083e-19,
      2.198166561904608e-19,
      1.9551742436549722e-19,
      1.8929944307745076e-19,
      1.8957139162852464e-19,
      1.33215421398922e-19,
      1.257525074395891e-19,
      1.0500311475104828e-19,
      9.412719542318475e-20,
      7.964452951769421e-20,
      7.003197994148912e-20,
      5.714140407061587e-20,
      4.532952018612579e-20,
      4.6476622594106506e-20,
      3.581762168836221e-20,
      3.090153221159471e-20,
      3.206833832026038e-20,
      2.243240312029219e-20,
      1.832984416038346e-20,
      1.472197959645979e-20,
      1.3670406855706147e-20,
      1.2767457629954256e-20,
      8.54875330319642e-21,
      7.771591268308708e-21,
      5.498943231474808e-21,
      4.887948776172572e-21,
      4.276954724767119e-21,
      2.7177600636797926e-21,
      2.264799514537449e-21,
      1.1476902327806071e-12,
      5.9037870078770815e-12,
      7.113042359979671e-12,
      7.921233113883375e-12
    ],
    "trend_analysis": {
      "confidence_level": "high",
      "prediction_trend": "stable"
    }
  }
}