{
  "confidence": 0.7,
  "employee_data": {
    "Age": 36,
    "AgeFactor": 1,
    "Attrition": "No",
    "BusinessTravel": "Travel_Frequently",
    "DailyRate": 1213,
    "Department": "Human Resources",
    "DistanceFromHome": 2,
    "Education": 1,
    "EducationField": "Human Resources",
    "EmployeeCount": 1,
    "EmployeeNumber": 1890,
    "EnvironmentSatisfaction": 2,
    "Gender": "Male",
    "HourlyRate": 94,
    "JobInvolvement": 2,
    "JobLevel": 2,
    "JobRole": "Human Resources",
    "JobSatisfaction": 4,
    "MaritalStatus": "Single",
    "MonthlyIncome": 3886,
    "MonthlyRate": 4223,
    "Norm_EnvironmentSatisfaction": 0.3333333333333333,
    "Norm_JobInvolvement": 0.3333333333333333,
    "Norm_JobLevel": 0.25,
    "Norm_JobSatisfaction": 1,
    "Norm_MonthlyIncome": 0.1515007898894154,
    "Norm_NumCompaniesWorked": 0.1111111111111111,
    "Norm_PercentSalaryHike": 0.7142857142857143,
    "Norm_PerformanceRating": 1,
    "Norm_RelationshipSatisfaction": 1,
    "Norm_TotalWorkingYears": 0.25,
    "Norm_TrainingTimesLastYear": 0.3333333333333333,
    "Norm_WorkLifeBalance": 0.3333333333333333,
    "Norm_YearsAtCompany": 0.25,
    "Norm_YearsSinceLastPromotion": 0,
    "NumCompaniesWorked": 1,
    "Over18": "Y",
    "OverTime": "No",
    "OverTime_bin": 0,
    "PercentSalaryHike": 21,
    "PerformanceRating": 4,
    "Prob_N01": 0.0035628543345238,
    "Prob_N02": 0.0404122691843049,
    "Prob_N03": 0.0106525585017451,
    "Prob_P01": 0.0002722957278766,
    "Prob_P02": 0.0115783089733086,
    "Prob_P03": 0.0020120084087795,
    "Prob_P04": 0.0110524716480585,
    "Prob_S01": 0.0031379755917149,
    "Prob_S02": 0.8928079773408467,
    "Prob_S03": 0.024511280288841,
    "RelationshipSatisfaction": 4,
    "Score_N01": 0.3904761904761905,
    "Score_N02": 0.6333333333333333,
    "Score_N03": 0.5,
    "Score_P01": 0.1333333333333333,
    "Score_P02": 0.5083333333333333,
    "Score_P03": 0.3333333333333333,
    "Score_P04": 0.5036853983299481,
    "Score_S01": 0.3777777777777777,
    "Score_S02": 0.942857142857143,
    "Score_S03": 0.5833333333333334,
    "StandardHours": 80,
    "StockOptionLevel": 0,
    "TotalWorkingYears": 10,
    "TrainingTimesLastYear": 2,
    "WorkLifeBalance": 2,
    "YearsAtCompany": 10,
    "YearsInCurrentRole": 1,
    "YearsSinceLastPromotion": 0,
    "YearsWithCurrManager": 8,
    "argmax_Persona": "라이징 스타",
    "argmax_Persona_Code": "S02",
    "argmax_RiskTier": "Stable",
    "is_married": 0,
    "softmax_Persona": "라이징 스타",
    "softmax_Persona_Code": "S02",
    "softmax_RiskTier": "Stable"
  },
  "employee_id": 1890,
  "feature_importance": {},
  "lime_explanation": {},
  "model_interpretation": {},
  "predicted_attrition": 0,
  "risk_score": 2.513831714168191e-05,
  "shap_values": {},
  "xai_explanation": {}
}