{
  "confidence": 0.8,
  "employee_id": "1424",
  "features_used": 11,
  "model_metadata": {
    "feature_dimensions": 11,
    "model_type": "GRU_CNN_Hybrid",
    "sequence_length": 50,
    "training_optimized": true
  },
  "predicted_attrition": 0,
  "risk_score": 1.948879683057152e-24,
  "sequence_length": 50,
  "xai_explanation": {
    "attention_weights": [
      [
        0.02000531740486622,
        0.01999938115477562,
        0.019999509677290916,
        0.019999612122774124,
        0.019999708980321884,
        0.019999772310256958,
        0.01999981887638569,
        0.019999857991933823,
        0.01999988593161106,
        0.019999908283352852,
        0.019999921321868896,
        0.01999993436038494,
        0.019999941810965538,
        0.019999947398900986,
        0.019999952986836433,
        0.019999952986836433,
        0.019999952986836433,
        0.019999952986836433,
        0.019999954849481583,
        0.019999952986836433,
        0.019999952986836433,
        0.019999951124191284,
        0.019999951124191284,
        0.019999947398900986,
        0.019999947398900986,
        0.019999945536255836,
        0.019999943673610687,
        0.019999943673610687,
        0.019999943673610687,
        0.019999943673610687,
        0.019999943673610687,
        0.01999993808567524,
        0.01999993808567524,
        0.01999993808567524,
        0.01999993808567524,
        0.01999993808567524,
        0.01999993808567524,
        0.01999993622303009,
        0.01999993622303009,
        0.01999993622303009,
        0.01999993436038494,
        0.01999993436038494,
        0.01999993436038494,
        0.01999993436038494,
        0.01999993436038494,
        0.01999993436038494,
        0.01999993436038494,
        0.01999993436038494,
        0.01999993436038494,
        0.01999993436038494
      ]
    ],
    "feature_names": [
      "day_of_week",
      "day_index",
      "system_login_hours",
      "work_focused_hours",
      "meeting_collaboration_hours",
      "social_dining_hours",
      "break_relaxation_hours",
      "shared_work_hours",
      "internal_comm_volume",
      "cafeteria_usage",
      "convenience_food_usage"
    ],
    "gradient_importance": [
      1.4290737610279547e-26,
      8.398357256542732e-27,
      2.252440705653377e-26,
      2.8111810240601044e-26,
      4.6024819942100594e-26,
      1.8893295717241008e-26,
      2.848757180685143e-25,
      3.427061372800868e-26,
      1.072222207566728e-25,
      1.8171309878962525e-25,
      2.2626636034279427e-25
    ],
    "sequence_importance": {
      "timestep_0": 2.0234716092416824e-24,
      "timestep_1": 7.838130335923091e-25,
      "timestep_10": 7.536505706144473e-32,
      "timestep_11": 6.140759566555789e-32,
      "timestep_12": 4.416474216982196e-32,
      "timestep_13": 3.433338349475643e-32,
      "timestep_14": 2.578937627420156e-32,
      "timestep_15": 1.838341068508384e-32,
      "timestep_16": 1.442934303187331e-32,
      "timestep_17": 1.249286743379126e-32,
      "timestep_18": 8.48871196629219e-33,
      "timestep_19": 5.731797514659832e-33,
      "timestep_2": 6.53872629493306e-26,
      "timestep_20": 4.9265471501481015e-33,
      "timestep_21": 3.3978817664349965e-33,
      "timestep_22": 2.6345089391842873e-33,
      "timestep_23": 2.4890729210097152e-33,
      "timestep_24": 1.9068298142253045e-33,
      "timestep_25": 1.325344809461678e-33,
      "timestep_26": 1.2522004081657305e-33,
      "timestep_27": 9.840748303534707e-34,
      "timestep_28": 7.483949170048216e-34,
      "timestep_29": 6.2201609589772704e-34,
      "timestep_3": 4.382684925741397e-31,
      "timestep_30": 5.9278003610709015e-34,
      "timestep_31": 5.6354420590519364e-34,
      "timestep_32": 4.644742767018605e-34,
      "timestep_33": 3.0722417295953985e-34,
      "timestep_34": 2.8915214117709723e-34,
      "timestep_35": 2.710801553124027e-34,
      "timestep_36": 2.5300810057108604e-34,
      "timestep_37": 2.3493609174751746e-34,
      "timestep_38": 2.3307561938972676e-34,
      "timestep_39": 2.1365261858217797e-34,
      "timestep_4": 4.136532176899547e-31,
      "timestep_40": 1.9422964073350323e-34,
      "timestep_41": 1.7480669732313954e-34,
      "timestep_42": 1.553837194744648e-34,
      "timestep_43": 7.790170384595341e-35,
      "timestep_44": 0,
      "timestep_45": 0,
      "timestep_46": 0,
      "timestep_47": 2.9139360734219304e-25,
      "timestep_48": 4.624256773865455e-25,
      "timestep_49": 7.94377212315996e-25,
      "timestep_5": 2.6473731452835033e-31,
      "timestep_6": 2.2018022467031854e-31,
      "timestep_7": 1.7379218481144595e-31,
      "timestep_8": 1.2969587698399299e-31,
      "timestep_9": 9.685118361615606e-32
    },
    "temporal_importance": [
      2.0234716092416824e-24,
      7.838130335923091e-25,
      6.53872629493306e-26,
      4.382684925741397e-31,
      4.136532176899547e-31,
      2.6473731452835033e-31,
      2.2018022467031854e-31,
      1.7379218481144595e-31,
      1.2969587698399299e-31,
      9.685118361615606e-32,
      7.536505706144473e-32,
      6.140759566555789e-32,
      4.416474216982196e-32,
      3.433338349475643e-32,
      2.578937627420156e-32,
      1.838341068508384e-32,
      1.442934303187331e-32,
      1.249286743379126e-32,
      8.48871196629219e-33,
      5.731797514659832e-33,
      4.9265471501481015e-33,
      3.3978817664349965e-33,
      2.6345089391842873e-33,
      2.4890729210097152e-33,
      1.9068298142253045e-33,
      1.325344809461678e-33,
      1.2522004081657305e-33,
      9.840748303534707e-34,
      7.483949170048216e-34,
      6.2201609589772704e-34,
      5.9278003610709015e-34,
      5.6354420590519364e-34,
      4.644742767018605e-34,
      3.0722417295953985e-34,
      2.8915214117709723e-34,
      2.710801553124027e-34,
      2.5300810057108604e-34,
      2.3493609174751746e-34,
      2.3307561938972676e-34,
      2.1365261858217797e-34,
      1.9422964073350323e-34,
      1.7480669732313954e-34,
      1.553837194744648e-34,
      7.790170384595341e-35,
      0,
      0,
      0,
      2.9139360734219304e-25,
      4.624256773865455e-25,
      7.94377212315996e-25
    ],
    "trend_analysis": {
      "confidence_level": "high",
      "prediction_trend": "stable"
    }
  }
}