{
  "confidence": 0.7,
  "employee_data": {
    "Age": 54,
    "AgeFactor": 0,
    "Attrition": "No",
    "BusinessTravel": "Travel_Rarely",
    "DailyRate": 584,
    "Department": "Research & Development",
    "DistanceFromHome": 22,
    "Education": 5,
    "EducationField": "Medical",
    "EmployeeCount": 1,
    "EmployeeNumber": 1665,
    "EnvironmentSatisfaction": 2,
    "Gender": "Female",
    "HourlyRate": 91,
    "JobInvolvement": 3,
    "JobLevel": 4,
    "JobRole": "Manager",
    "JobSatisfaction": 3,
    "MaritalStatus": "Married",
    "MonthlyIncome": 17426,
    "MonthlyRate": 18685,
    "Norm_EnvironmentSatisfaction": 0.3333333333333333,
    "Norm_JobInvolvement": 0.6666666666666666,
    "Norm_JobLevel": 0.75,
    "Norm_JobSatisfaction": 0.6666666666666666,
    "Norm_MonthlyIncome": 0.864507635597683,
    "Norm_NumCompaniesWorked": 0.3333333333333333,
    "Norm_PercentSalaryHike": 1,
    "Norm_PerformanceRating": 1,
    "Norm_RelationshipSatisfaction": 0.6666666666666666,
    "Norm_TotalWorkingYears": 0.9,
    "Norm_TrainingTimesLastYear": 1,
    "Norm_WorkLifeBalance": 0.6666666666666666,
    "Norm_YearsAtCompany": 0.25,
    "Norm_YearsSinceLastPromotion": 0.2666666666666666,
    "NumCompaniesWorked": 3,
    "Over18": "Y",
    "OverTime": "No",
    "OverTime_bin": 0,
    "PercentSalaryHike": 25,
    "PerformanceRating": 4,
    "Prob_N01": 0.0004420377168861,
    "Prob_N02": 0.1277795608552723,
    "Prob_N03": 0.0915580562041714,
    "Prob_P01": 0.0004420377168861,
    "Prob_P02": 0.0366094571257241,
    "Prob_P03": 0.0006169133300429,
    "Prob_P04": 0.0006433558558435,
    "Prob_S01": 0.0315100517607019,
    "Prob_S02": 0.6328963080911323,
    "Prob_S03": 0.0775022213433389,
    "RelationshipSatisfaction": 3,
    "Score_N01": 0.1666666666666666,
    "Score_N02": 0.7333333333333334,
    "Score_N03": 0.7,
    "Score_P01": 0.1666666666666666,
    "Score_P02": 0.6083333333333334,
    "Score_P03": 0.2,
    "Score_P04": 0.2041969457609268,
    "Score_S01": 0.5933333333333335,
    "Score_S02": 0.8933333333333333,
    "Score_S03": 0.6833333333333333,
    "StandardHours": 80,
    "StockOptionLevel": 1,
    "TotalWorkingYears": 36,
    "TrainingTimesLastYear": 6,
    "WorkLifeBalance": 3,
    "YearsAtCompany": 10,
    "YearsInCurrentRole": 8,
    "YearsSinceLastPromotion": 4,
    "YearsWithCurrManager": 7,
    "argmax_Persona": "라이징 스타",
    "argmax_Persona_Code": "S02",
    "argmax_RiskTier": "Stable",
    "is_married": 1,
    "softmax_Persona": "라이징 스타",
    "softmax_Persona_Code": "S02",
    "softmax_RiskTier": "Stable"
  },
  "employee_id": 1665,
  "feature_importance": {},
  "lime_explanation": {},
  "model_interpretation": {},
  "predicted_attrition": 0,
  "risk_score": 0.0002458837698213756,
  "shap_values": {},
  "xai_explanation": {}
}