{
  "prediction": {
    "risk_score": 1.972196851022624e-33,
    "attrition_probability": 1.972196851022624e-33
  },
  "confidence": 0.8
}