{
  "confidence": 0.7,
  "employee_data": {
    "Age": 40,
    "AgeFactor": 1,
    "Attrition": "No",
    "BusinessTravel": "Travel_Rarely",
    "DailyRate": 523,
    "Department": "Research & Development",
    "DistanceFromHome": 2,
    "Education": 3,
    "EducationField": "Life Sciences",
    "EmployeeCount": 1,
    "EmployeeNumber": 1346,
    "EnvironmentSatisfaction": 3,
    "Gender": "Male",
    "HourlyRate": 98,
    "JobInvolvement": 3,
    "JobLevel": 2,
    "JobRole": "Research Scientist",
    "JobSatisfaction": 4,
    "MaritalStatus": "Single",
    "MonthlyIncome": 4661,
    "MonthlyRate": 22455,
    "Norm_EnvironmentSatisfaction": 0.6666666666666666,
    "Norm_JobInvolvement": 0.6666666666666666,
    "Norm_JobLevel": 0.25,
    "Norm_JobSatisfaction": 1,
    "Norm_MonthlyIncome": 0.1923117430226435,
    "Norm_NumCompaniesWorked": 0.1111111111111111,
    "Norm_PercentSalaryHike": 0.1428571428571428,
    "Norm_PerformanceRating": 0,
    "Norm_RelationshipSatisfaction": 0.6666666666666666,
    "Norm_TotalWorkingYears": 0.225,
    "Norm_TrainingTimesLastYear": 0.6666666666666666,
    "Norm_WorkLifeBalance": 0.6666666666666666,
    "Norm_YearsAtCompany": 0.225,
    "Norm_YearsSinceLastPromotion": 0.5333333333333333,
    "NumCompaniesWorked": 1,
    "Over18": "Y",
    "OverTime": "No",
    "OverTime_bin": 0,
    "PercentSalaryHike": 13,
    "PerformanceRating": 3,
    "Prob_N01": 0.159301106876331,
    "Prob_N02": 0.0014283364579597,
    "Prob_N03": 0.040038591812705,
    "Prob_P01": 0.0014283364579597,
    "Prob_P02": 0.0688211046120534,
    "Prob_P03": 0.0205564984586009,
    "Prob_P04": 0.3469456851661532,
    "Prob_S01": 0.0096564063165963,
    "Prob_S02": 0.0023215260200257,
    "Prob_S03": 0.3495024078216145,
    "RelationshipSatisfaction": 3,
    "Score_N01": 0.6380952380952382,
    "Score_N02": 0.1666666666666666,
    "Score_N03": 0.5,
    "Score_P01": 0.1666666666666666,
    "Score_P02": 0.5541666666666667,
    "Score_P03": 0.4333333333333333,
    "Score_P04": 0.7159324456480856,
    "Score_S01": 0.3577777777777778,
    "Score_S02": 0.2152380952380952,
    "Score_S03": 0.7166666666666668,
    "StandardHours": 80,
    "StockOptionLevel": 0,
    "TotalWorkingYears": 9,
    "TrainingTimesLastYear": 4,
    "WorkLifeBalance": 3,
    "YearsAtCompany": 9,
    "YearsInCurrentRole": 8,
    "YearsSinceLastPromotion": 8,
    "YearsWithCurrManager": 8,
    "argmax_Persona": "내재 동기 전문가",
    "argmax_Persona_Code": "S03",
    "argmax_RiskTier": "Stable",
    "is_married": 0,
    "softmax_Persona": "내재 동기 전문가",
    "softmax_Persona_Code": "S03",
    "softmax_RiskTier": "Stable"
  },
  "employee_id": 1346,
  "feature_importance": {},
  "lime_explanation": {},
  "model_interpretation": {},
  "predicted_attrition": 0,
  "risk_score": 0.0001400414330419153,
  "shap_values": {},
  "xai_explanation": {}
}