{
  "confidence": 0.7,
  "employee_data": {
    "Age": 27,
    "AgeFactor": 0,
    "Attrition": "No",
    "BusinessTravel": "Non-Travel",
    "DailyRate": 1277,
    "Department": "Research & Development",
    "DistanceFromHome": 8,
    "Education": 5,
    "EducationField": "Life Sciences",
    "EmployeeCount": 1,
    "EmployeeNumber": 1094,
    "EnvironmentSatisfaction": 1,
    "Gender": "Male",
    "HourlyRate": 87,
    "JobInvolvement": 1,
    "JobLevel": 1,
    "JobRole": "Laboratory Technician",
    "JobSatisfaction": 3,
    "MaritalStatus": "Married",
    "MonthlyIncome": 4621,
    "MonthlyRate": 5869,
    "Norm_EnvironmentSatisfaction": 0,
    "Norm_JobInvolvement": 0,
    "Norm_JobLevel": 0,
    "Norm_JobSatisfaction": 0.6666666666666666,
    "Norm_MonthlyIncome": 0.1902053712480252,
    "Norm_NumCompaniesWorked": 0.1111111111111111,
    "Norm_PercentSalaryHike": 0.5714285714285714,
    "Norm_PerformanceRating": 0,
    "Norm_RelationshipSatisfaction": 1,
    "Norm_TotalWorkingYears": 0.075,
    "Norm_TrainingTimesLastYear": 0.6666666666666666,
    "Norm_WorkLifeBalance": 0.6666666666666666,
    "Norm_YearsAtCompany": 0.075,
    "Norm_YearsSinceLastPromotion": 0.0666666666666666,
    "NumCompaniesWorked": 1,
    "Over18": "Y",
    "OverTime": "No",
    "OverTime_bin": 0,
    "PercentSalaryHike": 19,
    "PerformanceRating": 3,
    "Prob_N01": 0.7616571086549913,
    "Prob_N02": 0.0008011986249955,
    "Prob_N03": 0.1189084190042313,
    "Prob_P01": 0.00156052183555,
    "Prob_P02": 0.0817244815395929,
    "Prob_P03": 0.0030394815009099,
    "Prob_P04": 0.0153607850727476,
    "Prob_S01": 0.001168979781051,
    "Prob_S02": 0.0142185021503802,
    "Prob_S03": 0.00156052183555,
    "RelationshipSatisfaction": 4,
    "Score_N01": 0.8857142857142858,
    "Score_N02": 0.2,
    "Score_N03": 0.7,
    "Score_P01": 0.2666666666666667,
    "Score_P02": 0.6625000000000001,
    "Score_P03": 0.3333333333333333,
    "Score_P04": 0.4953464229293614,
    "Score_S01": 0.2377777777777777,
    "Score_S02": 0.4876190476190476,
    "Score_S03": 0.2666666666666666,
    "StandardHours": 80,
    "StockOptionLevel": 3,
    "TotalWorkingYears": 3,
    "TrainingTimesLastYear": 4,
    "WorkLifeBalance": 3,
    "YearsAtCompany": 3,
    "YearsInCurrentRole": 2,
    "YearsSinceLastPromotion": 1,
    "YearsWithCurrManager": 2,
    "argmax_Persona": "현상 유지자",
    "argmax_Persona_Code": "N01",
    "argmax_RiskTier": "Neutral",
    "is_married": 1,
    "softmax_Persona": "현상 유지자",
    "softmax_Persona_Code": "N01",
    "softmax_RiskTier": "Neutral"
  },
  "employee_id": 1094,
  "feature_importance": {},
  "lime_explanation": {},
  "model_interpretation": {},
  "predicted_attrition": 0,
  "risk_score": 0.010966210626065731,
  "shap_values": {},
  "xai_explanation": {}
}