{
  "confidence": 0.7,
  "employee_data": {
    "Age": 25,
    "AgeFactor": 0,
    "Attrition": "No",
    "BusinessTravel": "Non-Travel",
    "DailyRate": 675,
    "Department": "Research & Development",
    "DistanceFromHome": 5,
    "Education": 2,
    "EducationField": "Life Sciences",
    "EmployeeCount": 1,
    "EmployeeNumber": 369,
    "EnvironmentSatisfaction": 2,
    "Gender": "Male",
    "HourlyRate": 85,
    "JobInvolvement": 4,
    "JobLevel": 2,
    "JobRole": "Healthcare Representative",
    "JobSatisfaction": 1,
    "MaritalStatus": "Divorced",
    "MonthlyIncome": 4000,
    "MonthlyRate": 18384,
    "Norm_EnvironmentSatisfaction": 0.3333333333333333,
    "Norm_JobInvolvement": 1,
    "Norm_JobLevel": 0.25,
    "Norm_JobSatisfaction": 0,
    "Norm_MonthlyIncome": 0.1575039494470774,
    "Norm_NumCompaniesWorked": 0.1111111111111111,
    "Norm_PercentSalaryHike": 0.0714285714285714,
    "Norm_PerformanceRating": 0,
    "Norm_RelationshipSatisfaction": 1,
    "Norm_TotalWorkingYears": 0.15,
    "Norm_TrainingTimesLastYear": 0.3333333333333333,
    "Norm_WorkLifeBalance": 0.6666666666666666,
    "Norm_YearsAtCompany": 0.15,
    "Norm_YearsSinceLastPromotion": 0.0666666666666666,
    "NumCompaniesWorked": 1,
    "Over18": "Y",
    "OverTime": "No",
    "OverTime_bin": 0,
    "PercentSalaryHike": 12,
    "PerformanceRating": 3,
    "Prob_N01": 0.0485978491477884,
    "Prob_N02": 0.0014329994283093,
    "Prob_N03": 0.00279110176733,
    "Prob_P01": 0.0401693024484385,
    "Prob_P02": 0.1004610158141959,
    "Prob_P03": 0.0038952963061655,
    "Prob_P04": 0.7430076442800732,
    "Prob_S01": 0.0074202607223403,
    "Prob_S02": 0.0182219496611516,
    "Prob_S03": 0.0340025804242069,
    "RelationshipSatisfaction": 4,
    "Score_N01": 0.4857142857142857,
    "Score_N02": 0.1333333333333333,
    "Score_N03": 0.2,
    "Score_P01": 0.4666666666666667,
    "Score_P02": 0.5583333333333333,
    "Score_P03": 0.2333333333333333,
    "Score_P04": 0.7584269916497406,
    "Score_S01": 0.2977777777777778,
    "Score_S02": 0.3876190476190476,
    "Score_S03": 0.45,
    "StandardHours": 80,
    "StockOptionLevel": 2,
    "TotalWorkingYears": 6,
    "TrainingTimesLastYear": 2,
    "WorkLifeBalance": 3,
    "YearsAtCompany": 6,
    "YearsInCurrentRole": 3,
    "YearsSinceLastPromotion": 1,
    "YearsWithCurrManager": 5,
    "argmax_Persona": "저평가된 전문가",
    "argmax_Persona_Code": "P04",
    "argmax_RiskTier": "High",
    "is_married": 0,
    "softmax_Persona": "저평가된 전문가",
    "softmax_Persona_Code": "P04",
    "softmax_RiskTier": "High"
  },
  "employee_id": 369,
  "feature_importance": {},
  "lime_explanation": {},
  "model_interpretation": {},
  "predicted_attrition": 0,
  "risk_score": 0.0010919122723862529,
  "shap_values": {},
  "xai_explanation": {}
}