{
  "prediction": {
    "risk_score": 1.4288054464866337e-29,
    "attrition_probability": 1.4288054464866337e-29
  },
  "confidence": 0.8
}