{
  "prediction": {
    "employee_id": "1502",
    "attrition_probability": 0.31751763820648193,
    "attrition_prediction": 1,
    "risk_category": "LOW",
    "confidence_score": 0.36496472358703613,
    "prediction_timestamp": "2025-09-23T22:53:29.168797"
  },
  "explanation": {
    "employee_id": "1502",
    "feature_importance": {
      "RelationshipSatisfaction": 0.03405288979411125,
      "Education": 0.02487798221409321,
      "JobInvolvement": 0.03501373156905174,
      "EnvironmentSatisfaction": 0.048257846385240555,
      "JobLevel": 0.07228615880012512,
      "JobSatisfaction": 0.04019258916378021,
      "StockOptionLevel": 0.07264421880245209,
      "WorkLifeBalance": 0.03580893576145172,
      "Department": 0.037670474499464035,
      "JobRole": 0.046762410551309586,
      "MaritalStatus": 0.036864522844552994,
      "OverTime": 0.0779639258980751,
      "Age": 0.04039482772350311,
      "DailyRate": 0.03578038513660431,
      "DistanceFromHome": 0.036774344742298126,
      "MonthlyIncome": 0.04666806384921074,
      "NumCompaniesWorked": 0.050036631524562836,
      "TotalWorkingYears": 0.04981709271669388,
      "TrainingTimesLastYear": 0.02378365956246853,
      "YearsAtCompany": 0.02968277968466282,
      "YearsInCurrentRole": 0.03649982064962387,
      "YearsSinceLastPromotion": 0.03537580743432045,
      "YearsWithCurrManager": 0.05279093235731125
    },
    "shap_values": {
      "RelationshipSatisfaction": -0.19239407777786255,
      "Education": -0.05021480843424797,
      "JobInvolvement": 0.01844491995871067,
      "EnvironmentSatisfaction": 0.681149959564209,
      "JobLevel": -0.01475366111844778,
      "JobSatisfaction": 0.05433264002203941,
      "StockOptionLevel": 0.4657808244228363,
      "WorkLifeBalance": -0.10657426714897156,
      "Department": -0.02033246122300625,
      "JobRole": -0.1604165881872177,
      "MaritalStatus": -0.1620645672082901,
      "OverTime": -0.6215850710868835,
      "Age": 0.16850094497203827,
      "DailyRate": -0.4051383137702942,
      "DistanceFromHome": -0.4097483158111572,
      "MonthlyIncome": -0.1711079329252243,
      "NumCompaniesWorked": 0.586759626865387,
      "TotalWorkingYears": -0.06252587586641312,
      "TrainingTimesLastYear": -0.11246147751808167,
      "YearsAtCompany": -0.17906546592712402,
      "YearsInCurrentRole": -0.09140627831220627,
      "YearsSinceLastPromotion": -0.09091000258922577,
      "YearsWithCurrManager": -0.16475769877433777
    },
    "lime_explanation": {
      "features": [
        "OverTime=0",
        "NumCompaniesWorked > 4.00",
        "EnvironmentSatisfaction <= 2.00",
        "StockOptionLevel <= 0.00",
        "JobInvolvement <= 2.00",
        "2.00 < WorkLifeBalance <= 3.00",
        "JobSatisfaction <= 2.00",
        "YearsWithCurrManager <= 2.00",
        "3.00 < RelationshipSatisfaction <= 4.00",
        "2.00 < DistanceFromHome <= 7.00"
      ],
      "values": [
        -0.21667862542762162,
        0.14908996989731618,
        0.1178518337690801,
        0.10913100194416535,
        0.10851940910592241,
        -0.07630395676821063,
        0.07506133529029049,
        0.06319405257418077,
        -0.05290325538889745,
        -0.04937556059810351
      ],
      "intercept": 0.30851684795799317
    },
    "top_risk_factors": [
      {
        "feature": "EnvironmentSatisfaction",
        "impact": 0.681149959564209,
        "type": "risk"
      },
      {
        "feature": "NumCompaniesWorked",
        "impact": 0.586759626865387,
        "type": "risk"
      },
      {
        "feature": "StockOptionLevel",
        "impact": 0.4657808244228363,
        "type": "risk"
      }
    ],
    "top_protective_factors": [
      {
        "feature": "OverTime",
        "impact": 0.6215850710868835,
        "type": "protective"
      },
      {
        "feature": "DistanceFromHome",
        "impact": 0.4097483158111572,
        "type": "protective"
      }
    ],
    "explanation_timestamp": "2025-09-23T22:53:29.263475"
  },
  "agent_type": "structura",
  "analysis_type": "individual"
}