{
  "confidence": 0.8,
  "employee_id": "998",
  "features_used": 11,
  "model_metadata": {
    "feature_dimensions": 11,
    "model_type": "GRU_CNN_Hybrid",
    "sequence_length": 50,
    "training_optimized": true
  },
  "predicted_attrition": 0,
  "risk_score": 3.527500560376934e-30,
  "sequence_length": 50,
  "xai_explanation": {
    "attention_weights": [
      [
        0.020009933039546013,
        0.0199989415705204,
        0.019999124109745026,
        0.01999928429722786,
        0.019999437034130096,
        0.019999543204903603,
        0.019999627023935318,
        0.019999690353870392,
        0.01999974250793457,
        0.019999776035547256,
        0.019999805837869644,
        0.019999828189611435,
        0.019999846816062927,
        0.019999857991933823,
        0.019999871030449867,
        0.019999878481030464,
        0.019999882206320763,
        0.01999988593161106,
        0.01999988965690136,
        0.01999988965690136,
        0.01999989151954651,
        0.019999895244836807,
        0.019999895244836807,
        0.019999895244836807,
        0.019999895244836807,
        0.019999895244836807,
        0.019999895244836807,
        0.019999895244836807,
        0.019999895244836807,
        0.019999895244836807,
        0.019999895244836807,
        0.019999895244836807,
        0.019999895244836807,
        0.01999989151954651,
        0.01999989151954651,
        0.01999989151954651,
        0.01999988965690136,
        0.01999988965690136,
        0.01999988965690136,
        0.01999988965690136,
        0.01999988965690136,
        0.01999988965690136,
        0.01999988965690136,
        0.01999988965690136,
        0.01999988965690136,
        0.01999988965690136,
        0.01999988965690136,
        0.01999988965690136,
        0.01999988965690136,
        0.01999988965690136
      ]
    ],
    "feature_names": [
      "day_of_week",
      "day_index",
      "system_login_hours",
      "work_focused_hours",
      "meeting_collaboration_hours",
      "social_dining_hours",
      "break_relaxation_hours",
      "shared_work_hours",
      "internal_comm_volume",
      "cafeteria_usage",
      "convenience_food_usage"
    ],
    "gradient_importance": [
      2.694585112642754e-32,
      1.5956717208510433e-32,
      3.7555866075685387e-32,
      5.088349465966577e-32,
      8.330656759122151e-32,
      3.419751985768839e-32,
      5.156352519458257e-31,
      6.203115427636683e-32,
      1.9407604513149502e-31,
      3.289071279617727e-31,
      4.095501311485225e-31
    ],
    "sequence_importance": {
      "timestep_0": 3.4790506328970584e-30,
      "timestep_1": 1.3457251168891602e-30,
      "timestep_10": 2.029827909202899e-37,
      "timestep_11": 1.5171090561686344e-37,
      "timestep_12": 1.1205116590295132e-37,
      "timestep_13": 8.367504576138335e-38,
      "timestep_14": 7.31737374905086e-38,
      "timestep_15": 4.861391358668284e-38,
      "timestep_16": 3.920860288371046e-38,
      "timestep_17": 2.645658507137576e-38,
      "timestep_18": 2.4393534617661265e-38,
      "timestep_19": 1.585730361706928e-38,
      "timestep_2": 2.502395430315798e-31,
      "timestep_20": 1.2491274003182386e-38,
      "timestep_21": 1.0746238426857156e-38,
      "timestep_22": 7.711400099819577e-39,
      "timestep_23": 6.21288795583069e-39,
      "timestep_24": 4.791438819588882e-39,
      "timestep_25": 3.3840685290181456e-39,
      "timestep_26": 2.0578348208302804e-39,
      "timestep_27": 2.066595738829239e-39,
      "timestep_28": 9.692529244011181e-40,
      "timestep_29": 9.251961006827459e-40,
      "timestep_3": 1.183533321588691e-31,
      "timestep_30": 8.480910539817371e-40,
      "timestep_31": 8.056863611528038e-40,
      "timestep_32": 7.632816683238706e-40,
      "timestep_33": 5.976790184068923e-40,
      "timestep_34": 5.62521841235447e-40,
      "timestep_35": 5.273632627655373e-40,
      "timestep_36": 4.92206085594092e-40,
      "timestep_37": 2.6187045311762884e-40,
      "timestep_38": 0,
      "timestep_39": 0,
      "timestep_4": 1.066329478602663e-36,
      "timestep_40": 0,
      "timestep_41": 0,
      "timestep_42": 0,
      "timestep_43": 0,
      "timestep_44": 0,
      "timestep_45": 0,
      "timestep_46": 0,
      "timestep_47": 5.2743265431000025e-31,
      "timestep_48": 8.37006802841991e-31,
      "timestep_49": 1.4378508661122564e-30,
      "timestep_5": 7.2295830728841735e-37,
      "timestep_6": 5.6056086416447084e-37,
      "timestep_7": 4.290643166772049e-37,
      "timestep_8": 3.4527106298256496e-37,
      "timestep_9": 2.393444906205057e-37
    },
    "temporal_importance": [
      3.4790506328970584e-30,
      1.3457251168891602e-30,
      2.502395430315798e-31,
      1.183533321588691e-31,
      1.066329478602663e-36,
      7.2295830728841735e-37,
      5.6056086416447084e-37,
      4.290643166772049e-37,
      3.4527106298256496e-37,
      2.393444906205057e-37,
      2.029827909202899e-37,
      1.5171090561686344e-37,
      1.1205116590295132e-37,
      8.367504576138335e-38,
      7.31737374905086e-38,
      4.861391358668284e-38,
      3.920860288371046e-38,
      2.645658507137576e-38,
      2.4393534617661265e-38,
      1.585730361706928e-38,
      1.2491274003182386e-38,
      1.0746238426857156e-38,
      7.711400099819577e-39,
      6.21288795583069e-39,
      4.791438819588882e-39,
      3.3840685290181456e-39,
      2.0578348208302804e-39,
      2.066595738829239e-39,
      9.692529244011181e-40,
      9.251961006827459e-40,
      8.480910539817371e-40,
      8.056863611528038e-40,
      7.632816683238706e-40,
      5.976790184068923e-40,
      5.62521841235447e-40,
      5.273632627655373e-40,
      4.92206085594092e-40,
      2.6187045311762884e-40,
      0,
      0,
      0,
      0,
      0,
      0,
      0,
      0,
      0,
      5.2743265431000025e-31,
      8.37006802841991e-31,
      1.4378508661122564e-30
    ],
    "trend_analysis": {
      "confidence_level": "high",
      "prediction_trend": "stable"
    }
  }
}