{
  "prediction": {
    "risk_score": 6.672197110134739e-15,
    "attrition_probability": 6.672197110134739e-15
  },
  "confidence": 0.8
}