{
  "prediction": {
    "risk_score": 8.039673391205045e-23,
    "attrition_probability": 8.039673391205045e-23
  },
  "confidence": 0.8
}