{
  "prediction": {
    "risk_score": 3.6821808147762625e-22,
    "attrition_probability": 3.6821808147762625e-22
  },
  "confidence": 0.8
}