{
  "prediction": {
    "risk_score": 1.821333839302497e-08,
    "attrition_probability": 1.821333839302497e-08
  },
  "confidence": 0.8
}