{
  "prediction": {
    "risk_score": 1.4917635894110378e-16,
    "attrition_probability": 1.4917635894110378e-16
  },
  "confidence": 0.8
}