{
  "confidence": 0.8,
  "employee_id": "1845",
  "features_used": 11,
  "model_metadata": {
    "feature_dimensions": 11,
    "model_type": "GRU_CNN_Hybrid",
    "sequence_length": 50,
    "training_optimized": true
  },
  "predicted_attrition": 0,
  "risk_score": 2.9452452600731214e-16,
  "sequence_length": 50,
  "xai_explanation": {
    "attention_weights": [
      [
        0.02000327594578266,
        0.020000029355287552,
        0.020000053569674492,
        0.02000005915760994,
        0.020000053569674492,
        0.02000005543231964,
        0.02000005543231964,
        0.020000046119093895,
        0.020000042393803596,
        0.020000029355287552,
        0.020000018179416656,
        0.020000005140900612,
        0.019999995827674866,
        0.01999998651444912,
        0.019999979063868523,
        0.019999971613287926,
        0.01999996230006218,
        0.019999954849481583,
        0.019999949261546135,
        0.01999993994832039,
        0.01999993436038494,
        0.019999926909804344,
        0.019999919459223747,
        0.019999917596578598,
        0.01999991200864315,
        0.019999906420707703,
        0.019999902695417404,
        0.019999900832772255,
        0.019999898970127106,
        0.019999895244836807,
        0.019999893382191658,
        0.01999989151954651,
        0.01999988965690136,
        0.01999988593161106,
        0.01999988593161106,
        0.019999884068965912,
        0.019999882206320763,
        0.019999882206320763,
        0.019999880343675613,
        0.019999880343675613,
        0.019999876618385315,
        0.019999876618385315,
        0.019999876618385315,
        0.019999874755740166,
        0.019999874755740166,
        0.019999872893095016,
        0.019999872893095016,
        0.019999872893095016,
        0.019999872893095016,
        0.019999872893095016
      ]
    ],
    "feature_names": [
      "day_of_week",
      "day_index",
      "system_login_hours",
      "work_focused_hours",
      "meeting_collaboration_hours",
      "social_dining_hours",
      "break_relaxation_hours",
      "shared_work_hours",
      "internal_comm_volume",
      "cafeteria_usage",
      "convenience_food_usage"
    ],
    "gradient_importance": [
      2.2941426223191226e-18,
      1.0860871103063596e-18,
      3.1243430644934283e-18,
      3.012095482550595e-18,
      6.525916538464616e-18,
      2.2778570904191786e-18,
      3.698246763747007e-17,
      4.171861017583125e-18,
      1.4517770830301834e-17,
      2.345704884443585e-17,
      2.951778134027718e-17
    ],
    "sequence_importance": {
      "timestep_0": 2.6486315273014066e-16,
      "timestep_1": 7.625561014933628e-17,
      "timestep_10": 5.280539052949469e-24,
      "timestep_11": 4.049828082813758e-24,
      "timestep_12": 3.163130478759747e-24,
      "timestep_13": 2.5866192935258796e-24,
      "timestep_14": 1.956712677415544e-24,
      "timestep_15": 1.7389225781955428e-24,
      "timestep_16": 1.6584638934588835e-24,
      "timestep_17": 1.3604224813126832e-24,
      "timestep_18": 1.2439032882689478e-24,
      "timestep_19": 1.2229895995954073e-24,
      "timestep_2": 3.9511054537411504e-23,
      "timestep_20": 1.1498319211441816e-24,
      "timestep_21": 8.828588096739793e-25,
      "timestep_22": 7.514255109637487e-25,
      "timestep_23": 6.842222532327444e-25,
      "timestep_24": 6.417668933013008e-25,
      "timestep_25": 5.4800742205693635e-25,
      "timestep_26": 4.35600117177859e-25,
      "timestep_27": 3.5480752241116163e-25,
      "timestep_28": 2.7368925135012445e-25,
      "timestep_29": 2.745423551153144e-25,
      "timestep_3": 2.848657192565406e-23,
      "timestep_30": 2.5243571153785337e-25,
      "timestep_31": 2.207659783773342e-25,
      "timestep_32": 1.7898193907623367e-25,
      "timestep_33": 1.4437800080089e-25,
      "timestep_34": 1.156236510270348e-25,
      "timestep_35": 1.0652808478983654e-25,
      "timestep_36": 9.942619192726136e-26,
      "timestep_37": 7.113570469162776e-26,
      "timestep_38": 6.566372171875563e-26,
      "timestep_39": 4.8537033776438414e-26,
      "timestep_4": 2.1961095585004127e-23,
      "timestep_40": 4.5077502765519133e-26,
      "timestep_41": 4.0569748174884144e-26,
      "timestep_42": 3.6061990502761245e-26,
      "timestep_43": 2.054464814057289e-26,
      "timestep_44": 1.7609694224186026e-26,
      "timestep_45": 1.4674746470774984e-26,
      "timestep_46": 8.888183894877228e-18,
      "timestep_47": 5.774700057465396e-17,
      "timestep_48": 7.093302054491277e-17,
      "timestep_49": 9.843730530789297e-17,
      "timestep_5": 1.9469980131399282e-23,
      "timestep_6": 1.48961109603863e-23,
      "timestep_7": 1.1410705755510029e-23,
      "timestep_8": 9.026386291254004e-24,
      "timestep_9": 6.515727203152761e-24
    },
    "temporal_importance": [
      2.6486315273014066e-16,
      7.625561014933628e-17,
      3.9511054537411504e-23,
      2.848657192565406e-23,
      2.1961095585004127e-23,
      1.9469980131399282e-23,
      1.48961109603863e-23,
      1.1410705755510029e-23,
      9.026386291254004e-24,
      6.515727203152761e-24,
      5.280539052949469e-24,
      4.049828082813758e-24,
      3.163130478759747e-24,
      2.5866192935258796e-24,
      1.956712677415544e-24,
      1.7389225781955428e-24,
      1.6584638934588835e-24,
      1.3604224813126832e-24,
      1.2439032882689478e-24,
      1.2229895995954073e-24,
      1.1498319211441816e-24,
      8.828588096739793e-25,
      7.514255109637487e-25,
      6.842222532327444e-25,
      6.417668933013008e-25,
      5.4800742205693635e-25,
      4.35600117177859e-25,
      3.5480752241116163e-25,
      2.7368925135012445e-25,
      2.745423551153144e-25,
      2.5243571153785337e-25,
      2.207659783773342e-25,
      1.7898193907623367e-25,
      1.4437800080089e-25,
      1.156236510270348e-25,
      1.0652808478983654e-25,
      9.942619192726136e-26,
      7.113570469162776e-26,
      6.566372171875563e-26,
      4.8537033776438414e-26,
      4.5077502765519133e-26,
      4.0569748174884144e-26,
      3.6061990502761245e-26,
      2.054464814057289e-26,
      1.7609694224186026e-26,
      1.4674746470774984e-26,
      8.888183894877228e-18,
      5.774700057465396e-17,
      7.093302054491277e-17,
      9.843730530789297e-17
    ],
    "trend_analysis": {
      "confidence_level": "high",
      "prediction_trend": "stable"
    }
  }
}