{
  "prediction": {
    "employee_id": "1252",
    "attrition_probability": 0.11417697370052338,
    "attrition_prediction": 1,
    "risk_category": "LOW",
    "confidence_score": 0.7716460525989532,
    "prediction_timestamp": "2025-09-23T22:53:12.065658"
  },
  "explanation": {
    "employee_id": "1252",
    "feature_importance": {
      "RelationshipSatisfaction": 0.03405288979411125,
      "Education": 0.02487798221409321,
      "JobInvolvement": 0.03501373156905174,
      "EnvironmentSatisfaction": 0.048257846385240555,
      "JobLevel": 0.07228615880012512,
      "JobSatisfaction": 0.04019258916378021,
      "StockOptionLevel": 0.07264421880245209,
      "WorkLifeBalance": 0.03580893576145172,
      "Department": 0.037670474499464035,
      "JobRole": 0.046762410551309586,
      "MaritalStatus": 0.036864522844552994,
      "OverTime": 0.0779639258980751,
      "Age": 0.04039482772350311,
      "DailyRate": 0.03578038513660431,
      "DistanceFromHome": 0.036774344742298126,
      "MonthlyIncome": 0.04666806384921074,
      "NumCompaniesWorked": 0.050036631524562836,
      "TotalWorkingYears": 0.04981709271669388,
      "TrainingTimesLastYear": 0.02378365956246853,
      "YearsAtCompany": 0.02968277968466282,
      "YearsInCurrentRole": 0.03649982064962387,
      "YearsSinceLastPromotion": 0.03537580743432045,
      "YearsWithCurrManager": 0.05279093235731125
    },
    "shap_values": {
      "RelationshipSatisfaction": -0.05804886668920517,
      "Education": 0.03565279394388199,
      "JobInvolvement": 0.023208925500512123,
      "EnvironmentSatisfaction": -0.2850833237171173,
      "JobLevel": -0.06675893068313599,
      "JobSatisfaction": 0.37496572732925415,
      "StockOptionLevel": 0.3791079819202423,
      "WorkLifeBalance": -0.1157088428735733,
      "Department": 0.002032362623140216,
      "JobRole": -0.40383848547935486,
      "MaritalStatus": -0.21309703588485718,
      "OverTime": -0.4512506127357483,
      "Age": 0.25455087423324585,
      "DailyRate": -0.5059091448783875,
      "DistanceFromHome": 0.36727410554885864,
      "MonthlyIncome": -0.388277530670166,
      "NumCompaniesWorked": -0.2279830276966095,
      "TotalWorkingYears": -0.07451181858778,
      "TrainingTimesLastYear": 0.0455438569188118,
      "YearsAtCompany": -0.1226314902305603,
      "YearsInCurrentRole": -0.23918303847312927,
      "YearsSinceLastPromotion": -0.11738086491823196,
      "YearsWithCurrManager": -0.536726176738739
    },
    "lime_explanation": {
      "features": [
        "OverTime=0",
        "DistanceFromHome > 14.00",
        "NumCompaniesWorked <= 1.00",
        "StockOptionLevel <= 0.00",
        "JobInvolvement <= 2.00",
        "RelationshipSatisfaction <= 2.00",
        "JobSatisfaction <= 2.00",
        "2.00 < WorkLifeBalance <= 3.00",
        "YearsWithCurrManager > 7.00",
        "2.00 < EnvironmentSatisfaction <= 3.00"
      ],
      "values": [
        -0.2158372751145266,
        0.11898154239835455,
        -0.11720862562380495,
        0.11275368954213973,
        0.11158361758459784,
        0.08838667031252068,
        0.08019322701661134,
        -0.07219680419200251,
        -0.05434415172968904,
        -0.05412688739424989
      ],
      "intercept": 0.39924978196460836
    },
    "top_risk_factors": [],
    "top_protective_factors": [
      {
        "feature": "YearsWithCurrManager",
        "impact": 0.536726176738739,
        "type": "protective"
      },
      {
        "feature": "DailyRate",
        "impact": 0.5059091448783875,
        "type": "protective"
      },
      {
        "feature": "OverTime",
        "impact": 0.4512506127357483,
        "type": "protective"
      },
      {
        "feature": "JobRole",
        "impact": 0.40383848547935486,
        "type": "protective"
      },
      {
        "feature": "MonthlyIncome",
        "impact": 0.388277530670166,
        "type": "protective"
      }
    ],
    "explanation_timestamp": "2025-09-23T22:53:12.137167"
  },
  "agent_type": "structura",
  "analysis_type": "individual"
}