{
  "confidence": 0.8,
  "employee_id": "999",
  "features_used": 11,
  "model_metadata": {
    "feature_dimensions": 11,
    "model_type": "GRU_CNN_Hybrid",
    "sequence_length": 50,
    "training_optimized": true
  },
  "predicted_attrition": 0,
  "risk_score": 3.0205970103641677e-13,
  "sequence_length": 50,
  "xai_explanation": {
    "attention_weights": [
      [
        0.020001938566565514,
        0.019999735057353973,
        0.019999826326966286,
        0.019999878481030464,
        0.019999932497739792,
        0.01999995857477188,
        0.01999998278915882,
        0.019999997690320015,
        0.02000000700354576,
        0.02000000886619091,
        0.02000001072883606,
        0.02000001072883606,
        0.02000000886619091,
        0.02000000700354576,
        0.020000001415610313,
        0.019999997690320015,
        0.019999993965029716,
        0.01999998837709427,
        0.01999998837709427,
        0.019999980926513672,
        0.019999977201223373,
        0.019999973475933075,
        0.019999967887997627,
        0.019999966025352478,
        0.01999996416270733,
        0.01999995857477188,
        0.019999956712126732,
        0.019999954849481583,
        0.019999951124191284,
        0.019999951124191284,
        0.019999949261546135,
        0.019999947398900986,
        0.019999945536255836,
        0.019999945536255836,
        0.019999945536255836,
        0.019999945536255836,
        0.019999941810965538,
        0.01999993994832039,
        0.01999993994832039,
        0.01999993994832039,
        0.01999993994832039,
        0.01999993994832039,
        0.01999993808567524,
        0.01999993808567524,
        0.01999993808567524,
        0.01999993808567524,
        0.01999993436038494,
        0.01999993436038494,
        0.01999993436038494,
        0.01999993436038494
      ]
    ],
    "feature_names": [
      "day_of_week",
      "day_index",
      "system_login_hours",
      "work_focused_hours",
      "meeting_collaboration_hours",
      "social_dining_hours",
      "break_relaxation_hours",
      "shared_work_hours",
      "internal_comm_volume",
      "cafeteria_usage",
      "convenience_food_usage"
    ],
    "gradient_importance": [
      1.6785812851998448e-15,
      7.359271591069209e-16,
      2.2658902139034535e-15,
      4.357237007047423e-15,
      5.032685219626999e-15,
      8.94903755422206e-16,
      3.4670739044485865e-14,
      3.6675378886467675e-15,
      1.143627293559435e-14,
      2.2326626360419724e-14,
      2.676098783489702e-14
    ],
    "sequence_importance": {
      "timestep_0": 2.427367389121887e-13,
      "timestep_1": 5.1583940569553677e-14,
      "timestep_10": 7.797984307521545e-21,
      "timestep_11": 6.4679344280859625e-21,
      "timestep_12": 4.3551305627954826e-21,
      "timestep_13": 3.4585657334999515e-21,
      "timestep_14": 2.6091083958028535e-21,
      "timestep_15": 2.000000744324612e-21,
      "timestep_16": 1.6388748126857358e-21,
      "timestep_17": 1.4470025349806575e-21,
      "timestep_18": 1.0809078651114945e-21,
      "timestep_19": 9.730397569944934e-22,
      "timestep_2": 6.916507527248794e-20,
      "timestep_20": 8.66122522879984e-22,
      "timestep_21": 6.790860003892339e-22,
      "timestep_22": 5.430492723121499e-22,
      "timestep_23": 5.307164859771887e-22,
      "timestep_24": 4.388215363916903e-22,
      "timestep_25": 4.1433862604209373e-22,
      "timestep_26": 3.1836313249671493e-22,
      "timestep_27": 2.690758604449751e-22,
      "timestep_28": 2.1084890107090872e-22,
      "timestep_29": 1.7207282823889163e-22,
      "timestep_3": 4.805507707331375e-20,
      "timestep_30": 1.733144953037095e-22,
      "timestep_31": 1.6464872573122461e-22,
      "timestep_32": 1.1225815060899225e-22,
      "timestep_33": 1.0602158037538322e-22,
      "timestep_34": 9.978498489822521e-23,
      "timestep_35": 6.935188606716382e-23,
      "timestep_36": 8.731183812011991e-23,
      "timestep_37": 6.010495319947175e-23,
      "timestep_38": 4.1393652155059724e-23,
      "timestep_39": 3.794417167580722e-23,
      "timestep_4": 4.2625773725245383e-20,
      "timestep_40": 3.449469435199833e-23,
      "timestep_41": 3.104522018363307e-23,
      "timestep_42": 1.3797876163077522e-23,
      "timestep_43": 1.20731406566167e-23,
      "timestep_44": 1.0348404361294973e-23,
      "timestep_45": 8.623670432555962e-24,
      "timestep_46": 6.89893492609514e-24,
      "timestep_47": 4.5163522308924384e-14,
      "timestep_48": 7.16720384213651e-14,
      "timestep_49": 1.0624071338383861e-13,
      "timestep_5": 2.944331618924029e-20,
      "timestep_6": 2.4224846962144914e-20,
      "timestep_7": 1.7788065092968236e-20,
      "timestep_8": 1.4118113515489072e-20,
      "timestep_9": 1.00213989420372e-20
    },
    "temporal_importance": [
      2.427367389121887e-13,
      5.1583940569553677e-14,
      6.916507527248794e-20,
      4.805507707331375e-20,
      4.2625773725245383e-20,
      2.944331618924029e-20,
      2.4224846962144914e-20,
      1.7788065092968236e-20,
      1.4118113515489072e-20,
      1.00213989420372e-20,
      7.797984307521545e-21,
      6.4679344280859625e-21,
      4.3551305627954826e-21,
      3.4585657334999515e-21,
      2.6091083958028535e-21,
      2.000000744324612e-21,
      1.6388748126857358e-21,
      1.4470025349806575e-21,
      1.0809078651114945e-21,
      9.730397569944934e-22,
      8.66122522879984e-22,
      6.790860003892339e-22,
      5.430492723121499e-22,
      5.307164859771887e-22,
      4.388215363916903e-22,
      4.1433862604209373e-22,
      3.1836313249671493e-22,
      2.690758604449751e-22,
      2.1084890107090872e-22,
      1.7207282823889163e-22,
      1.733144953037095e-22,
      1.6464872573122461e-22,
      1.1225815060899225e-22,
      1.0602158037538322e-22,
      9.978498489822521e-23,
      6.935188606716382e-23,
      8.731183812011991e-23,
      6.010495319947175e-23,
      4.1393652155059724e-23,
      3.794417167580722e-23,
      3.449469435199833e-23,
      3.104522018363307e-23,
      1.3797876163077522e-23,
      1.20731406566167e-23,
      1.0348404361294973e-23,
      8.623670432555962e-24,
      6.89893492609514e-24,
      4.5163522308924384e-14,
      7.16720384213651e-14,
      1.0624071338383861e-13
    ],
    "trend_analysis": {
      "confidence_level": "high",
      "prediction_trend": "stable"
    }
  }
}