{
  "prediction": {
    "employee_id": "1438",
    "attrition_probability": 0.13822466135025024,
    "attrition_prediction": 1,
    "risk_category": "LOW",
    "confidence_score": 0.7235506772994995,
    "prediction_timestamp": "2025-09-23T22:53:24.569426"
  },
  "explanation": {
    "employee_id": "1438",
    "feature_importance": {
      "RelationshipSatisfaction": 0.03405288979411125,
      "Education": 0.02487798221409321,
      "JobInvolvement": 0.03501373156905174,
      "EnvironmentSatisfaction": 0.048257846385240555,
      "JobLevel": 0.07228615880012512,
      "JobSatisfaction": 0.04019258916378021,
      "StockOptionLevel": 0.07264421880245209,
      "WorkLifeBalance": 0.03580893576145172,
      "Department": 0.037670474499464035,
      "JobRole": 0.046762410551309586,
      "MaritalStatus": 0.036864522844552994,
      "OverTime": 0.0779639258980751,
      "Age": 0.04039482772350311,
      "DailyRate": 0.03578038513660431,
      "DistanceFromHome": 0.036774344742298126,
      "MonthlyIncome": 0.04666806384921074,
      "NumCompaniesWorked": 0.050036631524562836,
      "TotalWorkingYears": 0.04981709271669388,
      "TrainingTimesLastYear": 0.02378365956246853,
      "YearsAtCompany": 0.02968277968466282,
      "YearsInCurrentRole": 0.03649982064962387,
      "YearsSinceLastPromotion": 0.03537580743432045,
      "YearsWithCurrManager": 0.05279093235731125
    },
    "shap_values": {
      "RelationshipSatisfaction": -0.19277606904506683,
      "Education": 0.05290350317955017,
      "JobInvolvement": -0.07855700701475143,
      "EnvironmentSatisfaction": 0.7556251883506775,
      "JobLevel": -0.014043448492884636,
      "JobSatisfaction": -0.32230761647224426,
      "StockOptionLevel": -0.26922136545181274,
      "WorkLifeBalance": 0.04723343998193741,
      "Department": -0.08012957125902176,
      "JobRole": -0.2151147723197937,
      "MaritalStatus": -0.09333734959363937,
      "OverTime": -0.47511792182922363,
      "Age": -0.33211570978164673,
      "DailyRate": 0.12822742760181427,
      "DistanceFromHome": -0.6540780067443848,
      "MonthlyIncome": -0.21912170946598053,
      "NumCompaniesWorked": 0.478276789188385,
      "TotalWorkingYears": -0.2128855437040329,
      "TrainingTimesLastYear": -0.026149513199925423,
      "YearsAtCompany": 0.05010833591222763,
      "YearsInCurrentRole": -0.08623445779085159,
      "YearsSinceLastPromotion": -0.11579029262065887,
      "YearsWithCurrManager": -0.23079422116279602
    },
    "lime_explanation": {
      "features": [
        "OverTime=0",
        "NumCompaniesWorked > 4.00",
        "EnvironmentSatisfaction <= 2.00",
        "DistanceFromHome <= 2.00",
        "3.00 < JobSatisfaction <= 4.00",
        "0.00 < StockOptionLevel <= 1.00",
        "WorkLifeBalance <= 2.00",
        "YearsWithCurrManager <= 2.00",
        "2.00 < JobInvolvement <= 3.00",
        "DailyRate <= 471.75"
      ],
      "values": [
        -0.20535826499766893,
        0.14415877863535462,
        0.11584225815831531,
        -0.09844661020488582,
        -0.08509963847069485,
        -0.07413024489560198,
        0.06670530069947533,
        0.06659403236000733,
        -0.06461866313823868,
        0.05794731948459974
      ],
      "intercept": 0.4193769652163272
    },
    "top_risk_factors": [
      {
        "feature": "EnvironmentSatisfaction",
        "impact": 0.7556251883506775,
        "type": "risk"
      },
      {
        "feature": "NumCompaniesWorked",
        "impact": 0.478276789188385,
        "type": "risk"
      }
    ],
    "top_protective_factors": [
      {
        "feature": "DistanceFromHome",
        "impact": 0.6540780067443848,
        "type": "protective"
      },
      {
        "feature": "OverTime",
        "impact": 0.47511792182922363,
        "type": "protective"
      },
      {
        "feature": "Age",
        "impact": 0.33211570978164673,
        "type": "protective"
      }
    ],
    "explanation_timestamp": "2025-09-23T22:53:24.660949"
  },
  "agent_type": "structura",
  "analysis_type": "individual"
}