{
  "prediction": {
    "risk_score": 2.0386076313415777e-26,
    "attrition_probability": 2.0386076313415777e-26
  },
  "confidence": 0.8
}