{
  "prediction": {
    "employee_id": "680",
    "attrition_probability": 0.5866051316261292,
    "attrition_prediction": 1,
    "risk_category": "MEDIUM",
    "confidence_score": 0.1732102632522583,
    "prediction_timestamp": "2025-09-23T22:52:32.518869"
  },
  "explanation": {
    "employee_id": "680",
    "feature_importance": {
      "RelationshipSatisfaction": 0.03405288979411125,
      "Education": 0.02487798221409321,
      "JobInvolvement": 0.03501373156905174,
      "EnvironmentSatisfaction": 0.048257846385240555,
      "JobLevel": 0.07228615880012512,
      "JobSatisfaction": 0.04019258916378021,
      "StockOptionLevel": 0.07264421880245209,
      "WorkLifeBalance": 0.03580893576145172,
      "Department": 0.037670474499464035,
      "JobRole": 0.046762410551309586,
      "MaritalStatus": 0.036864522844552994,
      "OverTime": 0.0779639258980751,
      "Age": 0.04039482772350311,
      "DailyRate": 0.03578038513660431,
      "DistanceFromHome": 0.036774344742298126,
      "MonthlyIncome": 0.04666806384921074,
      "NumCompaniesWorked": 0.050036631524562836,
      "TotalWorkingYears": 0.04981709271669388,
      "TrainingTimesLastYear": 0.02378365956246853,
      "YearsAtCompany": 0.02968277968466282,
      "YearsInCurrentRole": 0.03649982064962387,
      "YearsSinceLastPromotion": 0.03537580743432045,
      "YearsWithCurrManager": 0.05279093235731125
    },
    "shap_values": {
      "RelationshipSatisfaction": -0.20050399005413055,
      "Education": 0.07567375153303146,
      "JobInvolvement": -0.06461682170629501,
      "EnvironmentSatisfaction": -0.2236410677433014,
      "JobLevel": 0.06743123382329941,
      "JobSatisfaction": -0.06515567004680634,
      "StockOptionLevel": -0.3079374134540558,
      "WorkLifeBalance": -0.21002376079559326,
      "Department": -0.07273673266172409,
      "JobRole": 0.23275354504585266,
      "MaritalStatus": -0.24215683341026306,
      "OverTime": -0.6517695784568787,
      "Age": 0.48386111855506897,
      "DailyRate": -0.17494961619377136,
      "DistanceFromHome": -0.42441558837890625,
      "MonthlyIncome": 0.7511746287345886,
      "NumCompaniesWorked": -0.13337163627147675,
      "TotalWorkingYears": 0.3684406280517578,
      "TrainingTimesLastYear": -0.00512899411842227,
      "YearsAtCompany": 0.0870189294219017,
      "YearsInCurrentRole": 0.11455613374710083,
      "YearsSinceLastPromotion": -0.08713208138942719,
      "YearsWithCurrManager": 0.7572934031486511
    },
    "lime_explanation": {
      "features": [
        "OverTime=0",
        "NumCompaniesWorked <= 1.00",
        "MonthlyIncome <= 2922.25",
        "2.00 < JobInvolvement <= 3.00",
        "0.00 < StockOptionLevel <= 1.00",
        "2.00 < WorkLifeBalance <= 3.00",
        "Age <= 30.00",
        "YearsWithCurrManager <= 2.00",
        "DailyRate <= 471.75",
        "2.00 < EnvironmentSatisfaction <= 3.00"
      ],
      "values": [
        -0.21482915418684156,
        -0.11946093537009915,
        0.10141607509541642,
        -0.07430450133685725,
        -0.07312258046726106,
        -0.06829696527503906,
        0.06753378660244486,
        0.06390693907419331,
        0.057857788217145344,
        -0.055268769811463024
      ],
      "intercept": 0.5506463473979193
    },
    "top_risk_factors": [
      {
        "feature": "YearsWithCurrManager",
        "impact": 0.7572934031486511,
        "type": "risk"
      },
      {
        "feature": "MonthlyIncome",
        "impact": 0.7511746287345886,
        "type": "risk"
      },
      {
        "feature": "Age",
        "impact": 0.48386111855506897,
        "type": "risk"
      }
    ],
    "top_protective_factors": [
      {
        "feature": "OverTime",
        "impact": 0.6517695784568787,
        "type": "protective"
      },
      {
        "feature": "DistanceFromHome",
        "impact": 0.42441558837890625,
        "type": "protective"
      }
    ],
    "explanation_timestamp": "2025-09-23T22:52:32.605383"
  },
  "agent_type": "structura",
  "analysis_type": "individual"
}