{
  "confidence": 0.8,
  "employee_id": "1048",
  "features_used": 11,
  "model_metadata": {
    "feature_dimensions": 11,
    "model_type": "GRU_CNN_Hybrid",
    "sequence_length": 50,
    "training_optimized": true
  },
  "predicted_attrition": 0,
  "risk_score": 0.0251349788159132,
  "sequence_length": 50,
  "xai_explanation": {
    "attention_weights": [
      [
        0.020001007243990898,
        0.02000037021934986,
        0.020000340417027473,
        0.02000035159289837,
        0.020000340417027473,
        0.020000316202640533,
        0.020000290125608444,
        0.02000025287270546,
        0.02000022679567337,
        0.020000193268060684,
        0.020000161603093147,
        0.02000013180077076,
        0.02000010386109352,
        0.020000077784061432,
        0.02000005543231964,
        0.0200000312179327,
        0.02000000886619091,
        0.019999992102384567,
        0.019999975338578224,
        0.01999996230006218,
        0.019999949261546135,
        0.01999993436038494,
        0.019999925047159195,
        0.01999991200864315,
        0.019999902695417404,
        0.019999893382191658,
        0.019999884068965912,
        0.019999878481030464,
        0.019999872893095016,
        0.01999986730515957,
        0.019999859854578972,
        0.019999856129288673,
        0.019999850541353226,
        0.019999846816062927,
        0.01999984309077263,
        0.01999984122812748,
        0.019999835640192032,
        0.019999833777546883,
        0.019999831914901733,
        0.019999831914901733,
        0.019999826326966286,
        0.019999826326966286,
        0.019999826326966286,
        0.019999824464321136,
        0.019999822601675987,
        0.019999822601675987,
        0.019999822601675987,
        0.019999822601675987,
        0.01999981887638569,
        0.01999981701374054
      ]
    ],
    "feature_names": [
      "day_of_week",
      "day_index",
      "system_login_hours",
      "work_focused_hours",
      "meeting_collaboration_hours",
      "social_dining_hours",
      "break_relaxation_hours",
      "shared_work_hours",
      "internal_comm_volume",
      "cafeteria_usage",
      "convenience_food_usage"
    ],
    "gradient_importance": [
      0.00022695446386933327,
      5.4387925047194585e-05,
      0.0002437279181322083,
      0.00043981632916256785,
      0.0004997737123630941,
      8.12708240118809e-05,
      0.0034872828982770443,
      0.00035942692193202674,
      0.0011262823827564716,
      0.002237367443740368,
      0.0026843822561204433
    ],
    "sequence_importance": {
      "timestep_0": 0.023552333936095238,
      "timestep_1": 0.0051483348943293095,
      "timestep_10": 1.1726180026983002e-09,
      "timestep_11": 9.526339717069732e-10,
      "timestep_12": 8.163807962979774e-10,
      "timestep_13": 7.539303070736025e-10,
      "timestep_14": 5.24666921020156e-10,
      "timestep_15": 5.840710692872619e-10,
      "timestep_16": 4.6126338859586724e-10,
      "timestep_17": 3.680746540890567e-10,
      "timestep_18": 2.887881322966024e-10,
      "timestep_19": 2.262199316760416e-10,
      "timestep_2": 5.359935162374541e-09,
      "timestep_20": 2.419774103312733e-10,
      "timestep_21": 1.9597204414800729e-10,
      "timestep_22": 1.6756426801656232e-10,
      "timestep_23": 1.6894122212285367e-10,
      "timestep_24": 1.2044513997278017e-10,
      "timestep_25": 1.0130764976912232e-10,
      "timestep_26": 1.0146544021649717e-10,
      "timestep_27": 7.213378505621648e-11,
      "timestep_28": 6.120758760941314e-11,
      "timestep_29": 5.584803453029252e-11,
      "timestep_3": 4.244908868855646e-09,
      "timestep_30": 5.2235670650047084e-11,
      "timestep_31": 3.897969100274956e-11,
      "timestep_32": 3.692810293665083e-11,
      "timestep_33": 2.630908685352651e-11,
      "timestep_34": 2.2321788514800822e-11,
      "timestep_35": 2.550108388343908e-11,
      "timestep_36": 1.7396818360881916e-11,
      "timestep_37": 1.4171936194018464e-11,
      "timestep_38": 1.3081783052648621e-11,
      "timestep_39": 9.303986400754916e-12,
      "timestep_4": 3.354652555742632e-09,
      "timestep_40": 8.45816732625293e-12,
      "timestep_41": 5.489289578441969e-12,
      "timestep_42": 4.879367309501559e-12,
      "timestep_43": 3.2020844309421648e-12,
      "timestep_44": 2.744643271337943e-12,
      "timestep_45": 2.287202328574156e-12,
      "timestep_46": 0.0011930727632716298,
      "timestep_47": 0.006424829829484224,
      "timestep_48": 0.007638833951205015,
      "timestep_49": 0.008045632392168045,
      "timestep_5": 2.8354862902091327e-09,
      "timestep_6": 2.492934303433003e-09,
      "timestep_7": 2.05339367731483e-09,
      "timestep_8": 1.5368407657589955e-09,
      "timestep_9": 1.4929369962501937e-09
    },
    "temporal_importance": [
      0.023552333936095238,
      0.0051483348943293095,
      5.359935162374541e-09,
      4.244908868855646e-09,
      3.354652555742632e-09,
      2.8354862902091327e-09,
      2.492934303433003e-09,
      2.05339367731483e-09,
      1.5368407657589955e-09,
      1.4929369962501937e-09,
      1.1726180026983002e-09,
      9.526339717069732e-10,
      8.163807962979774e-10,
      7.539303070736025e-10,
      5.24666921020156e-10,
      5.840710692872619e-10,
      4.6126338859586724e-10,
      3.680746540890567e-10,
      2.887881322966024e-10,
      2.262199316760416e-10,
      2.419774103312733e-10,
      1.9597204414800729e-10,
      1.6756426801656232e-10,
      1.6894122212285367e-10,
      1.2044513997278017e-10,
      1.0130764976912232e-10,
      1.0146544021649717e-10,
      7.213378505621648e-11,
      6.120758760941314e-11,
      5.584803453029252e-11,
      5.2235670650047084e-11,
      3.897969100274956e-11,
      3.692810293665083e-11,
      2.630908685352651e-11,
      2.2321788514800822e-11,
      2.550108388343908e-11,
      1.7396818360881916e-11,
      1.4171936194018464e-11,
      1.3081783052648621e-11,
      9.303986400754916e-12,
      8.45816732625293e-12,
      5.489289578441969e-12,
      4.879367309501559e-12,
      3.2020844309421648e-12,
      2.744643271337943e-12,
      2.287202328574156e-12,
      0.0011930727632716298,
      0.006424829829484224,
      0.007638833951205015,
      0.008045632392168045
    ],
    "trend_analysis": {
      "confidence_level": "high",
      "prediction_trend": "stable"
    }
  }
}