{
  "confidence": 0.8,
  "employee_id": "428",
  "features_used": 11,
  "model_metadata": {
    "feature_dimensions": 11,
    "model_type": "GRU_CNN_Hybrid",
    "sequence_length": 50,
    "training_optimized": true
  },
  "predicted_attrition": 0,
  "risk_score": 2.83317683549833e-12,
  "sequence_length": 50,
  "xai_explanation": {
    "attention_weights": [
      [
        0.020001618191599846,
        0.01999969594180584,
        0.019999783486127853,
        0.019999857991933823,
        0.019999917596578598,
        0.019999952986836433,
        0.019999979063868523,
        0.020000005140900612,
        0.020000014454126358,
        0.020000021904706955,
        0.020000027492642403,
        0.020000027492642403,
        0.020000029355287552,
        0.020000025629997253,
        0.020000025629997253,
        0.020000021904706955,
        0.020000020042061806,
        0.020000014454126358,
        0.02000001259148121,
        0.02000000886619091,
        0.020000005140900612,
        0.020000003278255463,
        0.020000001415610313,
        0.019999995827674866,
        0.019999995827674866,
        0.019999992102384567,
        0.01999998837709427,
        0.01999998651444912,
        0.01999998465180397,
        0.01999998278915882,
        0.01999998278915882,
        0.019999979063868523,
        0.019999977201223373,
        0.019999977201223373,
        0.019999977201223373,
        0.019999977201223373,
        0.019999975338578224,
        0.019999975338578224,
        0.019999971613287926,
        0.019999971613287926,
        0.019999971613287926,
        0.019999971613287926,
        0.019999971613287926,
        0.019999971613287926,
        0.019999969750642776,
        0.019999969750642776,
        0.019999969750642776,
        0.019999967887997627,
        0.019999967887997627,
        0.019999967887997627
      ]
    ],
    "feature_names": [
      "day_of_week",
      "day_index",
      "system_login_hours",
      "work_focused_hours",
      "meeting_collaboration_hours",
      "social_dining_hours",
      "break_relaxation_hours",
      "shared_work_hours",
      "internal_comm_volume",
      "cafeteria_usage",
      "convenience_food_usage"
    ],
    "gradient_importance": [
      1.3308550327040519e-14,
      6.948744473567322e-15,
      2.1908666422926562e-14,
      4.086900089184109e-14,
      4.720437704456605e-14,
      9.112768387651606e-15,
      3.2519633145176863e-13,
      3.439991889432614e-14,
      1.0726720889569358e-13,
      2.0941394777117261e-13,
      2.5100632835249603e-13
    ],
    "sequence_importance": {
      "timestep_0": 2.2767640637383346e-12,
      "timestep_1": 4.838347062406656e-13,
      "timestep_10": 8.436164974540003e-20,
      "timestep_11": 6.304053954426582e-20,
      "timestep_12": 5.138007817948696e-20,
      "timestep_13": 3.792433115508686e-20,
      "timestep_14": 3.039553032125954e-20,
      "timestep_15": 2.4131760062664288e-20,
      "timestep_16": 1.802306516628999e-20,
      "timestep_17": 1.7109954705259482e-20,
      "timestep_18": 1.342434243389793e-20,
      "timestep_19": 1.0562085872549914e-20,
      "timestep_2": 6.462613233366546e-19,
      "timestep_20": 8.428505960614358e-21,
      "timestep_21": 7.481670925957407e-21,
      "timestep_22": 6.2859538855307295e-21,
      "timestep_23": 4.6855068225665886e-21,
      "timestep_24": 4.225055603677952e-21,
      "timestep_25": 4.714482377812953e-21,
      "timestep_26": 3.3072231853518583e-21,
      "timestep_27": 2.8695335696958516e-21,
      "timestep_28": 2.74477066107456e-21,
      "timestep_29": 1.8877743879655438e-21,
      "timestep_3": 5.321887741673761e-19,
      "timestep_30": 1.5371083732766637e-21,
      "timestep_31": 1.544337519855658e-21,
      "timestep_32": 1.2120394182145908e-21,
      "timestep_33": 1.1447037659578633e-21,
      "timestep_34": 5.17677334655031e-22,
      "timestep_35": 4.853224255084446e-22,
      "timestep_36": 4.529676173360542e-22,
      "timestep_37": 4.2061268294591887e-22,
      "timestep_38": 3.8825782428643046e-22,
      "timestep_39": 3.5590296562694206e-22,
      "timestep_4": 4.340596143171745e-19,
      "timestep_40": 3.235480817239047e-22,
      "timestep_41": 1.455966367757571e-22,
      "timestep_42": 1.294192200677874e-22,
      "timestep_43": 1.1324182860336664e-22,
      "timestep_44": 9.706441820628417e-23,
      "timestep_45": 8.088700149831445e-23,
      "timestep_46": 2.6818168996287084e-13,
      "timestep_47": 3.5986927955818093e-13,
      "timestep_48": 7.256792822901703e-13,
      "timestep_49": 7.340128396586543e-13,
      "timestep_5": 2.972826375439347e-19,
      "timestep_6": 2.4201901101199664e-19,
      "timestep_7": 2.054354620816758e-19,
      "timestep_8": 1.4013260294912306e-19,
      "timestep_9": 1.0759065202938779e-19
    },
    "temporal_importance": [
      2.2767640637383346e-12,
      4.838347062406656e-13,
      6.462613233366546e-19,
      5.321887741673761e-19,
      4.340596143171745e-19,
      2.972826375439347e-19,
      2.4201901101199664e-19,
      2.054354620816758e-19,
      1.4013260294912306e-19,
      1.0759065202938779e-19,
      8.436164974540003e-20,
      6.304053954426582e-20,
      5.138007817948696e-20,
      3.792433115508686e-20,
      3.039553032125954e-20,
      2.4131760062664288e-20,
      1.802306516628999e-20,
      1.7109954705259482e-20,
      1.342434243389793e-20,
      1.0562085872549914e-20,
      8.428505960614358e-21,
      7.481670925957407e-21,
      6.2859538855307295e-21,
      4.6855068225665886e-21,
      4.225055603677952e-21,
      4.714482377812953e-21,
      3.3072231853518583e-21,
      2.8695335696958516e-21,
      2.74477066107456e-21,
      1.8877743879655438e-21,
      1.5371083732766637e-21,
      1.544337519855658e-21,
      1.2120394182145908e-21,
      1.1447037659578633e-21,
      5.17677334655031e-22,
      4.853224255084446e-22,
      4.529676173360542e-22,
      4.2061268294591887e-22,
      3.8825782428643046e-22,
      3.5590296562694206e-22,
      3.235480817239047e-22,
      1.455966367757571e-22,
      1.294192200677874e-22,
      1.1324182860336664e-22,
      9.706441820628417e-23,
      8.088700149831445e-23,
      2.6818168996287084e-13,
      3.5986927955818093e-13,
      7.256792822901703e-13,
      7.340128396586543e-13
    ],
    "trend_analysis": {
      "confidence_level": "high",
      "prediction_trend": "stable"
    }
  }
}