{
  "confidence": 0.7,
  "employee_data": {
    "Age": 33,
    "AgeFactor": 1,
    "Attrition": "No",
    "BusinessTravel": "Travel_Frequently",
    "DailyRate": 553,
    "Department": "Research & Development",
    "DistanceFromHome": 5,
    "Education": 4,
    "EducationField": "Life Sciences",
    "EmployeeCount": 1,
    "EmployeeNumber": 428,
    "EnvironmentSatisfaction": 4,
    "Gender": "Female",
    "HourlyRate": 74,
    "JobInvolvement": 3,
    "JobLevel": 3,
    "JobRole": "Manager",
    "JobSatisfaction": 2,
    "MaritalStatus": "Married",
    "MonthlyIncome": 11878,
    "MonthlyRate": 23364,
    "Norm_EnvironmentSatisfaction": 1,
    "Norm_JobInvolvement": 0.6666666666666666,
    "Norm_JobLevel": 0.5,
    "Norm_JobSatisfaction": 0.3333333333333333,
    "Norm_MonthlyIncome": 0.5723538704581359,
    "Norm_NumCompaniesWorked": 0.6666666666666666,
    "Norm_PercentSalaryHike": 0,
    "Norm_PerformanceRating": 0,
    "Norm_RelationshipSatisfaction": 0.3333333333333333,
    "Norm_TotalWorkingYears": 0.3,
    "Norm_TrainingTimesLastYear": 0.3333333333333333,
    "Norm_WorkLifeBalance": 0.6666666666666666,
    "Norm_YearsAtCompany": 0.25,
    "Norm_YearsSinceLastPromotion": 0.5333333333333333,
    "NumCompaniesWorked": 6,
    "Over18": "Y",
    "OverTime": "No",
    "OverTime_bin": 0,
    "PercentSalaryHike": 11,
    "PerformanceRating": 3,
    "Prob_N01": 0.0322386849541351,
    "Prob_N02": 0.0003031584905441,
    "Prob_N03": 0.9037027237271194,
    "Prob_P01": 0.0016050696119015,
    "Prob_P02": 0.0128906270354433,
    "Prob_P03": 0.0084980250905245,
    "Prob_P04": 0.0336860895465119,
    "Prob_S01": 0.0007212042660517,
    "Prob_S02": 0.0002653162223655,
    "Prob_S03": 0.0060891010554025,
    "RelationshipSatisfaction": 2,
    "Score_N01": 0.6666666666666667,
    "Score_N02": 0.2,
    "Score_N03": 1,
    "Score_P01": 0.3666666666666667,
    "Score_P02": 0.575,
    "Score_P03": 0.5333333333333333,
    "Score_P04": 0.6710584518167456,
    "Score_S01": 0.2866666666666667,
    "Score_S02": 0.1866666666666666,
    "Score_S03": 0.5,
    "StandardHours": 80,
    "StockOptionLevel": 2,
    "TotalWorkingYears": 12,
    "TrainingTimesLastYear": 2,
    "WorkLifeBalance": 3,
    "YearsAtCompany": 10,
    "YearsInCurrentRole": 6,
    "YearsSinceLastPromotion": 8,
    "YearsWithCurrManager": 8,
    "argmax_Persona": "신규 부모",
    "argmax_Persona_Code": "N03",
    "argmax_RiskTier": "Neutral",
    "is_married": 1,
    "softmax_Persona": "신규 부모",
    "softmax_Persona_Code": "N03",
    "softmax_RiskTier": "Neutral"
  },
  "employee_id": 428,
  "feature_importance": {},
  "lime_explanation": {},
  "model_interpretation": {},
  "predicted_attrition": 0,
  "risk_score": 0.011005626991391182,
  "shap_values": {},
  "xai_explanation": {}
}