{
  "prediction": {
    "employee_id": "1073",
    "attrition_probability": 0.09136656671762466,
    "attrition_prediction": 1,
    "risk_category": "LOW",
    "confidence_score": 0.8172668665647507,
    "prediction_timestamp": "2025-09-23T22:52:59.871297"
  },
  "explanation": {
    "employee_id": "1073",
    "feature_importance": {
      "RelationshipSatisfaction": 0.03405288979411125,
      "Education": 0.02487798221409321,
      "JobInvolvement": 0.03501373156905174,
      "EnvironmentSatisfaction": 0.048257846385240555,
      "JobLevel": 0.07228615880012512,
      "JobSatisfaction": 0.04019258916378021,
      "StockOptionLevel": 0.07264421880245209,
      "WorkLifeBalance": 0.03580893576145172,
      "Department": 0.037670474499464035,
      "JobRole": 0.046762410551309586,
      "MaritalStatus": 0.036864522844552994,
      "OverTime": 0.0779639258980751,
      "Age": 0.04039482772350311,
      "DailyRate": 0.03578038513660431,
      "DistanceFromHome": 0.036774344742298126,
      "MonthlyIncome": 0.04666806384921074,
      "NumCompaniesWorked": 0.050036631524562836,
      "TotalWorkingYears": 0.04981709271669388,
      "TrainingTimesLastYear": 0.02378365956246853,
      "YearsAtCompany": 0.02968277968466282,
      "YearsInCurrentRole": 0.03649982064962387,
      "YearsSinceLastPromotion": 0.03537580743432045,
      "YearsWithCurrManager": 0.05279093235731125
    },
    "shap_values": {
      "RelationshipSatisfaction": -0.16221179068088531,
      "Education": -0.04125244915485382,
      "JobInvolvement": 0.05250240117311478,
      "EnvironmentSatisfaction": -0.3724471628665924,
      "JobLevel": 0.07713520526885986,
      "JobSatisfaction": -0.46493908762931824,
      "StockOptionLevel": 0.21872977912425995,
      "WorkLifeBalance": 0.12305896729230881,
      "Department": -0.0041652522049844265,
      "JobRole": -0.46430474519729614,
      "MaritalStatus": -0.16433489322662354,
      "OverTime": -0.388422429561615,
      "Age": -0.32194629311561584,
      "DailyRate": 0.01136331632733345,
      "DistanceFromHome": 0.22294530272483826,
      "MonthlyIncome": -0.17506171762943268,
      "NumCompaniesWorked": -0.6075249314308167,
      "TotalWorkingYears": -0.11884422600269318,
      "TrainingTimesLastYear": -0.006410880014300346,
      "YearsAtCompany": -0.009958240203559399,
      "YearsInCurrentRole": -0.1033184677362442,
      "YearsSinceLastPromotion": 0.48940861225128174,
      "YearsWithCurrManager": -0.36234721541404724
    },
    "lime_explanation": {
      "features": [
        "OverTime=0",
        "NumCompaniesWorked <= 1.00",
        "StockOptionLevel <= 0.00",
        "JobInvolvement <= 2.00",
        "RelationshipSatisfaction <= 2.00",
        "3.00 < JobSatisfaction <= 4.00",
        "3.00 < EnvironmentSatisfaction <= 4.00",
        "WorkLifeBalance <= 2.00",
        "35.00 < Age <= 42.00",
        "YearsWithCurrManager > 7.00"
      ],
      "values": [
        -0.20467348530194301,
        -0.12595218963079968,
        0.11543683819909331,
        0.11412892934023218,
        0.09434084816213201,
        -0.07857078503184295,
        -0.0753872440444982,
        0.07454567177619956,
        -0.07375534280479765,
        -0.05902564915074027
      ],
      "intercept": 0.4315209402767742
    },
    "top_risk_factors": [
      {
        "feature": "YearsSinceLastPromotion",
        "impact": 0.48940861225128174,
        "type": "risk"
      }
    ],
    "top_protective_factors": [
      {
        "feature": "NumCompaniesWorked",
        "impact": 0.6075249314308167,
        "type": "protective"
      },
      {
        "feature": "JobSatisfaction",
        "impact": 0.46493908762931824,
        "type": "protective"
      },
      {
        "feature": "JobRole",
        "impact": 0.46430474519729614,
        "type": "protective"
      },
      {
        "feature": "OverTime",
        "impact": 0.388422429561615,
        "type": "protective"
      }
    ],
    "explanation_timestamp": "2025-09-23T22:52:59.939828"
  },
  "agent_type": "structura",
  "analysis_type": "individual"
}