{
  "confidence": 0.7,
  "employee_data": {
    "Age": 28,
    "AgeFactor": 1,
    "Attrition": "Yes",
    "BusinessTravel": "Travel_Rarely",
    "DailyRate": 329,
    "Department": "Research & Development",
    "DistanceFromHome": 24,
    "Education": 3,
    "EducationField": "Medical",
    "EmployeeCount": 1,
    "EmployeeNumber": 1604,
    "EnvironmentSatisfaction": 3,
    "Gender": "Male",
    "HourlyRate": 51,
    "JobInvolvement": 3,
    "JobLevel": 1,
    "JobRole": "Laboratory Technician",
    "JobSatisfaction": 2,
    "MaritalStatus": "Married",
    "MonthlyIncome": 2408,
    "MonthlyRate": 7324,
    "Norm_EnvironmentSatisfaction": 0.6666666666666666,
    "Norm_JobInvolvement": 0.6666666666666666,
    "Norm_JobLevel": 0,
    "Norm_JobSatisfaction": 0.3333333333333333,
    "Norm_MonthlyIncome": 0.0736703528172722,
    "Norm_NumCompaniesWorked": 0.1111111111111111,
    "Norm_PercentSalaryHike": 0.4285714285714285,
    "Norm_PerformanceRating": 0,
    "Norm_RelationshipSatisfaction": 0.6666666666666666,
    "Norm_TotalWorkingYears": 0.025,
    "Norm_TrainingTimesLastYear": 0.5,
    "Norm_WorkLifeBalance": 0.6666666666666666,
    "Norm_YearsAtCompany": 0.025,
    "Norm_YearsSinceLastPromotion": 0,
    "NumCompaniesWorked": 1,
    "Over18": "Y",
    "OverTime": "Yes",
    "OverTime_bin": 1,
    "PercentSalaryHike": 17,
    "PerformanceRating": 3,
    "Prob_N01": 0.0494151328439269,
    "Prob_N02": 0.0007845849456367,
    "Prob_N03": 0.4417450477597603,
    "Prob_P01": 0.3165241580107822,
    "Prob_P02": 0.1027603488767245,
    "Prob_P03": 0.0012935618885423,
    "Prob_P04": 0.0592499997074651,
    "Prob_S01": 0.0010709120605285,
    "Prob_S02": 0.0190654111309786,
    "Prob_S03": 0.0080908427756544,
    "RelationshipSatisfaction": 3,
    "Score_N01": 0.580952380952381,
    "Score_N02": 0.1666666666666666,
    "Score_N03": 0.8,
    "Score_P01": 0.7666666666666667,
    "Score_P02": 0.6541666666666667,
    "Score_P03": 0.2166666666666666,
    "Score_P04": 0.5991032874445197,
    "Score_S01": 0.1977777777777777,
    "Score_S02": 0.4857142857142857,
    "Score_S03": 0.4,
    "StandardHours": 80,
    "StockOptionLevel": 3,
    "TotalWorkingYears": 1,
    "TrainingTimesLastYear": 3,
    "WorkLifeBalance": 3,
    "YearsAtCompany": 1,
    "YearsInCurrentRole": 1,
    "YearsSinceLastPromotion": 0,
    "YearsWithCurrManager": 0,
    "argmax_Persona": "신규 부모",
    "argmax_Persona_Code": "N03",
    "argmax_RiskTier": "Neutral",
    "is_married": 1,
    "softmax_Persona": "저평가된 전문가",
    "softmax_Persona_Code": "P04",
    "softmax_RiskTier": "High"
  },
  "employee_id": 1604,
  "feature_importance": {},
  "lime_explanation": {},
  "model_interpretation": {},
  "predicted_attrition": 0,
  "risk_score": 0.8490126729011536,
  "shap_values": {},
  "xai_explanation": {}
}