{
  "confidence": 0.8,
  "employee_id": "577",
  "features_used": 11,
  "model_metadata": {
    "feature_dimensions": 11,
    "model_type": "GRU_CNN_Hybrid",
    "sequence_length": 50,
    "training_optimized": true
  },
  "predicted_attrition": 0,
  "risk_score": 8.012229074649824e-11,
  "sequence_length": 50,
  "xai_explanation": {
    "attention_weights": [
      [
        0.02000165730714798,
        0.02000000700354576,
        0.020000040531158447,
        0.020000068470835686,
        0.020000092685222626,
        0.020000101998448372,
        0.020000092685222626,
        0.020000090822577477,
        0.02000007964670658,
        0.020000072196125984,
        0.020000062882900238,
        0.02000005543231964,
        0.020000040531158447,
        0.020000029355287552,
        0.020000020042061806,
        0.02000001259148121,
        0.020000003278255463,
        0.019999990239739418,
        0.01999998278915882,
        0.019999973475933075,
        0.019999969750642776,
        0.01999996230006218,
        0.019999954849481583,
        0.019999949261546135,
        0.019999945536255836,
        0.01999993994832039,
        0.01999993622303009,
        0.019999932497739792,
        0.019999928772449493,
        0.019999926909804344,
        0.019999921321868896,
        0.019999919459223747,
        0.01999991573393345,
        0.0199999138712883,
        0.01999991200864315,
        0.01999991200864315,
        0.019999910145998,
        0.019999906420707703,
        0.019999906420707703,
        0.019999904558062553,
        0.019999902695417404,
        0.019999902695417404,
        0.019999902695417404,
        0.019999900832772255,
        0.019999900832772255,
        0.019999900832772255,
        0.019999897107481956,
        0.019999897107481956,
        0.019999897107481956,
        0.019999897107481956
      ]
    ],
    "feature_names": [
      "day_of_week",
      "day_index",
      "system_login_hours",
      "work_focused_hours",
      "meeting_collaboration_hours",
      "social_dining_hours",
      "break_relaxation_hours",
      "shared_work_hours",
      "internal_comm_volume",
      "cafeteria_usage",
      "convenience_food_usage"
    ],
    "gradient_importance": [
      3.9732786830636024e-13,
      1.9964647881946795e-13,
      6.371025126732099e-13,
      1.1557745862797453e-12,
      1.3349405131660164e-12,
      2.480857316453089e-13,
      9.196556710611148e-12,
      9.72828371678669e-13,
      3.0335187486962845e-12,
      5.922230587873667e-12,
      7.098462009164086e-12
    ],
    "sequence_importance": {
      "timestep_0": 6.43869402239261e-11,
      "timestep_1": 1.3682851726648515e-11,
      "timestep_10": 1.849057207424499e-18,
      "timestep_11": 1.4452611331909194e-18,
      "timestep_12": 1.2448117995194396e-18,
      "timestep_13": 9.911912960730512e-19,
      "timestep_14": 8.235951464891283e-19,
      "timestep_15": 6.378798640811727e-19,
      "timestep_16": 5.42147925344938e-19,
      "timestep_17": 5.199058141552114e-19,
      "timestep_18": 3.7541268983292382e-19,
      "timestep_19": 3.565565132337123e-19,
      "timestep_2": 1.3187966326240147e-17,
      "timestep_20": 2.9094726123239107e-19,
      "timestep_21": 2.9459776437195244e-19,
      "timestep_22": 2.216782261590114e-19,
      "timestep_23": 1.6534646388702303e-19,
      "timestep_24": 1.7974663145110848e-19,
      "timestep_25": 1.7316587976566923e-19,
      "timestep_26": 1.3718687061615395e-19,
      "timestep_27": 9.908249196851756e-20,
      "timestep_28": 1.0347180956675656e-19,
      "timestep_29": 9.151789295497744e-20,
      "timestep_3": 1.1205265683148518e-17,
      "timestep_30": 6.834531989840228e-20,
      "timestep_31": 5.971833017265998e-20,
      "timestep_32": 5.657524417776307e-20,
      "timestep_33": 5.34321549516919e-20,
      "timestep_34": 3.366410220002015e-20,
      "timestep_35": 3.842188029353751e-20,
      "timestep_36": 2.945606963407524e-20,
      "timestep_37": 2.735205819786419e-20,
      "timestep_38": 1.984976430214264e-20,
      "timestep_39": 1.8195614718951126e-20,
      "timestep_4": 9.384991879499027e-18,
      "timestep_40": 1.6541463520172476e-20,
      "timestep_41": 8.234140327090704e-21,
      "timestep_42": 1.0978850807544526e-20,
      "timestep_43": 6.404328358727826e-21,
      "timestep_44": 5.489424192081913e-21,
      "timestep_45": 2.2872596088212163e-21,
      "timestep_46": 9.686279556220256e-12,
      "timestep_47": 1.2297655081761061e-11,
      "timestep_48": 1.8369049337163545e-11,
      "timestep_49": 1.8833875431445435e-11,
      "timestep_5": 6.576551572481437e-18,
      "timestep_6": 4.852861858695475e-18,
      "timestep_7": 3.942220790287378e-18,
      "timestep_8": 2.91939024937448e-18,
      "timestep_9": 2.2840346820288778e-18
    },
    "temporal_importance": [
      6.43869402239261e-11,
      1.3682851726648515e-11,
      1.3187966326240147e-17,
      1.1205265683148518e-17,
      9.384991879499027e-18,
      6.576551572481437e-18,
      4.852861858695475e-18,
      3.942220790287378e-18,
      2.91939024937448e-18,
      2.2840346820288778e-18,
      1.849057207424499e-18,
      1.4452611331909194e-18,
      1.2448117995194396e-18,
      9.911912960730512e-19,
      8.235951464891283e-19,
      6.378798640811727e-19,
      5.42147925344938e-19,
      5.199058141552114e-19,
      3.7541268983292382e-19,
      3.565565132337123e-19,
      2.9094726123239107e-19,
      2.9459776437195244e-19,
      2.216782261590114e-19,
      1.6534646388702303e-19,
      1.7974663145110848e-19,
      1.7316587976566923e-19,
      1.3718687061615395e-19,
      9.908249196851756e-20,
      1.0347180956675656e-19,
      9.151789295497744e-20,
      6.834531989840228e-20,
      5.971833017265998e-20,
      5.657524417776307e-20,
      5.34321549516919e-20,
      3.366410220002015e-20,
      3.842188029353751e-20,
      2.945606963407524e-20,
      2.735205819786419e-20,
      1.984976430214264e-20,
      1.8195614718951126e-20,
      1.6541463520172476e-20,
      8.234140327090704e-21,
      1.0978850807544526e-20,
      6.404328358727826e-21,
      5.489424192081913e-21,
      2.2872596088212163e-21,
      9.686279556220256e-12,
      1.2297655081761061e-11,
      1.8369049337163545e-11,
      1.8833875431445435e-11
    ],
    "trend_analysis": {
      "confidence_level": "high",
      "prediction_trend": "stable"
    }
  }
}