{
  "prediction": {
    "risk_score": 4.209455005268627e-28,
    "attrition_probability": 4.209455005268627e-28
  },
  "confidence": 0.8
}