{
  "confidence": 0.7,
  "employee_data": {
    "Age": 27,
    "AgeFactor": 0,
    "Attrition": "No",
    "BusinessTravel": "Non-Travel",
    "DailyRate": 1450,
    "Department": "Research & Development",
    "DistanceFromHome": 3,
    "Education": 3,
    "EducationField": "Medical",
    "EmployeeCount": 1,
    "EmployeeNumber": 224,
    "EnvironmentSatisfaction": 3,
    "Gender": "Male",
    "HourlyRate": 79,
    "JobInvolvement": 2,
    "JobLevel": 1,
    "JobRole": "Research Scientist",
    "JobSatisfaction": 3,
    "MaritalStatus": "Divorced",
    "MonthlyIncome": 2566,
    "MonthlyRate": 25326,
    "Norm_EnvironmentSatisfaction": 0.6666666666666666,
    "Norm_JobInvolvement": 0.3333333333333333,
    "Norm_JobLevel": 0,
    "Norm_JobSatisfaction": 0.6666666666666666,
    "Norm_MonthlyIncome": 0.0819905213270142,
    "Norm_NumCompaniesWorked": 0.1111111111111111,
    "Norm_PercentSalaryHike": 0.2857142857142857,
    "Norm_PerformanceRating": 0,
    "Norm_RelationshipSatisfaction": 1,
    "Norm_TotalWorkingYears": 0.025,
    "Norm_TrainingTimesLastYear": 0.3333333333333333,
    "Norm_WorkLifeBalance": 0.3333333333333333,
    "Norm_YearsAtCompany": 0.025,
    "Norm_YearsSinceLastPromotion": 0,
    "NumCompaniesWorked": 1,
    "Over18": "Y",
    "OverTime": "Yes",
    "OverTime_bin": 1,
    "PercentSalaryHike": 15,
    "PerformanceRating": 3,
    "Prob_N01": 0.4690049458254547,
    "Prob_N02": 0.0003888254380793,
    "Prob_N03": 0.0001996296362252,
    "Prob_P01": 0.3055281398859378,
    "Prob_P02": 0.0509260824992647,
    "Prob_P03": 0.0055959430804975,
    "Prob_P04": 0.1367137499857958,
    "Prob_S01": 0.0014426566789145,
    "Prob_S02": 0.019300618140141,
    "Prob_S03": 0.0108994088296893,
    "RelationshipSatisfaction": 4,
    "Score_N01": 0.7761904761904762,
    "Score_N02": 0.0666666666666666,
    "Score_N03": 0,
    "Score_P01": 0.7333333333333333,
    "Score_P02": 0.5541666666666667,
    "Score_P03": 0.3333333333333333,
    "Score_P04": 0.6529180771834802,
    "Score_S01": 0.1977777777777777,
    "Score_S02": 0.4571428571428572,
    "Score_S03": 0.4,
    "StandardHours": 80,
    "StockOptionLevel": 1,
    "TotalWorkingYears": 1,
    "TrainingTimesLastYear": 2,
    "WorkLifeBalance": 2,
    "YearsAtCompany": 1,
    "YearsInCurrentRole": 1,
    "YearsSinceLastPromotion": 0,
    "YearsWithCurrManager": 1,
    "argmax_Persona": "현상 유지자",
    "argmax_Persona_Code": "N01",
    "argmax_RiskTier": "Neutral",
    "is_married": 0,
    "softmax_Persona": "현상 유지자",
    "softmax_Persona_Code": "N01",
    "softmax_RiskTier": "Neutral"
  },
  "employee_id": 224,
  "feature_importance": {},
  "lime_explanation": {},
  "model_interpretation": {},
  "predicted_attrition": 0,
  "risk_score": 0.028814176097512245,
  "shap_values": {},
  "xai_explanation": {}
}