{
  "confidence": 0.8,
  "employee_id": "1516",
  "features_used": 11,
  "model_metadata": {
    "feature_dimensions": 11,
    "model_type": "GRU_CNN_Hybrid",
    "sequence_length": 50,
    "training_optimized": true
  },
  "predicted_attrition": 0,
  "risk_score": 4.955047026714617e-15,
  "sequence_length": 50,
  "xai_explanation": {
    "attention_weights": [
      [
        0.020001975819468498,
        0.01999952830374241,
        0.019999632611870766,
        0.019999729469418526,
        0.019999822601675987,
        0.019999880343675613,
        0.019999923184514046,
        0.019999947398900986,
        0.019999967887997627,
        0.01999998278915882,
        0.019999993965029716,
        0.019999999552965164,
        0.020000005140900612,
        0.02000000700354576,
        0.020000005140900612,
        0.020000005140900612,
        0.020000005140900612,
        0.019999999552965164,
        0.019999993965029716,
        0.019999993965029716,
        0.019999990239739418,
        0.019999990239739418,
        0.01999998465180397,
        0.01999998278915882,
        0.019999980926513672,
        0.019999977201223373,
        0.019999975338578224,
        0.019999975338578224,
        0.019999973475933075,
        0.019999971613287926,
        0.019999971613287926,
        0.019999967887997627,
        0.019999966025352478,
        0.019999966025352478,
        0.01999996416270733,
        0.01999996416270733,
        0.01999996230006218,
        0.01999996230006218,
        0.01999996230006218,
        0.01999995857477188,
        0.01999995857477188,
        0.01999995857477188,
        0.019999956712126732,
        0.019999956712126732,
        0.019999956712126732,
        0.019999956712126732,
        0.019999956712126732,
        0.019999956712126732,
        0.019999956712126732,
        0.019999956712126732
      ]
    ],
    "feature_names": [
      "day_of_week",
      "day_index",
      "system_login_hours",
      "work_focused_hours",
      "meeting_collaboration_hours",
      "social_dining_hours",
      "break_relaxation_hours",
      "shared_work_hours",
      "internal_comm_volume",
      "cafeteria_usage",
      "convenience_food_usage"
    ],
    "gradient_importance": [
      2.794626721660199e-17,
      1.1814173184383503e-17,
      3.736152149881127e-17,
      7.147677599238063e-17,
      8.255688014986313e-17,
      1.5366741034550733e-17,
      5.687434488074522e-16,
      6.016290397634573e-17,
      1.8760214094219312e-16,
      3.6624897310998095e-16,
      4.389908920707594e-16
    ],
    "sequence_importance": {
      "timestep_0": 3.981886638449415e-15,
      "timestep_1": 8.461899377135455e-16,
      "timestep_10": 1.9867246065647514e-22,
      "timestep_11": 1.4587913733224762e-22,
      "timestep_12": 1.1513923471792767e-22,
      "timestep_13": 9.13301693535709e-23,
      "timestep_14": 6.67463668496402e-23,
      "timestep_15": 4.864013158586356e-23,
      "timestep_16": 3.868744588703732e-23,
      "timestep_17": 2.7593871681757e-23,
      "timestep_18": 2.3007721524171536e-23,
      "timestep_19": 1.8490421568671953e-23,
      "timestep_2": 1.3878940582548865e-21,
      "timestep_20": 1.4510509439027028e-23,
      "timestep_21": 1.1079772294882573e-23,
      "timestep_22": 9.349883948988847e-24,
      "timestep_23": 8.191282359768937e-24,
      "timestep_24": 5.6335937510811325e-24,
      "timestep_25": 4.827790874629142e-24,
      "timestep_26": 4.4126607118656364e-24,
      "timestep_27": 3.705726955956353e-24,
      "timestep_28": 3.716799013191582e-24,
      "timestep_29": 3.0177136344283425e-24,
      "timestep_3": 1.218453703032928e-21,
      "timestep_30": 2.1168559771256143e-24,
      "timestep_31": 1.6011087752686583e-24,
      "timestep_32": 1.841498161701431e-24,
      "timestep_33": 1.7391923686251284e-24,
      "timestep_34": 1.6368864769412126e-24,
      "timestep_35": 1.1376559516797085e-24,
      "timestep_36": 1.061812004630979e-24,
      "timestep_37": 9.859682547974758e-25,
      "timestep_38": 9.101245049639726e-25,
      "timestep_39": 8.342807551304694e-25,
      "timestep_4": 1.0764865079970097e-21,
      "timestep_40": 2.829293270443979e-25,
      "timestep_41": 2.546363869443871e-25,
      "timestep_42": 2.2634339754056976e-25,
      "timestep_43": 1.9805050674436556e-25,
      "timestep_44": 1.6975755431840314e-25,
      "timestep_45": 1.4146462654434401e-25,
      "timestep_46": 1.131716741183816e-25,
      "timestep_47": 7.540488466782755e-16,
      "timestep_48": 1.1829434501248984e-15,
      "timestep_49": 1.7270647099468521e-15,
      "timestep_5": 7.48656766958604e-22,
      "timestep_6": 5.783710557688362e-22,
      "timestep_7": 4.048692911971145e-22,
      "timestep_8": 3.3743872319627077e-22,
      "timestep_9": 2.613420448350311e-22
    },
    "temporal_importance": [
      3.981886638449415e-15,
      8.461899377135455e-16,
      1.3878940582548865e-21,
      1.218453703032928e-21,
      1.0764865079970097e-21,
      7.48656766958604e-22,
      5.783710557688362e-22,
      4.048692911971145e-22,
      3.3743872319627077e-22,
      2.613420448350311e-22,
      1.9867246065647514e-22,
      1.4587913733224762e-22,
      1.1513923471792767e-22,
      9.13301693535709e-23,
      6.67463668496402e-23,
      4.864013158586356e-23,
      3.868744588703732e-23,
      2.7593871681757e-23,
      2.3007721524171536e-23,
      1.8490421568671953e-23,
      1.4510509439027028e-23,
      1.1079772294882573e-23,
      9.349883948988847e-24,
      8.191282359768937e-24,
      5.6335937510811325e-24,
      4.827790874629142e-24,
      4.4126607118656364e-24,
      3.705726955956353e-24,
      3.716799013191582e-24,
      3.0177136344283425e-24,
      2.1168559771256143e-24,
      1.6011087752686583e-24,
      1.841498161701431e-24,
      1.7391923686251284e-24,
      1.6368864769412126e-24,
      1.1376559516797085e-24,
      1.061812004630979e-24,
      9.859682547974758e-25,
      9.101245049639726e-25,
      8.342807551304694e-25,
      2.829293270443979e-25,
      2.546363869443871e-25,
      2.2634339754056976e-25,
      1.9805050674436556e-25,
      1.6975755431840314e-25,
      1.4146462654434401e-25,
      1.131716741183816e-25,
      7.540488466782755e-16,
      1.1829434501248984e-15,
      1.7270647099468521e-15
    ],
    "trend_analysis": {
      "confidence_level": "high",
      "prediction_trend": "stable"
    }
  }
}