{
  "confidence": 0.8,
  "employee_id": "1671",
  "features_used": 11,
  "model_metadata": {
    "feature_dimensions": 11,
    "model_type": "GRU_CNN_Hybrid",
    "sequence_length": 50,
    "training_optimized": true
  },
  "predicted_attrition": 0,
  "risk_score": 1.4896869055716217e-25,
  "sequence_length": 50,
  "xai_explanation": {
    "attention_weights": [
      [
        0.020006127655506134,
        0.01999915950000286,
        0.01999930664896965,
        0.01999945193529129,
        0.019999569281935692,
        0.019999662414193153,
        0.01999972015619278,
        0.019999779760837555,
        0.019999822601675987,
        0.019999850541353226,
        0.019999872893095016,
        0.019999893382191658,
        0.019999906420707703,
        0.01999991573393345,
        0.019999923184514046,
        0.019999926909804344,
        0.019999932497739792,
        0.01999993436038494,
        0.01999993622303009,
        0.01999993622303009,
        0.01999993622303009,
        0.01999993622303009,
        0.01999993622303009,
        0.01999993622303009,
        0.01999993622303009,
        0.01999993436038494,
        0.01999993436038494,
        0.01999993436038494,
        0.019999932497739792,
        0.019999932497739792,
        0.019999932497739792,
        0.019999932497739792,
        0.019999932497739792,
        0.019999928772449493,
        0.019999928772449493,
        0.019999928772449493,
        0.019999926909804344,
        0.019999926909804344,
        0.019999926909804344,
        0.019999926909804344,
        0.019999926909804344,
        0.019999926909804344,
        0.019999926909804344,
        0.019999926909804344,
        0.019999926909804344,
        0.019999926909804344,
        0.019999926909804344,
        0.019999926909804344,
        0.019999926909804344,
        0.019999926909804344
      ]
    ],
    "feature_names": [
      "day_of_week",
      "day_index",
      "system_login_hours",
      "work_focused_hours",
      "meeting_collaboration_hours",
      "social_dining_hours",
      "break_relaxation_hours",
      "shared_work_hours",
      "internal_comm_volume",
      "cafeteria_usage",
      "convenience_food_usage"
    ],
    "gradient_importance": [
      1.0923570347633189e-27,
      6.419550135160367e-28,
      1.7217233997908628e-27,
      2.1488164687002096e-27,
      3.518051162651465e-27,
      1.444168294744988e-27,
      2.1775362056611043e-26,
      2.6195846213304035e-27,
      8.195864982189858e-27,
      1.3889806758920745e-26,
      1.729537475354225e-26
    ],
    "sequence_importance": {
      "timestep_0": 1.5467037996487334e-25,
      "timestep_1": 5.99131907276548e-26,
      "timestep_10": 7.324371587491267e-33,
      "timestep_11": 5.876685642264325e-33,
      "timestep_12": 4.209368863161808e-33,
      "timestep_13": 3.1098191615843177e-33,
      "timestep_14": 2.355929451337875e-33,
      "timestep_15": 2.04641095217782e-33,
      "timestep_16": 1.4093315849405265e-33,
      "timestep_17": 1.0331164546697766e-33,
      "timestep_18": 8.751616053299395e-34,
      "timestep_19": 5.794269253769778e-34,
      "timestep_2": 4.998083643338346e-27,
      "timestep_20": 4.542720418449289e-34,
      "timestep_21": 3.175589953140496e-34,
      "timestep_22": 2.572863489951022e-34,
      "timestep_23": 1.934705514811353e-34,
      "timestep_24": 1.3812238849323088e-34,
      "timestep_25": 1.3280513622455723e-34,
      "timestep_26": 8.691032406072708e-35,
      "timestep_27": 8.328904955706964e-35,
      "timestep_28": 3.9332497286135275e-35,
      "timestep_29": 4.1575691204305153e-35,
      "timestep_3": 4.4980347170196496e-32,
      "timestep_30": 3.9595892968553414e-35,
      "timestep_31": 3.4026494865740977e-35,
      "timestep_32": 3.2235619464741756e-35,
      "timestep_33": 2.523995583955136e-35,
      "timestep_34": 2.375524993823549e-35,
      "timestep_35": 2.2270548341708502e-35,
      "timestep_36": 2.078584818011114e-35,
      "timestep_37": 1.9301143713724896e-35,
      "timestep_38": 1.0208045604458073e-35,
      "timestep_39": 9.357375555941041e-36,
      "timestep_4": 3.565696662389531e-32,
      "timestep_40": 8.506704072494383e-36,
      "timestep_41": 7.656034741442165e-36,
      "timestep_42": 0,
      "timestep_43": 0,
      "timestep_44": 0,
      "timestep_45": 0,
      "timestep_46": 0,
      "timestep_47": 2.2273575481320732e-26,
      "timestep_48": 3.5346943558960796e-26,
      "timestep_49": 6.072068847176166e-26,
      "timestep_5": 2.7385879804242603e-32,
      "timestep_6": 1.8707191787810208e-32,
      "timestep_7": 1.7833720139280568e-32,
      "timestep_8": 1.2273807449359802e-32,
      "timestep_9": 8.913642153854908e-33
    },
    "temporal_importance": [
      1.5467037996487334e-25,
      5.99131907276548e-26,
      4.998083643338346e-27,
      4.4980347170196496e-32,
      3.565696662389531e-32,
      2.7385879804242603e-32,
      1.8707191787810208e-32,
      1.7833720139280568e-32,
      1.2273807449359802e-32,
      8.913642153854908e-33,
      7.324371587491267e-33,
      5.876685642264325e-33,
      4.209368863161808e-33,
      3.1098191615843177e-33,
      2.355929451337875e-33,
      2.04641095217782e-33,
      1.4093315849405265e-33,
      1.0331164546697766e-33,
      8.751616053299395e-34,
      5.794269253769778e-34,
      4.542720418449289e-34,
      3.175589953140496e-34,
      2.572863489951022e-34,
      1.934705514811353e-34,
      1.3812238849323088e-34,
      1.3280513622455723e-34,
      8.691032406072708e-35,
      8.328904955706964e-35,
      3.9332497286135275e-35,
      4.1575691204305153e-35,
      3.9595892968553414e-35,
      3.4026494865740977e-35,
      3.2235619464741756e-35,
      2.523995583955136e-35,
      2.375524993823549e-35,
      2.2270548341708502e-35,
      2.078584818011114e-35,
      1.9301143713724896e-35,
      1.0208045604458073e-35,
      9.357375555941041e-36,
      8.506704072494383e-36,
      7.656034741442165e-36,
      0,
      0,
      0,
      0,
      0,
      2.2273575481320732e-26,
      3.5346943558960796e-26,
      6.072068847176166e-26
    ],
    "trend_analysis": {
      "confidence_level": "high",
      "prediction_trend": "stable"
    }
  }
}