{
  "prediction": {
    "risk_score": 2.18433859022468e-26,
    "attrition_probability": 2.18433859022468e-26
  },
  "confidence": 0.8
}