{
  "prediction": {
    "employee_id": "1822",
    "attrition_probability": 0.006447189021855593,
    "attrition_prediction": 0,
    "risk_category": "LOW",
    "confidence_score": 0.9871056219562888,
    "prediction_timestamp": "2025-09-23T22:53:52.583454"
  },
  "explanation": {
    "employee_id": "1822",
    "feature_importance": {
      "RelationshipSatisfaction": 0.03405288979411125,
      "Education": 0.02487798221409321,
      "JobInvolvement": 0.03501373156905174,
      "EnvironmentSatisfaction": 0.048257846385240555,
      "JobLevel": 0.07228615880012512,
      "JobSatisfaction": 0.04019258916378021,
      "StockOptionLevel": 0.07264421880245209,
      "WorkLifeBalance": 0.03580893576145172,
      "Department": 0.037670474499464035,
      "JobRole": 0.046762410551309586,
      "MaritalStatus": 0.036864522844552994,
      "OverTime": 0.0779639258980751,
      "Age": 0.04039482772350311,
      "DailyRate": 0.03578038513660431,
      "DistanceFromHome": 0.036774344742298126,
      "MonthlyIncome": 0.04666806384921074,
      "NumCompaniesWorked": 0.050036631524562836,
      "TotalWorkingYears": 0.04981709271669388,
      "TrainingTimesLastYear": 0.02378365956246853,
      "YearsAtCompany": 0.02968277968466282,
      "YearsInCurrentRole": 0.03649982064962387,
      "YearsSinceLastPromotion": 0.03537580743432045,
      "YearsWithCurrManager": 0.05279093235731125
    },
    "shap_values": {
      "RelationshipSatisfaction": -0.17287185788154602,
      "Education": 0.06315643340349197,
      "JobInvolvement": -0.09673437476158142,
      "EnvironmentSatisfaction": -0.31566038727760315,
      "JobLevel": -0.06004383787512779,
      "JobSatisfaction": -0.41767117381095886,
      "StockOptionLevel": -0.33128830790519714,
      "WorkLifeBalance": -0.14542552828788757,
      "Department": -0.03787324205040932,
      "JobRole": -0.38020020723342896,
      "MaritalStatus": -0.10856455564498901,
      "OverTime": -0.4436911344528198,
      "Age": -0.4973861575126648,
      "DailyRate": -0.6726056337356567,
      "DistanceFromHome": -0.7456217408180237,
      "MonthlyIncome": -0.5231433510780334,
      "NumCompaniesWorked": 0.09522316604852676,
      "TotalWorkingYears": -0.03997347876429558,
      "TrainingTimesLastYear": -0.08837069571018219,
      "YearsAtCompany": -0.15943516790866852,
      "YearsInCurrentRole": -0.04130111634731293,
      "YearsSinceLastPromotion": -0.10408733785152435,
      "YearsWithCurrManager": -0.08935817331075668
    },
    "lime_explanation": {
      "features": [
        "OverTime=0",
        "3.00 < JobSatisfaction <= 4.00",
        "DistanceFromHome <= 2.00",
        "0.00 < StockOptionLevel <= 1.00",
        "35.00 < Age <= 42.00",
        "2.00 < JobInvolvement <= 3.00",
        "2.00 < WorkLifeBalance <= 3.00",
        "DailyRate > 1162.00",
        "2.00 < EnvironmentSatisfaction <= 3.00",
        "3.00 < RelationshipSatisfaction <= 4.00"
      ],
      "values": [
        -0.2010738200787049,
        -0.08829051588788245,
        -0.08283701867200982,
        -0.07456219050978925,
        -0.06985662558553786,
        -0.0685291582737229,
        -0.0666327473019187,
        -0.06448174608536882,
        -0.052554760338040615,
        -0.041606650298708976
      ],
      "intercept": 0.6624647397311136
    },
    "top_risk_factors": [],
    "top_protective_factors": [
      {
        "feature": "DistanceFromHome",
        "impact": 0.7456217408180237,
        "type": "protective"
      },
      {
        "feature": "DailyRate",
        "impact": 0.6726056337356567,
        "type": "protective"
      },
      {
        "feature": "MonthlyIncome",
        "impact": 0.5231433510780334,
        "type": "protective"
      },
      {
        "feature": "Age",
        "impact": 0.4973861575126648,
        "type": "protective"
      },
      {
        "feature": "OverTime",
        "impact": 0.4436911344528198,
        "type": "protective"
      }
    ],
    "explanation_timestamp": "2025-09-23T22:53:52.670974"
  },
  "agent_type": "structura",
  "analysis_type": "individual"
}