{
  "confidence": 0.7,
  "employee_data": {
    "Age": 30,
    "AgeFactor": 1,
    "Attrition": "No",
    "BusinessTravel": "Travel_Rarely",
    "DailyRate": 1288,
    "Department": "Sales",
    "DistanceFromHome": 29,
    "Education": 4,
    "EducationField": "Technical Degree",
    "EmployeeCount": 1,
    "EmployeeNumber": 1568,
    "EnvironmentSatisfaction": 3,
    "Gender": "Male",
    "HourlyRate": 33,
    "JobInvolvement": 3,
    "JobLevel": 3,
    "JobRole": "Sales Executive",
    "JobSatisfaction": 2,
    "MaritalStatus": "Married",
    "MonthlyIncome": 9250,
    "MonthlyRate": 17799,
    "Norm_EnvironmentSatisfaction": 0.6666666666666666,
    "Norm_JobInvolvement": 0.6666666666666666,
    "Norm_JobLevel": 0.5,
    "Norm_JobSatisfaction": 0.3333333333333333,
    "Norm_MonthlyIncome": 0.4339652448657188,
    "Norm_NumCompaniesWorked": 0.3333333333333333,
    "Norm_PercentSalaryHike": 0.0714285714285714,
    "Norm_PerformanceRating": 0,
    "Norm_RelationshipSatisfaction": 0.3333333333333333,
    "Norm_TotalWorkingYears": 0.225,
    "Norm_TrainingTimesLastYear": 0.5,
    "Norm_WorkLifeBalance": 0.6666666666666666,
    "Norm_YearsAtCompany": 0.1,
    "Norm_YearsSinceLastPromotion": 0.0666666666666666,
    "NumCompaniesWorked": 3,
    "Over18": "Y",
    "OverTime": "No",
    "OverTime_bin": 0,
    "PercentSalaryHike": 12,
    "PerformanceRating": 3,
    "Prob_N01": 0.0268677401720102,
    "Prob_N02": 0.0005676691341291,
    "Prob_N03": 0.868803339527315,
    "Prob_P01": 0.0015430846918803,
    "Prob_P02": 0.0510999469821567,
    "Prob_P03": 0.0004805215478247,
    "Prob_P04": 0.0423319249286093,
    "Prob_S01": 0.0005490587262763,
    "Prob_S02": 0.0019027634354344,
    "Prob_S03": 0.0058539508543635,
    "RelationshipSatisfaction": 2,
    "Score_N01": 0.6523809523809524,
    "Score_N02": 0.2666666666666667,
    "Score_N03": 1,
    "Score_P01": 0.3666666666666667,
    "Score_P02": 0.7166666666666667,
    "Score_P03": 0.25,
    "Score_P04": 0.6978424734822839,
    "Score_S01": 0.2633333333333333,
    "Score_S02": 0.3876190476190476,
    "Score_S03": 0.5,
    "StandardHours": 80,
    "StockOptionLevel": 1,
    "TotalWorkingYears": 9,
    "TrainingTimesLastYear": 3,
    "WorkLifeBalance": 3,
    "YearsAtCompany": 4,
    "YearsInCurrentRole": 2,
    "YearsSinceLastPromotion": 1,
    "YearsWithCurrManager": 3,
    "argmax_Persona": "신규 부모",
    "argmax_Persona_Code": "N03",
    "argmax_RiskTier": "Neutral",
    "is_married": 1,
    "softmax_Persona": "신규 부모",
    "softmax_Persona_Code": "N03",
    "softmax_RiskTier": "Neutral"
  },
  "employee_id": 1568,
  "feature_importance": {},
  "lime_explanation": {},
  "model_interpretation": {},
  "predicted_attrition": 0,
  "risk_score": 0.0011407199781388044,
  "shap_values": {},
  "xai_explanation": {}
}