{
  "prediction": {
    "employee_id": "430",
    "attrition_probability": 0.046934664249420166,
    "attrition_prediction": 1,
    "risk_category": "LOW",
    "confidence_score": 0.9061306715011597,
    "prediction_timestamp": "2025-09-23T22:52:14.202264"
  },
  "explanation": {
    "employee_id": "430",
    "feature_importance": {
      "RelationshipSatisfaction": 0.03405288979411125,
      "Education": 0.02487798221409321,
      "JobInvolvement": 0.03501373156905174,
      "EnvironmentSatisfaction": 0.048257846385240555,
      "JobLevel": 0.07228615880012512,
      "JobSatisfaction": 0.04019258916378021,
      "StockOptionLevel": 0.07264421880245209,
      "WorkLifeBalance": 0.03580893576145172,
      "Department": 0.037670474499464035,
      "JobRole": 0.046762410551309586,
      "MaritalStatus": 0.036864522844552994,
      "OverTime": 0.0779639258980751,
      "Age": 0.04039482772350311,
      "DailyRate": 0.03578038513660431,
      "DistanceFromHome": 0.036774344742298126,
      "MonthlyIncome": 0.04666806384921074,
      "NumCompaniesWorked": 0.050036631524562836,
      "TotalWorkingYears": 0.04981709271669388,
      "TrainingTimesLastYear": 0.02378365956246853,
      "YearsAtCompany": 0.02968277968466282,
      "YearsInCurrentRole": 0.03649982064962387,
      "YearsSinceLastPromotion": 0.03537580743432045,
      "YearsWithCurrManager": 0.05279093235731125
    },
    "shap_values": {
      "RelationshipSatisfaction": 0.15689778327941895,
      "Education": -0.020466990768909454,
      "JobInvolvement": -0.08825782686471939,
      "EnvironmentSatisfaction": -0.23859882354736328,
      "JobLevel": -0.010175979696214199,
      "JobSatisfaction": -0.4531274735927582,
      "StockOptionLevel": 0.22718949615955353,
      "WorkLifeBalance": -0.17935621738433838,
      "Department": -0.023162975907325745,
      "JobRole": -0.13946859538555145,
      "MaritalStatus": -0.1124260276556015,
      "OverTime": -0.4333151578903198,
      "Age": -0.5818057656288147,
      "DailyRate": -0.27222731709480286,
      "DistanceFromHome": 0.0747809112071991,
      "MonthlyIncome": -0.04040466248989105,
      "NumCompaniesWorked": -0.5443910360336304,
      "TotalWorkingYears": -0.07959609478712082,
      "TrainingTimesLastYear": -0.05629594996571541,
      "YearsAtCompany": -0.03976946324110031,
      "YearsInCurrentRole": -0.06460600346326828,
      "YearsSinceLastPromotion": -0.12942960858345032,
      "YearsWithCurrManager": -0.23819759488105774
    },
    "lime_explanation": {
      "features": [
        "OverTime=0",
        "NumCompaniesWorked <= 1.00",
        "StockOptionLevel <= 0.00",
        "MonthlyIncome <= 2922.25",
        "3.00 < JobSatisfaction <= 4.00",
        "RelationshipSatisfaction <= 2.00",
        "2.00 < JobInvolvement <= 3.00",
        "2.00 < WorkLifeBalance <= 3.00",
        "2.00 < EnvironmentSatisfaction <= 3.00",
        "Age > 42.00"
      ],
      "values": [
        -0.2120173412061011,
        -0.11741115109317662,
        0.10783432882180675,
        0.0859469754501602,
        -0.0858586777276649,
        0.0796209169524558,
        -0.0697014151232468,
        -0.06935864470283544,
        -0.05860222772182068,
        -0.05818616609827776
      ],
      "intercept": 0.5486542443038285
    },
    "top_risk_factors": [],
    "top_protective_factors": [
      {
        "feature": "Age",
        "impact": 0.5818057656288147,
        "type": "protective"
      },
      {
        "feature": "NumCompaniesWorked",
        "impact": 0.5443910360336304,
        "type": "protective"
      },
      {
        "feature": "JobSatisfaction",
        "impact": 0.4531274735927582,
        "type": "protective"
      },
      {
        "feature": "OverTime",
        "impact": 0.4333151578903198,
        "type": "protective"
      },
      {
        "feature": "DailyRate",
        "impact": 0.27222731709480286,
        "type": "protective"
      }
    ],
    "explanation_timestamp": "2025-09-23T22:52:14.290591"
  },
  "agent_type": "structura",
  "analysis_type": "individual"
}