{
  "prediction": {
    "employee_id": "1892",
    "attrition_probability": 0.010386927053332329,
    "attrition_prediction": 0,
    "risk_category": "LOW",
    "confidence_score": 0.9792261458933353,
    "prediction_timestamp": "2025-09-23T22:53:57.368485"
  },
  "explanation": {
    "employee_id": "1892",
    "feature_importance": {
      "RelationshipSatisfaction": 0.03405288979411125,
      "Education": 0.02487798221409321,
      "JobInvolvement": 0.03501373156905174,
      "EnvironmentSatisfaction": 0.048257846385240555,
      "JobLevel": 0.07228615880012512,
      "JobSatisfaction": 0.04019258916378021,
      "StockOptionLevel": 0.07264421880245209,
      "WorkLifeBalance": 0.03580893576145172,
      "Department": 0.037670474499464035,
      "JobRole": 0.046762410551309586,
      "MaritalStatus": 0.036864522844552994,
      "OverTime": 0.0779639258980751,
      "Age": 0.04039482772350311,
      "DailyRate": 0.03578038513660431,
      "DistanceFromHome": 0.036774344742298126,
      "MonthlyIncome": 0.04666806384921074,
      "NumCompaniesWorked": 0.050036631524562836,
      "TotalWorkingYears": 0.04981709271669388,
      "TrainingTimesLastYear": 0.02378365956246853,
      "YearsAtCompany": 0.02968277968466282,
      "YearsInCurrentRole": 0.03649982064962387,
      "YearsSinceLastPromotion": 0.03537580743432045,
      "YearsWithCurrManager": 0.05279093235731125
    },
    "shap_values": {
      "RelationshipSatisfaction": 0.2692105770111084,
      "Education": -0.09842145442962646,
      "JobInvolvement": -0.11367645859718323,
      "EnvironmentSatisfaction": 0.4555881917476654,
      "JobLevel": 0.009170422330498695,
      "JobSatisfaction": 0.20523445308208466,
      "StockOptionLevel": -0.400848925113678,
      "WorkLifeBalance": -0.10332749783992767,
      "Department": -0.047321245074272156,
      "JobRole": -0.426936537027359,
      "MaritalStatus": -0.15682005882263184,
      "OverTime": -0.5265195965766907,
      "Age": -0.48316964507102966,
      "DailyRate": -0.5854021310806274,
      "DistanceFromHome": -0.6726254224777222,
      "MonthlyIncome": -0.8515337705612183,
      "NumCompaniesWorked": -0.1827087253332138,
      "TotalWorkingYears": -0.48271456360816956,
      "TrainingTimesLastYear": -0.12230168282985687,
      "YearsAtCompany": -0.19763122498989105,
      "YearsInCurrentRole": -0.1308189034461975,
      "YearsSinceLastPromotion": 0.30102989077568054,
      "YearsWithCurrManager": -0.4895077347755432
    },
    "lime_explanation": {
      "features": [
        "OverTime=0",
        "DistanceFromHome <= 2.00",
        "EnvironmentSatisfaction <= 2.00",
        "RelationshipSatisfaction <= 2.00",
        "0.00 < StockOptionLevel <= 1.00",
        "35.00 < Age <= 42.00",
        "2.00 < WorkLifeBalance <= 3.00",
        "YearsWithCurrManager > 7.00",
        "2.00 < JobInvolvement <= 3.00",
        "JobSatisfaction <= 2.00"
      ],
      "values": [
        -0.21162764338025808,
        -0.10186432241146288,
        0.09518084657947841,
        0.0897683888177509,
        -0.0823339543335849,
        -0.06717561311036284,
        -0.06635118152676366,
        -0.06512678365098036,
        -0.06447638062798783,
        0.06101714236540216
      ],
      "intercept": 0.5124117237563541
    },
    "top_risk_factors": [],
    "top_protective_factors": [
      {
        "feature": "MonthlyIncome",
        "impact": 0.8515337705612183,
        "type": "protective"
      },
      {
        "feature": "DistanceFromHome",
        "impact": 0.6726254224777222,
        "type": "protective"
      },
      {
        "feature": "DailyRate",
        "impact": 0.5854021310806274,
        "type": "protective"
      },
      {
        "feature": "OverTime",
        "impact": 0.5265195965766907,
        "type": "protective"
      },
      {
        "feature": "YearsWithCurrManager",
        "impact": 0.4895077347755432,
        "type": "protective"
      }
    ],
    "explanation_timestamp": "2025-09-23T22:53:57.439034"
  },
  "agent_type": "structura",
  "analysis_type": "individual"
}