{
  "prediction": {
    "employee_id": "1329",
    "attrition_probability": 0.25977009534835815,
    "attrition_prediction": 1,
    "risk_category": "LOW",
    "confidence_score": 0.4804598093032837,
    "prediction_timestamp": "2025-09-23T22:53:17.626464"
  },
  "explanation": {
    "employee_id": "1329",
    "feature_importance": {
      "RelationshipSatisfaction": 0.03405288979411125,
      "Education": 0.02487798221409321,
      "JobInvolvement": 0.03501373156905174,
      "EnvironmentSatisfaction": 0.048257846385240555,
      "JobLevel": 0.07228615880012512,
      "JobSatisfaction": 0.04019258916378021,
      "StockOptionLevel": 0.07264421880245209,
      "WorkLifeBalance": 0.03580893576145172,
      "Department": 0.037670474499464035,
      "JobRole": 0.046762410551309586,
      "MaritalStatus": 0.036864522844552994,
      "OverTime": 0.0779639258980751,
      "Age": 0.04039482772350311,
      "DailyRate": 0.03578038513660431,
      "DistanceFromHome": 0.036774344742298126,
      "MonthlyIncome": 0.04666806384921074,
      "NumCompaniesWorked": 0.050036631524562836,
      "TotalWorkingYears": 0.04981709271669388,
      "TrainingTimesLastYear": 0.02378365956246853,
      "YearsAtCompany": 0.02968277968466282,
      "YearsInCurrentRole": 0.03649982064962387,
      "YearsSinceLastPromotion": 0.03537580743432045,
      "YearsWithCurrManager": 0.05279093235731125
    },
    "shap_values": {
      "RelationshipSatisfaction": 0.15027053654193878,
      "Education": -0.020396100357174873,
      "JobInvolvement": 0.5686482787132263,
      "EnvironmentSatisfaction": -0.2696419656276703,
      "JobLevel": -0.045437347143888474,
      "JobSatisfaction": 0.14763380587100983,
      "StockOptionLevel": 0.35752901434898376,
      "WorkLifeBalance": -0.13160641491413116,
      "Department": -0.08803673088550568,
      "JobRole": -0.4825643301010132,
      "MaritalStatus": -0.12872429192066193,
      "OverTime": -0.42982834577560425,
      "Age": -0.5967248678207397,
      "DailyRate": 0.26870882511138916,
      "DistanceFromHome": 0.1903531402349472,
      "MonthlyIncome": -0.324390709400177,
      "NumCompaniesWorked": -0.08365077525377274,
      "TotalWorkingYears": -0.20865432918071747,
      "TrainingTimesLastYear": -0.03747407719492912,
      "YearsAtCompany": -0.08320124447345734,
      "YearsInCurrentRole": 0.03077319636940956,
      "YearsSinceLastPromotion": 0.36506685614585876,
      "YearsWithCurrManager": -0.4711010754108429
    },
    "lime_explanation": {
      "features": [
        "OverTime=0",
        "NumCompaniesWorked <= 1.00",
        "StockOptionLevel <= 0.00",
        "JobInvolvement <= 2.00",
        "RelationshipSatisfaction <= 2.00",
        "JobSatisfaction <= 2.00",
        "YearsWithCurrManager > 7.00",
        "35.00 < Age <= 42.00",
        "2.00 < WorkLifeBalance <= 3.00",
        "DailyRate <= 471.75"
      ],
      "values": [
        -0.2126435297356442,
        -0.1135169117786703,
        0.11039925895614691,
        0.1025804451741812,
        0.0846779894643326,
        0.07817369655802371,
        -0.0705996529908766,
        -0.06671018823003781,
        -0.06519846522526837,
        0.054989017107214114
      ],
      "intercept": 0.41721171213860214
    },
    "top_risk_factors": [
      {
        "feature": "JobInvolvement",
        "impact": 0.5686482787132263,
        "type": "risk"
      }
    ],
    "top_protective_factors": [
      {
        "feature": "Age",
        "impact": 0.5967248678207397,
        "type": "protective"
      },
      {
        "feature": "JobRole",
        "impact": 0.4825643301010132,
        "type": "protective"
      },
      {
        "feature": "YearsWithCurrManager",
        "impact": 0.4711010754108429,
        "type": "protective"
      },
      {
        "feature": "OverTime",
        "impact": 0.42982834577560425,
        "type": "protective"
      }
    ],
    "explanation_timestamp": "2025-09-23T22:53:17.696202"
  },
  "agent_type": "structura",
  "analysis_type": "individual"
}