{
  "prediction": {
    "risk_score": 9.27185141983289e-28,
    "attrition_probability": 9.27185141983289e-28
  },
  "confidence": 0.8
}