{
  "prediction": {
    "risk_score": 0.9999946355819702,
    "attrition_probability": 0.9999946355819702
  },
  "confidence": 0.8
}