{
  "confidence": 0.8,
  "employee_id": "1585",
  "features_used": 11,
  "model_metadata": {
    "feature_dimensions": 11,
    "model_type": "GRU_CNN_Hybrid",
    "sequence_length": 50,
    "training_optimized": true
  },
  "predicted_attrition": 0,
  "risk_score": 9.929827591759655e-16,
  "sequence_length": 50,
  "xai_explanation": {
    "attention_weights": [
      [
        0.02000296302139759,
        0.019999869167804718,
        0.019999919459223747,
        0.01999996043741703,
        0.01999998465180397,
        0.019999997690320015,
        0.020000003278255463,
        0.02000001072883606,
        0.02000001259148121,
        0.02000001072883606,
        0.02000000700354576,
        0.020000005140900612,
        0.019999997690320015,
        0.019999993965029716,
        0.01999998465180397,
        0.019999979063868523,
        0.019999971613287926,
        0.01999996416270733,
        0.01999996043741703,
        0.019999954849481583,
        0.019999945536255836,
        0.019999943673610687,
        0.01999993808567524,
        0.01999993622303009,
        0.019999930635094643,
        0.019999926909804344,
        0.019999925047159195,
        0.019999921321868896,
        0.019999917596578598,
        0.019999917596578598,
        0.0199999138712883,
        0.01999991200864315,
        0.019999910145998,
        0.019999908283352852,
        0.019999908283352852,
        0.019999908283352852,
        0.019999904558062553,
        0.019999902695417404,
        0.019999902695417404,
        0.019999902695417404,
        0.019999900832772255,
        0.019999897107481956,
        0.019999897107481956,
        0.019999897107481956,
        0.019999897107481956,
        0.019999897107481956,
        0.019999897107481956,
        0.019999897107481956,
        0.019999897107481956,
        0.019999895244836807
      ]
    ],
    "feature_names": [
      "day_of_week",
      "day_index",
      "system_login_hours",
      "work_focused_hours",
      "meeting_collaboration_hours",
      "social_dining_hours",
      "break_relaxation_hours",
      "shared_work_hours",
      "internal_comm_volume",
      "cafeteria_usage",
      "convenience_food_usage"
    ],
    "gradient_importance": [
      5.5200099060894e-18,
      2.4135618601727907e-18,
      7.619276427511695e-18,
      1.4324923596652446e-17,
      1.6543216858727753e-17,
      2.5408184275352455e-18,
      1.1397382847189267e-16,
      1.2056421298575783e-17,
      3.759505443806969e-17,
      7.33949879805564e-17,
      8.797265661337442e-17
    ],
    "sequence_importance": {
      "timestep_0": 7.979631639495562e-16,
      "timestep_1": 1.6957493724912686e-16,
      "timestep_10": 2.4703176091552364e-23,
      "timestep_11": 1.934772246830813e-23,
      "timestep_12": 1.3629555334008705e-23,
      "timestep_13": 1.1009994392372153e-23,
      "timestep_14": 8.64818665176842e-24,
      "timestep_15": 6.652813479109805e-24,
      "timestep_16": 5.364120049148993e-24,
      "timestep_17": 4.611259600198647e-24,
      "timestep_18": 3.831409458667522e-24,
      "timestep_19": 3.158304819387284e-24,
      "timestep_2": 1.8419962721428147e-22,
      "timestep_20": 3.189353201325425e-24,
      "timestep_21": 2.2893790682365443e-24,
      "timestep_22": 2.1785764543501063e-24,
      "timestep_23": 1.8618614226783535e-24,
      "timestep_24": 1.661093166855985e-24,
      "timestep_25": 1.1286282274803592e-24,
      "timestep_26": 1.3186658056242325e-24,
      "timestep_27": 1.175441797394116e-24,
      "timestep_28": 8.020398127188603e-25,
      "timestep_29": 6.962176721575351e-25,
      "timestep_3": 1.4924795205077584e-22,
      "timestep_30": 7.431760473512065e-25,
      "timestep_31": 5.693941807545766e-25,
      "timestep_32": 5.330578176497061e-25,
      "timestep_33": 3.4851763859099505e-25,
      "timestep_34": 3.2801662277849824e-25,
      "timestep_35": 3.07515483706485e-25,
      "timestep_36": 2.870144432420849e-25,
      "timestep_37": 2.6651332882197494e-25,
      "timestep_38": 2.4601228835757484e-25,
      "timestep_39": 2.2551124789317475e-25,
      "timestep_4": 1.1723755423871763e-22,
      "timestep_40": 1.5198337181027085e-25,
      "timestep_41": 1.367850296988631e-25,
      "timestep_42": 4.5357221749154024e-26,
      "timestep_43": 3.9687564408277905e-26,
      "timestep_44": 3.4017910148889696e-26,
      "timestep_45": 2.834825588950149e-26,
      "timestep_46": 2.2678603170857235e-26,
      "timestep_47": 1.8047734977614318e-16,
      "timestep_48": 2.316005129985991e-16,
      "timestep_49": 3.2017758055939867e-16,
      "timestep_5": 8.623071371584537e-23,
      "timestep_6": 6.540210369093291e-23,
      "timestep_7": 5.617859683668228e-23,
      "timestep_8": 4.2969010538229705e-23,
      "timestep_9": 3.2039200701429647e-23
    },
    "temporal_importance": [
      7.979631639495562e-16,
      1.6957493724912686e-16,
      1.8419962721428147e-22,
      1.4924795205077584e-22,
      1.1723755423871763e-22,
      8.623071371584537e-23,
      6.540210369093291e-23,
      5.617859683668228e-23,
      4.2969010538229705e-23,
      3.2039200701429647e-23,
      2.4703176091552364e-23,
      1.934772246830813e-23,
      1.3629555334008705e-23,
      1.1009994392372153e-23,
      8.64818665176842e-24,
      6.652813479109805e-24,
      5.364120049148993e-24,
      4.611259600198647e-24,
      3.831409458667522e-24,
      3.158304819387284e-24,
      3.189353201325425e-24,
      2.2893790682365443e-24,
      2.1785764543501063e-24,
      1.8618614226783535e-24,
      1.661093166855985e-24,
      1.1286282274803592e-24,
      1.3186658056242325e-24,
      1.175441797394116e-24,
      8.020398127188603e-25,
      6.962176721575351e-25,
      7.431760473512065e-25,
      5.693941807545766e-25,
      5.330578176497061e-25,
      3.4851763859099505e-25,
      3.2801662277849824e-25,
      3.07515483706485e-25,
      2.870144432420849e-25,
      2.6651332882197494e-25,
      2.4601228835757484e-25,
      2.2551124789317475e-25,
      1.5198337181027085e-25,
      1.367850296988631e-25,
      4.5357221749154024e-26,
      3.9687564408277905e-26,
      3.4017910148889696e-26,
      2.834825588950149e-26,
      2.2678603170857235e-26,
      1.8047734977614318e-16,
      2.316005129985991e-16,
      3.2017758055939867e-16
    ],
    "trend_analysis": {
      "confidence_level": "high",
      "prediction_trend": "stable"
    }
  }
}