{
  "confidence": 0.8,
  "employee_id": "1212",
  "features_used": 11,
  "model_metadata": {
    "feature_dimensions": 11,
    "model_type": "GRU_CNN_Hybrid",
    "sequence_length": 50,
    "training_optimized": true
  },
  "predicted_attrition": 0,
  "risk_score": 3.464063361946422e-24,
  "sequence_length": 50,
  "xai_explanation": {
    "attention_weights": [
      [
        0.02000642754137516,
        0.019999276846647263,
        0.019999414682388306,
        0.01999952644109726,
        0.019999628886580467,
        0.019999701529741287,
        0.019999761134386063,
        0.019999803975224495,
        0.01999983750283718,
        0.019999859854578972,
        0.019999880343675613,
        0.01999989151954651,
        0.019999900832772255,
        0.019999910145998,
        0.0199999138712883,
        0.01999991573393345,
        0.019999917596578598,
        0.019999917596578598,
        0.019999919459223747,
        0.019999919459223747,
        0.019999917596578598,
        0.019999917596578598,
        0.019999917596578598,
        0.01999991573393345,
        0.01999991573393345,
        0.01999991573393345,
        0.01999991573393345,
        0.0199999138712883,
        0.0199999138712883,
        0.019999910145998,
        0.0199999138712883,
        0.019999910145998,
        0.019999910145998,
        0.019999910145998,
        0.019999908283352852,
        0.019999908283352852,
        0.019999908283352852,
        0.019999906420707703,
        0.019999906420707703,
        0.019999906420707703,
        0.019999906420707703,
        0.019999906420707703,
        0.019999906420707703,
        0.019999906420707703,
        0.019999906420707703,
        0.019999906420707703,
        0.019999906420707703,
        0.019999906420707703,
        0.019999906420707703,
        0.019999906420707703
      ]
    ],
    "feature_names": [
      "day_of_week",
      "day_index",
      "system_login_hours",
      "work_focused_hours",
      "meeting_collaboration_hours",
      "social_dining_hours",
      "break_relaxation_hours",
      "shared_work_hours",
      "internal_comm_volume",
      "cafeteria_usage",
      "convenience_food_usage"
    ],
    "gradient_importance": [
      2.8824388912584767e-26,
      1.4249094382650028e-26,
      4.257204355268227e-26,
      4.996793193238409e-26,
      8.242069890448454e-26,
      3.2673275165525104e-26,
      5.063581793630155e-25,
      6.091502558835802e-26,
      1.9058434503285294e-25,
      3.229897299194938e-25,
      4.021817259094977e-25
    ],
    "sequence_importance": {
      "timestep_0": 3.596661413783211e-24,
      "timestep_1": 1.3932044836976607e-24,
      "timestep_10": 1.4059676507162593e-31,
      "timestep_11": 1.0530999982237096e-31,
      "timestep_12": 7.911780514402962e-32,
      "timestep_13": 6.329033207002416e-32,
      "timestep_14": 4.590750070699231e-32,
      "timestep_15": 3.31145134023888e-32,
      "timestep_16": 2.5965679855673763e-32,
      "timestep_17": 2.0650075299472178e-32,
      "timestep_18": 1.5315408633004071e-32,
      "timestep_19": 1.2072909587332519e-32,
      "timestep_2": 1.16223974175908e-25,
      "timestep_20": 8.998897820384171e-33,
      "timestep_21": 7.510391364456987e-33,
      "timestep_22": 4.6626629947258986e-33,
      "timestep_23": 3.44610715686145e-33,
      "timestep_24": 3.2306761438961726e-33,
      "timestep_25": 2.338913435925753e-33,
      "timestep_26": 1.969116688481485e-33,
      "timestep_27": 1.209569819836214e-33,
      "timestep_28": 1.1576024084478107e-33,
      "timestep_29": 1.0913033331999836e-33,
      "timestep_3": 8.229613380615299e-31,
      "timestep_30": 8.931466688975205e-34,
      "timestep_31": 8.221590242288433e-34,
      "timestep_32": 5.782138703082269e-34,
      "timestep_33": 5.869146407207235e-34,
      "timestep_34": 5.523901879660806e-34,
      "timestep_35": 5.178657811291858e-34,
      "timestep_36": 4.83341420210039e-34,
      "timestep_37": 4.488170133731442e-34,
      "timestep_38": 4.142926065362494e-34,
      "timestep_39": 3.7976819969935456e-34,
      "timestep_4": 7.475010894675556e-31,
      "timestep_40": 1.9781271741047745e-34,
      "timestep_41": 1.7803145485297932e-34,
      "timestep_42": 0,
      "timestep_43": 0,
      "timestep_44": 0,
      "timestep_45": 0,
      "timestep_46": 4.736675369316239e-25,
      "timestep_47": 5.002907050143146e-25,
      "timestep_48": 9.005501001573052e-25,
      "timestep_49": 9.00018900945252e-25,
      "timestep_5": 5.1259744540488265e-31,
      "timestep_6": 4.218328246004905e-31,
      "timestep_7": 3.2251323802945802e-31,
      "timestep_8": 2.4449932199787035e-31,
      "timestep_9": 1.8778897237083955e-31
    },
    "temporal_importance": [
      3.596661413783211e-24,
      1.3932044836976607e-24,
      1.16223974175908e-25,
      8.229613380615299e-31,
      7.475010894675556e-31,
      5.1259744540488265e-31,
      4.218328246004905e-31,
      3.2251323802945802e-31,
      2.4449932199787035e-31,
      1.8778897237083955e-31,
      1.4059676507162593e-31,
      1.0530999982237096e-31,
      7.911780514402962e-32,
      6.329033207002416e-32,
      4.590750070699231e-32,
      3.31145134023888e-32,
      2.5965679855673763e-32,
      2.0650075299472178e-32,
      1.5315408633004071e-32,
      1.2072909587332519e-32,
      8.998897820384171e-33,
      7.510391364456987e-33,
      4.6626629947258986e-33,
      3.44610715686145e-33,
      3.2306761438961726e-33,
      2.338913435925753e-33,
      1.969116688481485e-33,
      1.209569819836214e-33,
      1.1576024084478107e-33,
      1.0913033331999836e-33,
      8.931466688975205e-34,
      8.221590242288433e-34,
      5.782138703082269e-34,
      5.869146407207235e-34,
      5.523901879660806e-34,
      5.178657811291858e-34,
      4.83341420210039e-34,
      4.488170133731442e-34,
      4.142926065362494e-34,
      3.7976819969935456e-34,
      1.9781271741047745e-34,
      1.7803145485297932e-34,
      0,
      0,
      0,
      0,
      4.736675369316239e-25,
      5.002907050143146e-25,
      9.005501001573052e-25,
      9.00018900945252e-25
    ],
    "trend_analysis": {
      "confidence_level": "high",
      "prediction_trend": "stable"
    }
  }
}