{
  "confidence": 0.7,
  "employee_data": {
    "Age": 40,
    "AgeFactor": 1,
    "Attrition": "No",
    "BusinessTravel": "Travel_Frequently",
    "DailyRate": 1184,
    "Department": "Sales",
    "DistanceFromHome": 2,
    "Education": 4,
    "EducationField": "Medical",
    "EmployeeCount": 1,
    "EmployeeNumber": 1212,
    "EnvironmentSatisfaction": 2,
    "Gender": "Male",
    "HourlyRate": 62,
    "JobInvolvement": 3,
    "JobLevel": 2,
    "JobRole": "Sales Executive",
    "JobSatisfaction": 2,
    "MaritalStatus": "Married",
    "MonthlyIncome": 4327,
    "MonthlyRate": 25440,
    "Norm_EnvironmentSatisfaction": 0.3333333333333333,
    "Norm_JobInvolvement": 0.6666666666666666,
    "Norm_JobLevel": 0.25,
    "Norm_JobSatisfaction": 0.3333333333333333,
    "Norm_MonthlyIncome": 0.1747235387045813,
    "Norm_NumCompaniesWorked": 0.5555555555555556,
    "Norm_PercentSalaryHike": 0.0714285714285714,
    "Norm_PerformanceRating": 0,
    "Norm_RelationshipSatisfaction": 1,
    "Norm_TotalWorkingYears": 0.125,
    "Norm_TrainingTimesLastYear": 0.3333333333333333,
    "Norm_WorkLifeBalance": 0.6666666666666666,
    "Norm_YearsAtCompany": 0,
    "Norm_YearsSinceLastPromotion": 0,
    "NumCompaniesWorked": 5,
    "Over18": "Y",
    "OverTime": "No",
    "OverTime_bin": 0,
    "PercentSalaryHike": 12,
    "PerformanceRating": 3,
    "Prob_N01": 0.0269012502625264,
    "Prob_N02": 0.0001498225887134,
    "Prob_N03": 0.8698869319084344,
    "Prob_P01": 0.0015450092641505,
    "Prob_P02": 0.0222356436958842,
    "Prob_P03": 0.0005683771447004,
    "Prob_P04": 0.0725121982437917,
    "Prob_S01": 0.0001583816153207,
    "Prob_S02": 0.0024873562084614,
    "Prob_S03": 0.0035550290680165,
    "RelationshipSatisfaction": 4,
    "Score_N01": 0.6523809523809524,
    "Score_N02": 0.1333333333333333,
    "Score_N03": 1,
    "Score_P01": 0.3666666666666667,
    "Score_P02": 0.6333333333333333,
    "Score_P03": 0.2666666666666667,
    "Score_P04": 0.751539155946739,
    "Score_S01": 0.1388888888888889,
    "Score_S02": 0.4142857142857143,
    "Score_S03": 0.45,
    "StandardHours": 80,
    "StockOptionLevel": 3,
    "TotalWorkingYears": 5,
    "TrainingTimesLastYear": 2,
    "WorkLifeBalance": 3,
    "YearsAtCompany": 0,
    "YearsInCurrentRole": 0,
    "YearsSinceLastPromotion": 0,
    "YearsWithCurrManager": 0,
    "argmax_Persona": "신규 부모",
    "argmax_Persona_Code": "N03",
    "argmax_RiskTier": "Neutral",
    "is_married": 1,
    "softmax_Persona": "신규 부모",
    "softmax_Persona_Code": "N03",
    "softmax_RiskTier": "Neutral"
  },
  "employee_id": 1212,
  "feature_importance": {},
  "lime_explanation": {},
  "model_interpretation": {},
  "predicted_attrition": 0,
  "risk_score": 0.0015084551414474845,
  "shap_values": {},
  "xai_explanation": {}
}