{
  "prediction": {
    "risk_score": 2.5659207907263254e-31,
    "attrition_probability": 2.5659207907263254e-31
  },
  "confidence": 0.8
}