{
  "prediction": {
    "employee_id": "1485",
    "attrition_probability": 0.24302658438682556,
    "attrition_prediction": 1,
    "risk_category": "LOW",
    "confidence_score": 0.5139468312263489,
    "prediction_timestamp": "2025-09-23T22:53:28.122271"
  },
  "explanation": {
    "employee_id": "1485",
    "feature_importance": {
      "RelationshipSatisfaction": 0.03405288979411125,
      "Education": 0.02487798221409321,
      "JobInvolvement": 0.03501373156905174,
      "EnvironmentSatisfaction": 0.048257846385240555,
      "JobLevel": 0.07228615880012512,
      "JobSatisfaction": 0.04019258916378021,
      "StockOptionLevel": 0.07264421880245209,
      "WorkLifeBalance": 0.03580893576145172,
      "Department": 0.037670474499464035,
      "JobRole": 0.046762410551309586,
      "MaritalStatus": 0.036864522844552994,
      "OverTime": 0.0779639258980751,
      "Age": 0.04039482772350311,
      "DailyRate": 0.03578038513660431,
      "DistanceFromHome": 0.036774344742298126,
      "MonthlyIncome": 0.04666806384921074,
      "NumCompaniesWorked": 0.050036631524562836,
      "TotalWorkingYears": 0.04981709271669388,
      "TrainingTimesLastYear": 0.02378365956246853,
      "YearsAtCompany": 0.02968277968466282,
      "YearsInCurrentRole": 0.03649982064962387,
      "YearsSinceLastPromotion": 0.03537580743432045,
      "YearsWithCurrManager": 0.05279093235731125
    },
    "shap_values": {
      "RelationshipSatisfaction": -0.05279318615794182,
      "Education": 0.06326621025800705,
      "JobInvolvement": -0.11265075206756592,
      "EnvironmentSatisfaction": -0.12545938789844513,
      "JobLevel": 0.0672638937830925,
      "JobSatisfaction": 0.19597028195858002,
      "StockOptionLevel": -0.300141841173172,
      "WorkLifeBalance": 0.14100925624370575,
      "Department": -0.003922666423022747,
      "JobRole": -0.3054572641849518,
      "MaritalStatus": -0.14380845427513123,
      "OverTime": -0.4024578630924225,
      "Age": -0.09301169961690903,
      "DailyRate": 0.08681821078062057,
      "DistanceFromHome": 0.24600298702716827,
      "MonthlyIncome": -0.6148847341537476,
      "NumCompaniesWorked": 0.6756680607795715,
      "TotalWorkingYears": -0.1485660821199417,
      "TrainingTimesLastYear": -0.13489246368408203,
      "YearsAtCompany": -0.03757743909955025,
      "YearsInCurrentRole": -0.1239110603928566,
      "YearsSinceLastPromotion": 0.11511729657649994,
      "YearsWithCurrManager": -0.4030236005783081
    },
    "lime_explanation": {
      "features": [
        "OverTime=0",
        "NumCompaniesWorked > 4.00",
        "EnvironmentSatisfaction <= 2.00",
        "DistanceFromHome > 14.00",
        "WorkLifeBalance <= 2.00",
        "JobSatisfaction <= 2.00",
        "StockOptionLevel > 1.00",
        "2.00 < JobInvolvement <= 3.00",
        "YearsWithCurrManager > 7.00",
        "TotalWorkingYears > 15.00"
      ],
      "values": [
        -0.21673531511004887,
        0.16485117735786367,
        0.10973594257845326,
        0.10816272086768759,
        0.07876275602616711,
        0.07383483065089577,
        -0.07290165473633005,
        -0.0691316293996393,
        -0.05829494526087236,
        -0.056058454913414456
      ],
      "intercept": 0.37052430918435475
    },
    "top_risk_factors": [
      {
        "feature": "NumCompaniesWorked",
        "impact": 0.6756680607795715,
        "type": "risk"
      }
    ],
    "top_protective_factors": [
      {
        "feature": "MonthlyIncome",
        "impact": 0.6148847341537476,
        "type": "protective"
      },
      {
        "feature": "YearsWithCurrManager",
        "impact": 0.4030236005783081,
        "type": "protective"
      },
      {
        "feature": "OverTime",
        "impact": 0.4024578630924225,
        "type": "protective"
      },
      {
        "feature": "JobRole",
        "impact": 0.3054572641849518,
        "type": "protective"
      }
    ],
    "explanation_timestamp": "2025-09-23T22:53:28.197019"
  },
  "agent_type": "structura",
  "analysis_type": "individual"
}