{
  "confidence": 0.7,
  "employee_data": {
    "Age": 32,
    "AgeFactor": 1,
    "Attrition": "No",
    "BusinessTravel": "Travel_Rarely",
    "DailyRate": 234,
    "Department": "Sales",
    "DistanceFromHome": 1,
    "Education": 4,
    "EducationField": "Medical",
    "EmployeeCount": 1,
    "EmployeeNumber": 2013,
    "EnvironmentSatisfaction": 2,
    "Gender": "Male",
    "HourlyRate": 68,
    "JobInvolvement": 2,
    "JobLevel": 1,
    "JobRole": "Sales Representative",
    "JobSatisfaction": 2,
    "MaritalStatus": "Married",
    "MonthlyIncome": 2269,
    "MonthlyRate": 18024,
    "Norm_EnvironmentSatisfaction": 0.3333333333333333,
    "Norm_JobInvolvement": 0.3333333333333333,
    "Norm_JobLevel": 0,
    "Norm_JobSatisfaction": 0.3333333333333333,
    "Norm_MonthlyIncome": 0.0663507109004739,
    "Norm_NumCompaniesWorked": 0,
    "Norm_PercentSalaryHike": 0.2142857142857142,
    "Norm_PerformanceRating": 0,
    "Norm_RelationshipSatisfaction": 0.3333333333333333,
    "Norm_TotalWorkingYears": 0.075,
    "Norm_TrainingTimesLastYear": 0.3333333333333333,
    "Norm_WorkLifeBalance": 0.6666666666666666,
    "Norm_YearsAtCompany": 0.05,
    "Norm_YearsSinceLastPromotion": 0.1333333333333333,
    "NumCompaniesWorked": 0,
    "Over18": "Y",
    "OverTime": "No",
    "OverTime_bin": 0,
    "PercentSalaryHike": 14,
    "PerformanceRating": 3,
    "Prob_N01": 0.0929910327687571,
    "Prob_N02": 0.0009618223576596,
    "Prob_N03": 0.7557730720707462,
    "Prob_P01": 0.0013423312330754,
    "Prob_P02": 0.1111715490523444,
    "Prob_P03": 0.0018733741474611,
    "Prob_P04": 0.0332879497177068,
    "Prob_S01": 0.0004180062735409,
    "Prob_S02": 0.0016870463148174,
    "Prob_S03": 0.0004938160638907,
    "RelationshipSatisfaction": 2,
    "Score_N01": 0.7904761904761904,
    "Score_N02": 0.3333333333333333,
    "Score_N03": 1,
    "Score_P01": 0.3666666666666667,
    "Score_P02": 0.8083333333333333,
    "Score_P03": 0.4,
    "Score_P04": 0.6877454299255248,
    "Score_S01": 0.25,
    "Score_S02": 0.3895238095238095,
    "Score_S03": 0.2666666666666666,
    "StandardHours": 80,
    "StockOptionLevel": 1,
    "TotalWorkingYears": 3,
    "TrainingTimesLastYear": 2,
    "WorkLifeBalance": 3,
    "YearsAtCompany": 2,
    "YearsInCurrentRole": 2,
    "YearsSinceLastPromotion": 2,
    "YearsWithCurrManager": 2,
    "argmax_Persona": "신규 부모",
    "argmax_Persona_Code": "N03",
    "argmax_RiskTier": "Neutral",
    "is_married": 1,
    "softmax_Persona": "신규 부모",
    "softmax_Persona_Code": "N03",
    "softmax_RiskTier": "Neutral"
  },
  "employee_id": 2013,
  "feature_importance": {},
  "lime_explanation": {},
  "model_interpretation": {},
  "predicted_attrition": 0,
  "risk_score": 0.000986186321824789,
  "shap_values": {},
  "xai_explanation": {}
}