{
  "confidence": 0.7,
  "employee_data": {
    "Age": 26,
    "AgeFactor": 0,
    "Attrition": "No",
    "BusinessTravel": "Travel_Rarely",
    "DailyRate": 192,
    "Department": "Research & Development",
    "DistanceFromHome": 1,
    "Education": 2,
    "EducationField": "Medical",
    "EmployeeCount": 1,
    "EmployeeNumber": 1083,
    "EnvironmentSatisfaction": 1,
    "Gender": "Male",
    "HourlyRate": 59,
    "JobInvolvement": 2,
    "JobLevel": 1,
    "JobRole": "Laboratory Technician",
    "JobSatisfaction": 1,
    "MaritalStatus": "Married",
    "MonthlyIncome": 3955,
    "MonthlyRate": 11141,
    "Norm_EnvironmentSatisfaction": 0,
    "Norm_JobInvolvement": 0.3333333333333333,
    "Norm_JobLevel": 0,
    "Norm_JobSatisfaction": 0,
    "Norm_MonthlyIncome": 0.1551342812006319,
    "Norm_NumCompaniesWorked": 0.1111111111111111,
    "Norm_PercentSalaryHike": 0.3571428571428571,
    "Norm_PerformanceRating": 0,
    "Norm_RelationshipSatisfaction": 0,
    "Norm_TotalWorkingYears": 0.15,
    "Norm_TrainingTimesLastYear": 0.3333333333333333,
    "Norm_WorkLifeBalance": 0.6666666666666666,
    "Norm_YearsAtCompany": 0.125,
    "Norm_YearsSinceLastPromotion": 0.0666666666666666,
    "NumCompaniesWorked": 1,
    "Over18": "Y",
    "OverTime": "No",
    "OverTime_bin": 0,
    "PercentSalaryHike": 16,
    "PerformanceRating": 3,
    "Prob_N01": 0.1296539243838468,
    "Prob_N02": 0.00944817084638,
    "Prob_N03": 0.0698130644161833,
    "Prob_P01": 0.0067699102390817,
    "Prob_P02": 0.7505611760987854,
    "Prob_P03": 0.0024905107955342,
    "Prob_P04": 0.0244520145734012,
    "Prob_S01": 0.0011315619549724,
    "Prob_S02": 0.005438156958984,
    "Prob_S03": 0.0002415097328304,
    "RelationshipSatisfaction": 1,
    "Score_N01": 0.7619047619047619,
    "Score_N02": 0.5,
    "Score_N03": 0.7,
    "Score_P01": 0.4666666666666667,
    "Score_P02": 0.9375,
    "Score_P03": 0.3666666666666667,
    "Score_P04": 0.5950891446626043,
    "Score_S01": 0.2877777777777778,
    "Score_S02": 0.4447619047619048,
    "Score_S03": 0.1333333333333333,
    "StandardHours": 80,
    "StockOptionLevel": 2,
    "TotalWorkingYears": 6,
    "TrainingTimesLastYear": 2,
    "WorkLifeBalance": 3,
    "YearsAtCompany": 5,
    "YearsInCurrentRole": 3,
    "YearsSinceLastPromotion": 1,
    "YearsWithCurrManager": 3,
    "argmax_Persona": "온보딩에 실패한 직원",
    "argmax_Persona_Code": "P02",
    "argmax_RiskTier": "High",
    "is_married": 1,
    "softmax_Persona": "현상 유지자",
    "softmax_Persona_Code": "N01",
    "softmax_RiskTier": "Neutral"
  },
  "employee_id": 1083,
  "feature_importance": {},
  "lime_explanation": {},
  "model_interpretation": {},
  "predicted_attrition": 0,
  "risk_score": 0.013954482972621918,
  "shap_values": {},
  "xai_explanation": {}
}