{
  "confidence": 0.8,
  "employee_id": "752",
  "features_used": 11,
  "model_metadata": {
    "feature_dimensions": 11,
    "model_type": "GRU_CNN_Hybrid",
    "sequence_length": 50,
    "training_optimized": true
  },
  "predicted_attrition": 1,
  "risk_score": 0.9999672174453735,
  "sequence_length": 50,
  "xai_explanation": {
    "attention_weights": [
      [
        0.02000138908624649,
        0.020000966265797615,
        0.02000083401799202,
        0.0200007613748312,
        0.020000632852315903,
        0.020000534132122993,
        0.020000481978058815,
        0.02000040002167225,
        0.020000329241156578,
        0.020000267773866653,
        0.020000208169221878,
        0.020000163465738297,
        0.020000120624899864,
        0.02000008150935173,
        0.020000047981739044,
        0.020000021904706955,
        0.019999992102384567,
        0.01999996230006218,
        0.019999932497739792,
        0.01999991200864315,
        0.019999893382191658,
        0.019999876618385315,
        0.019999857991933823,
        0.01999984309077263,
        0.019999830052256584,
        0.01999981515109539,
        0.019999803975224495,
        0.019999796524643898,
        0.0199997890740633,
        0.019999781623482704,
        0.019999774172902107,
        0.01999976672232151,
        0.019999759271740913,
        0.019999755546450615,
        0.019999753683805466,
        0.019999748095870018,
        0.01999974437057972,
        0.01999974064528942,
        0.019999736919999123,
        0.019999733194708824,
        0.019999729469418526,
        0.019999729469418526,
        0.019999727606773376,
        0.019999723881483078,
        0.019999723881483078,
        0.01999972201883793,
        0.01999972015619278,
        0.01999972015619278,
        0.01999972015619278,
        0.01999971643090248
      ]
    ],
    "feature_names": [
      "day_of_week",
      "day_index",
      "system_login_hours",
      "work_focused_hours",
      "meeting_collaboration_hours",
      "social_dining_hours",
      "break_relaxation_hours",
      "shared_work_hours",
      "internal_comm_volume",
      "cafeteria_usage",
      "convenience_food_usage"
    ],
    "gradient_importance": [
      1.4902050793352828e-07,
      3.9769673776390846e-08,
      6.618487446985455e-08,
      4.7049979912117124e-07,
      2.3452085429198632e-07,
      6.215974934775659e-08,
      2.67901145889482e-06,
      2.356211012966014e-07,
      4.5999087205927935e-07,
      1.8156005126002128e-06,
      1.8244792272525956e-06
    ],
    "sequence_importance": {
      "timestep_0": 6.27217502824351e-07,
      "timestep_1": 1.3907461120232778e-11,
      "timestep_10": 3.0439325105630077e-12,
      "timestep_11": 2.7115447474163057e-12,
      "timestep_12": 2.1155301902636703e-12,
      "timestep_13": 1.8554574109791444e-12,
      "timestep_14": 1.5260682257808855e-12,
      "timestep_15": 1.2483283720957083e-12,
      "timestep_16": 1.056508721654359e-12,
      "timestep_17": 8.937812512668786e-13,
      "timestep_18": 7.539051305981148e-13,
      "timestep_19": 5.941005066373295e-13,
      "timestep_2": 1.3346154910387487e-11,
      "timestep_20": 5.447273491651639e-13,
      "timestep_21": 4.276532470162686e-13,
      "timestep_22": 3.60523514254113e-13,
      "timestep_23": 3.1484602251719007e-13,
      "timestep_24": 2.7618304778570524e-13,
      "timestep_25": 2.3041605515944363e-13,
      "timestep_26": 1.8955652748408464e-13,
      "timestep_27": 1.365748199212355e-13,
      "timestep_28": 1.1435866359779667e-13,
      "timestep_29": 9.191722361544252e-14,
      "timestep_3": 1.2035569589563533e-11,
      "timestep_30": 9.018517676357904e-14,
      "timestep_31": 6.834019705389063e-14,
      "timestep_32": 7.122311095932032e-14,
      "timestep_33": 4.743318436054196e-14,
      "timestep_34": 3.615061063542459e-14,
      "timestep_35": 3.78719747077573e-14,
      "timestep_36": 3.1631754236326887e-14,
      "timestep_37": 2.2204597711840586e-14,
      "timestep_38": 1.8904232088686086e-14,
      "timestep_39": 1.5869248664169937e-14,
      "timestep_4": 8.281888196071119e-12,
      "timestep_40": 1.5753513470388898e-14,
      "timestep_41": 1.0933447073049885e-14,
      "timestep_42": 9.718617173504716e-15,
      "timestep_43": 8.503788120992496e-15,
      "timestep_44": 3.9512685149885405e-15,
      "timestep_45": 4.115904191363991e-15,
      "timestep_46": 2.274963435411337e-06,
      "timestep_47": 1.0661108717613388e-05,
      "timestep_48": 1.0527382983127609e-05,
      "timestep_49": 1.2440408681868576e-05,
      "timestep_5": 8.322001941729607e-12,
      "timestep_6": 7.141477513517014e-12,
      "timestep_7": 5.445539852377834e-12,
      "timestep_8": 4.5049610743197466e-12,
      "timestep_9": 3.623870084221159e-12
    },
    "temporal_importance": [
      6.27217502824351e-07,
      1.3907461120232778e-11,
      1.3346154910387487e-11,
      1.2035569589563533e-11,
      8.281888196071119e-12,
      8.322001941729607e-12,
      7.141477513517014e-12,
      5.445539852377834e-12,
      4.5049610743197466e-12,
      3.623870084221159e-12,
      3.0439325105630077e-12,
      2.7115447474163057e-12,
      2.1155301902636703e-12,
      1.8554574109791444e-12,
      1.5260682257808855e-12,
      1.2483283720957083e-12,
      1.056508721654359e-12,
      8.937812512668786e-13,
      7.539051305981148e-13,
      5.941005066373295e-13,
      5.447273491651639e-13,
      4.276532470162686e-13,
      3.60523514254113e-13,
      3.1484602251719007e-13,
      2.7618304778570524e-13,
      2.3041605515944363e-13,
      1.8955652748408464e-13,
      1.365748199212355e-13,
      1.1435866359779667e-13,
      9.191722361544252e-14,
      9.018517676357904e-14,
      6.834019705389063e-14,
      7.122311095932032e-14,
      4.743318436054196e-14,
      3.615061063542459e-14,
      3.78719747077573e-14,
      3.1631754236326887e-14,
      2.2204597711840586e-14,
      1.8904232088686086e-14,
      1.5869248664169937e-14,
      1.5753513470388898e-14,
      1.0933447073049885e-14,
      9.718617173504716e-15,
      8.503788120992496e-15,
      3.9512685149885405e-15,
      4.115904191363991e-15,
      2.274963435411337e-06,
      1.0661108717613388e-05,
      1.0527382983127609e-05,
      1.2440408681868576e-05
    ],
    "trend_analysis": {
      "confidence_level": "high",
      "prediction_trend": "increasing"
    }
  }
}