{
  "confidence": 0.7,
  "employee_data": {
    "Age": 36,
    "AgeFactor": 1,
    "Attrition": "No",
    "BusinessTravel": "Travel_Frequently",
    "DailyRate": 541,
    "Department": "Sales",
    "DistanceFromHome": 3,
    "Education": 4,
    "EducationField": "Medical",
    "EmployeeCount": 1,
    "EmployeeNumber": 481,
    "EnvironmentSatisfaction": 1,
    "Gender": "Male",
    "HourlyRate": 48,
    "JobInvolvement": 2,
    "JobLevel": 3,
    "JobRole": "Sales Executive",
    "JobSatisfaction": 4,
    "MaritalStatus": "Married",
    "MonthlyIncome": 9699,
    "MonthlyRate": 7246,
    "Norm_EnvironmentSatisfaction": 0,
    "Norm_JobInvolvement": 0.3333333333333333,
    "Norm_JobLevel": 0.5,
    "Norm_JobSatisfaction": 1,
    "Norm_MonthlyIncome": 0.4576092680358083,
    "Norm_NumCompaniesWorked": 0.4444444444444444,
    "Norm_PercentSalaryHike": 0,
    "Norm_PerformanceRating": 0,
    "Norm_RelationshipSatisfaction": 0,
    "Norm_TotalWorkingYears": 0.4,
    "Norm_TrainingTimesLastYear": 0.3333333333333333,
    "Norm_WorkLifeBalance": 0.6666666666666666,
    "Norm_YearsAtCompany": 0.325,
    "Norm_YearsSinceLastPromotion": 0.0666666666666666,
    "NumCompaniesWorked": 4,
    "Over18": "Y",
    "OverTime": "No",
    "OverTime_bin": 0,
    "PercentSalaryHike": 11,
    "PerformanceRating": 3,
    "Prob_N01": 0.1273179658180663,
    "Prob_N02": 0.0045419402655794,
    "Prob_N03": 0.6740837032698361,
    "Prob_P01": 0.0001620291468178,
    "Prob_P02": 0.1327349512387101,
    "Prob_P03": 0.0011972424554993,
    "Prob_P04": 0.0397622201847437,
    "Prob_S01": 0.0016895553759055,
    "Prob_S02": 0.001279779279744,
    "Prob_S03": 0.0172306129650973,
    "RelationshipSatisfaction": 1,
    "Score_N01": 0.8333333333333333,
    "Score_N02": 0.5,
    "Score_N03": 1,
    "Score_P01": 0.1666666666666666,
    "Score_P02": 0.8374999999999999,
    "Score_P03": 0.3666666666666667,
    "Score_P04": 0.7169562927856766,
    "Score_S01": 0.4011111111111111,
    "Score_S02": 0.3733333333333333,
    "Score_S03": 0.6333333333333333,
    "StandardHours": 80,
    "StockOptionLevel": 1,
    "TotalWorkingYears": 16,
    "TrainingTimesLastYear": 2,
    "WorkLifeBalance": 3,
    "YearsAtCompany": 13,
    "YearsInCurrentRole": 9,
    "YearsSinceLastPromotion": 1,
    "YearsWithCurrManager": 12,
    "argmax_Persona": "신규 부모",
    "argmax_Persona_Code": "N03",
    "argmax_RiskTier": "Neutral",
    "is_married": 1,
    "softmax_Persona": "신규 부모",
    "softmax_Persona_Code": "N03",
    "softmax_RiskTier": "Neutral"
  },
  "employee_id": 481,
  "feature_importance": {},
  "lime_explanation": {},
  "model_interpretation": {},
  "predicted_attrition": 0,
  "risk_score": 0.002728421473875642,
  "shap_values": {},
  "xai_explanation": {}
}