{
  "confidence": 0.8,
  "employee_id": "847",
  "features_used": 11,
  "model_metadata": {
    "feature_dimensions": 11,
    "model_type": "GRU_CNN_Hybrid",
    "sequence_length": 50,
    "training_optimized": true
  },
  "predicted_attrition": 0,
  "risk_score": 2.3048418312848527e-27,
  "sequence_length": 50,
  "xai_explanation": {
    "attention_weights": [
      [
        0.020007265731692314,
        0.01999913714826107,
        0.019999295473098755,
        0.01999942772090435,
        0.01999954879283905,
        0.019999630749225616,
        0.01999969594180584,
        0.019999749958515167,
        0.0199997890740633,
        0.019999820739030838,
        0.019999848678708076,
        0.01999986357986927,
        0.019999882206320763,
        0.01999989151954651,
        0.019999902695417404,
        0.019999906420707703,
        0.01999991200864315,
        0.01999991200864315,
        0.0199999138712883,
        0.01999991573393345,
        0.019999919459223747,
        0.019999919459223747,
        0.019999919459223747,
        0.019999919459223747,
        0.019999919459223747,
        0.019999919459223747,
        0.019999919459223747,
        0.019999919459223747,
        0.019999919459223747,
        0.019999919459223747,
        0.01999991573393345,
        0.01999991573393345,
        0.01999991573393345,
        0.01999991573393345,
        0.01999991573393345,
        0.01999991573393345,
        0.01999991573393345,
        0.01999991573393345,
        0.01999991573393345,
        0.01999991573393345,
        0.01999991573393345,
        0.01999991573393345,
        0.01999991573393345,
        0.01999991573393345,
        0.01999991573393345,
        0.01999991573393345,
        0.01999991573393345,
        0.01999991573393345,
        0.01999991573393345,
        0.01999991573393345
      ]
    ],
    "feature_names": [
      "day_of_week",
      "day_index",
      "system_login_hours",
      "work_focused_hours",
      "meeting_collaboration_hours",
      "social_dining_hours",
      "break_relaxation_hours",
      "shared_work_hours",
      "internal_comm_volume",
      "cafeteria_usage",
      "convenience_food_usage"
    ],
    "gradient_importance": [
      1.7141843289679657e-29,
      9.762840566969094e-30,
      2.6905545258909033e-29,
      3.3250533497754934e-29,
      5.443186588714268e-29,
      2.2605283740098142e-29,
      3.369119770423978e-28,
      4.055515545184377e-29,
      1.2680776551088707e-28,
      2.149053743269358e-28,
      2.675968676013019e-28
    ],
    "sequence_importance": {
      "timestep_0": 2.3930852450347537e-27,
      "timestep_1": 9.269867711990172e-28,
      "timestep_10": 1.103556162850627e-34,
      "timestep_11": 7.875777138226416e-35,
      "timestep_12": 6.733483041180795e-35,
      "timestep_13": 4.630939777151689e-35,
      "timestep_14": 3.7242258256675786e-35,
      "timestep_15": 2.597423228880109e-35,
      "timestep_16": 1.9804291743089373e-35,
      "timestep_17": 1.5046608936732264e-35,
      "timestep_18": 1.2681024130917078e-35,
      "timestep_19": 9.488153607258903e-36,
      "timestep_2": 7.733120903709337e-29,
      "timestep_20": 7.264752390905514e-36,
      "timestep_21": 6.081899720953567e-36,
      "timestep_22": 4.0826190869172796e-36,
      "timestep_23": 3.0609377127226076e-36,
      "timestep_24": 2.1857371834915934e-36,
      "timestep_25": 2.1016703963367173e-36,
      "timestep_26": 1.4691245385898e-36,
      "timestep_27": 1.4079109787805993e-36,
      "timestep_28": 6.333674894832956e-37,
      "timestep_29": 6.045780031103334e-37,
      "timestep_3": 6.13195296491752e-34,
      "timestep_30": 5.54181615456254e-37,
      "timestep_31": 5.2647249656812305e-37,
      "timestep_32": 4.1349479212056015e-37,
      "timestep_33": 3.905228691897626e-37,
      "timestep_34": 2.105910568544336e-37,
      "timestep_35": 1.974291200049269e-37,
      "timestep_36": 1.8426717194503249e-37,
      "timestep_37": 1.711052463059135e-37,
      "timestep_38": 0,
      "timestep_39": 0,
      "timestep_4": 5.492130930587468e-34,
      "timestep_40": 0,
      "timestep_41": 0,
      "timestep_42": 0,
      "timestep_43": 0,
      "timestep_44": 0,
      "timestep_45": 0,
      "timestep_46": 2.2465137730090282e-30,
      "timestep_47": 3.493508363294658e-28,
      "timestep_48": 5.508262678199519e-28,
      "timestep_49": 9.314209360064771e-28,
      "timestep_5": 3.676822810629783e-34,
      "timestep_6": 3.010357232565634e-34,
      "timestep_7": 2.3410406215232606e-34,
      "timestep_8": 1.8465197908594209e-34,
      "timestep_9": 1.3757060639400261e-34
    },
    "temporal_importance": [
      2.3930852450347537e-27,
      9.269867711990172e-28,
      7.733120903709337e-29,
      6.13195296491752e-34,
      5.492130930587468e-34,
      3.676822810629783e-34,
      3.010357232565634e-34,
      2.3410406215232606e-34,
      1.8465197908594209e-34,
      1.3757060639400261e-34,
      1.103556162850627e-34,
      7.875777138226416e-35,
      6.733483041180795e-35,
      4.630939777151689e-35,
      3.7242258256675786e-35,
      2.597423228880109e-35,
      1.9804291743089373e-35,
      1.5046608936732264e-35,
      1.2681024130917078e-35,
      9.488153607258903e-36,
      7.264752390905514e-36,
      6.081899720953567e-36,
      4.0826190869172796e-36,
      3.0609377127226076e-36,
      2.1857371834915934e-36,
      2.1016703963367173e-36,
      1.4691245385898e-36,
      1.4079109787805993e-36,
      6.333674894832956e-37,
      6.045780031103334e-37,
      5.54181615456254e-37,
      5.2647249656812305e-37,
      4.1349479212056015e-37,
      3.905228691897626e-37,
      2.105910568544336e-37,
      1.974291200049269e-37,
      1.8426717194503249e-37,
      1.711052463059135e-37,
      0,
      0,
      0,
      0,
      0,
      0,
      0,
      0,
      2.2465137730090282e-30,
      3.493508363294658e-28,
      5.508262678199519e-28,
      9.314209360064771e-28
    ],
    "trend_analysis": {
      "confidence_level": "high",
      "prediction_trend": "stable"
    }
  }
}