{
  "prediction": {
    "employee_id": "1834",
    "attrition_probability": 0.05674419552087784,
    "attrition_prediction": 1,
    "risk_category": "LOW",
    "confidence_score": 0.8865116089582443,
    "prediction_timestamp": "2025-09-23T22:53:53.435032"
  },
  "explanation": {
    "employee_id": "1834",
    "feature_importance": {
      "RelationshipSatisfaction": 0.03405288979411125,
      "Education": 0.02487798221409321,
      "JobInvolvement": 0.03501373156905174,
      "EnvironmentSatisfaction": 0.048257846385240555,
      "JobLevel": 0.07228615880012512,
      "JobSatisfaction": 0.04019258916378021,
      "StockOptionLevel": 0.07264421880245209,
      "WorkLifeBalance": 0.03580893576145172,
      "Department": 0.037670474499464035,
      "JobRole": 0.046762410551309586,
      "MaritalStatus": 0.036864522844552994,
      "OverTime": 0.0779639258980751,
      "Age": 0.04039482772350311,
      "DailyRate": 0.03578038513660431,
      "DistanceFromHome": 0.036774344742298126,
      "MonthlyIncome": 0.04666806384921074,
      "NumCompaniesWorked": 0.050036631524562836,
      "TotalWorkingYears": 0.04981709271669388,
      "TrainingTimesLastYear": 0.02378365956246853,
      "YearsAtCompany": 0.02968277968466282,
      "YearsInCurrentRole": 0.03649982064962387,
      "YearsSinceLastPromotion": 0.03537580743432045,
      "YearsWithCurrManager": 0.05279093235731125
    },
    "shap_values": {
      "RelationshipSatisfaction": -0.23467667400836945,
      "Education": 0.0623641200363636,
      "JobInvolvement": -0.07612230628728867,
      "EnvironmentSatisfaction": -0.2506304085254669,
      "JobLevel": 0.0679386630654335,
      "JobSatisfaction": 0.341048002243042,
      "StockOptionLevel": -0.4429282546043396,
      "WorkLifeBalance": -0.14804258942604065,
      "Department": -0.04033971577882767,
      "JobRole": -0.22740983963012695,
      "MaritalStatus": -0.19172309339046478,
      "OverTime": -0.6177210211753845,
      "Age": 0.4513189494609833,
      "DailyRate": -0.4509437680244446,
      "DistanceFromHome": -0.7143982648849487,
      "MonthlyIncome": -0.03775486350059509,
      "NumCompaniesWorked": -0.23451709747314453,
      "TotalWorkingYears": -0.03922369331121445,
      "TrainingTimesLastYear": -0.06788339465856552,
      "YearsAtCompany": 0.023242037743330002,
      "YearsInCurrentRole": -0.020197758451104164,
      "YearsSinceLastPromotion": -0.057466793805360794,
      "YearsWithCurrManager": -0.1800006926059723
    },
    "lime_explanation": {
      "features": [
        "OverTime=0",
        "NumCompaniesWorked <= 1.00",
        "DistanceFromHome <= 2.00",
        "0.00 < StockOptionLevel <= 1.00",
        "Age <= 30.00",
        "JobSatisfaction <= 2.00",
        "DailyRate > 1162.00",
        "2.00 < RelationshipSatisfaction <= 3.00",
        "2.00 < WorkLifeBalance <= 3.00",
        "2.00 < JobInvolvement <= 3.00"
      ],
      "values": [
        -0.2139397738221817,
        -0.11554834755870748,
        -0.10205319147553388,
        -0.08491792345697198,
        0.07842635523225518,
        0.069263566740734,
        -0.06863761544885287,
        -0.06824029929245579,
        -0.06815809224277111,
        -0.06617002217431403
      ],
      "intercept": 0.6361229326997773
    },
    "top_risk_factors": [
      {
        "feature": "Age",
        "impact": 0.4513189494609833,
        "type": "risk"
      }
    ],
    "top_protective_factors": [
      {
        "feature": "DistanceFromHome",
        "impact": 0.7143982648849487,
        "type": "protective"
      },
      {
        "feature": "OverTime",
        "impact": 0.6177210211753845,
        "type": "protective"
      },
      {
        "feature": "DailyRate",
        "impact": 0.4509437680244446,
        "type": "protective"
      },
      {
        "feature": "StockOptionLevel",
        "impact": 0.4429282546043396,
        "type": "protective"
      }
    ],
    "explanation_timestamp": "2025-09-23T22:53:53.522045"
  },
  "agent_type": "structura",
  "analysis_type": "individual"
}