{
  "prediction": {
    "employee_id": "404",
    "attrition_probability": 0.07144144922494888,
    "attrition_prediction": 1,
    "risk_category": "LOW",
    "confidence_score": 0.8571171015501022,
    "prediction_timestamp": "2025-09-23T22:52:12.233571"
  },
  "explanation": {
    "employee_id": "404",
    "feature_importance": {
      "RelationshipSatisfaction": 0.03405288979411125,
      "Education": 0.02487798221409321,
      "JobInvolvement": 0.03501373156905174,
      "EnvironmentSatisfaction": 0.048257846385240555,
      "JobLevel": 0.07228615880012512,
      "JobSatisfaction": 0.04019258916378021,
      "StockOptionLevel": 0.07264421880245209,
      "WorkLifeBalance": 0.03580893576145172,
      "Department": 0.037670474499464035,
      "JobRole": 0.046762410551309586,
      "MaritalStatus": 0.036864522844552994,
      "OverTime": 0.0779639258980751,
      "Age": 0.04039482772350311,
      "DailyRate": 0.03578038513660431,
      "DistanceFromHome": 0.036774344742298126,
      "MonthlyIncome": 0.04666806384921074,
      "NumCompaniesWorked": 0.050036631524562836,
      "TotalWorkingYears": 0.04981709271669388,
      "TrainingTimesLastYear": 0.02378365956246853,
      "YearsAtCompany": 0.02968277968466282,
      "YearsInCurrentRole": 0.03649982064962387,
      "YearsSinceLastPromotion": 0.03537580743432045,
      "YearsWithCurrManager": 0.05279093235731125
    },
    "shap_values": {
      "RelationshipSatisfaction": 0.019702225923538208,
      "Education": 0.06866592913866043,
      "JobInvolvement": -0.09004155546426773,
      "EnvironmentSatisfaction": -0.3143687844276428,
      "JobLevel": 0.01840262860059738,
      "JobSatisfaction": 0.17492535710334778,
      "StockOptionLevel": -0.27674999833106995,
      "WorkLifeBalance": -0.08211575448513031,
      "Department": -0.0424957275390625,
      "JobRole": -0.2483111470937729,
      "MaritalStatus": -0.11939026415348053,
      "OverTime": -0.6495438814163208,
      "Age": -0.5665733814239502,
      "DailyRate": -0.03554606810212135,
      "DistanceFromHome": 0.28430187702178955,
      "MonthlyIncome": -0.3613515794277191,
      "NumCompaniesWorked": 0.33089450001716614,
      "TotalWorkingYears": -0.4612022042274475,
      "TrainingTimesLastYear": 0.07438323646783829,
      "YearsAtCompany": -0.2763841152191162,
      "YearsInCurrentRole": -0.0023227259516716003,
      "YearsSinceLastPromotion": 0.023373067378997803,
      "YearsWithCurrManager": -0.30829185247421265
    },
    "lime_explanation": {
      "features": [
        "OverTime=0",
        "NumCompaniesWorked > 4.00",
        "DistanceFromHome > 14.00",
        "0.00 < StockOptionLevel <= 1.00",
        "35.00 < Age <= 42.00",
        "2.00 < JobInvolvement <= 3.00",
        "YearsWithCurrManager > 7.00",
        "2.00 < EnvironmentSatisfaction <= 3.00",
        "JobSatisfaction <= 2.00",
        "MonthlyIncome > 8201.00"
      ],
      "values": [
        -0.2161147369146254,
        0.1576392790741116,
        0.1068833191866858,
        -0.08236524164959672,
        -0.07576806177508867,
        -0.07326524356802896,
        -0.06928729336228566,
        -0.06340650312817585,
        0.062161683570770614,
        -0.05693776643748083
      ],
      "intercept": 0.5135073010778362
    },
    "top_risk_factors": [
      {
        "feature": "NumCompaniesWorked",
        "impact": 0.33089450001716614,
        "type": "risk"
      }
    ],
    "top_protective_factors": [
      {
        "feature": "OverTime",
        "impact": 0.6495438814163208,
        "type": "protective"
      },
      {
        "feature": "Age",
        "impact": 0.5665733814239502,
        "type": "protective"
      },
      {
        "feature": "TotalWorkingYears",
        "impact": 0.4612022042274475,
        "type": "protective"
      },
      {
        "feature": "MonthlyIncome",
        "impact": 0.3613515794277191,
        "type": "protective"
      }
    ],
    "explanation_timestamp": "2025-09-23T22:52:12.318088"
  },
  "agent_type": "structura",
  "analysis_type": "individual"
}