{
  "prediction": {
    "risk_score": 3.717575460033309e-16,
    "attrition_probability": 3.717575460033309e-16
  },
  "confidence": 0.8
}