{
  "prediction": {
    "risk_score": 5.606032305038866e-10,
    "attrition_probability": 5.606032305038866e-10
  },
  "confidence": 0.8
}