{
  "prediction": {
    "risk_score": 7.632094418283817e-18,
    "attrition_probability": 7.632094418283817e-18
  },
  "confidence": 0.8
}