{
  "confidence": 0.7,
  "employee_data": {
    "Age": 35,
    "AgeFactor": 1,
    "Attrition": "No",
    "BusinessTravel": "Travel_Rarely",
    "DailyRate": 1296,
    "Department": "Research & Development",
    "DistanceFromHome": 5,
    "Education": 4,
    "EducationField": "Technical Degree",
    "EmployeeCount": 1,
    "EmployeeNumber": 464,
    "EnvironmentSatisfaction": 3,
    "Gender": "Male",
    "HourlyRate": 62,
    "JobInvolvement": 3,
    "JobLevel": 3,
    "JobRole": "Manufacturing Director",
    "JobSatisfaction": 2,
    "MaritalStatus": "Single",
    "MonthlyIncome": 8095,
    "MonthlyRate": 18264,
    "Norm_EnvironmentSatisfaction": 0.6666666666666666,
    "Norm_JobInvolvement": 0.6666666666666666,
    "Norm_JobLevel": 0.5,
    "Norm_JobSatisfaction": 0.3333333333333333,
    "Norm_MonthlyIncome": 0.3731437598736177,
    "Norm_NumCompaniesWorked": 0,
    "Norm_PercentSalaryHike": 0.1428571428571428,
    "Norm_PerformanceRating": 0,
    "Norm_RelationshipSatisfaction": 1,
    "Norm_TotalWorkingYears": 0.425,
    "Norm_TrainingTimesLastYear": 0.8333333333333334,
    "Norm_WorkLifeBalance": 0.6666666666666666,
    "Norm_YearsAtCompany": 0.4,
    "Norm_YearsSinceLastPromotion": 0,
    "NumCompaniesWorked": 0,
    "Over18": "Y",
    "OverTime": "No",
    "OverTime_bin": 0,
    "PercentSalaryHike": 13,
    "PerformanceRating": 3,
    "Prob_N01": 0.259858355328071,
    "Prob_N02": 0.0008571442807785,
    "Prob_N03": 0.0653125569691027,
    "Prob_P01": 0.0172162031000758,
    "Prob_P02": 0.0172162031000758,
    "Prob_P03": 0.0014131920077784,
    "Prob_P04": 0.4526778404463994,
    "Prob_S01": 0.0881627302700528,
    "Prob_S02": 0.0319732175285626,
    "Prob_S03": 0.0653125569691027,
    "RelationshipSatisfaction": 4,
    "Score_N01": 0.6380952380952382,
    "Score_N02": 0.0666666666666666,
    "Score_N03": 0.5,
    "Score_P01": 0.3666666666666667,
    "Score_P02": 0.3666666666666667,
    "Score_P03": 0.1166666666666666,
    "Score_P04": 0.6935996389076958,
    "Score_S01": 0.53,
    "Score_S02": 0.4285714285714286,
    "Score_S03": 0.5,
    "StandardHours": 80,
    "StockOptionLevel": 0,
    "TotalWorkingYears": 17,
    "TrainingTimesLastYear": 5,
    "WorkLifeBalance": 3,
    "YearsAtCompany": 16,
    "YearsInCurrentRole": 6,
    "YearsSinceLastPromotion": 0,
    "YearsWithCurrManager": 13,
    "argmax_Persona": "저평가된 전문가",
    "argmax_Persona_Code": "P04",
    "argmax_RiskTier": "High",
    "is_married": 0,
    "softmax_Persona": "현상 유지자",
    "softmax_Persona_Code": "N01",
    "softmax_RiskTier": "Neutral"
  },
  "employee_id": 464,
  "feature_importance": {},
  "lime_explanation": {},
  "model_interpretation": {},
  "predicted_attrition": 0,
  "risk_score": 5.045628313382622e-06,
  "shap_values": {},
  "xai_explanation": {}
}