{
  "confidence": 0.7,
  "employee_data": {
    "Age": 36,
    "AgeFactor": 1,
    "Attrition": "No",
    "BusinessTravel": "Travel_Rarely",
    "DailyRate": 1223,
    "Department": "Research & Development",
    "DistanceFromHome": 8,
    "Education": 3,
    "EducationField": "Technical Degree",
    "EmployeeCount": 1,
    "EmployeeNumber": 83,
    "EnvironmentSatisfaction": 3,
    "Gender": "Female",
    "HourlyRate": 59,
    "JobInvolvement": 3,
    "JobLevel": 3,
    "JobRole": "Healthcare Representative",
    "JobSatisfaction": 3,
    "MaritalStatus": "Divorced",
    "MonthlyIncome": 10096,
    "MonthlyRate": 8202,
    "Norm_EnvironmentSatisfaction": 0.6666666666666666,
    "Norm_JobInvolvement": 0.6666666666666666,
    "Norm_JobLevel": 0.5,
    "Norm_JobSatisfaction": 0.6666666666666666,
    "Norm_MonthlyIncome": 0.4785150078988942,
    "Norm_NumCompaniesWorked": 0.1111111111111111,
    "Norm_PercentSalaryHike": 0.1428571428571428,
    "Norm_PerformanceRating": 0,
    "Norm_RelationshipSatisfaction": 0.3333333333333333,
    "Norm_TotalWorkingYears": 0.425,
    "Norm_TrainingTimesLastYear": 0.3333333333333333,
    "Norm_WorkLifeBalance": 0.6666666666666666,
    "Norm_YearsAtCompany": 0.425,
    "Norm_YearsSinceLastPromotion": 0.8,
    "NumCompaniesWorked": 1,
    "Over18": "Y",
    "OverTime": "No",
    "OverTime_bin": 0,
    "PercentSalaryHike": 13,
    "PerformanceRating": 3,
    "Prob_N01": 0.1830008130572906,
    "Prob_N02": 0.0044602502819287,
    "Prob_N03": 0.0459952538878601,
    "Prob_P01": 0.0044602502819287,
    "Prob_P02": 0.0790598279350556,
    "Prob_P03": 0.2435214140781189,
    "Prob_P04": 0.2091495636932316,
    "Prob_S01": 0.0549440828489056,
    "Prob_S02": 0.0009178259535031,
    "Prob_S03": 0.1744907179821768,
    "RelationshipSatisfaction": 2,
    "Score_N01": 0.6380952380952382,
    "Score_N02": 0.2666666666666667,
    "Score_N03": 0.5,
    "Score_P01": 0.2666666666666667,
    "Score_P02": 0.5541666666666667,
    "Score_P03": 0.6666666666666667,
    "Score_P04": 0.6514511396975852,
    "Score_S01": 0.5177777777777778,
    "Score_S02": 0.1085714285714285,
    "Score_S03": 0.6333333333333333,
    "StandardHours": 80,
    "StockOptionLevel": 3,
    "TotalWorkingYears": 17,
    "TrainingTimesLastYear": 2,
    "WorkLifeBalance": 3,
    "YearsAtCompany": 17,
    "YearsInCurrentRole": 14,
    "YearsSinceLastPromotion": 12,
    "YearsWithCurrManager": 8,
    "argmax_Persona": "성장이 정체된 직원",
    "argmax_Persona_Code": "P03",
    "argmax_RiskTier": "High",
    "is_married": 0,
    "softmax_Persona": "내재 동기 전문가",
    "softmax_Persona_Code": "S03",
    "softmax_RiskTier": "Stable"
  },
  "employee_id": 83,
  "feature_importance": {},
  "lime_explanation": {},
  "model_interpretation": {},
  "predicted_attrition": 0,
  "risk_score": 0.0017158279661089182,
  "shap_values": {},
  "xai_explanation": {}
}