{
  "confidence": 0.7,
  "employee_data": {
    "Age": 50,
    "AgeFactor": 0,
    "Attrition": "No",
    "BusinessTravel": "Travel_Rarely",
    "DailyRate": 1099,
    "Department": "Research & Development",
    "DistanceFromHome": 29,
    "Education": 4,
    "EducationField": "Life Sciences",
    "EmployeeCount": 1,
    "EmployeeNumber": 569,
    "EnvironmentSatisfaction": 2,
    "Gender": "Male",
    "HourlyRate": 88,
    "JobInvolvement": 2,
    "JobLevel": 4,
    "JobRole": "Manager",
    "JobSatisfaction": 3,
    "MaritalStatus": "Married",
    "MonthlyIncome": 17046,
    "MonthlyRate": 9314,
    "Norm_EnvironmentSatisfaction": 0.3333333333333333,
    "Norm_JobInvolvement": 0.3333333333333333,
    "Norm_JobLevel": 0.75,
    "Norm_JobSatisfaction": 0.6666666666666666,
    "Norm_MonthlyIncome": 0.8444971037388099,
    "Norm_NumCompaniesWorked": 0,
    "Norm_PercentSalaryHike": 0.2857142857142857,
    "Norm_PerformanceRating": 0,
    "Norm_RelationshipSatisfaction": 0.3333333333333333,
    "Norm_TotalWorkingYears": 0.7,
    "Norm_TrainingTimesLastYear": 0.3333333333333333,
    "Norm_WorkLifeBalance": 0.6666666666666666,
    "Norm_YearsAtCompany": 0.675,
    "Norm_YearsSinceLastPromotion": 1,
    "NumCompaniesWorked": 0,
    "Over18": "Y",
    "OverTime": "No",
    "OverTime_bin": 0,
    "PercentSalaryHike": 15,
    "PerformanceRating": 3,
    "Prob_N01": 0.2351513588069813,
    "Prob_N02": 0.0028057137369191,
    "Prob_N03": 0.1097631239195347,
    "Prob_P01": 0.0014405014636392,
    "Prob_P02": 0.014248590054448,
    "Prob_P03": 0.4164048392336701,
    "Prob_P04": 0.014548371560686,
    "Prob_S01": 0.1809687971446311,
    "Prob_S02": 0.0001772406609323,
    "Prob_S03": 0.0244914634185577,
    "RelationshipSatisfaction": 2,
    "Score_N01": 0.7761904761904762,
    "Score_N02": 0.3333333333333333,
    "Score_N03": 0.7,
    "Score_P01": 0.2666666666666667,
    "Score_P02": 0.4958333333333333,
    "Score_P03": 0.8333333333333333,
    "Score_P04": 0.4979154442187618,
    "Score_S01": 0.75,
    "Score_S02": 0.0571428571428571,
    "Score_S03": 0.55,
    "StandardHours": 80,
    "StockOptionLevel": 1,
    "TotalWorkingYears": 28,
    "TrainingTimesLastYear": 2,
    "WorkLifeBalance": 3,
    "YearsAtCompany": 27,
    "YearsInCurrentRole": 10,
    "YearsSinceLastPromotion": 15,
    "YearsWithCurrManager": 7,
    "argmax_Persona": "성장이 정체된 직원",
    "argmax_Persona_Code": "P03",
    "argmax_RiskTier": "High",
    "is_married": 1,
    "softmax_Persona": "현상 유지자",
    "softmax_Persona_Code": "N01",
    "softmax_RiskTier": "Neutral"
  },
  "employee_id": 569,
  "feature_importance": {},
  "lime_explanation": {},
  "model_interpretation": {},
  "predicted_attrition": 0,
  "risk_score": 0.00025365359033457935,
  "shap_values": {},
  "xai_explanation": {}
}