{
  "confidence": 0.8,
  "employee_id": "1019",
  "features_used": 11,
  "model_metadata": {
    "feature_dimensions": 11,
    "model_type": "GRU_CNN_Hybrid",
    "sequence_length": 50,
    "training_optimized": true
  },
  "predicted_attrition": 0,
  "risk_score": 3.920833518561937e-19,
  "sequence_length": 50,
  "xai_explanation": {
    "attention_weights": [
      [
        0.02000299282371998,
        0.019998952746391296,
        0.0199991874396801,
        0.01999937742948532,
        0.019999539479613304,
        0.019999658688902855,
        0.019999749958515167,
        0.019999830052256584,
        0.019999884068965912,
        0.019999928772449493,
        0.01999996230006218,
        0.01999998837709427,
        0.020000003278255463,
        0.020000014454126358,
        0.020000025629997253,
        0.0200000312179327,
        0.020000034943223,
        0.020000038668513298,
        0.020000040531158447,
        0.020000040531158447,
        0.020000040531158447,
        0.020000040531158447,
        0.020000040531158447,
        0.020000038668513298,
        0.020000038668513298,
        0.020000034943223,
        0.020000034943223,
        0.020000034943223,
        0.020000034943223,
        0.02000003308057785,
        0.02000003308057785,
        0.0200000312179327,
        0.0200000312179327,
        0.0200000312179327,
        0.020000029355287552,
        0.020000029355287552,
        0.020000025629997253,
        0.020000025629997253,
        0.020000025629997253,
        0.020000025629997253,
        0.020000025629997253,
        0.020000025629997253,
        0.020000025629997253,
        0.020000025629997253,
        0.020000025629997253,
        0.020000025629997253,
        0.020000025629997253,
        0.020000025629997253,
        0.020000025629997253,
        0.020000025629997253
      ]
    ],
    "feature_names": [
      "day_of_week",
      "day_index",
      "system_login_hours",
      "work_focused_hours",
      "meeting_collaboration_hours",
      "social_dining_hours",
      "break_relaxation_hours",
      "shared_work_hours",
      "internal_comm_volume",
      "cafeteria_usage",
      "convenience_food_usage"
    ],
    "gradient_importance": [
      2.8224260780974185e-21,
      1.808655047050987e-21,
      4.3136394579196355e-21,
      5.875126233253172e-21,
      9.02389020913214e-21,
      3.0119180910832936e-21,
      5.631463704836912e-20,
      7.128351713297892e-21,
      1.9793118586054098e-20,
      3.5814096477236054e-20,
      4.4852689337080184e-20
    ],
    "sequence_importance": {
      "timestep_0": 4.070915876433851e-19,
      "timestep_1": 1.5769123043527154e-19,
      "timestep_10": 2.6988358296513616e-26,
      "timestep_11": 2.014993727256248e-26,
      "timestep_12": 1.5084547385085656e-26,
      "timestep_13": 1.1508872013312136e-26,
      "timestep_14": 8.875831497239282e-27,
      "timestep_15": 6.529564261001621e-27,
      "timestep_16": 5.115679384998675e-27,
      "timestep_17": 3.8751505447779354e-27,
      "timestep_18": 2.9189209347858285e-27,
      "timestep_19": 2.157919954361339e-27,
      "timestep_2": 1.315498124561898e-20,
      "timestep_20": 1.8111564604674118e-27,
      "timestep_21": 1.2464006154351875e-27,
      "timestep_22": 9.401185319318271e-28,
      "timestep_23": 7.6990648048733595e-28,
      "timestep_24": 6.208632398783285e-28,
      "timestep_25": 4.652822856283527e-28,
      "timestep_26": 3.484823622951687e-28,
      "timestep_27": 2.223203972058211e-28,
      "timestep_28": 2.0425567988407924e-28,
      "timestep_29": 1.4003903663651106e-28,
      "timestep_3": 1.5644789312551423e-25,
      "timestep_30": 1.3337050420407025e-28,
      "timestep_31": 9.899505007212643e-29,
      "timestep_32": 1.2003339119094004e-28,
      "timestep_33": 8.857450518146548e-29,
      "timestep_34": 9.6027848047713e-29,
      "timestep_35": 5.861593063573072e-29,
      "timestep_36": 8.40243512431048e-29,
      "timestep_37": 2.910604660952405e-29,
      "timestep_38": 2.686711693798743e-29,
      "timestep_39": 2.462819027571635e-29,
      "timestep_4": 1.315062560180119e-25,
      "timestep_40": 2.238926361344527e-29,
      "timestep_41": 2.0150332437275882e-29,
      "timestep_42": 1.7911405775004801e-29,
      "timestep_43": 1.567247911273372e-29,
      "timestep_44": 1.343355245046264e-29,
      "timestep_45": 0,
      "timestep_46": 0,
      "timestep_47": 7.12627665318312e-20,
      "timestep_48": 9.142926184481209e-20,
      "timestep_49": 1.2645384027676042e-19,
      "timestep_5": 9.64538503180501e-26,
      "timestep_6": 7.576119677236698e-26,
      "timestep_7": 6.347229693893077e-26,
      "timestep_8": 4.318359564350321e-26,
      "timestep_9": 3.591647339913917e-26
    },
    "temporal_importance": [
      4.070915876433851e-19,
      1.5769123043527154e-19,
      1.315498124561898e-20,
      1.5644789312551423e-25,
      1.315062560180119e-25,
      9.64538503180501e-26,
      7.576119677236698e-26,
      6.347229693893077e-26,
      4.318359564350321e-26,
      3.591647339913917e-26,
      2.6988358296513616e-26,
      2.014993727256248e-26,
      1.5084547385085656e-26,
      1.1508872013312136e-26,
      8.875831497239282e-27,
      6.529564261001621e-27,
      5.115679384998675e-27,
      3.8751505447779354e-27,
      2.9189209347858285e-27,
      2.157919954361339e-27,
      1.8111564604674118e-27,
      1.2464006154351875e-27,
      9.401185319318271e-28,
      7.6990648048733595e-28,
      6.208632398783285e-28,
      4.652822856283527e-28,
      3.484823622951687e-28,
      2.223203972058211e-28,
      2.0425567988407924e-28,
      1.4003903663651106e-28,
      1.3337050420407025e-28,
      9.899505007212643e-29,
      1.2003339119094004e-28,
      8.857450518146548e-29,
      9.6027848047713e-29,
      5.861593063573072e-29,
      8.40243512431048e-29,
      2.910604660952405e-29,
      2.686711693798743e-29,
      2.462819027571635e-29,
      2.238926361344527e-29,
      2.0150332437275882e-29,
      1.7911405775004801e-29,
      1.567247911273372e-29,
      1.343355245046264e-29,
      0,
      0,
      7.12627665318312e-20,
      9.142926184481209e-20,
      1.2645384027676042e-19
    ],
    "trend_analysis": {
      "confidence_level": "high",
      "prediction_trend": "stable"
    }
  }
}