{
  "prediction": {
    "employee_id": "1850",
    "attrition_probability": 0.04387136176228523,
    "attrition_prediction": 1,
    "risk_category": "LOW",
    "confidence_score": 0.9122572764754295,
    "prediction_timestamp": "2025-09-23T22:53:54.398944"
  },
  "explanation": {
    "employee_id": "1850",
    "feature_importance": {
      "RelationshipSatisfaction": 0.03405288979411125,
      "Education": 0.02487798221409321,
      "JobInvolvement": 0.03501373156905174,
      "EnvironmentSatisfaction": 0.048257846385240555,
      "JobLevel": 0.07228615880012512,
      "JobSatisfaction": 0.04019258916378021,
      "StockOptionLevel": 0.07264421880245209,
      "WorkLifeBalance": 0.03580893576145172,
      "Department": 0.037670474499464035,
      "JobRole": 0.046762410551309586,
      "MaritalStatus": 0.036864522844552994,
      "OverTime": 0.0779639258980751,
      "Age": 0.04039482772350311,
      "DailyRate": 0.03578038513660431,
      "DistanceFromHome": 0.036774344742298126,
      "MonthlyIncome": 0.04666806384921074,
      "NumCompaniesWorked": 0.050036631524562836,
      "TotalWorkingYears": 0.04981709271669388,
      "TrainingTimesLastYear": 0.02378365956246853,
      "YearsAtCompany": 0.02968277968466282,
      "YearsInCurrentRole": 0.03649982064962387,
      "YearsSinceLastPromotion": 0.03537580743432045,
      "YearsWithCurrManager": 0.05279093235731125
    },
    "shap_values": {
      "RelationshipSatisfaction": -0.20540644228458405,
      "Education": -0.04272683709859848,
      "JobInvolvement": -0.1181446835398674,
      "EnvironmentSatisfaction": -0.26635298132896423,
      "JobLevel": 0.031210916116833687,
      "JobSatisfaction": -0.37994739413261414,
      "StockOptionLevel": 0.19369305670261383,
      "WorkLifeBalance": 0.13003961741924286,
      "Department": -0.03499551862478256,
      "JobRole": -0.22433724999427795,
      "MaritalStatus": -0.042817622423172,
      "OverTime": -0.701003909111023,
      "Age": 0.3362763226032257,
      "DailyRate": -0.5693864226341248,
      "DistanceFromHome": -0.2803834080696106,
      "MonthlyIncome": 0.49976274371147156,
      "NumCompaniesWorked": -0.8918555974960327,
      "TotalWorkingYears": 0.06438666582107544,
      "TrainingTimesLastYear": -0.04397053271532059,
      "YearsAtCompany": -0.22530388832092285,
      "YearsInCurrentRole": -0.07277418673038483,
      "YearsSinceLastPromotion": -0.17445853352546692,
      "YearsWithCurrManager": -0.33841970562934875
    },
    "lime_explanation": {
      "features": [
        "OverTime=0",
        "StockOptionLevel <= 0.00",
        "NumCompaniesWorked <= 1.00",
        "MonthlyIncome <= 2922.25",
        "3.00 < JobSatisfaction <= 4.00",
        "WorkLifeBalance <= 2.00",
        "2.00 < JobInvolvement <= 3.00",
        "Age <= 30.00",
        "YearsWithCurrManager <= 2.00",
        "DailyRate > 1162.00"
      ],
      "values": [
        -0.1964794822663031,
        0.1209199487270154,
        -0.11640363371115454,
        0.0943007152276308,
        -0.08602095799584655,
        0.07776733110951324,
        -0.07501914263751967,
        0.0711948766416966,
        0.06716860168461233,
        -0.06698468355698924
      ],
      "intercept": 0.42925901502520325
    },
    "top_risk_factors": [
      {
        "feature": "MonthlyIncome",
        "impact": 0.49976274371147156,
        "type": "risk"
      }
    ],
    "top_protective_factors": [
      {
        "feature": "NumCompaniesWorked",
        "impact": 0.8918555974960327,
        "type": "protective"
      },
      {
        "feature": "OverTime",
        "impact": 0.701003909111023,
        "type": "protective"
      },
      {
        "feature": "DailyRate",
        "impact": 0.5693864226341248,
        "type": "protective"
      },
      {
        "feature": "JobSatisfaction",
        "impact": 0.37994739413261414,
        "type": "protective"
      }
    ],
    "explanation_timestamp": "2025-09-23T22:53:54.469396"
  },
  "agent_type": "structura",
  "analysis_type": "individual"
}