{
  "prediction": {
    "employee_id": "1933",
    "attrition_probability": 0.31072095036506653,
    "attrition_prediction": 1,
    "risk_category": "LOW",
    "confidence_score": 0.37855809926986694,
    "prediction_timestamp": "2025-09-23T22:53:59.507179"
  },
  "explanation": {
    "employee_id": "1933",
    "feature_importance": {
      "RelationshipSatisfaction": 0.03405288979411125,
      "Education": 0.02487798221409321,
      "JobInvolvement": 0.03501373156905174,
      "EnvironmentSatisfaction": 0.048257846385240555,
      "JobLevel": 0.07228615880012512,
      "JobSatisfaction": 0.04019258916378021,
      "StockOptionLevel": 0.07264421880245209,
      "WorkLifeBalance": 0.03580893576145172,
      "Department": 0.037670474499464035,
      "JobRole": 0.046762410551309586,
      "MaritalStatus": 0.036864522844552994,
      "OverTime": 0.0779639258980751,
      "Age": 0.04039482772350311,
      "DailyRate": 0.03578038513660431,
      "DistanceFromHome": 0.036774344742298126,
      "MonthlyIncome": 0.04666806384921074,
      "NumCompaniesWorked": 0.050036631524562836,
      "TotalWorkingYears": 0.04981709271669388,
      "TrainingTimesLastYear": 0.02378365956246853,
      "YearsAtCompany": 0.02968277968466282,
      "YearsInCurrentRole": 0.03649982064962387,
      "YearsSinceLastPromotion": 0.03537580743432045,
      "YearsWithCurrManager": 0.05279093235731125
    },
    "shap_values": {
      "RelationshipSatisfaction": -0.2785850763320923,
      "Education": -0.0011872428003698587,
      "JobInvolvement": -0.08678194880485535,
      "EnvironmentSatisfaction": -0.43663501739501953,
      "JobLevel": -0.08814267814159393,
      "JobSatisfaction": -0.016897518187761307,
      "StockOptionLevel": 0.34195610880851746,
      "WorkLifeBalance": -0.14266027510166168,
      "Department": -0.01673419214785099,
      "JobRole": -0.17492763698101044,
      "MaritalStatus": -0.20579838752746582,
      "OverTime": -0.6004700064659119,
      "Age": 0.4862068295478821,
      "DailyRate": 0.19215796887874603,
      "DistanceFromHome": 0.15127994120121002,
      "MonthlyIncome": -0.15361978113651276,
      "NumCompaniesWorked": -0.28032609820365906,
      "TotalWorkingYears": 0.036344558000564575,
      "TrainingTimesLastYear": 0.21189983189105988,
      "YearsAtCompany": 0.13048836588859558,
      "YearsInCurrentRole": 0.059863023459911346,
      "YearsSinceLastPromotion": -0.011317649856209755,
      "YearsWithCurrManager": -0.18814927339553833
    },
    "lime_explanation": {
      "features": [
        "OverTime=0",
        "StockOptionLevel <= 0.00",
        "3.00 < EnvironmentSatisfaction <= 4.00",
        "DailyRate > 1162.00",
        "MonthlyIncome > 8201.00",
        "YearsWithCurrManager <= 2.00",
        "2.00 < JobInvolvement <= 3.00",
        "2.00 < WorkLifeBalance <= 3.00",
        "Age <= 30.00",
        "3.00 < RelationshipSatisfaction <= 4.00"
      ],
      "values": [
        -0.20784532024577138,
        0.11305696849854753,
        -0.07002655914060928,
        -0.0682959348360453,
        -0.06792704268151757,
        0.06653062371501964,
        -0.06377633979114401,
        -0.06284516561691934,
        0.06228064891380358,
        -0.04672166669479785
      ],
      "intercept": 0.49277957163437974
    },
    "top_risk_factors": [
      {
        "feature": "Age",
        "impact": 0.4862068295478821,
        "type": "risk"
      },
      {
        "feature": "StockOptionLevel",
        "impact": 0.34195610880851746,
        "type": "risk"
      }
    ],
    "top_protective_factors": [
      {
        "feature": "OverTime",
        "impact": 0.6004700064659119,
        "type": "protective"
      },
      {
        "feature": "EnvironmentSatisfaction",
        "impact": 0.43663501739501953,
        "type": "protective"
      },
      {
        "feature": "NumCompaniesWorked",
        "impact": 0.28032609820365906,
        "type": "protective"
      }
    ],
    "explanation_timestamp": "2025-09-23T22:53:59.577776"
  },
  "agent_type": "structura",
  "analysis_type": "individual"
}