{
  "prediction": {
    "risk_score": 5.448022571371525e-35,
    "attrition_probability": 5.448022571371525e-35
  },
  "confidence": 0.8
}