{
  "confidence": 0.8,
  "employee_id": "1749",
  "features_used": 11,
  "model_metadata": {
    "feature_dimensions": 11,
    "model_type": "GRU_CNN_Hybrid",
    "sequence_length": 50,
    "training_optimized": true
  },
  "predicted_attrition": 0,
  "risk_score": 7.988694414962083e-05,
  "sequence_length": 50,
  "xai_explanation": {
    "attention_weights": [
      [
        0.0200013667345047,
        0.0200005192309618,
        0.020000478252768517,
        0.020000427961349487,
        0.020000379532575607,
        0.020000332966446877,
        0.020000293850898743,
        0.020000260323286057,
        0.02000022679567337,
        0.020000191405415535,
        0.020000161603093147,
        0.020000124350190163,
        0.020000087097287178,
        0.020000062882900238,
        0.02000003680586815,
        0.02000001259148121,
        0.019999992102384567,
        0.019999971613287926,
        0.019999952986836433,
        0.01999993994832039,
        0.019999923184514046,
        0.019999908283352852,
        0.019999898970127106,
        0.01999988593161106,
        0.019999876618385315,
        0.01999986730515957,
        0.019999859854578972,
        0.019999856129288673,
        0.019999848678708076,
        0.01999984122812748,
        0.019999835640192032,
        0.019999833777546883,
        0.019999830052256584,
        0.019999824464321136,
        0.019999822601675987,
        0.019999820739030838,
        0.01999981701374054,
        0.01999981515109539,
        0.01999981328845024,
        0.019999807700514793,
        0.019999805837869644,
        0.019999805837869644,
        0.019999803975224495,
        0.019999803975224495,
        0.019999800249934196,
        0.019999798387289047,
        0.019999798387289047,
        0.019999798387289047,
        0.019999798387289047,
        0.019999796524643898
      ]
    ],
    "feature_names": [
      "day_of_week",
      "day_index",
      "system_login_hours",
      "work_focused_hours",
      "meeting_collaboration_hours",
      "social_dining_hours",
      "break_relaxation_hours",
      "shared_work_hours",
      "internal_comm_volume",
      "cafeteria_usage",
      "convenience_food_usage"
    ],
    "gradient_importance": [
      4.2996617821700056e-07,
      1.8876880858442746e-07,
      5.827430413773982e-07,
      1.1215659014851553e-06,
      1.2973872571819811e-06,
      2.3262465731477278e-07,
      8.900939064915292e-06,
      9.474896955907752e-07,
      2.9519908366637537e-06,
      5.7361507970199455e-06,
      6.87630972606712e-06
    ],
    "sequence_importance": {
      "timestep_0": 6.238131754798815e-05,
      "timestep_1": 1.3362749996304046e-05,
      "timestep_10": 2.660649695354622e-12,
      "timestep_11": 2.3186706461092443e-12,
      "timestep_12": 2.294980828640436e-12,
      "timestep_13": 1.4545405895363683e-12,
      "timestep_14": 1.5894777898387003e-12,
      "timestep_15": 1.0590864123194432e-12,
      "timestep_16": 1.0970978899654815e-12,
      "timestep_17": 8.746351082625226e-13,
      "timestep_18": 7.892430198969125e-13,
      "timestep_19": 6.100206060774549e-13,
      "timestep_2": 1.2299527715753378e-11,
      "timestep_20": 5.733331019143473e-13,
      "timestep_21": 4.67665890822172e-13,
      "timestep_22": 3.899150696328596e-13,
      "timestep_23": 3.3749766219573485e-13,
      "timestep_24": 3.34164092881048e-13,
      "timestep_25": 2.2542665162935543e-13,
      "timestep_26": 1.8215284966136003e-13,
      "timestep_27": 1.6147692449668127e-13,
      "timestep_28": 1.4861157823006094e-13,
      "timestep_29": 1.279857161006967e-13,
      "timestep_3": 1.084740023499231e-11,
      "timestep_30": 1.095813096838559e-13,
      "timestep_31": 9.25534402265206e-14,
      "timestep_32": 7.539788563458438e-14,
      "timestep_33": 6.059286780006959e-14,
      "timestep_34": 4.606579535686682e-14,
      "timestep_35": 3.861786853297765e-14,
      "timestep_36": 4.030754679681947e-14,
      "timestep_37": 3.742841743459811e-14,
      "timestep_38": 2.7239217554719114e-14,
      "timestep_39": 2.83197232754228e-14,
      "timestep_4": 8.396752043671185e-12,
      "timestep_40": 2.0075058626621393e-14,
      "timestep_41": 1.4887515455445574e-14,
      "timestep_42": 1.1306781079716954e-14,
      "timestep_43": 7.420072992451662e-15,
      "timestep_44": 6.360061657423267e-15,
      "timestep_45": 5.300050322394872e-15,
      "timestep_46": 4.24003941088295e-15,
      "timestep_47": 1.1589228961383924e-05,
      "timestep_48": 1.8480339349480346e-05,
      "timestep_49": 2.7213282010052353e-05,
      "timestep_5": 7.274672617768596e-12,
      "timestep_6": 5.776927113759767e-12,
      "timestep_7": 4.570822886851289e-12,
      "timestep_8": 3.72334107989758e-12,
      "timestep_9": 3.237735166777833e-12
    },
    "temporal_importance": [
      6.238131754798815e-05,
      1.3362749996304046e-05,
      1.2299527715753378e-11,
      1.084740023499231e-11,
      8.396752043671185e-12,
      7.274672617768596e-12,
      5.776927113759767e-12,
      4.570822886851289e-12,
      3.72334107989758e-12,
      3.237735166777833e-12,
      2.660649695354622e-12,
      2.3186706461092443e-12,
      2.294980828640436e-12,
      1.4545405895363683e-12,
      1.5894777898387003e-12,
      1.0590864123194432e-12,
      1.0970978899654815e-12,
      8.746351082625226e-13,
      7.892430198969125e-13,
      6.100206060774549e-13,
      5.733331019143473e-13,
      4.67665890822172e-13,
      3.899150696328596e-13,
      3.3749766219573485e-13,
      3.34164092881048e-13,
      2.2542665162935543e-13,
      1.8215284966136003e-13,
      1.6147692449668127e-13,
      1.4861157823006094e-13,
      1.279857161006967e-13,
      1.095813096838559e-13,
      9.25534402265206e-14,
      7.539788563458438e-14,
      6.059286780006959e-14,
      4.606579535686682e-14,
      3.861786853297765e-14,
      4.030754679681947e-14,
      3.742841743459811e-14,
      2.7239217554719114e-14,
      2.83197232754228e-14,
      2.0075058626621393e-14,
      1.4887515455445574e-14,
      1.1306781079716954e-14,
      7.420072992451662e-15,
      6.360061657423267e-15,
      5.300050322394872e-15,
      4.24003941088295e-15,
      1.1589228961383924e-05,
      1.8480339349480346e-05,
      2.7213282010052353e-05
    ],
    "trend_analysis": {
      "confidence_level": "high",
      "prediction_trend": "stable"
    }
  }
}