{
  "confidence": 0.7,
  "employee_data": {
    "Age": 28,
    "AgeFactor": 1,
    "Attrition": "No",
    "BusinessTravel": "Travel_Rarely",
    "DailyRate": 995,
    "Department": "Research & Development",
    "DistanceFromHome": 9,
    "Education": 3,
    "EducationField": "Medical",
    "EmployeeCount": 1,
    "EmployeeNumber": 930,
    "EnvironmentSatisfaction": 3,
    "Gender": "Female",
    "HourlyRate": 77,
    "JobInvolvement": 3,
    "JobLevel": 1,
    "JobRole": "Research Scientist",
    "JobSatisfaction": 3,
    "MaritalStatus": "Divorced",
    "MonthlyIncome": 2377,
    "MonthlyRate": 9834,
    "Norm_EnvironmentSatisfaction": 0.6666666666666666,
    "Norm_JobInvolvement": 0.6666666666666666,
    "Norm_JobLevel": 0,
    "Norm_JobSatisfaction": 0.6666666666666666,
    "Norm_MonthlyIncome": 0.0720379146919431,
    "Norm_NumCompaniesWorked": 0.5555555555555556,
    "Norm_PercentSalaryHike": 0.5,
    "Norm_PerformanceRating": 0,
    "Norm_RelationshipSatisfaction": 0.3333333333333333,
    "Norm_TotalWorkingYears": 0.15,
    "Norm_TrainingTimesLastYear": 0.3333333333333333,
    "Norm_WorkLifeBalance": 0.6666666666666666,
    "Norm_YearsAtCompany": 0.05,
    "Norm_YearsSinceLastPromotion": 0.1333333333333333,
    "NumCompaniesWorked": 5,
    "Over18": "Y",
    "OverTime": "No",
    "OverTime_bin": 0,
    "PercentSalaryHike": 18,
    "PerformanceRating": 3,
    "Prob_N01": 0.104742350865143,
    "Prob_N02": 0.0052148145835336,
    "Prob_N03": 0.0537765160218826,
    "Prob_P01": 0.0052148145835336,
    "Prob_P02": 0.6027506125796833,
    "Prob_P03": 0.0101570718821368,
    "Prob_P04": 0.109583323811695,
    "Prob_S01": 0.0019615319117531,
    "Prob_S02": 0.0315477898226581,
    "Prob_S03": 0.0750511739379806,
    "RelationshipSatisfaction": 2,
    "Score_N01": 0.5666666666666667,
    "Score_N02": 0.2666666666666667,
    "Score_N03": 0.5,
    "Score_P01": 0.2666666666666667,
    "Score_P02": 0.7416666666666667,
    "Score_P03": 0.3333333333333333,
    "Score_P04": 0.5711848341232229,
    "Score_S01": 0.1688888888888889,
    "Score_S02": 0.4466666666666666,
    "Score_S03": 0.5333333333333333,
    "StandardHours": 80,
    "StockOptionLevel": 1,
    "TotalWorkingYears": 6,
    "TrainingTimesLastYear": 2,
    "WorkLifeBalance": 3,
    "YearsAtCompany": 2,
    "YearsInCurrentRole": 2,
    "YearsSinceLastPromotion": 2,
    "YearsWithCurrManager": 2,
    "argmax_Persona": "온보딩에 실패한 직원",
    "argmax_Persona_Code": "P02",
    "argmax_RiskTier": "High",
    "is_married": 0,
    "softmax_Persona": "온보딩에 실패한 직원",
    "softmax_Persona_Code": "P02",
    "softmax_RiskTier": "High"
  },
  "employee_id": 930,
  "feature_importance": {},
  "lime_explanation": {},
  "model_interpretation": {},
  "predicted_attrition": 0,
  "risk_score": 0.45286062359809875,
  "shap_values": {},
  "xai_explanation": {}
}