{
  "prediction": {
    "employee_id": "2025",
    "attrition_probability": 0.047313153743743896,
    "attrition_prediction": 1,
    "risk_category": "LOW",
    "confidence_score": 0.9053736925125122,
    "prediction_timestamp": "2025-09-23T22:54:06.597863"
  },
  "explanation": {
    "employee_id": "2025",
    "feature_importance": {
      "RelationshipSatisfaction": 0.03405288979411125,
      "Education": 0.02487798221409321,
      "JobInvolvement": 0.03501373156905174,
      "EnvironmentSatisfaction": 0.048257846385240555,
      "JobLevel": 0.07228615880012512,
      "JobSatisfaction": 0.04019258916378021,
      "StockOptionLevel": 0.07264421880245209,
      "WorkLifeBalance": 0.03580893576145172,
      "Department": 0.037670474499464035,
      "JobRole": 0.046762410551309586,
      "MaritalStatus": 0.036864522844552994,
      "OverTime": 0.0779639258980751,
      "Age": 0.04039482772350311,
      "DailyRate": 0.03578038513660431,
      "DistanceFromHome": 0.036774344742298126,
      "MonthlyIncome": 0.04666806384921074,
      "NumCompaniesWorked": 0.050036631524562836,
      "TotalWorkingYears": 0.04981709271669388,
      "TrainingTimesLastYear": 0.02378365956246853,
      "YearsAtCompany": 0.02968277968466282,
      "YearsInCurrentRole": 0.03649982064962387,
      "YearsSinceLastPromotion": 0.03537580743432045,
      "YearsWithCurrManager": 0.05279093235731125
    },
    "shap_values": {
      "RelationshipSatisfaction": -0.07881677150726318,
      "Education": 0.0234955083578825,
      "JobInvolvement": -0.09599097818136215,
      "EnvironmentSatisfaction": -0.47862541675567627,
      "JobLevel": -0.14446960389614105,
      "JobSatisfaction": 0.0727655217051506,
      "StockOptionLevel": -0.3128666281700134,
      "WorkLifeBalance": -0.1216997355222702,
      "Department": -0.02552051655948162,
      "JobRole": -0.2826687693595886,
      "MaritalStatus": -0.09548221528530121,
      "OverTime": -0.5126897096633911,
      "Age": -0.40626901388168335,
      "DailyRate": 0.049545928835868835,
      "DistanceFromHome": -0.28197380900382996,
      "MonthlyIncome": -0.4993021488189697,
      "NumCompaniesWorked": 0.6343716382980347,
      "TotalWorkingYears": -0.1306084394454956,
      "TrainingTimesLastYear": -0.14193418622016907,
      "YearsAtCompany": -0.03826354071497917,
      "YearsInCurrentRole": 0.018688315525650978,
      "YearsSinceLastPromotion": -0.14751213788986206,
      "YearsWithCurrManager": -0.2819564640522003
    },
    "lime_explanation": {
      "features": [
        "OverTime=0",
        "NumCompaniesWorked > 4.00",
        "RelationshipSatisfaction <= 2.00",
        "JobSatisfaction <= 2.00",
        "2.00 < JobInvolvement <= 3.00",
        "StockOptionLevel > 1.00",
        "3.00 < EnvironmentSatisfaction <= 4.00",
        "35.00 < Age <= 42.00",
        "YearsWithCurrManager <= 2.00",
        "2.00 < WorkLifeBalance <= 3.00"
      ],
      "values": [
        -0.20359601478616268,
        0.1347039210530469,
        0.09672753094305314,
        0.07704315904695389,
        -0.0733597347612665,
        -0.06817742267655418,
        -0.067684010860788,
        -0.06254854178403535,
        0.06215411178181942,
        -0.061728467860739884
      ],
      "intercept": 0.44306929956148877
    },
    "top_risk_factors": [
      {
        "feature": "NumCompaniesWorked",
        "impact": 0.6343716382980347,
        "type": "risk"
      }
    ],
    "top_protective_factors": [
      {
        "feature": "OverTime",
        "impact": 0.5126897096633911,
        "type": "protective"
      },
      {
        "feature": "MonthlyIncome",
        "impact": 0.4993021488189697,
        "type": "protective"
      },
      {
        "feature": "EnvironmentSatisfaction",
        "impact": 0.47862541675567627,
        "type": "protective"
      },
      {
        "feature": "Age",
        "impact": 0.40626901388168335,
        "type": "protective"
      }
    ],
    "explanation_timestamp": "2025-09-23T22:54:06.684902"
  },
  "agent_type": "structura",
  "analysis_type": "individual"
}