{
  "prediction": {
    "risk_score": 5.287224353298377e-25,
    "attrition_probability": 5.287224353298377e-25
  },
  "confidence": 0.8
}