{
  "confidence": 0.8,
  "employee_id": "2040",
  "features_used": 11,
  "model_metadata": {
    "feature_dimensions": 11,
    "model_type": "GRU_CNN_Hybrid",
    "sequence_length": 50,
    "training_optimized": true
  },
  "predicted_attrition": 0,
  "risk_score": 7.401494031000766e-07,
  "sequence_length": 50,
  "xai_explanation": {
    "attention_weights": [
      [
        0.020001040771603584,
        0.01999995857477188,
        0.020000021904706955,
        0.020000042393803596,
        0.020000064745545387,
        0.020000087097287178,
        0.020000090822577477,
        0.02000010386109352,
        0.020000101998448372,
        0.020000096410512924,
        0.020000087097287178,
        0.020000075921416283,
        0.020000068470835686,
        0.02000005915760994,
        0.020000047981739044,
        0.02000003680586815,
        0.020000027492642403,
        0.020000020042061806,
        0.02000001072883606,
        0.020000001415610313,
        0.019999995827674866,
        0.01999998837709427,
        0.01999998278915882,
        0.019999977201223373,
        0.019999969750642776,
        0.019999966025352478,
        0.01999996043741703,
        0.01999995857477188,
        0.019999952986836433,
        0.019999949261546135,
        0.019999945536255836,
        0.019999943673610687,
        0.019999941810965538,
        0.019999941810965538,
        0.01999993622303009,
        0.01999993436038494,
        0.019999932497739792,
        0.019999932497739792,
        0.019999928772449493,
        0.019999926909804344,
        0.019999926909804344,
        0.019999926909804344,
        0.019999925047159195,
        0.019999925047159195,
        0.019999925047159195,
        0.019999923184514046,
        0.019999923184514046,
        0.019999923184514046,
        0.019999923184514046,
        0.019999923184514046
      ]
    ],
    "feature_names": [
      "day_of_week",
      "day_index",
      "system_login_hours",
      "work_focused_hours",
      "meeting_collaboration_hours",
      "social_dining_hours",
      "break_relaxation_hours",
      "shared_work_hours",
      "internal_comm_volume",
      "cafeteria_usage",
      "convenience_food_usage"
    ],
    "gradient_importance": [
      3.985288099528361e-09,
      1.7491302850558554e-09,
      5.400316194226207e-09,
      1.0392303906314737e-08,
      1.2022256967725298e-08,
      2.1553163698229127e-09,
      8.248370164665175e-08,
      8.78017214489546e-09,
      2.735402482301197e-08,
      5.315520823501174e-08,
      6.372039251800743e-08
    ],
    "sequence_importance": {
      "timestep_0": 5.781014351669e-07,
      "timestep_1": 1.2382844261082937e-07,
      "timestep_10": 2.233417003584797e-14,
      "timestep_11": 1.792980538616474e-14,
      "timestep_12": 1.3735980092883984e-14,
      "timestep_13": 1.178283223079871e-14,
      "timestep_14": 9.211113995025513e-15,
      "timestep_15": 7.699127996924592e-15,
      "timestep_16": 6.752206148266486e-15,
      "timestep_17": 4.726813999076946e-15,
      "timestep_18": 4.634229486293788e-15,
      "timestep_19": 3.87120060806696e-15,
      "timestep_2": 1.609694772223766e-13,
      "timestep_20": 2.787401835022585e-15,
      "timestep_21": 2.3944683329889986e-15,
      "timestep_22": 2.3294536838477844e-15,
      "timestep_23": 1.9773048182244925e-15,
      "timestep_24": 1.7868708476162813e-15,
      "timestep_25": 1.4868662831380298e-15,
      "timestep_26": 1.2858608119524929e-15,
      "timestep_27": 1.0805111205387254e-15,
      "timestep_28": 8.003352267787827e-16,
      "timestep_29": 8.498653724903595e-16,
      "timestep_3": 1.149869994143335e-13,
      "timestep_30": 4.622513432446485e-16,
      "timestep_31": 5.085170239775073e-16,
      "timestep_32": 4.307065392696979e-16,
      "timestep_33": 4.0677833496579675e-16,
      "timestep_34": 3.37475555059328e-16,
      "timestep_35": 3.1638324353261383e-16,
      "timestep_36": 2.1538891119308263e-16,
      "timestep_37": 2.0000392089985776e-16,
      "timestep_38": 1.8461897031130228e-16,
      "timestep_39": 1.0856349154808953e-16,
      "timestep_4": 9.580530135498352e-14,
      "timestep_40": 9.869407540491923e-17,
      "timestep_41": 8.882465926174894e-17,
      "timestep_42": 5.2636830951534064e-17,
      "timestep_43": 4.605721798360557e-17,
      "timestep_44": 3.947761494184442e-17,
      "timestep_45": 3.2898005282638377e-17,
      "timestep_46": 2.6318403895238456e-17,
      "timestep_47": 1.073950386398792e-07,
      "timestep_48": 1.7124041562510683e-07,
      "timestep_49": 2.521526880627789e-07,
      "timestep_5": 7.926644095875707e-14,
      "timestep_6": 6.106366904094426e-14,
      "timestep_7": 5.110821976132135e-14,
      "timestep_8": 3.6041783842361355e-14,
      "timestep_9": 2.880898305828404e-14
    },
    "temporal_importance": [
      5.781014351669e-07,
      1.2382844261082937e-07,
      1.609694772223766e-13,
      1.149869994143335e-13,
      9.580530135498352e-14,
      7.926644095875707e-14,
      6.106366904094426e-14,
      5.110821976132135e-14,
      3.6041783842361355e-14,
      2.880898305828404e-14,
      2.233417003584797e-14,
      1.792980538616474e-14,
      1.3735980092883984e-14,
      1.178283223079871e-14,
      9.211113995025513e-15,
      7.699127996924592e-15,
      6.752206148266486e-15,
      4.726813999076946e-15,
      4.634229486293788e-15,
      3.87120060806696e-15,
      2.787401835022585e-15,
      2.3944683329889986e-15,
      2.3294536838477844e-15,
      1.9773048182244925e-15,
      1.7868708476162813e-15,
      1.4868662831380298e-15,
      1.2858608119524929e-15,
      1.0805111205387254e-15,
      8.003352267787827e-16,
      8.498653724903595e-16,
      4.622513432446485e-16,
      5.085170239775073e-16,
      4.307065392696979e-16,
      4.0677833496579675e-16,
      3.37475555059328e-16,
      3.1638324353261383e-16,
      2.1538891119308263e-16,
      2.0000392089985776e-16,
      1.8461897031130228e-16,
      1.0856349154808953e-16,
      9.869407540491923e-17,
      8.882465926174894e-17,
      5.2636830951534064e-17,
      4.605721798360557e-17,
      3.947761494184442e-17,
      3.2898005282638377e-17,
      2.6318403895238456e-17,
      1.073950386398792e-07,
      1.7124041562510683e-07,
      2.521526880627789e-07
    ],
    "trend_analysis": {
      "confidence_level": "high",
      "prediction_trend": "stable"
    }
  }
}