{
  "confidence": 0.7,
  "employee_data": {
    "Age": 35,
    "AgeFactor": 1,
    "Attrition": "No",
    "BusinessTravel": "Travel_Frequently",
    "DailyRate": 1199,
    "Department": "Research & Development",
    "DistanceFromHome": 18,
    "Education": 4,
    "EducationField": "Life Sciences",
    "EmployeeCount": 1,
    "EmployeeNumber": 2049,
    "EnvironmentSatisfaction": 3,
    "Gender": "Male",
    "HourlyRate": 80,
    "JobInvolvement": 3,
    "JobLevel": 2,
    "JobRole": "Healthcare Representative",
    "JobSatisfaction": 3,
    "MaritalStatus": "Married",
    "MonthlyIncome": 5689,
    "MonthlyRate": 24594,
    "Norm_EnvironmentSatisfaction": 0.6666666666666666,
    "Norm_JobInvolvement": 0.6666666666666666,
    "Norm_JobLevel": 0.25,
    "Norm_JobSatisfaction": 0.6666666666666666,
    "Norm_MonthlyIncome": 0.2464454976303317,
    "Norm_NumCompaniesWorked": 0.1111111111111111,
    "Norm_PercentSalaryHike": 0.2142857142857142,
    "Norm_PerformanceRating": 0,
    "Norm_RelationshipSatisfaction": 1,
    "Norm_TotalWorkingYears": 0.25,
    "Norm_TrainingTimesLastYear": 0.3333333333333333,
    "Norm_WorkLifeBalance": 1,
    "Norm_YearsAtCompany": 0.25,
    "Norm_YearsSinceLastPromotion": 0,
    "NumCompaniesWorked": 1,
    "Over18": "Y",
    "OverTime": "Yes",
    "OverTime_bin": 1,
    "PercentSalaryHike": 14,
    "PerformanceRating": 3,
    "Prob_N01": 0.0976367283536936,
    "Prob_N02": 0.0003715117325733,
    "Prob_N03": 0.5685893675167802,
    "Prob_P01": 0.0769502030982098,
    "Prob_P02": 0.0157970808447359,
    "Prob_P03": 0.0027451210333952,
    "Prob_P04": 0.1484478401810944,
    "Prob_S01": 0.0083389413962764,
    "Prob_S02": 0.015986265193985,
    "Prob_S03": 0.0651369406492558,
    "RelationshipSatisfaction": 4,
    "Score_N01": 0.6238095238095238,
    "Score_N02": 0.0666666666666666,
    "Score_N03": 0.8,
    "Score_P01": 0.6,
    "Score_P02": 0.4416666666666666,
    "Score_P03": 0.2666666666666667,
    "Score_P04": 0.6657075152335816,
    "Score_S01": 0.3777777777777777,
    "Score_S02": 0.4428571428571429,
    "Score_S03": 0.5833333333333334,
    "StandardHours": 80,
    "StockOptionLevel": 2,
    "TotalWorkingYears": 10,
    "TrainingTimesLastYear": 2,
    "WorkLifeBalance": 4,
    "YearsAtCompany": 10,
    "YearsInCurrentRole": 2,
    "YearsSinceLastPromotion": 0,
    "YearsWithCurrManager": 2,
    "argmax_Persona": "신규 부모",
    "argmax_Persona_Code": "N03",
    "argmax_RiskTier": "Neutral",
    "is_married": 1,
    "softmax_Persona": "저평가된 전문가",
    "softmax_Persona_Code": "P04",
    "softmax_RiskTier": "High"
  },
  "employee_id": 2049,
  "feature_importance": {},
  "lime_explanation": {},
  "model_interpretation": {},
  "predicted_attrition": 0,
  "risk_score": 1.803508666853304e-06,
  "shap_values": {},
  "xai_explanation": {}
}