{
  "prediction": {
    "risk_score": 1.1186698764059126e-38,
    "attrition_probability": 1.1186698764059126e-38
  },
  "confidence": 0.8
}