{
  "prediction": {
    "employee_id": "1582",
    "attrition_probability": 0.04115862026810646,
    "attrition_prediction": 1,
    "risk_category": "LOW",
    "confidence_score": 0.9176827594637871,
    "prediction_timestamp": "2025-09-23T22:53:34.540981"
  },
  "explanation": {
    "employee_id": "1582",
    "feature_importance": {
      "RelationshipSatisfaction": 0.03405288979411125,
      "Education": 0.02487798221409321,
      "JobInvolvement": 0.03501373156905174,
      "EnvironmentSatisfaction": 0.048257846385240555,
      "JobLevel": 0.07228615880012512,
      "JobSatisfaction": 0.04019258916378021,
      "StockOptionLevel": 0.07264421880245209,
      "WorkLifeBalance": 0.03580893576145172,
      "Department": 0.037670474499464035,
      "JobRole": 0.046762410551309586,
      "MaritalStatus": 0.036864522844552994,
      "OverTime": 0.0779639258980751,
      "Age": 0.04039482772350311,
      "DailyRate": 0.03578038513660431,
      "DistanceFromHome": 0.036774344742298126,
      "MonthlyIncome": 0.04666806384921074,
      "NumCompaniesWorked": 0.050036631524562836,
      "TotalWorkingYears": 0.04981709271669388,
      "TrainingTimesLastYear": 0.02378365956246853,
      "YearsAtCompany": 0.02968277968466282,
      "YearsInCurrentRole": 0.03649982064962387,
      "YearsSinceLastPromotion": 0.03537580743432045,
      "YearsWithCurrManager": 0.05279093235731125
    },
    "shap_values": {
      "RelationshipSatisfaction": -0.15195207297801971,
      "Education": 0.045645732432603836,
      "JobInvolvement": -0.08889788389205933,
      "EnvironmentSatisfaction": -0.23042115569114685,
      "JobLevel": -0.06592690199613571,
      "JobSatisfaction": 0.08446282148361206,
      "StockOptionLevel": -0.33533206582069397,
      "WorkLifeBalance": -0.1548258662223816,
      "Department": -0.015933578833937645,
      "JobRole": -0.23490534722805023,
      "MaritalStatus": -0.176934614777565,
      "OverTime": -0.3333827555179596,
      "Age": -0.4585234224796295,
      "DailyRate": -0.9522150754928589,
      "DistanceFromHome": 0.2328173965215683,
      "MonthlyIncome": 0.14595237374305725,
      "NumCompaniesWorked": -0.6063727736473083,
      "TotalWorkingYears": -0.05710088089108467,
      "TrainingTimesLastYear": -0.17622900009155273,
      "YearsAtCompany": 0.00497428746894002,
      "YearsInCurrentRole": -0.11315376311540604,
      "YearsSinceLastPromotion": 0.24809102714061737,
      "YearsWithCurrManager": -0.033413395285606384
    },
    "lime_explanation": {
      "features": [
        "OverTime=0",
        "NumCompaniesWorked <= 1.00",
        "DailyRate > 1162.00",
        "0.00 < StockOptionLevel <= 1.00",
        "35.00 < Age <= 42.00",
        "2.00 < WorkLifeBalance <= 3.00",
        "2.00 < JobInvolvement <= 3.00",
        "MonthlyIncome > 8201.00",
        "JobSatisfaction <= 2.00",
        "YearsInCurrentRole > 7.00"
      ],
      "values": [
        -0.19914755877348847,
        -0.11342331653213697,
        -0.07501961142388158,
        -0.07460287201789971,
        -0.071925680330407,
        -0.07035773561998415,
        -0.06508013185767035,
        -0.06291174042316365,
        0.061492428991754486,
        -0.054356708680485116
      ],
      "intercept": 0.6413260902386198
    },
    "top_risk_factors": [],
    "top_protective_factors": [
      {
        "feature": "DailyRate",
        "impact": 0.9522150754928589,
        "type": "protective"
      },
      {
        "feature": "NumCompaniesWorked",
        "impact": 0.6063727736473083,
        "type": "protective"
      },
      {
        "feature": "Age",
        "impact": 0.4585234224796295,
        "type": "protective"
      },
      {
        "feature": "StockOptionLevel",
        "impact": 0.33533206582069397,
        "type": "protective"
      },
      {
        "feature": "OverTime",
        "impact": 0.3333827555179596,
        "type": "protective"
      }
    ],
    "explanation_timestamp": "2025-09-23T22:53:34.631522"
  },
  "agent_type": "structura",
  "analysis_type": "individual"
}