{
  "prediction": {
    "risk_score": 6.558930620848002e-10,
    "attrition_probability": 6.558930620848002e-10
  },
  "confidence": 0.8
}