{
  "prediction": {
    "employee_id": "564",
    "attrition_probability": 0.051859065890312195,
    "attrition_prediction": 1,
    "risk_category": "LOW",
    "confidence_score": 0.8962818682193756,
    "prediction_timestamp": "2025-09-23T22:52:24.621723"
  },
  "explanation": {
    "employee_id": "564",
    "feature_importance": {
      "RelationshipSatisfaction": 0.03405288979411125,
      "Education": 0.02487798221409321,
      "JobInvolvement": 0.03501373156905174,
      "EnvironmentSatisfaction": 0.048257846385240555,
      "JobLevel": 0.07228615880012512,
      "JobSatisfaction": 0.04019258916378021,
      "StockOptionLevel": 0.07264421880245209,
      "WorkLifeBalance": 0.03580893576145172,
      "Department": 0.037670474499464035,
      "JobRole": 0.046762410551309586,
      "MaritalStatus": 0.036864522844552994,
      "OverTime": 0.0779639258980751,
      "Age": 0.04039482772350311,
      "DailyRate": 0.03578038513660431,
      "DistanceFromHome": 0.036774344742298126,
      "MonthlyIncome": 0.04666806384921074,
      "NumCompaniesWorked": 0.050036631524562836,
      "TotalWorkingYears": 0.04981709271669388,
      "TrainingTimesLastYear": 0.02378365956246853,
      "YearsAtCompany": 0.02968277968466282,
      "YearsInCurrentRole": 0.03649982064962387,
      "YearsSinceLastPromotion": 0.03537580743432045,
      "YearsWithCurrManager": 0.05279093235731125
    },
    "shap_values": {
      "RelationshipSatisfaction": -0.27197393774986267,
      "Education": 0.013814439997076988,
      "JobInvolvement": 0.020340807735919952,
      "EnvironmentSatisfaction": -0.11239701509475708,
      "JobLevel": -0.0018683632370084524,
      "JobSatisfaction": -0.06290159374475479,
      "StockOptionLevel": 0.2520288825035095,
      "WorkLifeBalance": -0.15330682694911957,
      "Department": -0.02514030411839485,
      "JobRole": -0.21256214380264282,
      "MaritalStatus": -0.19801756739616394,
      "OverTime": -0.60216224193573,
      "Age": 0.33417704701423645,
      "DailyRate": -0.5489570498466492,
      "DistanceFromHome": -0.29010337591171265,
      "MonthlyIncome": -0.45964881777763367,
      "NumCompaniesWorked": -0.3267573118209839,
      "TotalWorkingYears": -0.06561744958162308,
      "TrainingTimesLastYear": 0.01982112228870392,
      "YearsAtCompany": -0.0965401753783226,
      "YearsInCurrentRole": -0.040975652635097504,
      "YearsSinceLastPromotion": -0.21655112504959106,
      "YearsWithCurrManager": -0.1359594464302063
    },
    "lime_explanation": {
      "features": [
        "OverTime=0",
        "NumCompaniesWorked <= 1.00",
        "StockOptionLevel <= 0.00",
        "EnvironmentSatisfaction <= 2.00",
        "JobInvolvement <= 2.00",
        "Age <= 30.00",
        "MonthlyIncome > 8201.00",
        "2.00 < WorkLifeBalance <= 3.00",
        "2.00 < RelationshipSatisfaction <= 3.00",
        "2.00 < DistanceFromHome <= 7.00"
      ],
      "values": [
        -0.21988452555695534,
        -0.12241262868857611,
        0.12071663801259833,
        0.10897697315290142,
        0.10723968972908651,
        0.06801992229554256,
        -0.06247504797544035,
        -0.062316302042678184,
        -0.06090917073746115,
        -0.04593204072245491
      ],
      "intercept": 0.4500856175398999
    },
    "top_risk_factors": [
      {
        "feature": "Age",
        "impact": 0.33417704701423645,
        "type": "risk"
      }
    ],
    "top_protective_factors": [
      {
        "feature": "OverTime",
        "impact": 0.60216224193573,
        "type": "protective"
      },
      {
        "feature": "DailyRate",
        "impact": 0.5489570498466492,
        "type": "protective"
      },
      {
        "feature": "MonthlyIncome",
        "impact": 0.45964881777763367,
        "type": "protective"
      },
      {
        "feature": "NumCompaniesWorked",
        "impact": 0.3267573118209839,
        "type": "protective"
      }
    ],
    "explanation_timestamp": "2025-09-23T22:52:24.709234"
  },
  "agent_type": "structura",
  "analysis_type": "individual"
}