{
  "prediction": {
    "risk_score": 0.999995231628418,
    "attrition_probability": 0.999995231628418
  },
  "confidence": 0.8
}