{
  "confidence": 0.8,
  "employee_id": "1131",
  "features_used": 11,
  "model_metadata": {
    "feature_dimensions": 11,
    "model_type": "GRU_CNN_Hybrid",
    "sequence_length": 50,
    "training_optimized": true
  },
  "predicted_attrition": 0,
  "risk_score": 9.975337889045477e-06,
  "sequence_length": 50,
  "xai_explanation": {
    "attention_weights": [
      [
        0.020002009347081184,
        0.02000100538134575,
        0.020000917837023735,
        0.02000080980360508,
        0.020000722259283066,
        0.020000623539090157,
        0.020000532269477844,
        0.02000044845044613,
        0.02000037580728531,
        0.020000295713543892,
        0.020000234246253967,
        0.02000018022954464,
        0.02000012993812561,
        0.02000008337199688,
        0.020000038668513298,
        0.019999995827674866,
        0.01999996230006218,
        0.019999932497739792,
        0.019999904558062553,
        0.019999882206320763,
        0.01999986171722412,
        0.019999846816062927,
        0.019999828189611435,
        0.019999811425805092,
        0.019999800249934196,
        0.019999785348773003,
        0.019999772310256958,
        0.019999762997031212,
        0.019999751821160316,
        0.01999974437057972,
        0.019999736919999123,
        0.019999729469418526,
        0.019999723881483078,
        0.01999971829354763,
        0.019999712705612183,
        0.019999708980321884,
        0.019999703392386436,
        0.019999701529741287,
        0.01999969780445099,
        0.01999969221651554,
        0.019999690353870392,
        0.019999686628580093,
        0.019999684765934944,
        0.019999684765934944,
        0.019999682903289795,
        0.019999681040644646,
        0.019999677315354347,
        0.019999677315354347,
        0.019999675452709198,
        0.019999675452709198
      ]
    ],
    "feature_names": [
      "day_of_week",
      "day_index",
      "system_login_hours",
      "work_focused_hours",
      "meeting_collaboration_hours",
      "social_dining_hours",
      "break_relaxation_hours",
      "shared_work_hours",
      "internal_comm_volume",
      "cafeteria_usage",
      "convenience_food_usage"
    ],
    "gradient_importance": [
      5.46126663891755e-08,
      2.3006634819466854e-08,
      7.291902193173883e-08,
      1.4005985349285766e-07,
      1.6202767483264324e-07,
      3.0555657559716565e-08,
      1.1116574114566902e-06,
      1.1833253665827215e-07,
      3.68658561455959e-07,
      7.163893087636097e-07,
      8.58778719248221e-07
    ],
    "sequence_importance": {
      "timestep_0": 7.791247298882809e-06,
      "timestep_1": 1.6688725281710504e-06,
      "timestep_10": 3.671008538385506e-13,
      "timestep_11": 3.182632922395928e-13,
      "timestep_12": 2.73513660721883e-13,
      "timestep_13": 2.497603361108214e-13,
      "timestep_14": 2.2616067005265528e-13,
      "timestep_15": 2.1260644883069196e-13,
      "timestep_16": 1.373384370638442e-13,
      "timestep_17": 1.2072275416743355e-13,
      "timestep_18": 1.2689345017455333e-13,
      "timestep_19": 8.618928189424793e-14,
      "timestep_2": 1.1742380071760872e-12,
      "timestep_20": 8.133309292984031e-14,
      "timestep_21": 6.430659905401134e-14,
      "timestep_22": 6.449422701622354e-14,
      "timestep_23": 4.9354868336768526e-14,
      "timestep_24": 4.683636494590658e-14,
      "timestep_25": 3.795537018361217e-14,
      "timestep_26": 3.2104849242422726e-14,
      "timestep_27": 3.3658260233842066e-14,
      "timestep_28": 2.6665769473164375e-14,
      "timestep_29": 2.2037911792216307e-14,
      "timestep_3": 1.1305244934645131e-12,
      "timestep_30": 1.7023385264912545e-14,
      "timestep_31": 1.7017650851859634e-14,
      "timestep_32": 1.478795012062762e-14,
      "timestep_33": 1.2463307160403767e-14,
      "timestep_34": 9.82344851215575e-15,
      "timestep_35": 8.212449444718484e-15,
      "timestep_36": 7.983508297536909e-15,
      "timestep_37": 6.265810183799913e-15,
      "timestep_38": 5.5062816692276126e-15,
      "timestep_39": 4.230010964303933e-15,
      "timestep_4": 8.203383718846657e-13,
      "timestep_40": 3.8454626649316904e-15,
      "timestep_41": 2.264290380424327e-15,
      "timestep_42": 2.012701901573776e-15,
      "timestep_43": 1.4508779707915627e-15,
      "timestep_44": 1.2436092203566723e-15,
      "timestep_45": 1.0363406816800186e-15,
      "timestep_46": 8.290723018220425e-16,
      "timestep_47": 1.4763413673790637e-06,
      "timestep_48": 2.323727812836296e-06,
      "timestep_49": 3.3625217383814743e-06,
      "timestep_5": 8.385282485728895e-13,
      "timestep_6": 7.571866311034681e-13,
      "timestep_7": 6.220481486678142e-13,
      "timestep_8": 5.000098100317596e-13,
      "timestep_9": 5.227428190833494e-13
    },
    "temporal_importance": [
      7.791247298882809e-06,
      1.6688725281710504e-06,
      1.1742380071760872e-12,
      1.1305244934645131e-12,
      8.203383718846657e-13,
      8.385282485728895e-13,
      7.571866311034681e-13,
      6.220481486678142e-13,
      5.000098100317596e-13,
      5.227428190833494e-13,
      3.671008538385506e-13,
      3.182632922395928e-13,
      2.73513660721883e-13,
      2.497603361108214e-13,
      2.2616067005265528e-13,
      2.1260644883069196e-13,
      1.373384370638442e-13,
      1.2072275416743355e-13,
      1.2689345017455333e-13,
      8.618928189424793e-14,
      8.133309292984031e-14,
      6.430659905401134e-14,
      6.449422701622354e-14,
      4.9354868336768526e-14,
      4.683636494590658e-14,
      3.795537018361217e-14,
      3.2104849242422726e-14,
      3.3658260233842066e-14,
      2.6665769473164375e-14,
      2.2037911792216307e-14,
      1.7023385264912545e-14,
      1.7017650851859634e-14,
      1.478795012062762e-14,
      1.2463307160403767e-14,
      9.82344851215575e-15,
      8.212449444718484e-15,
      7.983508297536909e-15,
      6.265810183799913e-15,
      5.5062816692276126e-15,
      4.230010964303933e-15,
      3.8454626649316904e-15,
      2.264290380424327e-15,
      2.012701901573776e-15,
      1.4508779707915627e-15,
      1.2436092203566723e-15,
      1.0363406816800186e-15,
      8.290723018220425e-16,
      1.4763413673790637e-06,
      2.323727812836296e-06,
      3.3625217383814743e-06
    ],
    "trend_analysis": {
      "confidence_level": "high",
      "prediction_trend": "stable"
    }
  }
}