{
  "prediction": {
    "employee_id": "143",
    "attrition_probability": 0.09953787177801132,
    "attrition_prediction": 1,
    "risk_category": "LOW",
    "confidence_score": 0.8009242564439774,
    "prediction_timestamp": "2025-09-23T22:51:53.756323"
  },
  "explanation": {
    "employee_id": "143",
    "feature_importance": {
      "RelationshipSatisfaction": 0.03405288979411125,
      "Education": 0.02487798221409321,
      "JobInvolvement": 0.03501373156905174,
      "EnvironmentSatisfaction": 0.048257846385240555,
      "JobLevel": 0.07228615880012512,
      "JobSatisfaction": 0.04019258916378021,
      "StockOptionLevel": 0.07264421880245209,
      "WorkLifeBalance": 0.03580893576145172,
      "Department": 0.037670474499464035,
      "JobRole": 0.046762410551309586,
      "MaritalStatus": 0.036864522844552994,
      "OverTime": 0.0779639258980751,
      "Age": 0.04039482772350311,
      "DailyRate": 0.03578038513660431,
      "DistanceFromHome": 0.036774344742298126,
      "MonthlyIncome": 0.04666806384921074,
      "NumCompaniesWorked": 0.050036631524562836,
      "TotalWorkingYears": 0.04981709271669388,
      "TrainingTimesLastYear": 0.02378365956246853,
      "YearsAtCompany": 0.02968277968466282,
      "YearsInCurrentRole": 0.03649982064962387,
      "YearsSinceLastPromotion": 0.03537580743432045,
      "YearsWithCurrManager": 0.05279093235731125
    },
    "shap_values": {
      "RelationshipSatisfaction": -0.257898211479187,
      "Education": -0.05512519180774689,
      "JobInvolvement": 0.0014959839172661304,
      "EnvironmentSatisfaction": -0.25507158041000366,
      "JobLevel": 0.0478961281478405,
      "JobSatisfaction": -0.4499833881855011,
      "StockOptionLevel": -0.45156145095825195,
      "WorkLifeBalance": -0.1616773158311844,
      "Department": -0.052828483283519745,
      "JobRole": 0.12800851464271545,
      "MaritalStatus": -0.22489556670188904,
      "OverTime": -0.6851744651794434,
      "Age": 0.48009344935417175,
      "DailyRate": -0.5157026648521423,
      "DistanceFromHome": -0.16799455881118774,
      "MonthlyIncome": -0.0085101667791605,
      "NumCompaniesWorked": -0.21520285308361053,
      "TotalWorkingYears": 0.33530616760253906,
      "TrainingTimesLastYear": -0.01187825296074152,
      "YearsAtCompany": 0.0357937328517437,
      "YearsInCurrentRole": -0.008621938526630402,
      "YearsSinceLastPromotion": -0.011594396084547043,
      "YearsWithCurrManager": 0.027471451088786125
    },
    "lime_explanation": {
      "features": [
        "OverTime=0",
        "NumCompaniesWorked <= 1.00",
        "JobInvolvement <= 2.00",
        "3.00 < JobSatisfaction <= 4.00",
        "MonthlyIncome <= 2922.25",
        "Age <= 30.00",
        "3.00 < EnvironmentSatisfaction <= 4.00",
        "2.00 < WorkLifeBalance <= 3.00",
        "StockOptionLevel > 1.00",
        "YearsWithCurrManager <= 2.00"
      ],
      "values": [
        -0.2242134666348204,
        -0.1117201124259438,
        0.10626887121404949,
        -0.0895474577418485,
        0.08712353757622468,
        0.07235545342899039,
        -0.07229129485544428,
        -0.07068382519860648,
        -0.07001066227642276,
        0.06559793570026184
      ],
      "intercept": 0.5077076813561308
    },
    "top_risk_factors": [
      {
        "feature": "Age",
        "impact": 0.48009344935417175,
        "type": "risk"
      }
    ],
    "top_protective_factors": [
      {
        "feature": "OverTime",
        "impact": 0.6851744651794434,
        "type": "protective"
      },
      {
        "feature": "DailyRate",
        "impact": 0.5157026648521423,
        "type": "protective"
      },
      {
        "feature": "StockOptionLevel",
        "impact": 0.45156145095825195,
        "type": "protective"
      },
      {
        "feature": "JobSatisfaction",
        "impact": 0.4499833881855011,
        "type": "protective"
      }
    ],
    "explanation_timestamp": "2025-09-23T22:51:53.845748"
  },
  "agent_type": "structura",
  "analysis_type": "individual"
}