{
  "prediction": {
    "employee_id": "807",
    "attrition_probability": 0.04312455281615257,
    "attrition_prediction": 1,
    "risk_category": "LOW",
    "confidence_score": 0.9137508943676949,
    "prediction_timestamp": "2025-09-23T22:52:40.854059"
  },
  "explanation": {
    "employee_id": "807",
    "feature_importance": {
      "RelationshipSatisfaction": 0.03405288979411125,
      "Education": 0.02487798221409321,
      "JobInvolvement": 0.03501373156905174,
      "EnvironmentSatisfaction": 0.048257846385240555,
      "JobLevel": 0.07228615880012512,
      "JobSatisfaction": 0.04019258916378021,
      "StockOptionLevel": 0.07264421880245209,
      "WorkLifeBalance": 0.03580893576145172,
      "Department": 0.037670474499464035,
      "JobRole": 0.046762410551309586,
      "MaritalStatus": 0.036864522844552994,
      "OverTime": 0.0779639258980751,
      "Age": 0.04039482772350311,
      "DailyRate": 0.03578038513660431,
      "DistanceFromHome": 0.036774344742298126,
      "MonthlyIncome": 0.04666806384921074,
      "NumCompaniesWorked": 0.050036631524562836,
      "TotalWorkingYears": 0.04981709271669388,
      "TrainingTimesLastYear": 0.02378365956246853,
      "YearsAtCompany": 0.02968277968466282,
      "YearsInCurrentRole": 0.03649982064962387,
      "YearsSinceLastPromotion": 0.03537580743432045,
      "YearsWithCurrManager": 0.05279093235731125
    },
    "shap_values": {
      "RelationshipSatisfaction": -0.10262536257505417,
      "Education": -0.07391004264354706,
      "JobInvolvement": -0.39519962668418884,
      "EnvironmentSatisfaction": -0.22830510139465332,
      "JobLevel": -0.06680923700332642,
      "JobSatisfaction": 0.15930147469043732,
      "StockOptionLevel": -0.3224332630634308,
      "WorkLifeBalance": -0.17133629322052002,
      "Department": -0.014831841923296452,
      "JobRole": -0.1340557336807251,
      "MaritalStatus": -0.11953208595514297,
      "OverTime": -0.47466373443603516,
      "Age": -0.49363207817077637,
      "DailyRate": 0.06751584261655807,
      "DistanceFromHome": -0.31219685077667236,
      "MonthlyIncome": -0.3589569628238678,
      "NumCompaniesWorked": -0.15471746027469635,
      "TotalWorkingYears": -0.03164422884583473,
      "TrainingTimesLastYear": 0.07180948555469513,
      "YearsAtCompany": -0.06690631806850433,
      "YearsInCurrentRole": -0.05643165111541748,
      "YearsSinceLastPromotion": 0.005788836162537336,
      "YearsWithCurrManager": -0.10109347105026245
    },
    "lime_explanation": {
      "features": [
        "OverTime=0",
        "NumCompaniesWorked <= 1.00",
        "DistanceFromHome <= 2.00",
        "0.00 < StockOptionLevel <= 1.00",
        "JobSatisfaction <= 2.00",
        "JobInvolvement > 3.00",
        "35.00 < Age <= 42.00",
        "2.00 < WorkLifeBalance <= 3.00",
        "2.00 < EnvironmentSatisfaction <= 3.00",
        "3.00 < RelationshipSatisfaction <= 4.00"
      ],
      "values": [
        -0.18881227589247276,
        -0.11632212711460717,
        -0.09870139389025796,
        -0.08844237668962684,
        0.0780603983237431,
        -0.07639860642065387,
        -0.06579280959433569,
        -0.06563037057416914,
        -0.05290773550567615,
        -0.04080249762092969
      ],
      "intercept": 0.6064743423142972
    },
    "top_risk_factors": [],
    "top_protective_factors": [
      {
        "feature": "Age",
        "impact": 0.49363207817077637,
        "type": "protective"
      },
      {
        "feature": "OverTime",
        "impact": 0.47466373443603516,
        "type": "protective"
      },
      {
        "feature": "JobInvolvement",
        "impact": 0.39519962668418884,
        "type": "protective"
      },
      {
        "feature": "MonthlyIncome",
        "impact": 0.3589569628238678,
        "type": "protective"
      },
      {
        "feature": "StockOptionLevel",
        "impact": 0.3224332630634308,
        "type": "protective"
      }
    ],
    "explanation_timestamp": "2025-09-23T22:52:40.939579"
  },
  "agent_type": "structura",
  "analysis_type": "individual"
}