{
  "prediction": {
    "employee_id": "351",
    "attrition_probability": 0.11801393330097198,
    "attrition_prediction": 1,
    "risk_category": "LOW",
    "confidence_score": 0.763972133398056,
    "prediction_timestamp": "2025-09-23T22:52:08.404196"
  },
  "explanation": {
    "employee_id": "351",
    "feature_importance": {
      "RelationshipSatisfaction": 0.03405288979411125,
      "Education": 0.02487798221409321,
      "JobInvolvement": 0.03501373156905174,
      "EnvironmentSatisfaction": 0.048257846385240555,
      "JobLevel": 0.07228615880012512,
      "JobSatisfaction": 0.04019258916378021,
      "StockOptionLevel": 0.07264421880245209,
      "WorkLifeBalance": 0.03580893576145172,
      "Department": 0.037670474499464035,
      "JobRole": 0.046762410551309586,
      "MaritalStatus": 0.036864522844552994,
      "OverTime": 0.0779639258980751,
      "Age": 0.04039482772350311,
      "DailyRate": 0.03578038513660431,
      "DistanceFromHome": 0.036774344742298126,
      "MonthlyIncome": 0.04666806384921074,
      "NumCompaniesWorked": 0.050036631524562836,
      "TotalWorkingYears": 0.04981709271669388,
      "TrainingTimesLastYear": 0.02378365956246853,
      "YearsAtCompany": 0.02968277968466282,
      "YearsInCurrentRole": 0.03649982064962387,
      "YearsSinceLastPromotion": 0.03537580743432045,
      "YearsWithCurrManager": 0.05279093235731125
    },
    "shap_values": {
      "RelationshipSatisfaction": -0.1873692274093628,
      "Education": 0.05271892249584198,
      "JobInvolvement": 0.06067498028278351,
      "EnvironmentSatisfaction": -0.23307093977928162,
      "JobLevel": 0.012846020050346851,
      "JobSatisfaction": 0.30229678750038147,
      "StockOptionLevel": -0.26522448658943176,
      "WorkLifeBalance": -0.1989990621805191,
      "Department": -0.07002677768468857,
      "JobRole": -0.28173837065696716,
      "MaritalStatus": -0.08972393721342087,
      "OverTime": -0.45026177167892456,
      "Age": -0.46682828664779663,
      "DailyRate": 0.673146665096283,
      "DistanceFromHome": -0.30630338191986084,
      "MonthlyIncome": 0.07493564486503601,
      "NumCompaniesWorked": -0.5709760785102844,
      "TotalWorkingYears": -0.08311350643634796,
      "TrainingTimesLastYear": -0.027161980047822,
      "YearsAtCompany": 0.06170692667365074,
      "YearsInCurrentRole": -0.08451493084430695,
      "YearsSinceLastPromotion": 0.24908491969108582,
      "YearsWithCurrManager": -0.4587569236755371
    },
    "lime_explanation": {
      "features": [
        "OverTime=0",
        "NumCompaniesWorked <= 1.00",
        "JobInvolvement <= 2.00",
        "MonthlyIncome <= 2922.25",
        "DistanceFromHome <= 2.00",
        "0.00 < StockOptionLevel <= 1.00",
        "35.00 < Age <= 42.00",
        "3.00 < EnvironmentSatisfaction <= 4.00",
        "JobSatisfaction <= 2.00",
        "DailyRate <= 471.75"
      ],
      "values": [
        -0.20365096850165654,
        -0.11520250623523855,
        0.10697191976660159,
        0.09670611715019566,
        -0.0907975545676692,
        -0.07902224583350069,
        -0.07454511212903052,
        -0.07380782231640386,
        0.0713771486217039,
        0.06815394717812777
      ],
      "intercept": 0.49017056228210004
    },
    "top_risk_factors": [
      {
        "feature": "DailyRate",
        "impact": 0.673146665096283,
        "type": "risk"
      }
    ],
    "top_protective_factors": [
      {
        "feature": "NumCompaniesWorked",
        "impact": 0.5709760785102844,
        "type": "protective"
      },
      {
        "feature": "Age",
        "impact": 0.46682828664779663,
        "type": "protective"
      },
      {
        "feature": "YearsWithCurrManager",
        "impact": 0.4587569236755371,
        "type": "protective"
      },
      {
        "feature": "OverTime",
        "impact": 0.45026177167892456,
        "type": "protective"
      }
    ],
    "explanation_timestamp": "2025-09-23T22:52:08.475728"
  },
  "agent_type": "structura",
  "analysis_type": "individual"
}