{
  "prediction": {
    "employee_id": "1757",
    "attrition_probability": 0.03123730979859829,
    "attrition_prediction": 1,
    "risk_category": "LOW",
    "confidence_score": 0.9375253804028034,
    "prediction_timestamp": "2025-09-23T22:53:48.076293"
  },
  "explanation": {
    "employee_id": "1757",
    "feature_importance": {
      "RelationshipSatisfaction": 0.03405288979411125,
      "Education": 0.02487798221409321,
      "JobInvolvement": 0.03501373156905174,
      "EnvironmentSatisfaction": 0.048257846385240555,
      "JobLevel": 0.07228615880012512,
      "JobSatisfaction": 0.04019258916378021,
      "StockOptionLevel": 0.07264421880245209,
      "WorkLifeBalance": 0.03580893576145172,
      "Department": 0.037670474499464035,
      "JobRole": 0.046762410551309586,
      "MaritalStatus": 0.036864522844552994,
      "OverTime": 0.0779639258980751,
      "Age": 0.04039482772350311,
      "DailyRate": 0.03578038513660431,
      "DistanceFromHome": 0.036774344742298126,
      "MonthlyIncome": 0.04666806384921074,
      "NumCompaniesWorked": 0.050036631524562836,
      "TotalWorkingYears": 0.04981709271669388,
      "TrainingTimesLastYear": 0.02378365956246853,
      "YearsAtCompany": 0.02968277968466282,
      "YearsInCurrentRole": 0.03649982064962387,
      "YearsSinceLastPromotion": 0.03537580743432045,
      "YearsWithCurrManager": 0.05279093235731125
    },
    "shap_values": {
      "RelationshipSatisfaction": -0.3287966549396515,
      "Education": -0.04734469950199127,
      "JobInvolvement": -0.0926932543516159,
      "EnvironmentSatisfaction": -0.477689266204834,
      "JobLevel": -0.08251345157623291,
      "JobSatisfaction": -0.5042568445205688,
      "StockOptionLevel": 0.2992473244667053,
      "WorkLifeBalance": -0.09564656764268875,
      "Department": -0.01825520396232605,
      "JobRole": -0.4200434684753418,
      "MaritalStatus": -0.13457073271274567,
      "OverTime": -0.4282531142234802,
      "Age": -0.2649713456630707,
      "DailyRate": -0.5200268030166626,
      "DistanceFromHome": 0.19476725161075592,
      "MonthlyIncome": -0.27013084292411804,
      "NumCompaniesWorked": -0.15068915486335754,
      "TotalWorkingYears": 0.0023319385945796967,
      "TrainingTimesLastYear": 0.07837989181280136,
      "YearsAtCompany": -0.19654954969882965,
      "YearsInCurrentRole": 0.03764721006155014,
      "YearsSinceLastPromotion": -0.17445692420005798,
      "YearsWithCurrManager": -0.11517728120088577
    },
    "lime_explanation": {
      "features": [
        "OverTime=0",
        "StockOptionLevel <= 0.00",
        "DailyRate > 1162.00",
        "3.00 < JobSatisfaction <= 4.00",
        "3.00 < EnvironmentSatisfaction <= 4.00",
        "2.00 < JobInvolvement <= 3.00",
        "Age > 42.00",
        "2.00 < RelationshipSatisfaction <= 3.00",
        "7.00 < DistanceFromHome <= 14.00",
        "YearsInCurrentRole <= 2.00"
      ],
      "values": [
        -0.20587425975783427,
        0.11089582875270444,
        -0.07958980076711317,
        -0.07569916352252486,
        -0.06616654430773053,
        -0.0598742490669753,
        -0.05388347998777993,
        -0.05120281319886508,
        0.03571238615564888,
        0.029896755646270274
      ],
      "intercept": 0.49799424446972634
    },
    "top_risk_factors": [],
    "top_protective_factors": [
      {
        "feature": "DailyRate",
        "impact": 0.5200268030166626,
        "type": "protective"
      },
      {
        "feature": "JobSatisfaction",
        "impact": 0.5042568445205688,
        "type": "protective"
      },
      {
        "feature": "EnvironmentSatisfaction",
        "impact": 0.477689266204834,
        "type": "protective"
      },
      {
        "feature": "OverTime",
        "impact": 0.4282531142234802,
        "type": "protective"
      },
      {
        "feature": "JobRole",
        "impact": 0.4200434684753418,
        "type": "protective"
      }
    ],
    "explanation_timestamp": "2025-09-23T22:53:48.169328"
  },
  "agent_type": "structura",
  "analysis_type": "individual"
}