{
  "confidence": 0.8,
  "employee_id": "742",
  "features_used": 11,
  "model_metadata": {
    "feature_dimensions": 11,
    "model_type": "GRU_CNN_Hybrid",
    "sequence_length": 50,
    "training_optimized": true
  },
  "predicted_attrition": 0,
  "risk_score": 3.8926142309492207e-08,
  "sequence_length": 50,
  "xai_explanation": {
    "attention_weights": [
      [
        0.020001940429210663,
        0.02000056765973568,
        0.020000508055090904,
        0.020000459626317024,
        0.02000042237341404,
        0.020000362768769264,
        0.020000310614705086,
        0.02000025287270546,
        0.020000210031867027,
        0.020000167191028595,
        0.02000012993812561,
        0.020000098273158073,
        0.020000070333480835,
        0.02000003680586815,
        0.02000001259148121,
        0.01999998837709427,
        0.019999967887997627,
        0.019999949261546135,
        0.019999932497739792,
        0.01999991573393345,
        0.019999902695417404,
        0.01999989151954651,
        0.019999876618385315,
        0.01999986730515957,
        0.019999857991933823,
        0.019999850541353226,
        0.01999984309077263,
        0.019999835640192032,
        0.019999830052256584,
        0.019999824464321136,
        0.019999820739030838,
        0.01999981515109539,
        0.019999809563159943,
        0.019999805837869644,
        0.019999803975224495,
        0.019999798387289047,
        0.019999796524643898,
        0.0199997927993536,
        0.01999979093670845,
        0.0199997890740633,
        0.019999787211418152,
        0.019999787211418152,
        0.019999783486127853,
        0.019999781623482704,
        0.019999781623482704,
        0.019999781623482704,
        0.019999781623482704,
        0.019999779760837555,
        0.019999779760837555,
        0.019999776035547256
      ]
    ],
    "feature_names": [
      "day_of_week",
      "day_index",
      "system_login_hours",
      "work_focused_hours",
      "meeting_collaboration_hours",
      "social_dining_hours",
      "break_relaxation_hours",
      "shared_work_hours",
      "internal_comm_volume",
      "cafeteria_usage",
      "convenience_food_usage"
    ],
    "gradient_importance": [
      2.137713339678271e-10,
      9.410782569885257e-11,
      2.8855826061935375e-10,
      5.554968152132744e-10,
      6.406463137764717e-10,
      1.155706710886939e-10,
      4.405493747583478e-09,
      4.67059224629196e-10,
      1.4583352303532138e-09,
      2.836270551753728e-09,
      3.4021503392267505e-09
    ],
    "sequence_importance": {
      "timestep_0": 3.082268662524257e-08,
      "timestep_1": 6.618479986286729e-09,
      "timestep_10": 1.1214357291435537e-15,
      "timestep_11": 8.858036569533794e-16,
      "timestep_12": 8.026451915050636e-16,
      "timestep_13": 7.682180138199454e-16,
      "timestep_14": 5.756490437286205e-16,
      "timestep_15": 5.147383221564125e-16,
      "timestep_16": 4.637050106008145e-16,
      "timestep_17": 3.688582845737774e-16,
      "timestep_18": 3.3130420535453116e-16,
      "timestep_19": 2.763104853749273e-16,
      "timestep_2": 4.574399314064481e-15,
      "timestep_20": 2.449534315466915e-16,
      "timestep_21": 1.9594789039704074e-16,
      "timestep_22": 1.8624830435979493e-16,
      "timestep_23": 1.5165881398615912e-16,
      "timestep_24": 1.23709664872303e-16,
      "timestep_25": 1.1897095228377861e-16,
      "timestep_26": 1.0788465419786931e-16,
      "timestep_27": 8.572943543635922e-17,
      "timestep_28": 8.201383276899962e-17,
      "timestep_29": 6.221173770941098e-17,
      "timestep_3": 3.744541230365182e-15,
      "timestep_30": 5.150239906353189e-17,
      "timestep_31": 4.525498182960469e-17,
      "timestep_32": 4.07345787483453e-17,
      "timestep_33": 3.181817724123205e-17,
      "timestep_34": 2.658575032357682e-17,
      "timestep_35": 2.894995162826158e-17,
      "timestep_36": 2.0685957396436255e-17,
      "timestep_37": 1.668644318179131e-17,
      "timestep_38": 1.5402864011900924e-17,
      "timestep_39": 1.4119286496371763e-17,
      "timestep_4": 2.9258694872837977e-15,
      "timestep_40": 8.955815008940176e-18,
      "timestep_41": 8.060230695632076e-18,
      "timestep_42": 7.164647209504588e-18,
      "timestep_43": 4.94182885588831e-18,
      "timestep_44": 4.235853364131452e-18,
      "timestep_45": 2.909919031360748e-18,
      "timestep_46": 1.55195688565745e-18,
      "timestep_47": 5.735351304991809e-09,
      "timestep_48": 9.150633140109221e-09,
      "timestep_49": 1.3479464655574702e-08,
      "timestep_5": 2.8680258190740384e-15,
      "timestep_6": 2.361599854745506e-15,
      "timestep_7": 2.131929835712818e-15,
      "timestep_8": 1.532396527514435e-15,
      "timestep_9": 1.348238541649786e-15
    },
    "temporal_importance": [
      3.082268662524257e-08,
      6.618479986286729e-09,
      4.574399314064481e-15,
      3.744541230365182e-15,
      2.9258694872837977e-15,
      2.8680258190740384e-15,
      2.361599854745506e-15,
      2.131929835712818e-15,
      1.532396527514435e-15,
      1.348238541649786e-15,
      1.1214357291435537e-15,
      8.858036569533794e-16,
      8.026451915050636e-16,
      7.682180138199454e-16,
      5.756490437286205e-16,
      5.147383221564125e-16,
      4.637050106008145e-16,
      3.688582845737774e-16,
      3.3130420535453116e-16,
      2.763104853749273e-16,
      2.449534315466915e-16,
      1.9594789039704074e-16,
      1.8624830435979493e-16,
      1.5165881398615912e-16,
      1.23709664872303e-16,
      1.1897095228377861e-16,
      1.0788465419786931e-16,
      8.572943543635922e-17,
      8.201383276899962e-17,
      6.221173770941098e-17,
      5.150239906353189e-17,
      4.525498182960469e-17,
      4.07345787483453e-17,
      3.181817724123205e-17,
      2.658575032357682e-17,
      2.894995162826158e-17,
      2.0685957396436255e-17,
      1.668644318179131e-17,
      1.5402864011900924e-17,
      1.4119286496371763e-17,
      8.955815008940176e-18,
      8.060230695632076e-18,
      7.164647209504588e-18,
      4.94182885588831e-18,
      4.235853364131452e-18,
      2.909919031360748e-18,
      1.55195688565745e-18,
      5.735351304991809e-09,
      9.150633140109221e-09,
      1.3479464655574702e-08
    ],
    "trend_analysis": {
      "confidence_level": "high",
      "prediction_trend": "stable"
    }
  }
}