{
  "prediction": {
    "risk_score": 8.390158862876568e-16,
    "attrition_probability": 8.390158862876568e-16
  },
  "confidence": 0.8
}