{
  "confidence": 0.8,
  "employee_id": "1007",
  "features_used": 11,
  "model_metadata": {
    "feature_dimensions": 11,
    "model_type": "GRU_CNN_Hybrid",
    "sequence_length": 50,
    "training_optimized": true
  },
  "predicted_attrition": 0,
  "risk_score": 5.026690814702306e-06,
  "sequence_length": 50,
  "xai_explanation": {
    "attention_weights": [
      [
        0.020001264289021492,
        0.020000267773866653,
        0.02000029757618904,
        0.020000308752059937,
        0.020000316202640533,
        0.020000293850898743,
        0.0200002733618021,
        0.020000241696834564,
        0.020000217482447624,
        0.020000187680125237,
        0.020000163465738297,
        0.020000135526061058,
        0.020000115036964417,
        0.020000087097287178,
        0.020000068470835686,
        0.020000044256448746,
        0.020000029355287552,
        0.020000003278255463,
        0.01999998465180397,
        0.019999969750642776,
        0.01999995857477188,
        0.019999943673610687,
        0.019999932497739792,
        0.019999919459223747,
        0.019999910145998,
        0.019999900832772255,
        0.019999893382191658,
        0.01999988779425621,
        0.019999882206320763,
        0.019999876618385315,
        0.019999871030449867,
        0.01999986544251442,
        0.01999986357986927,
        0.019999857991933823,
        0.019999854266643524,
        0.019999848678708076,
        0.019999848678708076,
        0.01999984309077263,
        0.01999984122812748,
        0.01999983936548233,
        0.01999983750283718,
        0.019999833777546883,
        0.019999833777546883,
        0.019999831914901733,
        0.019999830052256584,
        0.019999830052256584,
        0.019999830052256584,
        0.019999830052256584,
        0.019999830052256584,
        0.019999828189611435
      ]
    ],
    "feature_names": [
      "day_of_week",
      "day_index",
      "system_login_hours",
      "work_focused_hours",
      "meeting_collaboration_hours",
      "social_dining_hours",
      "break_relaxation_hours",
      "shared_work_hours",
      "internal_comm_volume",
      "cafeteria_usage",
      "convenience_food_usage"
    ],
    "gradient_importance": [
      2.7023579818319376e-08,
      1.1844442759922913e-08,
      3.7376103989572584e-08,
      7.057867890125635e-08,
      8.164843023905632e-08,
      1.2814115990522623e-08,
      5.601829684565018e-07,
      5.96299543076384e-08,
      1.8577324567559117e-07,
      3.610003034282272e-07,
      4.327530689351988e-07
    ],
    "sequence_importance": {
      "timestep_0": 3.926140379917342e-06,
      "timestep_1": 8.409732004110992e-07,
      "timestep_10": 1.7152632667081363e-13,
      "timestep_11": 1.5507427698728538e-13,
      "timestep_12": 1.0922825279891316e-13,
      "timestep_13": 1.0356191408990648e-13,
      "timestep_14": 7.855300204794372e-14,
      "timestep_15": 7.260285309149822e-14,
      "timestep_16": 5.479501536754042e-14,
      "timestep_17": 6.653905941858551e-14,
      "timestep_18": 4.6542627472325945e-14,
      "timestep_19": 3.8276758200722974e-14,
      "timestep_2": 1.0468826326659464e-12,
      "timestep_20": 3.1095927970157394e-14,
      "timestep_21": 2.864272065513339e-14,
      "timestep_22": 2.4481674689878427e-14,
      "timestep_23": 2.0229867450259273e-14,
      "timestep_24": 2.0089893561659605e-14,
      "timestep_25": 1.5719127320862163e-14,
      "timestep_26": 1.1955191577103699e-14,
      "timestep_27": 1.085346513997245e-14,
      "timestep_28": 8.207457879560315e-15,
      "timestep_29": 7.457240798177181e-15,
      "timestep_3": 8.36258633955117e-13,
      "timestep_30": 7.301596800053309e-15,
      "timestep_31": 6.329596423409372e-15,
      "timestep_32": 4.455378479481043e-15,
      "timestep_33": 4.207855123502602e-15,
      "timestep_34": 3.960332191040635e-15,
      "timestep_35": 3.3777314949743394e-15,
      "timestep_36": 2.544372412345802e-15,
      "timestep_37": 2.3626304820840776e-15,
      "timestep_38": 1.9498120345807493e-15,
      "timestep_39": 1.640608904053553e-15,
      "timestep_4": 6.855532309370249e-13,
      "timestep_40": 1.116924325787359e-15,
      "timestep_41": 1.0052315967470915e-15,
      "timestep_42": 7.148312741599605e-16,
      "timestep_43": 6.254772920980716e-16,
      "timestep_44": 4.0209246929224715e-16,
      "timestep_45": 3.35076943041161e-16,
      "timestep_46": 1.7870769942598193e-16,
      "timestep_47": 8.898784926714143e-07,
      "timestep_48": 1.1438268074925872e-06,
      "timestep_49": 1.5656531786589767e-06,
      "timestep_5": 5.062110127775077e-13,
      "timestep_6": 4.276721934492328e-13,
      "timestep_7": 3.4156886845847223e-13,
      "timestep_8": 2.6039115525247625e-13,
      "timestep_9": 2.2692885439691557e-13
    },
    "temporal_importance": [
      3.926140379917342e-06,
      8.409732004110992e-07,
      1.0468826326659464e-12,
      8.36258633955117e-13,
      6.855532309370249e-13,
      5.062110127775077e-13,
      4.276721934492328e-13,
      3.4156886845847223e-13,
      2.6039115525247625e-13,
      2.2692885439691557e-13,
      1.7152632667081363e-13,
      1.5507427698728538e-13,
      1.0922825279891316e-13,
      1.0356191408990648e-13,
      7.855300204794372e-14,
      7.260285309149822e-14,
      5.479501536754042e-14,
      6.653905941858551e-14,
      4.6542627472325945e-14,
      3.8276758200722974e-14,
      3.1095927970157394e-14,
      2.864272065513339e-14,
      2.4481674689878427e-14,
      2.0229867450259273e-14,
      2.0089893561659605e-14,
      1.5719127320862163e-14,
      1.1955191577103699e-14,
      1.085346513997245e-14,
      8.207457879560315e-15,
      7.457240798177181e-15,
      7.301596800053309e-15,
      6.329596423409372e-15,
      4.455378479481043e-15,
      4.207855123502602e-15,
      3.960332191040635e-15,
      3.3777314949743394e-15,
      2.544372412345802e-15,
      2.3626304820840776e-15,
      1.9498120345807493e-15,
      1.640608904053553e-15,
      1.116924325787359e-15,
      1.0052315967470915e-15,
      7.148312741599605e-16,
      6.254772920980716e-16,
      4.0209246929224715e-16,
      3.35076943041161e-16,
      1.7870769942598193e-16,
      8.898784926714143e-07,
      1.1438268074925872e-06,
      1.5656531786589767e-06
    ],
    "trend_analysis": {
      "confidence_level": "high",
      "prediction_trend": "stable"
    }
  }
}