{
  "confidence": 0.7,
  "employee_data": {
    "Age": 46,
    "AgeFactor": 0,
    "Attrition": "No",
    "BusinessTravel": "Travel_Rarely",
    "DailyRate": 566,
    "Department": "Research & Development",
    "DistanceFromHome": 7,
    "Education": 2,
    "EducationField": "Medical",
    "EmployeeCount": 1,
    "EmployeeNumber": 1007,
    "EnvironmentSatisfaction": 4,
    "Gender": "Male",
    "HourlyRate": 75,
    "JobInvolvement": 3,
    "JobLevel": 3,
    "JobRole": "Manufacturing Director",
    "JobSatisfaction": 3,
    "MaritalStatus": "Divorced",
    "MonthlyIncome": 10845,
    "MonthlyRate": 24208,
    "Norm_EnvironmentSatisfaction": 1,
    "Norm_JobInvolvement": 0.6666666666666666,
    "Norm_JobLevel": 0.5,
    "Norm_JobSatisfaction": 0.6666666666666666,
    "Norm_MonthlyIncome": 0.5179568193786204,
    "Norm_NumCompaniesWorked": 0.6666666666666666,
    "Norm_PercentSalaryHike": 0.1428571428571428,
    "Norm_PerformanceRating": 0,
    "Norm_RelationshipSatisfaction": 0.3333333333333333,
    "Norm_TotalWorkingYears": 0.325,
    "Norm_TrainingTimesLastYear": 0.5,
    "Norm_WorkLifeBalance": 0.6666666666666666,
    "Norm_YearsAtCompany": 0.2,
    "Norm_YearsSinceLastPromotion": 0,
    "NumCompaniesWorked": 6,
    "Over18": "Y",
    "OverTime": "No",
    "OverTime_bin": 0,
    "PercentSalaryHike": 13,
    "PerformanceRating": 3,
    "Prob_N01": 0.2613047276756204,
    "Prob_N02": 0.0032698198260169,
    "Prob_N03": 0.0032698198260169,
    "Prob_P01": 0.0063687393832486,
    "Prob_P02": 0.1785261134422229,
    "Prob_P03": 0.0038628356996596,
    "Prob_P04": 0.2550549559251525,
    "Prob_S01": 0.0070385455511694,
    "Prob_S02": 0.0321511805485975,
    "Prob_S03": 0.2491532621222947,
    "RelationshipSatisfaction": 2,
    "Score_N01": 0.6380952380952382,
    "Score_N02": 0.2,
    "Score_N03": 0.2,
    "Score_P01": 0.2666666666666667,
    "Score_P02": 0.6000000000000001,
    "Score_P03": 0.2166666666666666,
    "Score_P04": 0.6356744151056948,
    "Score_S01": 0.2766666666666667,
    "Score_S02": 0.4285714285714286,
    "Score_S03": 0.6333333333333333,
    "StandardHours": 80,
    "StockOptionLevel": 1,
    "TotalWorkingYears": 13,
    "TrainingTimesLastYear": 3,
    "WorkLifeBalance": 3,
    "YearsAtCompany": 8,
    "YearsInCurrentRole": 7,
    "YearsSinceLastPromotion": 0,
    "YearsWithCurrManager": 7,
    "argmax_Persona": "현상 유지자",
    "argmax_Persona_Code": "N01",
    "argmax_RiskTier": "Neutral",
    "is_married": 0,
    "softmax_Persona": "현상 유지자",
    "softmax_Persona_Code": "N01",
    "softmax_RiskTier": "Neutral"
  },
  "employee_id": 1007,
  "feature_importance": {},
  "lime_explanation": {},
  "model_interpretation": {},
  "predicted_attrition": 0,
  "risk_score": 0.003452035365626216,
  "shap_values": {},
  "xai_explanation": {}
}