{
  "prediction": {
    "employee_id": "882",
    "attrition_probability": 0.04879635572433472,
    "attrition_prediction": 1,
    "risk_category": "LOW",
    "confidence_score": 0.9024072885513306,
    "prediction_timestamp": "2025-09-23T22:52:46.298822"
  },
  "explanation": {
    "employee_id": "882",
    "feature_importance": {
      "RelationshipSatisfaction": 0.03405288979411125,
      "Education": 0.02487798221409321,
      "JobInvolvement": 0.03501373156905174,
      "EnvironmentSatisfaction": 0.048257846385240555,
      "JobLevel": 0.07228615880012512,
      "JobSatisfaction": 0.04019258916378021,
      "StockOptionLevel": 0.07264421880245209,
      "WorkLifeBalance": 0.03580893576145172,
      "Department": 0.037670474499464035,
      "JobRole": 0.046762410551309586,
      "MaritalStatus": 0.036864522844552994,
      "OverTime": 0.0779639258980751,
      "Age": 0.04039482772350311,
      "DailyRate": 0.03578038513660431,
      "DistanceFromHome": 0.036774344742298126,
      "MonthlyIncome": 0.04666806384921074,
      "NumCompaniesWorked": 0.050036631524562836,
      "TotalWorkingYears": 0.04981709271669388,
      "TrainingTimesLastYear": 0.02378365956246853,
      "YearsAtCompany": 0.02968277968466282,
      "YearsInCurrentRole": 0.03649982064962387,
      "YearsSinceLastPromotion": 0.03537580743432045,
      "YearsWithCurrManager": 0.05279093235731125
    },
    "shap_values": {
      "RelationshipSatisfaction": -0.055199846625328064,
      "Education": 0.0415339432656765,
      "JobInvolvement": -0.08258955180644989,
      "EnvironmentSatisfaction": -0.312541663646698,
      "JobLevel": 0.03138430789113045,
      "JobSatisfaction": -0.48018157482147217,
      "StockOptionLevel": -0.2224431037902832,
      "WorkLifeBalance": -0.19118092954158783,
      "Department": -0.06263847649097443,
      "JobRole": -0.1359010636806488,
      "MaritalStatus": -0.07324696332216263,
      "OverTime": -0.736039400100708,
      "Age": 0.20390638709068298,
      "DailyRate": 0.29727232456207275,
      "DistanceFromHome": -0.817999005317688,
      "MonthlyIncome": 0.48389795422554016,
      "NumCompaniesWorked": -0.6328030824661255,
      "TotalWorkingYears": -0.05480097979307175,
      "TrainingTimesLastYear": -0.01642828807234764,
      "YearsAtCompany": -0.08661410957574844,
      "YearsInCurrentRole": 0.1258324235677719,
      "YearsSinceLastPromotion": -0.10049756616353989,
      "YearsWithCurrManager": -0.36807915568351746
    },
    "lime_explanation": {
      "features": [
        "OverTime=0",
        "NumCompaniesWorked <= 1.00",
        "DistanceFromHome <= 2.00",
        "MonthlyIncome <= 2922.25",
        "RelationshipSatisfaction <= 2.00",
        "3.00 < JobSatisfaction <= 4.00",
        "0.00 < StockOptionLevel <= 1.00",
        "3.00 < EnvironmentSatisfaction <= 4.00",
        "2.00 < WorkLifeBalance <= 3.00",
        "YearsWithCurrManager <= 2.00"
      ],
      "values": [
        -0.20665178823356925,
        -0.11118773241686049,
        -0.09311417191761694,
        0.09110045853367527,
        0.0879817897401468,
        -0.08176123946303689,
        -0.07795070904455167,
        -0.07352400717980884,
        -0.07073851018724048,
        0.06685842216993584
      ],
      "intercept": 0.5548564780368046
    },
    "top_risk_factors": [
      {
        "feature": "MonthlyIncome",
        "impact": 0.48389795422554016,
        "type": "risk"
      }
    ],
    "top_protective_factors": [
      {
        "feature": "DistanceFromHome",
        "impact": 0.817999005317688,
        "type": "protective"
      },
      {
        "feature": "OverTime",
        "impact": 0.736039400100708,
        "type": "protective"
      },
      {
        "feature": "NumCompaniesWorked",
        "impact": 0.6328030824661255,
        "type": "protective"
      },
      {
        "feature": "JobSatisfaction",
        "impact": 0.48018157482147217,
        "type": "protective"
      }
    ],
    "explanation_timestamp": "2025-09-23T22:52:46.382747"
  },
  "agent_type": "structura",
  "analysis_type": "individual"
}