{
  "prediction": {
    "employee_id": "874",
    "attrition_probability": 0.03534964472055435,
    "attrition_prediction": 1,
    "risk_category": "LOW",
    "confidence_score": 0.9293007105588913,
    "prediction_timestamp": "2025-09-23T22:52:45.682354"
  },
  "explanation": {
    "employee_id": "874",
    "feature_importance": {
      "RelationshipSatisfaction": 0.03405288979411125,
      "Education": 0.02487798221409321,
      "JobInvolvement": 0.03501373156905174,
      "EnvironmentSatisfaction": 0.048257846385240555,
      "JobLevel": 0.07228615880012512,
      "JobSatisfaction": 0.04019258916378021,
      "StockOptionLevel": 0.07264421880245209,
      "WorkLifeBalance": 0.03580893576145172,
      "Department": 0.037670474499464035,
      "JobRole": 0.046762410551309586,
      "MaritalStatus": 0.036864522844552994,
      "OverTime": 0.0779639258980751,
      "Age": 0.04039482772350311,
      "DailyRate": 0.03578038513660431,
      "DistanceFromHome": 0.036774344742298126,
      "MonthlyIncome": 0.04666806384921074,
      "NumCompaniesWorked": 0.050036631524562836,
      "TotalWorkingYears": 0.04981709271669388,
      "TrainingTimesLastYear": 0.02378365956246853,
      "YearsAtCompany": 0.02968277968466282,
      "YearsInCurrentRole": 0.03649982064962387,
      "YearsSinceLastPromotion": 0.03537580743432045,
      "YearsWithCurrManager": 0.05279093235731125
    },
    "shap_values": {
      "RelationshipSatisfaction": -0.26754090189933777,
      "Education": -0.1114841178059578,
      "JobInvolvement": -0.44612404704093933,
      "EnvironmentSatisfaction": 0.4905977249145508,
      "JobLevel": -0.004289322067052126,
      "JobSatisfaction": -0.42642760276794434,
      "StockOptionLevel": -0.344011127948761,
      "WorkLifeBalance": 0.05092747509479523,
      "Department": -0.06723564863204956,
      "JobRole": -0.06829177588224411,
      "MaritalStatus": -0.10183195769786835,
      "OverTime": -0.514812707901001,
      "Age": -0.49471038579940796,
      "DailyRate": -0.3529917895793915,
      "DistanceFromHome": -0.28759780526161194,
      "MonthlyIncome": 0.06563534587621689,
      "NumCompaniesWorked": -0.12412302941083908,
      "TotalWorkingYears": -0.07682774215936661,
      "TrainingTimesLastYear": -0.011152650229632854,
      "YearsAtCompany": -0.06028607860207558,
      "YearsInCurrentRole": -0.015323759987950325,
      "YearsSinceLastPromotion": -0.12131747603416443,
      "YearsWithCurrManager": -0.2925421893596649
    },
    "lime_explanation": {
      "features": [
        "OverTime=0",
        "EnvironmentSatisfaction <= 2.00",
        "0.00 < StockOptionLevel <= 1.00",
        "MonthlyIncome <= 2922.25",
        "WorkLifeBalance <= 2.00",
        "3.00 < JobSatisfaction <= 4.00",
        "YearsWithCurrManager <= 2.00",
        "JobInvolvement > 3.00",
        "Age > 42.00",
        "2.00 < RelationshipSatisfaction <= 3.00"
      ],
      "values": [
        -0.19417812754317706,
        0.10822990609612675,
        -0.08900777270717006,
        0.08766741119827594,
        0.07644589172222443,
        -0.07531673767508848,
        0.06492145114469962,
        -0.05951525159512991,
        -0.05246612185573961,
        -0.048161448403682014
      ],
      "intercept": 0.40845337025356354
    },
    "top_risk_factors": [
      {
        "feature": "EnvironmentSatisfaction",
        "impact": 0.4905977249145508,
        "type": "risk"
      }
    ],
    "top_protective_factors": [
      {
        "feature": "OverTime",
        "impact": 0.514812707901001,
        "type": "protective"
      },
      {
        "feature": "Age",
        "impact": 0.49471038579940796,
        "type": "protective"
      },
      {
        "feature": "JobInvolvement",
        "impact": 0.44612404704093933,
        "type": "protective"
      },
      {
        "feature": "JobSatisfaction",
        "impact": 0.42642760276794434,
        "type": "protective"
      }
    ],
    "explanation_timestamp": "2025-09-23T22:52:45.768809"
  },
  "agent_type": "structura",
  "analysis_type": "individual"
}