{
  "prediction": {
    "employee_id": "1932",
    "attrition_probability": 0.061745431274175644,
    "attrition_prediction": 1,
    "risk_category": "LOW",
    "confidence_score": 0.8765091374516487,
    "prediction_timestamp": "2025-09-23T22:53:59.416660"
  },
  "explanation": {
    "employee_id": "1932",
    "feature_importance": {
      "RelationshipSatisfaction": 0.03405288979411125,
      "Education": 0.02487798221409321,
      "JobInvolvement": 0.03501373156905174,
      "EnvironmentSatisfaction": 0.048257846385240555,
      "JobLevel": 0.07228615880012512,
      "JobSatisfaction": 0.04019258916378021,
      "StockOptionLevel": 0.07264421880245209,
      "WorkLifeBalance": 0.03580893576145172,
      "Department": 0.037670474499464035,
      "JobRole": 0.046762410551309586,
      "MaritalStatus": 0.036864522844552994,
      "OverTime": 0.0779639258980751,
      "Age": 0.04039482772350311,
      "DailyRate": 0.03578038513660431,
      "DistanceFromHome": 0.036774344742298126,
      "MonthlyIncome": 0.04666806384921074,
      "NumCompaniesWorked": 0.050036631524562836,
      "TotalWorkingYears": 0.04981709271669388,
      "TrainingTimesLastYear": 0.02378365956246853,
      "YearsAtCompany": 0.02968277968466282,
      "YearsInCurrentRole": 0.03649982064962387,
      "YearsSinceLastPromotion": 0.03537580743432045,
      "YearsWithCurrManager": 0.05279093235731125
    },
    "shap_values": {
      "RelationshipSatisfaction": -0.05700291320681572,
      "Education": -0.04182523116469383,
      "JobInvolvement": 0.07032807171344757,
      "EnvironmentSatisfaction": -0.24779164791107178,
      "JobLevel": -0.06148577108979225,
      "JobSatisfaction": -0.4851633608341217,
      "StockOptionLevel": 0.2926682233810425,
      "WorkLifeBalance": -0.18108095228672028,
      "Department": 0.010525655932724476,
      "JobRole": -0.3891809284687042,
      "MaritalStatus": -0.16878950595855713,
      "OverTime": -0.4397923946380615,
      "Age": -0.08975908160209656,
      "DailyRate": 0.052964963018894196,
      "DistanceFromHome": 0.31311893463134766,
      "MonthlyIncome": -0.5197934508323669,
      "NumCompaniesWorked": -0.16396094858646393,
      "TotalWorkingYears": -0.15409919619560242,
      "TrainingTimesLastYear": -0.08386994898319244,
      "YearsAtCompany": 0.0038620515260845423,
      "YearsInCurrentRole": -0.21550174057483673,
      "YearsSinceLastPromotion": 0.19158683717250824,
      "YearsWithCurrManager": -0.6322442293167114
    },
    "lime_explanation": {
      "features": [
        "OverTime=0",
        "JobInvolvement <= 2.00",
        "NumCompaniesWorked <= 1.00",
        "DistanceFromHome > 14.00",
        "StockOptionLevel <= 0.00",
        "RelationshipSatisfaction <= 2.00",
        "3.00 < JobSatisfaction <= 4.00",
        "2.00 < WorkLifeBalance <= 3.00",
        "YearsWithCurrManager > 7.00",
        "30.00 < Age <= 35.00"
      ],
      "values": [
        -0.22236286959496124,
        0.11241960334256126,
        -0.1108550381670594,
        0.1095398539528794,
        0.10698831120894081,
        0.09279263152201275,
        -0.08375457143594887,
        -0.07110443160398022,
        -0.06388058674039321,
        0.05969902445374561
      ],
      "intercept": 0.4307517154720219
    },
    "top_risk_factors": [],
    "top_protective_factors": [
      {
        "feature": "YearsWithCurrManager",
        "impact": 0.6322442293167114,
        "type": "protective"
      },
      {
        "feature": "MonthlyIncome",
        "impact": 0.5197934508323669,
        "type": "protective"
      },
      {
        "feature": "JobSatisfaction",
        "impact": 0.4851633608341217,
        "type": "protective"
      },
      {
        "feature": "OverTime",
        "impact": 0.4397923946380615,
        "type": "protective"
      },
      {
        "feature": "JobRole",
        "impact": 0.3891809284687042,
        "type": "protective"
      }
    ],
    "explanation_timestamp": "2025-09-23T22:53:59.490179"
  },
  "agent_type": "structura",
  "analysis_type": "individual"
}