{
  "prediction": {
    "employee_id": "1747",
    "attrition_probability": 0.6636015176773071,
    "attrition_prediction": 1,
    "risk_category": "MEDIUM",
    "confidence_score": 0.32720303535461426,
    "prediction_timestamp": "2025-09-23T22:53:47.184204"
  },
  "explanation": {
    "employee_id": "1747",
    "feature_importance": {
      "RelationshipSatisfaction": 0.03405288979411125,
      "Education": 0.02487798221409321,
      "JobInvolvement": 0.03501373156905174,
      "EnvironmentSatisfaction": 0.048257846385240555,
      "JobLevel": 0.07228615880012512,
      "JobSatisfaction": 0.04019258916378021,
      "StockOptionLevel": 0.07264421880245209,
      "WorkLifeBalance": 0.03580893576145172,
      "Department": 0.037670474499464035,
      "JobRole": 0.046762410551309586,
      "MaritalStatus": 0.036864522844552994,
      "OverTime": 0.0779639258980751,
      "Age": 0.04039482772350311,
      "DailyRate": 0.03578038513660431,
      "DistanceFromHome": 0.036774344742298126,
      "MonthlyIncome": 0.04666806384921074,
      "NumCompaniesWorked": 0.050036631524562836,
      "TotalWorkingYears": 0.04981709271669388,
      "TrainingTimesLastYear": 0.02378365956246853,
      "YearsAtCompany": 0.02968277968466282,
      "YearsInCurrentRole": 0.03649982064962387,
      "YearsSinceLastPromotion": 0.03537580743432045,
      "YearsWithCurrManager": 0.05279093235731125
    },
    "shap_values": {
      "RelationshipSatisfaction": -0.13158807158470154,
      "Education": 0.05583793297410011,
      "JobInvolvement": 0.1478748619556427,
      "EnvironmentSatisfaction": -0.09184273332357407,
      "JobLevel": 0.0572735071182251,
      "JobSatisfaction": -0.3258764445781708,
      "StockOptionLevel": -0.29482531547546387,
      "WorkLifeBalance": 0.2664569318294525,
      "Department": -0.03600161522626877,
      "JobRole": -0.10030850768089294,
      "MaritalStatus": -0.05321396142244339,
      "OverTime": -0.7571320533752441,
      "Age": 0.47831037640571594,
      "DailyRate": 0.04896928369998932,
      "DistanceFromHome": -0.062442597001791,
      "MonthlyIncome": 0.609032928943634,
      "NumCompaniesWorked": 0.7356736063957214,
      "TotalWorkingYears": 0.1200600415468216,
      "TrainingTimesLastYear": 0.19960196316242218,
      "YearsAtCompany": -0.05435784161090851,
      "YearsInCurrentRole": -0.01446455717086792,
      "YearsSinceLastPromotion": -0.06859038770198822,
      "YearsWithCurrManager": -0.32434695959091187
    },
    "lime_explanation": {
      "features": [
        "OverTime=0",
        "NumCompaniesWorked > 4.00",
        "JobInvolvement <= 2.00",
        "MonthlyIncome <= 2922.25",
        "WorkLifeBalance <= 2.00",
        "3.00 < JobSatisfaction <= 4.00",
        "0.00 < StockOptionLevel <= 1.00",
        "Age <= 30.00",
        "YearsWithCurrManager <= 2.00",
        "2.00 < EnvironmentSatisfaction <= 3.00"
      ],
      "values": [
        -0.2049537885931181,
        0.14155163960556622,
        0.0994369741510261,
        0.09893412701071493,
        0.08673312190912294,
        -0.0858966755332118,
        -0.0782463333809531,
        0.07187894348699181,
        0.06796764065022784,
        -0.05857642126925685
      ],
      "intercept": 0.3545615384090202
    },
    "top_risk_factors": [
      {
        "feature": "NumCompaniesWorked",
        "impact": 0.7356736063957214,
        "type": "risk"
      },
      {
        "feature": "MonthlyIncome",
        "impact": 0.609032928943634,
        "type": "risk"
      },
      {
        "feature": "Age",
        "impact": 0.47831037640571594,
        "type": "risk"
      }
    ],
    "top_protective_factors": [
      {
        "feature": "OverTime",
        "impact": 0.7571320533752441,
        "type": "protective"
      },
      {
        "feature": "JobSatisfaction",
        "impact": 0.3258764445781708,
        "type": "protective"
      }
    ],
    "explanation_timestamp": "2025-09-23T22:53:47.279708"
  },
  "agent_type": "structura",
  "analysis_type": "individual"
}