{
  "confidence": 0.8,
  "employee_id": "981",
  "features_used": 11,
  "model_metadata": {
    "feature_dimensions": 11,
    "model_type": "GRU_CNN_Hybrid",
    "sequence_length": 50,
    "training_optimized": true
  },
  "predicted_attrition": 0,
  "risk_score": 3.574958254773386e-13,
  "sequence_length": 50,
  "xai_explanation": {
    "attention_weights": [
      [
        0.020001862198114395,
        0.019999666139483452,
        0.019999762997031212,
        0.019999826326966286,
        0.019999882206320763,
        0.019999923184514046,
        0.01999996230006218,
        0.01999998278915882,
        0.020000005140900612,
        0.02000001072883606,
        0.020000018179416656,
        0.020000021904706955,
        0.020000021904706955,
        0.020000018179416656,
        0.020000016316771507,
        0.020000014454126358,
        0.02000000886619091,
        0.02000000886619091,
        0.020000005140900612,
        0.019999999552965164,
        0.019999997690320015,
        0.019999993965029716,
        0.019999990239739418,
        0.019999990239739418,
        0.01999998465180397,
        0.01999998278915882,
        0.019999980926513672,
        0.019999977201223373,
        0.019999975338578224,
        0.019999975338578224,
        0.019999971613287926,
        0.019999971613287926,
        0.019999967887997627,
        0.019999967887997627,
        0.019999966025352478,
        0.019999966025352478,
        0.019999966025352478,
        0.01999996416270733,
        0.01999996416270733,
        0.01999996230006218,
        0.01999996230006218,
        0.01999996230006218,
        0.01999996230006218,
        0.01999996230006218,
        0.01999995857477188,
        0.01999995857477188,
        0.01999995857477188,
        0.01999995857477188,
        0.01999995857477188,
        0.01999995857477188
      ]
    ],
    "feature_names": [
      "day_of_week",
      "day_index",
      "system_login_hours",
      "work_focused_hours",
      "meeting_collaboration_hours",
      "social_dining_hours",
      "break_relaxation_hours",
      "shared_work_hours",
      "internal_comm_volume",
      "cafeteria_usage",
      "convenience_food_usage"
    ],
    "gradient_importance": [
      1.9866541561380487e-15,
      8.70994079964026e-16,
      2.6817524743027402e-15,
      5.1569297063961544e-15,
      5.956343731905239e-15,
      1.0591468320266038e-15,
      4.10339182066715e-14,
      4.340650831390763e-15,
      1.3535186697572615e-14,
      2.6424266827375018e-14,
      3.1672469416035506e-14
    ],
    "sequence_importance": {
      "timestep_0": 2.872866332846724e-13,
      "timestep_1": 6.105122104475141e-14,
      "timestep_10": 1.1492038829451253e-20,
      "timestep_11": 8.618471542578855e-21,
      "timestep_12": 6.110980144375189e-21,
      "timestep_13": 4.6352309626502e-21,
      "timestep_14": 3.531975993380115e-21,
      "timestep_15": 2.818586433325331e-21,
      "timestep_16": 2.1589555351508238e-21,
      "timestep_17": 1.693567384903599e-21,
      "timestep_18": 1.455452762510287e-21,
      "timestep_19": 1.0371488797964456e-21,
      "timestep_2": 8.867320590371051e-20,
      "timestep_20": 9.13320487357915e-22,
      "timestep_21": 7.943551131665972e-22,
      "timestep_22": 6.528697669933623e-22,
      "timestep_23": 5.754013541812519e-22,
      "timestep_24": 5.193658251583405e-22,
      "timestep_25": 3.763788917183483e-22,
      "timestep_26": 3.345673199883642e-22,
      "timestep_27": 3.207205518041029e-22,
      "timestep_28": 2.6590607848827778e-22,
      "timestep_29": 2.382064584244541e-22,
      "timestep_3": 6.370441014697645e-20,
      "timestep_30": 1.939583541046192e-22,
      "timestep_31": 1.9486921708199808e-22,
      "timestep_32": 1.328627178259347e-22,
      "timestep_33": 1.2548144099909032e-22,
      "timestep_34": 1.1810016417224594e-22,
      "timestep_35": 8.208109709510387e-23,
      "timestep_36": 7.660902143107538e-23,
      "timestep_37": 7.113693945615965e-23,
      "timestep_38": 6.566485748124392e-23,
      "timestep_39": 4.49088384368299e-23,
      "timestep_4": 5.635095544713903e-20,
      "timestep_40": 4.0826208728716145e-23,
      "timestep_41": 1.8371792665744817e-23,
      "timestep_42": 1.633047938940975e-23,
      "timestep_43": 1.4289169268518306e-23,
      "timestep_44": 1.2247856781044145e-23,
      "timestep_45": 1.0206547449013605e-23,
      "timestep_46": 8.16523732812216e-24,
      "timestep_47": 5.345244442921983e-14,
      "timestep_48": 8.482611450278191e-14,
      "timestep_49": 1.2573923564677958e-13,
      "timestep_5": 4.086235713742731e-20,
      "timestep_6": 3.586001792592982e-20,
      "timestep_7": 2.6500653471825574e-20,
      "timestep_8": 2.050419018246853e-20,
      "timestep_9": 1.4472195285275785e-20
    },
    "temporal_importance": [
      2.872866332846724e-13,
      6.105122104475141e-14,
      8.867320590371051e-20,
      6.370441014697645e-20,
      5.635095544713903e-20,
      4.086235713742731e-20,
      3.586001792592982e-20,
      2.6500653471825574e-20,
      2.050419018246853e-20,
      1.4472195285275785e-20,
      1.1492038829451253e-20,
      8.618471542578855e-21,
      6.110980144375189e-21,
      4.6352309626502e-21,
      3.531975993380115e-21,
      2.818586433325331e-21,
      2.1589555351508238e-21,
      1.693567384903599e-21,
      1.455452762510287e-21,
      1.0371488797964456e-21,
      9.13320487357915e-22,
      7.943551131665972e-22,
      6.528697669933623e-22,
      5.754013541812519e-22,
      5.193658251583405e-22,
      3.763788917183483e-22,
      3.345673199883642e-22,
      3.207205518041029e-22,
      2.6590607848827778e-22,
      2.382064584244541e-22,
      1.939583541046192e-22,
      1.9486921708199808e-22,
      1.328627178259347e-22,
      1.2548144099909032e-22,
      1.1810016417224594e-22,
      8.208109709510387e-23,
      7.660902143107538e-23,
      7.113693945615965e-23,
      6.566485748124392e-23,
      4.49088384368299e-23,
      4.0826208728716145e-23,
      1.8371792665744817e-23,
      1.633047938940975e-23,
      1.4289169268518306e-23,
      1.2247856781044145e-23,
      1.0206547449013605e-23,
      8.16523732812216e-24,
      5.345244442921983e-14,
      8.482611450278191e-14,
      1.2573923564677958e-13
    ],
    "trend_analysis": {
      "confidence_level": "high",
      "prediction_trend": "stable"
    }
  }
}