{
  "prediction": {
    "employee_id": "1458",
    "attrition_probability": 0.6135255098342896,
    "attrition_prediction": 1,
    "risk_category": "MEDIUM",
    "confidence_score": 0.2270510196685791,
    "prediction_timestamp": "2025-09-23T22:53:25.757024"
  },
  "explanation": {
    "employee_id": "1458",
    "feature_importance": {
      "RelationshipSatisfaction": 0.03405288979411125,
      "Education": 0.02487798221409321,
      "JobInvolvement": 0.03501373156905174,
      "EnvironmentSatisfaction": 0.048257846385240555,
      "JobLevel": 0.07228615880012512,
      "JobSatisfaction": 0.04019258916378021,
      "StockOptionLevel": 0.07264421880245209,
      "WorkLifeBalance": 0.03580893576145172,
      "Department": 0.037670474499464035,
      "JobRole": 0.046762410551309586,
      "MaritalStatus": 0.036864522844552994,
      "OverTime": 0.0779639258980751,
      "Age": 0.04039482772350311,
      "DailyRate": 0.03578038513660431,
      "DistanceFromHome": 0.036774344742298126,
      "MonthlyIncome": 0.04666806384921074,
      "NumCompaniesWorked": 0.050036631524562836,
      "TotalWorkingYears": 0.04981709271669388,
      "TrainingTimesLastYear": 0.02378365956246853,
      "YearsAtCompany": 0.02968277968466282,
      "YearsInCurrentRole": 0.03649982064962387,
      "YearsSinceLastPromotion": 0.03537580743432045,
      "YearsWithCurrManager": 0.05279093235731125
    },
    "shap_values": {
      "RelationshipSatisfaction": -0.024953065440058708,
      "Education": 0.08300576359033585,
      "JobInvolvement": 0.04788082838058472,
      "EnvironmentSatisfaction": 0.7746576070785522,
      "JobLevel": 0.030859211459755898,
      "JobSatisfaction": 0.4059808850288391,
      "StockOptionLevel": 0.28155651688575745,
      "WorkLifeBalance": -0.02565542235970497,
      "Department": -0.05445662885904312,
      "JobRole": -0.1710851788520813,
      "MaritalStatus": -0.12441545724868774,
      "OverTime": -0.6138728857040405,
      "Age": -0.5349841713905334,
      "DailyRate": 0.10469172894954681,
      "DistanceFromHome": -0.48456570506095886,
      "MonthlyIncome": -0.006052408367395401,
      "NumCompaniesWorked": -0.1519116461277008,
      "TotalWorkingYears": -0.041281141340732574,
      "TrainingTimesLastYear": 0.05083026736974716,
      "YearsAtCompany": 0.06851865351200104,
      "YearsInCurrentRole": 0.10963794589042664,
      "YearsSinceLastPromotion": -0.09611500054597855,
      "YearsWithCurrManager": 0.558600127696991
    },
    "lime_explanation": {
      "features": [
        "OverTime=0",
        "EnvironmentSatisfaction <= 2.00",
        "StockOptionLevel <= 0.00",
        "JobInvolvement <= 2.00",
        "DistanceFromHome <= 2.00",
        "RelationshipSatisfaction <= 2.00",
        "JobSatisfaction <= 2.00",
        "35.00 < Age <= 42.00",
        "YearsWithCurrManager <= 2.00",
        "YearsInCurrentRole <= 2.00"
      ],
      "values": [
        -0.21747159613930583,
        0.11401824963996678,
        0.11389047483668273,
        0.1080014759248512,
        -0.10082596802092302,
        0.0912725024794218,
        0.0787414131550332,
        -0.07084730813549205,
        0.05051232141327525,
        0.04217186474098765
      ],
      "intercept": 0.26627062599423545
    },
    "top_risk_factors": [
      {
        "feature": "EnvironmentSatisfaction",
        "impact": 0.7746576070785522,
        "type": "risk"
      },
      {
        "feature": "YearsWithCurrManager",
        "impact": 0.558600127696991,
        "type": "risk"
      }
    ],
    "top_protective_factors": [
      {
        "feature": "OverTime",
        "impact": 0.6138728857040405,
        "type": "protective"
      },
      {
        "feature": "Age",
        "impact": 0.5349841713905334,
        "type": "protective"
      },
      {
        "feature": "DistanceFromHome",
        "impact": 0.48456570506095886,
        "type": "protective"
      }
    ],
    "explanation_timestamp": "2025-09-23T22:53:25.833086"
  },
  "agent_type": "structura",
  "analysis_type": "individual"
}