{
  "confidence": 0.8,
  "employee_id": "1100",
  "features_used": 11,
  "model_metadata": {
    "feature_dimensions": 11,
    "model_type": "GRU_CNN_Hybrid",
    "sequence_length": 50,
    "training_optimized": true
  },
  "predicted_attrition": 1,
  "risk_score": 0.9999909400939941,
  "sequence_length": 50,
  "xai_explanation": {
    "attention_weights": [
      [
        0.020002612844109535,
        0.020002122968435287,
        0.020001832395792007,
        0.020001623779535294,
        0.020001424476504326,
        0.020001202821731567,
        0.020000990480184555,
        0.02000081166625023,
        0.020000658929347992,
        0.020000535994768143,
        0.020000427961349487,
        0.020000334829092026,
        0.02000024914741516,
        0.020000165328383446,
        0.020000094547867775,
        0.020000023767352104,
        0.01999996043741703,
        0.019999897107481956,
        0.019999846816062927,
        0.019999796524643898,
        0.019999751821160316,
        0.01999971829354763,
        0.019999686628580093,
        0.019999654963612556,
        0.019999628886580467,
        0.019999610260128975,
        0.019999589771032333,
        0.01999957300722599,
        0.019999556243419647,
        0.019999543204903603,
        0.019999530166387558,
        0.019999520853161812,
        0.019999505952000618,
        0.019999496638774872,
        0.019999489188194275,
        0.01999947614967823,
        0.019999470561742783,
        0.019999464973807335,
        0.019999457523226738,
        0.01999945379793644,
        0.019999446347355843,
        0.019999444484710693,
        0.019999438896775246,
        0.019999433308839798,
        0.01999943144619465,
        0.0199994295835495,
        0.01999942772090435,
        0.019999422132968903,
        0.019999422132968903,
        0.019999420270323753
      ]
    ],
    "feature_names": [
      "day_of_week",
      "day_index",
      "system_login_hours",
      "work_focused_hours",
      "meeting_collaboration_hours",
      "social_dining_hours",
      "break_relaxation_hours",
      "shared_work_hours",
      "internal_comm_volume",
      "cafeteria_usage",
      "convenience_food_usage"
    ],
    "gradient_importance": [
      3.515602031711751e-08,
      1.098516388964299e-08,
      2.077988092707983e-08,
      1.1317365533614065e-07,
      5.542084124954272e-08,
      1.8296615778012892e-08,
      7.03363468801399e-07,
      5.488297460942704e-08,
      1.021557523017691e-07,
      4.6913200435483304e-07,
      4.838922791350342e-07
    ],
    "sequence_importance": {
      "timestep_0": 1.7266197005483264e-07,
      "timestep_1": 4.572683377779274e-12,
      "timestep_10": 1.0295467820289894e-12,
      "timestep_11": 9.114460488429676e-13,
      "timestep_12": 7.544328117954635e-13,
      "timestep_13": 6.039630059094525e-13,
      "timestep_14": 5.29887115088834e-13,
      "timestep_15": 4.897596542728644e-13,
      "timestep_16": 3.691251948198526e-13,
      "timestep_17": 3.4347912426617444e-13,
      "timestep_18": 2.677934913750124e-13,
      "timestep_19": 2.5273240531614727e-13,
      "timestep_2": 4.013013012171829e-12,
      "timestep_20": 2.1104880267453635e-13,
      "timestep_21": 1.7235571422771073e-13,
      "timestep_22": 1.377493496872162e-13,
      "timestep_23": 1.2506948330725381e-13,
      "timestep_24": 1.0086861359191734e-13,
      "timestep_25": 7.822860875793605e-14,
      "timestep_26": 6.696801045560224e-14,
      "timestep_27": 5.722141917198151e-14,
      "timestep_28": 5.219015527364e-14,
      "timestep_29": 3.548177309148186e-14,
      "timestep_3": 3.2274764458217753e-12,
      "timestep_30": 3.5041925822631645e-14,
      "timestep_31": 2.781976546643774e-14,
      "timestep_32": 2.7007708203641463e-14,
      "timestep_33": 2.0645525152201798e-14,
      "timestep_34": 1.7229963048220713e-14,
      "timestep_35": 1.7550144890414628e-14,
      "timestep_36": 1.3114519642780029e-14,
      "timestep_37": 9.138618139135912e-15,
      "timestep_38": 8.431206714775222e-15,
      "timestep_39": 7.725712125974168e-15,
      "timestep_4": 2.844257381701132e-12,
      "timestep_40": 5.869504643603307e-15,
      "timestep_41": 4.560972571301079e-15,
      "timestep_42": 4.353358019665472e-15,
      "timestep_43": 3.809186361383157e-15,
      "timestep_44": 2.0644992368477975e-15,
      "timestep_45": 1.7204150777944322e-15,
      "timestep_46": 1.3110953034356498e-07,
      "timestep_47": 2.055252934951568e-06,
      "timestep_48": 3.3733003874658607e-06,
      "timestep_49": 3.66418339581287e-06,
      "timestep_5": 2.5251510951673772e-12,
      "timestep_6": 2.2724868861678793e-12,
      "timestep_7": 1.742736597393213e-12,
      "timestep_8": 1.446781605109193e-12,
      "timestep_9": 1.1937253486041244e-12
    },
    "temporal_importance": [
      1.7266197005483264e-07,
      4.572683377779274e-12,
      4.013013012171829e-12,
      3.2274764458217753e-12,
      2.844257381701132e-12,
      2.5251510951673772e-12,
      2.2724868861678793e-12,
      1.742736597393213e-12,
      1.446781605109193e-12,
      1.1937253486041244e-12,
      1.0295467820289894e-12,
      9.114460488429676e-13,
      7.544328117954635e-13,
      6.039630059094525e-13,
      5.29887115088834e-13,
      4.897596542728644e-13,
      3.691251948198526e-13,
      3.4347912426617444e-13,
      2.677934913750124e-13,
      2.5273240531614727e-13,
      2.1104880267453635e-13,
      1.7235571422771073e-13,
      1.377493496872162e-13,
      1.2506948330725381e-13,
      1.0086861359191734e-13,
      7.822860875793605e-14,
      6.696801045560224e-14,
      5.722141917198151e-14,
      5.219015527364e-14,
      3.548177309148186e-14,
      3.5041925822631645e-14,
      2.781976546643774e-14,
      2.7007708203641463e-14,
      2.0645525152201798e-14,
      1.7229963048220713e-14,
      1.7550144890414628e-14,
      1.3114519642780029e-14,
      9.138618139135912e-15,
      8.431206714775222e-15,
      7.725712125974168e-15,
      5.869504643603307e-15,
      4.560972571301079e-15,
      4.353358019665472e-15,
      3.809186361383157e-15,
      2.0644992368477975e-15,
      1.7204150777944322e-15,
      1.3110953034356498e-07,
      2.055252934951568e-06,
      3.3733003874658607e-06,
      3.66418339581287e-06
    ],
    "trend_analysis": {
      "confidence_level": "high",
      "prediction_trend": "increasing"
    }
  }
}