{
  "confidence": 0.8,
  "employee_id": "806",
  "features_used": 11,
  "model_metadata": {
    "feature_dimensions": 11,
    "model_type": "GRU_CNN_Hybrid",
    "sequence_length": 50,
    "training_optimized": true
  },
  "predicted_attrition": 0,
  "risk_score": 5.488389950847328e-11,
  "sequence_length": 50,
  "xai_explanation": {
    "attention_weights": [
      [
        0.020001335069537163,
        0.019999682903289795,
        0.01999976672232151,
        0.01999983750283718,
        0.019999904558062553,
        0.019999947398900986,
        0.019999980926513672,
        0.019999999552965164,
        0.020000016316771507,
        0.020000025629997253,
        0.02000003308057785,
        0.020000034943223,
        0.020000034943223,
        0.02000003308057785,
        0.020000029355287552,
        0.020000025629997253,
        0.020000023767352104,
        0.020000018179416656,
        0.020000014454126358,
        0.02000001259148121,
        0.02000000886619091,
        0.020000005140900612,
        0.020000003278255463,
        0.019999999552965164,
        0.019999995827674866,
        0.019999992102384567,
        0.019999990239739418,
        0.01999998837709427,
        0.01999998651444912,
        0.01999998278915882,
        0.019999980926513672,
        0.019999980926513672,
        0.019999979063868523,
        0.019999975338578224,
        0.019999975338578224,
        0.019999975338578224,
        0.019999975338578224,
        0.019999973475933075,
        0.019999973475933075,
        0.019999971613287926,
        0.019999971613287926,
        0.019999971613287926,
        0.019999971613287926,
        0.019999971613287926,
        0.019999969750642776,
        0.019999969750642776,
        0.019999969750642776,
        0.019999969750642776,
        0.019999969750642776,
        0.019999969750642776
      ]
    ],
    "feature_names": [
      "day_of_week",
      "day_index",
      "system_login_hours",
      "work_focused_hours",
      "meeting_collaboration_hours",
      "social_dining_hours",
      "break_relaxation_hours",
      "shared_work_hours",
      "internal_comm_volume",
      "cafeteria_usage",
      "convenience_food_usage"
    ],
    "gradient_importance": [
      2.6939941163289793e-13,
      1.238462457586742e-13,
      4.424156082715597e-13,
      7.917084414270359e-13,
      9.144366036953344e-13,
      1.6845139378437318e-13,
      6.299658711350631e-12,
      6.663905538495385e-13,
      2.0779656207531305e-12,
      4.056737584745562e-12,
      4.862459393462082e-12
    ],
    "sequence_importance": {
      "timestep_0": 4.410516049602187e-11,
      "timestep_1": 9.37277946227999e-12,
      "timestep_10": 1.7307592128911467e-18,
      "timestep_11": 1.293253874334806e-18,
      "timestep_12": 1.0204285118116208e-18,
      "timestep_13": 7.353433503334223e-19,
      "timestep_14": 5.742063439601963e-19,
      "timestep_15": 4.463631504470765e-19,
      "timestep_16": 3.5786731016127327e-19,
      "timestep_17": 3.130524740307402e-19,
      "timestep_18": 2.2859712669392293e-19,
      "timestep_19": 1.9197033172720206e-19,
      "timestep_2": 1.262851678101032e-17,
      "timestep_20": 1.5169914700263448e-19,
      "timestep_21": 1.3826701339978335e-19,
      "timestep_22": 1.3517577482718733e-19,
      "timestep_23": 9.758687833518779e-20,
      "timestep_24": 9.520868883765809e-20,
      "timestep_25": 7.466874732750365e-20,
      "timestep_26": 6.070060068771816e-20,
      "timestep_27": 4.5861852915569146e-20,
      "timestep_28": 4.386784680730484e-20,
      "timestep_29": 3.6569664574492157e-20,
      "timestep_3": 1.0460973531056979e-17,
      "timestep_30": 3.4828245821089163e-20,
      "timestep_31": 3.5049361538582244e-20,
      "timestep_32": 2.834202213885397e-20,
      "timestep_33": 2.2174975466377737e-20,
      "timestep_34": 1.813097507772408e-20,
      "timestep_35": 9.401528047124574e-21,
      "timestep_36": 8.77475778735666e-21,
      "timestep_37": 8.147986719795178e-21,
      "timestep_38": 7.521218075614398e-21,
      "timestep_39": 6.894449431433617e-21,
      "timestep_4": 9.380535857539204e-18,
      "timestep_40": 6.267680787252837e-21,
      "timestep_41": 5.64091254696884e-21,
      "timestep_42": 2.5070721533424213e-21,
      "timestep_43": 2.1936880332004228e-21,
      "timestep_44": 1.880304115006816e-21,
      "timestep_45": 1.5669198938906216e-21,
      "timestep_46": 5.6303408116353815e-12,
      "timestep_47": 7.524838391281818e-12,
      "timestep_48": 1.4180065108226891e-11,
      "timestep_49": 1.315707612303818e-11,
      "timestep_5": 6.455622316419554e-18,
      "timestep_6": 5.316001110844528e-18,
      "timestep_7": 3.970465285893308e-18,
      "timestep_8": 3.0585757951457153e-18,
      "timestep_9": 2.3726596400384217e-18
    },
    "temporal_importance": [
      4.410516049602187e-11,
      9.37277946227999e-12,
      1.262851678101032e-17,
      1.0460973531056979e-17,
      9.380535857539204e-18,
      6.455622316419554e-18,
      5.316001110844528e-18,
      3.970465285893308e-18,
      3.0585757951457153e-18,
      2.3726596400384217e-18,
      1.7307592128911467e-18,
      1.293253874334806e-18,
      1.0204285118116208e-18,
      7.353433503334223e-19,
      5.742063439601963e-19,
      4.463631504470765e-19,
      3.5786731016127327e-19,
      3.130524740307402e-19,
      2.2859712669392293e-19,
      1.9197033172720206e-19,
      1.5169914700263448e-19,
      1.3826701339978335e-19,
      1.3517577482718733e-19,
      9.758687833518779e-20,
      9.520868883765809e-20,
      7.466874732750365e-20,
      6.070060068771816e-20,
      4.5861852915569146e-20,
      4.386784680730484e-20,
      3.6569664574492157e-20,
      3.4828245821089163e-20,
      3.5049361538582244e-20,
      2.834202213885397e-20,
      2.2174975466377737e-20,
      1.813097507772408e-20,
      9.401528047124574e-21,
      8.77475778735666e-21,
      8.147986719795178e-21,
      7.521218075614398e-21,
      6.894449431433617e-21,
      6.267680787252837e-21,
      5.64091254696884e-21,
      2.5070721533424213e-21,
      2.1936880332004228e-21,
      1.880304115006816e-21,
      1.5669198938906216e-21,
      5.6303408116353815e-12,
      7.524838391281818e-12,
      1.4180065108226891e-11,
      1.315707612303818e-11
    ],
    "trend_analysis": {
      "confidence_level": "high",
      "prediction_trend": "stable"
    }
  }
}