{
  "confidence": 0.7,
  "employee_data": {
    "Age": 55,
    "AgeFactor": 0,
    "Attrition": "No",
    "BusinessTravel": "Travel_Rarely",
    "DailyRate": 1117,
    "Department": "Sales",
    "DistanceFromHome": 18,
    "Education": 5,
    "EducationField": "Life Sciences",
    "EmployeeCount": 1,
    "EmployeeNumber": 597,
    "EnvironmentSatisfaction": 1,
    "Gender": "Female",
    "HourlyRate": 83,
    "JobInvolvement": 3,
    "JobLevel": 4,
    "JobRole": "Manager",
    "JobSatisfaction": 2,
    "MaritalStatus": "Single",
    "MonthlyIncome": 16835,
    "MonthlyRate": 9873,
    "Norm_EnvironmentSatisfaction": 0,
    "Norm_JobInvolvement": 0.6666666666666666,
    "Norm_JobLevel": 0.75,
    "Norm_JobSatisfaction": 0.3333333333333333,
    "Norm_MonthlyIncome": 0.8333859926276987,
    "Norm_NumCompaniesWorked": 0.3333333333333333,
    "Norm_PercentSalaryHike": 0.8571428571428571,
    "Norm_PerformanceRating": 1,
    "Norm_RelationshipSatisfaction": 1,
    "Norm_TotalWorkingYears": 0.925,
    "Norm_TrainingTimesLastYear": 0.3333333333333333,
    "Norm_WorkLifeBalance": 0.6666666666666666,
    "Norm_YearsAtCompany": 0.25,
    "Norm_YearsSinceLastPromotion": 0.4666666666666667,
    "NumCompaniesWorked": 3,
    "Over18": "Y",
    "OverTime": "No",
    "OverTime_bin": 0,
    "PercentSalaryHike": 23,
    "PerformanceRating": 4,
    "Prob_N01": 0.0014602118784476,
    "Prob_N02": 0.2272840586862347,
    "Prob_N03": 0.0015314279411648,
    "Prob_P01": 0.0029828143324291,
    "Prob_P02": 0.0651179730634592,
    "Prob_P03": 0.0307595524574685,
    "Prob_P04": 0.0032029914330281,
    "Prob_S01": 0.0864472091138696,
    "Prob_S02": 0.5304998326800533,
    "Prob_S03": 0.0507139284138447,
    "RelationshipSatisfaction": 4,
    "Score_N01": 0.1952380952380952,
    "Score_N02": 0.7,
    "Score_N03": 0.2,
    "Score_P01": 0.2666666666666667,
    "Score_P02": 0.575,
    "Score_P03": 0.5,
    "Score_P04": 0.2737884600917777,
    "Score_S01": 0.6033333333333335,
    "Score_S02": 0.7847619047619048,
    "Score_S03": 0.55,
    "StandardHours": 80,
    "StockOptionLevel": 0,
    "TotalWorkingYears": 37,
    "TrainingTimesLastYear": 2,
    "WorkLifeBalance": 3,
    "YearsAtCompany": 10,
    "YearsInCurrentRole": 9,
    "YearsSinceLastPromotion": 7,
    "YearsWithCurrManager": 7,
    "argmax_Persona": "라이징 스타",
    "argmax_Persona_Code": "S02",
    "argmax_RiskTier": "Stable",
    "is_married": 0,
    "softmax_Persona": "라이징 스타",
    "softmax_Persona_Code": "S02",
    "softmax_RiskTier": "Stable"
  },
  "employee_id": 597,
  "feature_importance": {},
  "lime_explanation": {},
  "model_interpretation": {},
  "predicted_attrition": 0,
  "risk_score": 0.01164419949054718,
  "shap_values": {},
  "xai_explanation": {}
}