{
  "prediction": {
    "risk_score": 1.3279447203921364e-26,
    "attrition_probability": 1.3279447203921364e-26
  },
  "confidence": 0.8
}