{
  "prediction": {
    "employee_id": "2014",
    "attrition_probability": 0.49628758430480957,
    "attrition_prediction": 1,
    "risk_category": "MEDIUM",
    "confidence_score": 0.007424831390380859,
    "prediction_timestamp": "2025-09-23T22:54:05.398368"
  },
  "explanation": {
    "employee_id": "2014",
    "feature_importance": {
      "RelationshipSatisfaction": 0.03405288979411125,
      "Education": 0.02487798221409321,
      "JobInvolvement": 0.03501373156905174,
      "EnvironmentSatisfaction": 0.048257846385240555,
      "JobLevel": 0.07228615880012512,
      "JobSatisfaction": 0.04019258916378021,
      "StockOptionLevel": 0.07264421880245209,
      "WorkLifeBalance": 0.03580893576145172,
      "Department": 0.037670474499464035,
      "JobRole": 0.046762410551309586,
      "MaritalStatus": 0.036864522844552994,
      "OverTime": 0.0779639258980751,
      "Age": 0.04039482772350311,
      "DailyRate": 0.03578038513660431,
      "DistanceFromHome": 0.036774344742298126,
      "MonthlyIncome": 0.04666806384921074,
      "NumCompaniesWorked": 0.050036631524562836,
      "TotalWorkingYears": 0.04981709271669388,
      "TrainingTimesLastYear": 0.02378365956246853,
      "YearsAtCompany": 0.02968277968466282,
      "YearsInCurrentRole": 0.03649982064962387,
      "YearsSinceLastPromotion": 0.03537580743432045,
      "YearsWithCurrManager": 0.05279093235731125
    },
    "shap_values": {
      "RelationshipSatisfaction": 0.14140328764915466,
      "Education": -0.07978565245866776,
      "JobInvolvement": -0.10431330651044846,
      "EnvironmentSatisfaction": 1.0764622688293457,
      "JobLevel": -0.03485714644193649,
      "JobSatisfaction": -0.40539273619651794,
      "StockOptionLevel": 0.19011631608009338,
      "WorkLifeBalance": -0.11360158026218414,
      "Department": -0.01776709221303463,
      "JobRole": -0.04633916914463043,
      "MaritalStatus": -0.08836629986763,
      "OverTime": -0.3654988706111908,
      "Age": -0.55851811170578,
      "DailyRate": 0.05860487371683121,
      "DistanceFromHome": 0.5451253652572632,
      "MonthlyIncome": -0.26464709639549255,
      "NumCompaniesWorked": 0.382013738155365,
      "TotalWorkingYears": -0.20221209526062012,
      "TrainingTimesLastYear": -0.010268137790262699,
      "YearsAtCompany": -0.019553182646632195,
      "YearsInCurrentRole": -0.11106262356042862,
      "YearsSinceLastPromotion": -0.11181962490081787,
      "YearsWithCurrManager": -0.1498580276966095
    },
    "lime_explanation": {
      "features": [
        "OverTime=0",
        "NumCompaniesWorked > 4.00",
        "EnvironmentSatisfaction <= 2.00",
        "DistanceFromHome > 14.00",
        "StockOptionLevel <= 0.00",
        "RelationshipSatisfaction <= 2.00",
        "3.00 < JobSatisfaction <= 4.00",
        "35.00 < Age <= 42.00",
        "2.00 < JobInvolvement <= 3.00",
        "2.00 < WorkLifeBalance <= 3.00"
      ],
      "values": [
        -0.21295611702979272,
        0.15239453148145513,
        0.11009660679600636,
        0.10774479106344013,
        0.10491117705710348,
        0.09419892942631224,
        -0.08378620345113943,
        -0.07286574855571046,
        -0.06626868640687014,
        -0.06488368937080596
      ],
      "intercept": 0.38671489424391087
    },
    "top_risk_factors": [
      {
        "feature": "EnvironmentSatisfaction",
        "impact": 1.0764622688293457,
        "type": "risk"
      },
      {
        "feature": "DistanceFromHome",
        "impact": 0.5451253652572632,
        "type": "risk"
      },
      {
        "feature": "NumCompaniesWorked",
        "impact": 0.382013738155365,
        "type": "risk"
      }
    ],
    "top_protective_factors": [
      {
        "feature": "Age",
        "impact": 0.55851811170578,
        "type": "protective"
      },
      {
        "feature": "JobSatisfaction",
        "impact": 0.40539273619651794,
        "type": "protective"
      }
    ],
    "explanation_timestamp": "2025-09-23T22:54:05.489905"
  },
  "agent_type": "structura",
  "analysis_type": "individual"
}