{
  "prediction": {
    "employee_id": "930",
    "attrition_probability": 0.29555365443229675,
    "attrition_prediction": 1,
    "risk_category": "LOW",
    "confidence_score": 0.4088926911354065,
    "prediction_timestamp": "2025-09-23T22:52:49.364879"
  },
  "explanation": {
    "employee_id": "930",
    "feature_importance": {
      "RelationshipSatisfaction": 0.03405288979411125,
      "Education": 0.02487798221409321,
      "JobInvolvement": 0.03501373156905174,
      "EnvironmentSatisfaction": 0.048257846385240555,
      "JobLevel": 0.07228615880012512,
      "JobSatisfaction": 0.04019258916378021,
      "StockOptionLevel": 0.07264421880245209,
      "WorkLifeBalance": 0.03580893576145172,
      "Department": 0.037670474499464035,
      "JobRole": 0.046762410551309586,
      "MaritalStatus": 0.036864522844552994,
      "OverTime": 0.0779639258980751,
      "Age": 0.04039482772350311,
      "DailyRate": 0.03578038513660431,
      "DistanceFromHome": 0.036774344742298126,
      "MonthlyIncome": 0.04666806384921074,
      "NumCompaniesWorked": 0.050036631524562836,
      "TotalWorkingYears": 0.04981709271669388,
      "TrainingTimesLastYear": 0.02378365956246853,
      "YearsAtCompany": 0.02968277968466282,
      "YearsInCurrentRole": 0.03649982064962387,
      "YearsSinceLastPromotion": 0.03537580743432045,
      "YearsWithCurrManager": 0.05279093235731125
    },
    "shap_values": {
      "RelationshipSatisfaction": -0.026397475972771645,
      "Education": 0.048175230622291565,
      "JobInvolvement": -0.11879316717386246,
      "EnvironmentSatisfaction": -0.2147907316684723,
      "JobLevel": 0.06011158227920532,
      "JobSatisfaction": -0.05682973563671112,
      "StockOptionLevel": -0.41524142026901245,
      "WorkLifeBalance": -0.153436541557312,
      "Department": 0.017166128382086754,
      "JobRole": -0.09121861308813095,
      "MaritalStatus": -0.09985075891017914,
      "OverTime": -0.7825629711151123,
      "Age": 0.47514966130256653,
      "DailyRate": -0.5259145498275757,
      "DistanceFromHome": -7.330812513828278e-05,
      "MonthlyIncome": 0.4092654585838318,
      "NumCompaniesWorked": 0.5986571907997131,
      "TotalWorkingYears": 0.11519492417573929,
      "TrainingTimesLastYear": -0.0033939010463654995,
      "YearsAtCompany": -0.0002981191501021385,
      "YearsInCurrentRole": 0.015691282227635384,
      "YearsSinceLastPromotion": -0.06063326448202133,
      "YearsWithCurrManager": -0.3338233530521393
    },
    "lime_explanation": {
      "features": [
        "OverTime=0",
        "NumCompaniesWorked > 4.00",
        "RelationshipSatisfaction <= 2.00",
        "MonthlyIncome <= 2922.25",
        "0.00 < StockOptionLevel <= 1.00",
        "Age <= 30.00",
        "2.00 < JobInvolvement <= 3.00",
        "YearsWithCurrManager <= 2.00",
        "2.00 < WorkLifeBalance <= 3.00",
        "2.00 < EnvironmentSatisfaction <= 3.00"
      ],
      "values": [
        -0.22272415420223696,
        0.1573781202940354,
        0.09041979506194159,
        0.08370221385328366,
        -0.08235842931359387,
        0.07944901423325247,
        -0.06320967079958992,
        0.06262178601877877,
        -0.06229433529301919,
        -0.06166515409163486
      ],
      "intercept": 0.4466354895096635
    },
    "top_risk_factors": [
      {
        "feature": "NumCompaniesWorked",
        "impact": 0.5986571907997131,
        "type": "risk"
      },
      {
        "feature": "Age",
        "impact": 0.47514966130256653,
        "type": "risk"
      }
    ],
    "top_protective_factors": [
      {
        "feature": "OverTime",
        "impact": 0.7825629711151123,
        "type": "protective"
      },
      {
        "feature": "DailyRate",
        "impact": 0.5259145498275757,
        "type": "protective"
      },
      {
        "feature": "StockOptionLevel",
        "impact": 0.41524142026901245,
        "type": "protective"
      }
    ],
    "explanation_timestamp": "2025-09-23T22:52:49.440446"
  },
  "agent_type": "structura",
  "analysis_type": "individual"
}