{
  "confidence": 0.7,
  "employee_data": {
    "Age": 32,
    "AgeFactor": 1,
    "Attrition": "No",
    "BusinessTravel": "Non-Travel",
    "DailyRate": 953,
    "Department": "Research & Development",
    "DistanceFromHome": 5,
    "Education": 4,
    "EducationField": "Technical Degree",
    "EmployeeCount": 1,
    "EmployeeNumber": 1764,
    "EnvironmentSatisfaction": 2,
    "Gender": "Male",
    "HourlyRate": 65,
    "JobInvolvement": 3,
    "JobLevel": 1,
    "JobRole": "Research Scientist",
    "JobSatisfaction": 2,
    "MaritalStatus": "Single",
    "MonthlyIncome": 2718,
    "MonthlyRate": 17674,
    "Norm_EnvironmentSatisfaction": 0.3333333333333333,
    "Norm_JobInvolvement": 0.6666666666666666,
    "Norm_JobLevel": 0,
    "Norm_JobSatisfaction": 0.3333333333333333,
    "Norm_MonthlyIncome": 0.0899947340705634,
    "Norm_NumCompaniesWorked": 0.2222222222222222,
    "Norm_PercentSalaryHike": 0.2142857142857142,
    "Norm_PerformanceRating": 0,
    "Norm_RelationshipSatisfaction": 0.3333333333333333,
    "Norm_TotalWorkingYears": 0.3,
    "Norm_TrainingTimesLastYear": 0.5,
    "Norm_WorkLifeBalance": 0.6666666666666666,
    "Norm_YearsAtCompany": 0.175,
    "Norm_YearsSinceLastPromotion": 0,
    "NumCompaniesWorked": 2,
    "Over18": "Y",
    "OverTime": "No",
    "OverTime_bin": 0,
    "PercentSalaryHike": 14,
    "PerformanceRating": 3,
    "Prob_N01": 0.1452922362152583,
    "Prob_N02": 0.0079564683883011,
    "Prob_N03": 0.0421254427187398,
    "Prob_P01": 0.0111041461425178,
    "Prob_P02": 0.4922492685539987,
    "Prob_P03": 0.0024776699070915,
    "Prob_P04": 0.2505178323045745,
    "Prob_S01": 0.0089908505421759,
    "Prob_S02": 0.0237890009008722,
    "Prob_S03": 0.0154970843264696,
    "RelationshipSatisfaction": 2,
    "Score_N01": 0.6238095238095238,
    "Score_N02": 0.3333333333333333,
    "Score_N03": 0.5,
    "Score_P01": 0.3666666666666667,
    "Score_P02": 0.7458333333333333,
    "Score_P03": 0.2166666666666666,
    "Score_P04": 0.6782878206574889,
    "Score_S01": 0.3455555555555555,
    "Score_S02": 0.4428571428571429,
    "Score_S03": 0.4,
    "StandardHours": 80,
    "StockOptionLevel": 0,
    "TotalWorkingYears": 12,
    "TrainingTimesLastYear": 3,
    "WorkLifeBalance": 3,
    "YearsAtCompany": 7,
    "YearsInCurrentRole": 7,
    "YearsSinceLastPromotion": 0,
    "YearsWithCurrManager": 7,
    "argmax_Persona": "온보딩에 실패한 직원",
    "argmax_Persona_Code": "P02",
    "argmax_RiskTier": "High",
    "is_married": 0,
    "softmax_Persona": "온보딩에 실패한 직원",
    "softmax_Persona_Code": "P02",
    "softmax_RiskTier": "High"
  },
  "employee_id": 1764,
  "feature_importance": {},
  "lime_explanation": {},
  "model_interpretation": {},
  "predicted_attrition": 0,
  "risk_score": 0.11547621339559555,
  "shap_values": {},
  "xai_explanation": {}
}