{
  "prediction": {
    "risk_score": 0.0004993724869564176,
    "attrition_probability": 0.0004993724869564176
  },
  "confidence": 0.8
}