{
  "confidence": 0.8,
  "employee_id": "961",
  "features_used": 11,
  "model_metadata": {
    "feature_dimensions": 11,
    "model_type": "GRU_CNN_Hybrid",
    "sequence_length": 50,
    "training_optimized": true
  },
  "predicted_attrition": 0,
  "risk_score": 3.1836186735745287e-06,
  "sequence_length": 50,
  "xai_explanation": {
    "attention_weights": [
      [
        0.020001567900180817,
        0.020000459626317024,
        0.020000429823994637,
        0.020000401884317398,
        0.020000364631414413,
        0.02000032737851143,
        0.020000293850898743,
        0.02000025287270546,
        0.020000210031867027,
        0.020000170916318893,
        0.020000142976641655,
        0.020000116899609566,
        0.020000090822577477,
        0.02000005915760994,
        0.020000034943223,
        0.020000014454126358,
        0.019999990239739418,
        0.019999971613287926,
        0.019999954849481583,
        0.01999993808567524,
        0.019999921321868896,
        0.019999908283352852,
        0.019999898970127106,
        0.01999988779425621,
        0.019999876618385315,
        0.019999871030449867,
        0.01999986171722412,
        0.019999854266643524,
        0.019999846816062927,
        0.01999984309077263,
        0.01999983750283718,
        0.019999833777546883,
        0.019999828189611435,
        0.019999822601675987,
        0.01999981887638569,
        0.01999981701374054,
        0.01999981328845024,
        0.019999811425805092,
        0.019999809563159943,
        0.019999805837869644,
        0.019999803975224495,
        0.019999802112579346,
        0.019999800249934196,
        0.019999800249934196,
        0.019999796524643898,
        0.01999979466199875,
        0.01999979466199875,
        0.01999979466199875,
        0.01999979466199875,
        0.0199997927993536
      ]
    ],
    "feature_names": [
      "day_of_week",
      "day_index",
      "system_login_hours",
      "work_focused_hours",
      "meeting_collaboration_hours",
      "social_dining_hours",
      "break_relaxation_hours",
      "shared_work_hours",
      "internal_comm_volume",
      "cafeteria_usage",
      "convenience_food_usage"
    ],
    "gradient_importance": [
      1.770831836722664e-08,
      6.83199674611501e-09,
      2.4179422908332526e-08,
      4.4700499302052776e-08,
      5.1711541715349085e-08,
      8.121335604016622e-09,
      3.5478842619340867e-07,
      3.776618129336384e-08,
      1.1765833107801882e-07,
      2.2863740412049083e-07,
      2.740814579738071e-07
    ],
    "sequence_importance": {
      "timestep_0": 2.4865973955456866e-06,
      "timestep_1": 5.326250516191067e-07,
      "timestep_10": 7.782620712161806e-14,
      "timestep_11": 6.763116949066658e-14,
      "timestep_12": 5.4819745341468454e-14,
      "timestep_13": 5.761870472929809e-14,
      "timestep_14": 4.576151740529055e-14,
      "timestep_15": 3.8446849192795216e-14,
      "timestep_16": 3.64009800221058e-14,
      "timestep_17": 3.02651817724129e-14,
      "timestep_18": 2.472577264461817e-14,
      "timestep_19": 2.1051816363813584e-14,
      "timestep_2": 3.81063128100656e-13,
      "timestep_20": 2.115214911048175e-14,
      "timestep_21": 1.5186136921000078e-14,
      "timestep_22": 1.3402725991215093e-14,
      "timestep_23": 1.197482071862337e-14,
      "timestep_24": 1.0460932284522915e-14,
      "timestep_25": 8.874326918933625e-15,
      "timestep_26": 7.482230811220025e-15,
      "timestep_27": 6.6422151084172525e-15,
      "timestep_28": 5.89051063717874e-15,
      "timestep_29": 4.909553734150536e-15,
      "timestep_3": 3.2911889359665825e-13,
      "timestep_30": 3.8279210361105275e-15,
      "timestep_31": 4.170431937343486e-15,
      "timestep_32": 2.761127720031704e-15,
      "timestep_33": 3.0899537452105854e-15,
      "timestep_34": 2.4350291409429813e-15,
      "timestep_35": 1.6291191138822852e-15,
      "timestep_36": 1.5205108553194443e-15,
      "timestep_37": 1.2279793448974623e-15,
      "timestep_38": 9.637440288696943e-16,
      "timestep_39": 1.0390585986495208e-15,
      "timestep_4": 2.581038681392922e-13,
      "timestep_40": 8.031194240764076e-16,
      "timestep_41": 7.228074128473399e-16,
      "timestep_42": 5.293121592886332e-16,
      "timestep_43": 3.684457795284646e-16,
      "timestep_44": 3.9698382829889925e-16,
      "timestep_45": 2.1221818893882397e-16,
      "timestep_46": 1.9354159164208795e-08,
      "timestep_47": 6.142834081401816e-07,
      "timestep_48": 7.234294230329397e-07,
      "timestep_49": 9.245495675713755e-07,
      "timestep_5": 2.1729060879164402e-13,
      "timestep_6": 1.8050909074765475e-13,
      "timestep_7": 1.5223233914771206e-13,
      "timestep_8": 1.28577622724238e-13,
      "timestep_9": 1.0204206593198914e-13
    },
    "temporal_importance": [
      2.4865973955456866e-06,
      5.326250516191067e-07,
      3.81063128100656e-13,
      3.2911889359665825e-13,
      2.581038681392922e-13,
      2.1729060879164402e-13,
      1.8050909074765475e-13,
      1.5223233914771206e-13,
      1.28577622724238e-13,
      1.0204206593198914e-13,
      7.782620712161806e-14,
      6.763116949066658e-14,
      5.4819745341468454e-14,
      5.761870472929809e-14,
      4.576151740529055e-14,
      3.8446849192795216e-14,
      3.64009800221058e-14,
      3.02651817724129e-14,
      2.472577264461817e-14,
      2.1051816363813584e-14,
      2.115214911048175e-14,
      1.5186136921000078e-14,
      1.3402725991215093e-14,
      1.197482071862337e-14,
      1.0460932284522915e-14,
      8.874326918933625e-15,
      7.482230811220025e-15,
      6.6422151084172525e-15,
      5.89051063717874e-15,
      4.909553734150536e-15,
      3.8279210361105275e-15,
      4.170431937343486e-15,
      2.761127720031704e-15,
      3.0899537452105854e-15,
      2.4350291409429813e-15,
      1.6291191138822852e-15,
      1.5205108553194443e-15,
      1.2279793448974623e-15,
      9.637440288696943e-16,
      1.0390585986495208e-15,
      8.031194240764076e-16,
      7.228074128473399e-16,
      5.293121592886332e-16,
      3.684457795284646e-16,
      3.9698382829889925e-16,
      2.1221818893882397e-16,
      1.9354159164208795e-08,
      6.142834081401816e-07,
      7.234294230329397e-07,
      9.245495675713755e-07
    ],
    "trend_analysis": {
      "confidence_level": "high",
      "prediction_trend": "stable"
    }
  }
}