{
  "confidence": 0.8,
  "employee_id": "142",
  "features_used": 11,
  "model_metadata": {
    "feature_dimensions": 11,
    "model_type": "GRU_CNN_Hybrid",
    "sequence_length": 50,
    "training_optimized": true
  },
  "predicted_attrition": 1,
  "risk_score": 1,
  "sequence_length": 50,
  "xai_explanation": {
    "attention_weights": [
      [
        0.020002909004688263,
        0.02000250294804573,
        0.020002154633402824,
        0.020001912489533424,
        0.020001638680696487,
        0.020001376047730446,
        0.02000114694237709,
        0.02000095136463642,
        0.02000080794095993,
        0.020000670105218887,
        0.02000051736831665,
        0.020000381395220757,
        0.020000262185931206,
        0.0200001522898674,
        0.020000077784061432,
        0.020000016316771507,
        0.019999954849481583,
        0.019999904558062553,
        0.019999844953417778,
        0.0199997890740633,
        0.019999723881483078,
        0.019999675452709198,
        0.01999964378774166,
        0.01999960094690323,
        0.01999957486987114,
        0.01999954879283905,
        0.01999952457845211,
        0.019999511539936066,
        0.019999494776129723,
        0.01999947428703308,
        0.019999461248517036,
        0.019999444484710693,
        0.01999942772090435,
        0.019999412819743156,
        0.01999940536916256,
        0.019999394193291664,
        0.019999384880065918,
        0.019999371841549873,
        0.019999366253614426,
        0.01999935880303383,
        0.019999351352453232,
        0.019999345764517784,
        0.019999342039227486,
        0.019999336451292038,
        0.01999933272600174,
        0.01999933272600174,
        0.019999327138066292,
        0.019999325275421143,
        0.019999321550130844,
        0.019999319687485695
      ]
    ],
    "feature_names": [
      "day_of_week",
      "day_index",
      "system_login_hours",
      "work_focused_hours",
      "meeting_collaboration_hours",
      "social_dining_hours",
      "break_relaxation_hours",
      "shared_work_hours",
      "internal_comm_volume",
      "cafeteria_usage",
      "convenience_food_usage"
    ],
    "gradient_importance": [
      7.878636631986069e-11,
      3.13148396102747e-11,
      7.584323447051844e-11,
      3.355290767448338e-10,
      1.5785209250829269e-10,
      6.535141872099359e-11,
      2.158784484507237e-09,
      1.579188724232239e-10,
      2.711328939142277e-10,
      1.4301103634650758e-09,
      1.4475568521632454e-09
    ],
    "sequence_importance": {
      "timestep_0": 9.26581422699968e-10,
      "timestep_1": 2.2142920160753317e-14,
      "timestep_10": 4.621338491869525e-15,
      "timestep_11": 3.526686897430218e-15,
      "timestep_12": 2.9273791117540417e-15,
      "timestep_13": 2.568138886296337e-15,
      "timestep_14": 1.903304631820568e-15,
      "timestep_15": 1.6552264692616756e-15,
      "timestep_16": 1.4049982194452968e-15,
      "timestep_17": 1.1135027361969252e-15,
      "timestep_18": 1.027453506118308e-15,
      "timestep_19": 8.656423140450365e-16,
      "timestep_2": 1.6847974905931547e-14,
      "timestep_20": 7.841090401247057e-16,
      "timestep_21": 6.127300285770456e-16,
      "timestep_22": 4.600882328555979e-16,
      "timestep_23": 4.703072089081882e-16,
      "timestep_24": 3.1734624058430316e-16,
      "timestep_25": 2.7921533192797672e-16,
      "timestep_26": 2.4867934419320597e-16,
      "timestep_27": 1.767653469988094e-16,
      "timestep_28": 1.531466670626807e-16,
      "timestep_29": 1.3085121140884082e-16,
      "timestep_3": 1.5126978445897943e-14,
      "timestep_30": 1.149506824532035e-16,
      "timestep_31": 1.1385838052815987e-16,
      "timestep_32": 9.428813426810248e-17,
      "timestep_33": 7.04530837360646e-17,
      "timestep_34": 5.2342007237607914e-17,
      "timestep_35": 5.618389391472475e-17,
      "timestep_36": 4.3307395003515937e-17,
      "timestep_37": 4.021396781441668e-17,
      "timestep_38": 2.6745521913252662e-17,
      "timestep_39": 2.4516708568146906e-17,
      "timestep_4": 1.1018673834136718e-14,
      "timestep_40": 1.6216768375622476e-17,
      "timestep_41": 1.6203351506086866e-17,
      "timestep_42": 9.968213768353015e-18,
      "timestep_43": 8.481377296804262e-18,
      "timestep_44": 6.560688729874508e-18,
      "timestep_45": 5.467237850960048e-18,
      "timestep_46": 5.297188382380469e-11,
      "timestep_47": 7.385924316594128e-09,
      "timestep_48": 9.453859028951683e-09,
      "timestep_49": 1.0408629513847245e-08,
      "timestep_5": 9.825764300233544e-15,
      "timestep_6": 9.545237152498286e-15,
      "timestep_7": 7.679241357388955e-15,
      "timestep_8": 6.085573007568986e-15,
      "timestep_9": 5.227537949362799e-15
    },
    "temporal_importance": [
      9.26581422699968e-10,
      2.2142920160753317e-14,
      1.6847974905931547e-14,
      1.5126978445897943e-14,
      1.1018673834136718e-14,
      9.825764300233544e-15,
      9.545237152498286e-15,
      7.679241357388955e-15,
      6.085573007568986e-15,
      5.227537949362799e-15,
      4.621338491869525e-15,
      3.526686897430218e-15,
      2.9273791117540417e-15,
      2.568138886296337e-15,
      1.903304631820568e-15,
      1.6552264692616756e-15,
      1.4049982194452968e-15,
      1.1135027361969252e-15,
      1.027453506118308e-15,
      8.656423140450365e-16,
      7.841090401247057e-16,
      6.127300285770456e-16,
      4.600882328555979e-16,
      4.703072089081882e-16,
      3.1734624058430316e-16,
      2.7921533192797672e-16,
      2.4867934419320597e-16,
      1.767653469988094e-16,
      1.531466670626807e-16,
      1.3085121140884082e-16,
      1.149506824532035e-16,
      1.1385838052815987e-16,
      9.428813426810248e-17,
      7.04530837360646e-17,
      5.2342007237607914e-17,
      5.618389391472475e-17,
      4.3307395003515937e-17,
      4.021396781441668e-17,
      2.6745521913252662e-17,
      2.4516708568146906e-17,
      1.6216768375622476e-17,
      1.6203351506086866e-17,
      9.968213768353015e-18,
      8.481377296804262e-18,
      6.560688729874508e-18,
      5.467237850960048e-18,
      5.297188382380469e-11,
      7.385924316594128e-09,
      9.453859028951683e-09,
      1.0408629513847245e-08
    ],
    "trend_analysis": {
      "confidence_level": "high",
      "prediction_trend": "increasing"
    }
  }
}