{
  "prediction": {
    "risk_score": 1.4298723162941437e-24,
    "attrition_probability": 1.4298723162941437e-24
  },
  "confidence": 0.8
}