{
  "confidence": 0.7,
  "employee_data": {
    "Age": 24,
    "AgeFactor": 0,
    "Attrition": "Yes",
    "BusinessTravel": "Travel_Frequently",
    "DailyRate": 1287,
    "Department": "Research & Development",
    "DistanceFromHome": 7,
    "Education": 3,
    "EducationField": "Life Sciences",
    "EmployeeCount": 1,
    "EmployeeNumber": 647,
    "EnvironmentSatisfaction": 1,
    "Gender": "Female",
    "HourlyRate": 55,
    "JobInvolvement": 3,
    "JobLevel": 1,
    "JobRole": "Laboratory Technician",
    "JobSatisfaction": 3,
    "MaritalStatus": "Married",
    "MonthlyIncome": 2886,
    "MonthlyRate": 14168,
    "Norm_EnvironmentSatisfaction": 0,
    "Norm_JobInvolvement": 0.6666666666666666,
    "Norm_JobLevel": 0,
    "Norm_JobSatisfaction": 0.6666666666666666,
    "Norm_MonthlyIncome": 0.0988414955239599,
    "Norm_NumCompaniesWorked": 0.1111111111111111,
    "Norm_PercentSalaryHike": 0.3571428571428571,
    "Norm_PerformanceRating": 0,
    "Norm_RelationshipSatisfaction": 1,
    "Norm_TotalWorkingYears": 0.15,
    "Norm_TrainingTimesLastYear": 0.6666666666666666,
    "Norm_WorkLifeBalance": 0.6666666666666666,
    "Norm_YearsAtCompany": 0.15,
    "Norm_YearsSinceLastPromotion": 0.0666666666666666,
    "NumCompaniesWorked": 1,
    "Over18": "Y",
    "OverTime": "Yes",
    "OverTime_bin": 1,
    "PercentSalaryHike": 16,
    "PerformanceRating": 3,
    "Prob_N01": 0.1454358760187244,
    "Prob_N02": 0.0027936649122187,
    "Prob_N03": 0.0561122597453827,
    "Prob_P01": 0.2970858009313187,
    "Prob_P02": 0.1958510306295662,
    "Prob_P03": 0.0027936649122187,
    "Prob_P04": 0.1818926925413079,
    "Prob_S01": 0.0074270749501717,
    "Prob_S02": 0.0322969684587767,
    "Prob_S03": 0.0783109669003141,
    "RelationshipSatisfaction": 4,
    "Score_N01": 0.5952380952380952,
    "Score_N02": 0.2,
    "Score_N03": 0.5,
    "Score_P01": 0.6666666666666666,
    "Score_P02": 0.625,
    "Score_P03": 0.2,
    "Score_P04": 0.6176062589332731,
    "Score_S01": 0.2977777777777778,
    "Score_S02": 0.4447619047619048,
    "Score_S03": 0.5333333333333333,
    "StandardHours": 80,
    "StockOptionLevel": 1,
    "TotalWorkingYears": 6,
    "TrainingTimesLastYear": 4,
    "WorkLifeBalance": 3,
    "YearsAtCompany": 6,
    "YearsInCurrentRole": 3,
    "YearsSinceLastPromotion": 1,
    "YearsWithCurrManager": 2,
    "argmax_Persona": "번아웃에 직면한 직원",
    "argmax_Persona_Code": "P01",
    "argmax_RiskTier": "High",
    "is_married": 1,
    "softmax_Persona": "온보딩에 실패한 직원",
    "softmax_Persona_Code": "P02",
    "softmax_RiskTier": "High"
  },
  "employee_id": 647,
  "feature_importance": {},
  "lime_explanation": {},
  "model_interpretation": {},
  "predicted_attrition": 0,
  "risk_score": 0.002266284776851535,
  "shap_values": {},
  "xai_explanation": {}
}