{
  "confidence": 0.7,
  "employee_data": {
    "Age": 31,
    "AgeFactor": 1,
    "Attrition": "Yes",
    "BusinessTravel": "Travel_Frequently",
    "DailyRate": 703,
    "Department": "Sales",
    "DistanceFromHome": 2,
    "Education": 3,
    "EducationField": "Life Sciences",
    "EmployeeCount": 1,
    "EmployeeNumber": 1379,
    "EnvironmentSatisfaction": 3,
    "Gender": "Female",
    "HourlyRate": 90,
    "JobInvolvement": 2,
    "JobLevel": 1,
    "JobRole": "Sales Representative",
    "JobSatisfaction": 4,
    "MaritalStatus": "Single",
    "MonthlyIncome": 2785,
    "MonthlyRate": 11882,
    "Norm_EnvironmentSatisfaction": 0.6666666666666666,
    "Norm_JobInvolvement": 0.3333333333333333,
    "Norm_JobLevel": 0,
    "Norm_JobSatisfaction": 1,
    "Norm_MonthlyIncome": 0.0935229067930489,
    "Norm_NumCompaniesWorked": 0.7777777777777778,
    "Norm_PercentSalaryHike": 0.2142857142857142,
    "Norm_PerformanceRating": 0,
    "Norm_RelationshipSatisfaction": 0.6666666666666666,
    "Norm_TotalWorkingYears": 0.075,
    "Norm_TrainingTimesLastYear": 0.5,
    "Norm_WorkLifeBalance": 1,
    "Norm_YearsAtCompany": 0.025,
    "Norm_YearsSinceLastPromotion": 0,
    "NumCompaniesWorked": 7,
    "Over18": "Y",
    "OverTime": "No",
    "OverTime_bin": 0,
    "PercentSalaryHike": 14,
    "PerformanceRating": 3,
    "Prob_N01": 0.5716993160110415,
    "Prob_N02": 0.0011168563894771,
    "Prob_N03": 0.0313072993708768,
    "Prob_P01": 0.0005734131898584,
    "Prob_P02": 0.1462793198698555,
    "Prob_P03": 0.0035865280244606,
    "Prob_P04": 0.1835738048282419,
    "Prob_S01": 0.0004908070124457,
    "Prob_S02": 0.0176797993058563,
    "Prob_S03": 0.0436928559978856,
    "RelationshipSatisfaction": 3,
    "Score_N01": 0.7904761904761904,
    "Score_N02": 0.1666666666666666,
    "Score_N03": 0.5,
    "Score_P01": 0.1,
    "Score_P02": 0.6541666666666667,
    "Score_P03": 0.2833333333333333,
    "Score_P04": 0.6768765515684947,
    "Score_S01": 0.0844444444444444,
    "Score_S02": 0.4428571428571429,
    "Score_S03": 0.5333333333333333,
    "StandardHours": 80,
    "StockOptionLevel": 0,
    "TotalWorkingYears": 3,
    "TrainingTimesLastYear": 3,
    "WorkLifeBalance": 4,
    "YearsAtCompany": 1,
    "YearsInCurrentRole": 0,
    "YearsSinceLastPromotion": 0,
    "YearsWithCurrManager": 0,
    "argmax_Persona": "현상 유지자",
    "argmax_Persona_Code": "N01",
    "argmax_RiskTier": "Neutral",
    "is_married": 0,
    "softmax_Persona": "신규 부모",
    "softmax_Persona_Code": "N03",
    "softmax_RiskTier": "Neutral"
  },
  "employee_id": 1379,
  "feature_importance": {},
  "lime_explanation": {},
  "model_interpretation": {},
  "predicted_attrition": 0,
  "risk_score": 0.9880444407463074,
  "shap_values": {},
  "xai_explanation": {}
}