{
  "confidence": 0.8,
  "employee_id": "42",
  "features_used": 11,
  "model_metadata": {
    "feature_dimensions": 11,
    "model_type": "GRU_CNN_Hybrid",
    "sequence_length": 50,
    "training_optimized": true
  },
  "predicted_attrition": 1,
  "risk_score": 0.9999998807907104,
  "sequence_length": 50,
  "xai_explanation": {
    "attention_weights": [
      [
        0.02000276744365692,
        0.02000250108540058,
        0.02000219188630581,
        0.020001964643597603,
        0.020001685246825218,
        0.020001497119665146,
        0.020001264289021492,
        0.020001046359539032,
        0.020000824704766273,
        0.020000658929347992,
        0.020000498741865158,
        0.020000379532575607,
        0.020000269636511803,
        0.020000183954834938,
        0.020000088959932327,
        0.02000000700354576,
        0.019999949261546135,
        0.019999878481030464,
        0.019999826326966286,
        0.019999762997031212,
        0.01999972015619278,
        0.019999684765934944,
        0.019999640062451363,
        0.019999604672193527,
        0.01999957114458084,
        0.019999539479613304,
        0.019999511539936066,
        0.019999489188194275,
        0.019999468699097633,
        0.01999945193529129,
        0.019999435171484947,
        0.019999418407678604,
        0.01999940536916256,
        0.019999394193291664,
        0.01999937929213047,
        0.019999369978904724,
        0.019999360665678978,
        0.01999935321509838,
        0.019999343901872635,
        0.019999336451292038,
        0.01999932900071144,
        0.019999325275421143,
        0.019999319687485695,
        0.019999315962195396,
        0.01999931037425995,
        0.01999930664896965,
        0.019999302923679352,
        0.019999301061034203,
        0.019999299198389053,
        0.019999297335743904
      ]
    ],
    "feature_names": [
      "day_of_week",
      "day_index",
      "system_login_hours",
      "work_focused_hours",
      "meeting_collaboration_hours",
      "social_dining_hours",
      "break_relaxation_hours",
      "shared_work_hours",
      "internal_comm_volume",
      "cafeteria_usage",
      "convenience_food_usage"
    ],
    "gradient_importance": [
      3.062439191126032e-10,
      1.2256626269468995e-10,
      2.9764682385469143e-10,
      1.3095413642361109e-09,
      6.139203589938802e-10,
      2.4670548937066883e-10,
      8.416008334677372e-09,
      6.143910935563213e-10,
      1.0592047239299518e-09,
      5.579784634335283e-09,
      5.642432299168831e-09
    ],
    "sequence_importance": {
      "timestep_0": 3.503206391641811e-09,
      "timestep_1": 8.741198411800488e-14,
      "timestep_10": 1.8975604778887628e-14,
      "timestep_11": 1.529736420543583e-14,
      "timestep_12": 1.1797116594421207e-14,
      "timestep_13": 1.099630115290089e-14,
      "timestep_14": 9.673527915656475e-15,
      "timestep_15": 7.59809051884431e-15,
      "timestep_16": 6.030259638530912e-15,
      "timestep_17": 5.6220892843256414e-15,
      "timestep_18": 4.400084168684282e-15,
      "timestep_19": 3.9470680786031064e-15,
      "timestep_2": 6.846572733667372e-14,
      "timestep_20": 3.091274057817118e-15,
      "timestep_21": 2.2598112701992462e-15,
      "timestep_22": 2.5516134852536423e-15,
      "timestep_23": 1.8869562606638494e-15,
      "timestep_24": 1.615666960130466e-15,
      "timestep_25": 1.390134167649523e-15,
      "timestep_26": 1.0956715279869197e-15,
      "timestep_27": 9.252139824067539e-16,
      "timestep_28": 7.246546858261831e-16,
      "timestep_29": 6.406652810566108e-16,
      "timestep_3": 6.771838677917946e-14,
      "timestep_30": 5.821131756655917e-16,
      "timestep_31": 4.761056788277359e-16,
      "timestep_32": 3.430336264405331e-16,
      "timestep_33": 3.2514995512735703e-16,
      "timestep_34": 2.8885141696395806e-16,
      "timestep_35": 2.149406719453075e-16,
      "timestep_36": 1.806165278772889e-16,
      "timestep_37": 1.4485339394589345e-16,
      "timestep_38": 1.385257269576588e-16,
      "timestep_39": 1.1127187277949025e-16,
      "timestep_4": 4.835679586249163e-14,
      "timestep_40": 9.40153367195274e-17,
      "timestep_41": 5.653745076086462e-17,
      "timestep_42": 5.0255470612222504e-17,
      "timestep_43": 4.397350038974774e-17,
      "timestep_44": 3.170879749447294e-17,
      "timestep_45": 2.6423985228624725e-17,
      "timestep_46": 2.296202811225001e-11,
      "timestep_47": 2.6003645459127256e-08,
      "timestep_48": 3.647125623729153e-08,
      "timestep_49": 4.4036756463583515e-08,
      "timestep_5": 4.140942146471649e-14,
      "timestep_6": 4.225610543439652e-14,
      "timestep_7": 3.2536432857839526e-14,
      "timestep_8": 2.87982291279857e-14,
      "timestep_9": 2.4304783717305628e-14
    },
    "temporal_importance": [
      3.503206391641811e-09,
      8.741198411800488e-14,
      6.846572733667372e-14,
      6.771838677917946e-14,
      4.835679586249163e-14,
      4.140942146471649e-14,
      4.225610543439652e-14,
      3.2536432857839526e-14,
      2.87982291279857e-14,
      2.4304783717305628e-14,
      1.8975604778887628e-14,
      1.529736420543583e-14,
      1.1797116594421207e-14,
      1.099630115290089e-14,
      9.673527915656475e-15,
      7.59809051884431e-15,
      6.030259638530912e-15,
      5.6220892843256414e-15,
      4.400084168684282e-15,
      3.9470680786031064e-15,
      3.091274057817118e-15,
      2.2598112701992462e-15,
      2.5516134852536423e-15,
      1.8869562606638494e-15,
      1.615666960130466e-15,
      1.390134167649523e-15,
      1.0956715279869197e-15,
      9.252139824067539e-16,
      7.246546858261831e-16,
      6.406652810566108e-16,
      5.821131756655917e-16,
      4.761056788277359e-16,
      3.430336264405331e-16,
      3.2514995512735703e-16,
      2.8885141696395806e-16,
      2.149406719453075e-16,
      1.806165278772889e-16,
      1.4485339394589345e-16,
      1.385257269576588e-16,
      1.1127187277949025e-16,
      9.40153367195274e-17,
      5.653745076086462e-17,
      5.0255470612222504e-17,
      4.397350038974774e-17,
      3.170879749447294e-17,
      2.6423985228624725e-17,
      2.296202811225001e-11,
      2.6003645459127256e-08,
      3.647125623729153e-08,
      4.4036756463583515e-08
    ],
    "trend_analysis": {
      "confidence_level": "high",
      "prediction_trend": "increasing"
    }
  }
}