{
  "confidence": 0.8,
  "employee_id": "578",
  "features_used": 11,
  "model_metadata": {
    "feature_dimensions": 11,
    "model_type": "GRU_CNN_Hybrid",
    "sequence_length": 50,
    "training_optimized": true
  },
  "predicted_attrition": 0,
  "risk_score": 7.541024479819689e-17,
  "sequence_length": 50,
  "xai_explanation": {
    "attention_weights": [
      [
        0.02000347711145878,
        0.0199999138712883,
        0.019999956712126732,
        0.019999980926513672,
        0.020000005140900612,
        0.020000016316771507,
        0.020000014454126358,
        0.020000016316771507,
        0.02000000700354576,
        0.020000005140900612,
        0.019999999552965164,
        0.019999995827674866,
        0.01999998465180397,
        0.019999975338578224,
        0.019999971613287926,
        0.01999996416270733,
        0.019999956712126732,
        0.019999949261546135,
        0.019999941810965538,
        0.01999993808567524,
        0.019999932497739792,
        0.019999928772449493,
        0.019999923184514046,
        0.019999919459223747,
        0.0199999138712883,
        0.01999991200864315,
        0.019999906420707703,
        0.019999904558062553,
        0.019999902695417404,
        0.019999898970127106,
        0.019999898970127106,
        0.019999897107481956,
        0.019999895244836807,
        0.01999988965690136,
        0.01999988965690136,
        0.01999988965690136,
        0.01999988779425621,
        0.01999988779425621,
        0.01999988593161106,
        0.01999988593161106,
        0.01999988593161106,
        0.019999882206320763,
        0.019999880343675613,
        0.019999880343675613,
        0.019999880343675613,
        0.019999880343675613,
        0.019999880343675613,
        0.019999880343675613,
        0.019999878481030464,
        0.019999878481030464
      ]
    ],
    "feature_names": [
      "day_of_week",
      "day_index",
      "system_login_hours",
      "work_focused_hours",
      "meeting_collaboration_hours",
      "social_dining_hours",
      "break_relaxation_hours",
      "shared_work_hours",
      "internal_comm_volume",
      "cafeteria_usage",
      "convenience_food_usage"
    ],
    "gradient_importance": [
      4.457129864856098e-19,
      3.3036451122146836e-19,
      7.023150624499456e-19,
      8.13433904748162e-19,
      1.6256048080985322e-18,
      4.923085873786047e-19,
      9.277170541013965e-18,
      1.11310799899117e-18,
      3.3751444330146594e-18,
      5.862967673450317e-18,
      7.429231681777637e-18
    ],
    "sequence_importance": {
      "timestep_0": 6.781648854694368e-17,
      "timestep_1": 1.952475628945064e-17,
      "timestep_10": 1.5870341162129313e-24,
      "timestep_11": 1.1150706667480046e-24,
      "timestep_12": 8.754438129877412e-25,
      "timestep_13": 6.641684722497013e-25,
      "timestep_14": 5.365870827320518e-25,
      "timestep_15": 4.146659674245893e-25,
      "timestep_16": 3.606599335555766e-25,
      "timestep_17": 3.3281546088018396e-25,
      "timestep_18": 2.3560208542182576e-25,
      "timestep_19": 2.4362997772761396e-25,
      "timestep_2": 1.2030879011341295e-23,
      "timestep_20": 2.0198109248629076e-25,
      "timestep_21": 1.9715326374633817e-25,
      "timestep_22": 1.4508253987091388e-25,
      "timestep_23": 1.316120126831181e-25,
      "timestep_24": 1.4286104593205329e-25,
      "timestep_25": 1.0942529972377714e-25,
      "timestep_26": 1.0488593523015092e-25,
      "timestep_27": 7.673781889898224e-26,
      "timestep_28": 7.342200232125709e-26,
      "timestep_29": 6.242385149208547e-26,
      "timestep_3": 8.93303091400834e-24,
      "timestep_30": 5.148048027350805e-26,
      "timestep_31": 4.8925131771391775e-26,
      "timestep_32": 4.099289193184953e-26,
      "timestep_33": 3.8233376366700745e-26,
      "timestep_34": 2.909504215878544e-26,
      "timestep_35": 2.3353891216885753e-26,
      "timestep_36": 2.1845492099233982e-26,
      "timestep_37": 1.500478152976496e-26,
      "timestep_38": 1.3850567091861822e-26,
      "timestep_39": 1.2696351883586707e-26,
      "timestep_4": 7.742605098150003e-24,
      "timestep_40": 1.154213744568357e-26,
      "timestep_41": 1.0387922237408455e-26,
      "timestep_42": 9.233708569877296e-27,
      "timestep_43": 5.2605150946064284e-27,
      "timestep_44": 4.5090122228886736e-27,
      "timestep_45": 2.1529032920421993e-27,
      "timestep_46": 1.7223223640035672e-27,
      "timestep_47": 1.1275311337419509e-17,
      "timestep_48": 1.7893304658589853e-17,
      "timestep_49": 2.6523559576402633e-17,
      "timestep_5": 5.63829693979806e-24,
      "timestep_6": 4.046018279071993e-24,
      "timestep_7": 3.54979952613901e-24,
      "timestep_8": 2.297902513102231e-24,
      "timestep_9": 1.9659088234181578e-24
    },
    "temporal_importance": [
      6.781648854694368e-17,
      1.952475628945064e-17,
      1.2030879011341295e-23,
      8.93303091400834e-24,
      7.742605098150003e-24,
      5.63829693979806e-24,
      4.046018279071993e-24,
      3.54979952613901e-24,
      2.297902513102231e-24,
      1.9659088234181578e-24,
      1.5870341162129313e-24,
      1.1150706667480046e-24,
      8.754438129877412e-25,
      6.641684722497013e-25,
      5.365870827320518e-25,
      4.146659674245893e-25,
      3.606599335555766e-25,
      3.3281546088018396e-25,
      2.3560208542182576e-25,
      2.4362997772761396e-25,
      2.0198109248629076e-25,
      1.9715326374633817e-25,
      1.4508253987091388e-25,
      1.316120126831181e-25,
      1.4286104593205329e-25,
      1.0942529972377714e-25,
      1.0488593523015092e-25,
      7.673781889898224e-26,
      7.342200232125709e-26,
      6.242385149208547e-26,
      5.148048027350805e-26,
      4.8925131771391775e-26,
      4.099289193184953e-26,
      3.8233376366700745e-26,
      2.909504215878544e-26,
      2.3353891216885753e-26,
      2.1845492099233982e-26,
      1.500478152976496e-26,
      1.3850567091861822e-26,
      1.2696351883586707e-26,
      1.154213744568357e-26,
      1.0387922237408455e-26,
      9.233708569877296e-27,
      5.2605150946064284e-27,
      4.5090122228886736e-27,
      2.1529032920421993e-27,
      1.7223223640035672e-27,
      1.1275311337419509e-17,
      1.7893304658589853e-17,
      2.6523559576402633e-17
    ],
    "trend_analysis": {
      "confidence_level": "high",
      "prediction_trend": "stable"
    }
  }
}