{
  "confidence": 0.7,
  "employee_data": {
    "Age": 23,
    "AgeFactor": 0,
    "Attrition": "Yes",
    "BusinessTravel": "Travel_Rarely",
    "DailyRate": 427,
    "Department": "Sales",
    "DistanceFromHome": 7,
    "Education": 3,
    "EducationField": "Life Sciences",
    "EmployeeCount": 1,
    "EmployeeNumber": 1702,
    "EnvironmentSatisfaction": 3,
    "Gender": "Male",
    "HourlyRate": 99,
    "JobInvolvement": 3,
    "JobLevel": 1,
    "JobRole": "Sales Representative",
    "JobSatisfaction": 4,
    "MaritalStatus": "Divorced",
    "MonthlyIncome": 2275,
    "MonthlyRate": 25103,
    "Norm_EnvironmentSatisfaction": 0.6666666666666666,
    "Norm_JobInvolvement": 0.6666666666666666,
    "Norm_JobLevel": 0,
    "Norm_JobSatisfaction": 1,
    "Norm_MonthlyIncome": 0.0666666666666666,
    "Norm_NumCompaniesWorked": 0.1111111111111111,
    "Norm_PercentSalaryHike": 0.7142857142857143,
    "Norm_PerformanceRating": 1,
    "Norm_RelationshipSatisfaction": 0.3333333333333333,
    "Norm_TotalWorkingYears": 0.075,
    "Norm_TrainingTimesLastYear": 0.3333333333333333,
    "Norm_WorkLifeBalance": 0.6666666666666666,
    "Norm_YearsAtCompany": 0.075,
    "Norm_YearsSinceLastPromotion": 0,
    "NumCompaniesWorked": 1,
    "Over18": "Y",
    "OverTime": "Yes",
    "OverTime_bin": 1,
    "PercentSalaryHike": 21,
    "PerformanceRating": 4,
    "Prob_N01": 0.0005482241221834,
    "Prob_N02": 0.1248983660541559,
    "Prob_N03": 5.847439390151021e-05,
    "Prob_P01": 0.0062183234897727,
    "Prob_P02": 0.0858413079275318,
    "Prob_P03": 0.0008415585707452,
    "Prob_P04": 0.0076677570766544,
    "Prob_S01": 0.0006304076824562,
    "Prob_S02": 0.7273480395753693,
    "Prob_S03": 0.0459475411072292,
    "RelationshipSatisfaction": 2,
    "Score_N01": 0.2238095238095238,
    "Score_N02": 0.7666666666666666,
    "Score_N03": 0,
    "Score_P01": 0.4666666666666667,
    "Score_P02": 0.7291666666666667,
    "Score_P03": 0.2666666666666667,
    "Score_P04": 0.4876190476190476,
    "Score_S01": 0.2377777777777777,
    "Score_S02": 0.942857142857143,
    "Score_S03": 0.6666666666666667,
    "StandardHours": 80,
    "StockOptionLevel": 1,
    "TotalWorkingYears": 3,
    "TrainingTimesLastYear": 2,
    "WorkLifeBalance": 3,
    "YearsAtCompany": 3,
    "YearsInCurrentRole": 2,
    "YearsSinceLastPromotion": 0,
    "YearsWithCurrManager": 2,
    "argmax_Persona": "라이징 스타",
    "argmax_Persona_Code": "S02",
    "argmax_RiskTier": "Stable",
    "is_married": 0,
    "softmax_Persona": "라이징 스타",
    "softmax_Persona_Code": "S02",
    "softmax_RiskTier": "Stable"
  },
  "employee_id": 1702,
  "feature_importance": {},
  "lime_explanation": {},
  "model_interpretation": {},
  "predicted_attrition": 0,
  "risk_score": 0.002456188667565584,
  "shap_values": {},
  "xai_explanation": {}
}