{
  "confidence": 0.8,
  "employee_id": "1409",
  "features_used": 11,
  "model_metadata": {
    "feature_dimensions": 11,
    "model_type": "GRU_CNN_Hybrid",
    "sequence_length": 50,
    "training_optimized": true
  },
  "predicted_attrition": 0,
  "risk_score": 5.025934113334074e-10,
  "sequence_length": 50,
  "xai_explanation": {
    "attention_weights": [
      [
        0.0200020894408226,
        0.020000437274575233,
        0.020000407472252846,
        0.02000037021934986,
        0.020000336691737175,
        0.020000308752059937,
        0.020000265911221504,
        0.020000234246253967,
        0.020000189542770386,
        0.020000159740447998,
        0.02000012993812561,
        0.020000098273158073,
        0.020000070333480835,
        0.020000042393803596,
        0.020000023767352104,
        0.020000003278255463,
        0.01999998278915882,
        0.019999967887997627,
        0.019999952986836433,
        0.01999993808567524,
        0.019999926909804344,
        0.019999917596578598,
        0.019999902695417404,
        0.019999893382191658,
        0.01999988593161106,
        0.019999876618385315,
        0.019999869167804718,
        0.01999986357986927,
        0.019999859854578972,
        0.019999854266643524,
        0.019999848678708076,
        0.019999844953417778,
        0.01999984122812748,
        0.019999835640192032,
        0.019999833777546883,
        0.019999831914901733,
        0.019999828189611435,
        0.019999826326966286,
        0.019999824464321136,
        0.019999820739030838,
        0.019999820739030838,
        0.01999981887638569,
        0.01999981701374054,
        0.01999981701374054,
        0.01999981701374054,
        0.01999981701374054,
        0.01999981515109539,
        0.019999811425805092,
        0.019999811425805092,
        0.019999811425805092
      ]
    ],
    "feature_names": [
      "day_of_week",
      "day_index",
      "system_login_hours",
      "work_focused_hours",
      "meeting_collaboration_hours",
      "social_dining_hours",
      "break_relaxation_hours",
      "shared_work_hours",
      "internal_comm_volume",
      "cafeteria_usage",
      "convenience_food_usage"
    ],
    "gradient_importance": [
      2.8393114682306875e-12,
      1.1304046891244535e-12,
      3.8155750260726595e-12,
      7.249995742641957e-12,
      8.373884051449121e-12,
      1.5574514334454337e-12,
      5.7688642057796e-11,
      6.102395932322535e-12,
      1.902881845150528e-11,
      3.7149280179837874e-11,
      4.452760035689174e-11
    ],
    "sequence_importance": {
      "timestep_0": 4.0388969946292264e-10,
      "timestep_1": 8.583049548871458e-11,
      "timestep_10": 1.2949211395774679e-17,
      "timestep_11": 1.1810179556386097e-17,
      "timestep_12": 1.0488388778098824e-17,
      "timestep_13": 8.51805365798425e-18,
      "timestep_14": 6.5456261845102236e-18,
      "timestep_15": 6.07716981538368e-18,
      "timestep_16": 5.3827835375989965e-18,
      "timestep_17": 4.88602973330732e-18,
      "timestep_18": 4.090698883060034e-18,
      "timestep_19": 3.6998395000164776e-18,
      "timestep_2": 5.5370384943336e-17,
      "timestep_20": 2.697277158857813e-18,
      "timestep_21": 2.6179685292923007e-18,
      "timestep_22": 2.633436186361583e-18,
      "timestep_23": 2.2112084601287904e-18,
      "timestep_24": 2.0085353547780383e-18,
      "timestep_25": 1.435434330911366e-18,
      "timestep_26": 1.2405673290012769e-18,
      "timestep_27": 1.1496030008218564e-18,
      "timestep_28": 1.0571357888670037e-18,
      "timestep_29": 8.88732672896747e-19,
      "timestep_3": 4.690133925510368e-17,
      "timestep_30": 7.891896545845391e-19,
      "timestep_31": 6.081956606190948e-19,
      "timestep_32": 5.247190747420809e-19,
      "timestep_33": 4.665196291198273e-19,
      "timestep_34": 3.9337070338326763e-19,
      "timestep_35": 3.112481863196089e-19,
      "timestep_36": 2.9049820555735135e-19,
      "timestep_37": 2.088530621800152e-19,
      "timestep_38": 1.9278739230194838e-19,
      "timestep_39": 1.451609046458622e-19,
      "timestep_4": 3.7257763271495066e-17,
      "timestep_40": 1.3196441412001212e-19,
      "timestep_41": 1.1876794944355618e-19,
      "timestep_42": 8.299936082470762e-20,
      "timestep_43": 7.26244350670642e-20,
      "timestep_44": 4.6148771497025674e-20,
      "timestep_45": 3.845731011938377e-20,
      "timestep_46": 2.2953286183717647e-20,
      "timestep_47": 8.215601116079441e-11,
      "timestep_48": 1.213398825861134e-10,
      "timestep_49": 1.679806987953114e-10,
      "timestep_5": 2.937966864776043e-17,
      "timestep_6": 2.8323428488701667e-17,
      "timestep_7": 2.0164408439692995e-17,
      "timestep_8": 2.0967799337828998e-17,
      "timestep_9": 1.4490291890352822e-17
    },
    "temporal_importance": [
      4.0388969946292264e-10,
      8.583049548871458e-11,
      5.5370384943336e-17,
      4.690133925510368e-17,
      3.7257763271495066e-17,
      2.937966864776043e-17,
      2.8323428488701667e-17,
      2.0164408439692995e-17,
      2.0967799337828998e-17,
      1.4490291890352822e-17,
      1.2949211395774679e-17,
      1.1810179556386097e-17,
      1.0488388778098824e-17,
      8.51805365798425e-18,
      6.5456261845102236e-18,
      6.07716981538368e-18,
      5.3827835375989965e-18,
      4.88602973330732e-18,
      4.090698883060034e-18,
      3.6998395000164776e-18,
      2.697277158857813e-18,
      2.6179685292923007e-18,
      2.633436186361583e-18,
      2.2112084601287904e-18,
      2.0085353547780383e-18,
      1.435434330911366e-18,
      1.2405673290012769e-18,
      1.1496030008218564e-18,
      1.0571357888670037e-18,
      8.88732672896747e-19,
      7.891896545845391e-19,
      6.081956606190948e-19,
      5.247190747420809e-19,
      4.665196291198273e-19,
      3.9337070338326763e-19,
      3.112481863196089e-19,
      2.9049820555735135e-19,
      2.088530621800152e-19,
      1.9278739230194838e-19,
      1.451609046458622e-19,
      1.3196441412001212e-19,
      1.1876794944355618e-19,
      8.299936082470762e-20,
      7.26244350670642e-20,
      4.6148771497025674e-20,
      3.845731011938377e-20,
      2.2953286183717647e-20,
      8.215601116079441e-11,
      1.213398825861134e-10,
      1.679806987953114e-10
    ],
    "trend_analysis": {
      "confidence_level": "high",
      "prediction_trend": "stable"
    }
  }
}