{
  "confidence": 0.8,
  "employee_id": "1602",
  "features_used": 11,
  "model_metadata": {
    "feature_dimensions": 11,
    "model_type": "GRU_CNN_Hybrid",
    "sequence_length": 50,
    "training_optimized": true
  },
  "predicted_attrition": 0,
  "risk_score": 1.8080652795526988e-17,
  "sequence_length": 50,
  "xai_explanation": {
    "attention_weights": [
      [
        0.02000371739268303,
        0.019999852403998375,
        0.019999893382191658,
        0.019999928772449493,
        0.01999996043741703,
        0.019999973475933075,
        0.01999998278915882,
        0.01999998837709427,
        0.019999990239739418,
        0.019999990239739418,
        0.01999998651444912,
        0.019999979063868523,
        0.019999973475933075,
        0.019999969750642776,
        0.01999996230006218,
        0.019999956712126732,
        0.019999949261546135,
        0.019999943673610687,
        0.01999993808567524,
        0.019999932497739792,
        0.019999926909804344,
        0.019999921321868896,
        0.019999919459223747,
        0.01999991573393345,
        0.01999991200864315,
        0.019999910145998,
        0.019999904558062553,
        0.019999902695417404,
        0.019999902695417404,
        0.019999897107481956,
        0.019999897107481956,
        0.019999895244836807,
        0.019999893382191658,
        0.019999893382191658,
        0.01999988779425621,
        0.01999988779425621,
        0.01999988779425621,
        0.01999988593161106,
        0.01999988593161106,
        0.019999884068965912,
        0.019999884068965912,
        0.019999880343675613,
        0.019999880343675613,
        0.019999880343675613,
        0.019999880343675613,
        0.019999880343675613,
        0.019999878481030464,
        0.019999878481030464,
        0.019999878481030464,
        0.019999878481030464
      ]
    ],
    "feature_names": [
      "day_of_week",
      "day_index",
      "system_login_hours",
      "work_focused_hours",
      "meeting_collaboration_hours",
      "social_dining_hours",
      "break_relaxation_hours",
      "shared_work_hours",
      "internal_comm_volume",
      "cafeteria_usage",
      "convenience_food_usage"
    ],
    "gradient_importance": [
      1.015873176479503e-19,
      7.6118685081384e-20,
      1.9344513013589875e-19,
      1.849118573886193e-19,
      4.0062450866868655e-19,
      1.442611647839518e-19,
      2.270344842891125e-18,
      2.561096967047136e-19,
      8.912424422728095e-19,
      1.4400224949740445e-18,
      1.8120892650785855e-18
    ],
    "sequence_importance": {
      "timestep_0": 1.625988433787119e-17,
      "timestep_1": 4.681313285048409e-18,
      "timestep_10": 3.887356903876187e-25,
      "timestep_11": 2.9502764301351336e-25,
      "timestep_12": 2.183533212544256e-25,
      "timestep_13": 1.7315837065866586e-25,
      "timestep_14": 1.346543040679095e-25,
      "timestep_15": 1.0305087220128382e-25,
      "timestep_16": 8.954679377311287e-26,
      "timestep_17": 7.297435457242327e-26,
      "timestep_18": 5.712437637544804e-26,
      "timestep_19": 5.33621754589326e-26,
      "timestep_2": 2.9309809416972342e-24,
      "timestep_20": 5.558895106807267e-26,
      "timestep_21": 4.228353924701306e-26,
      "timestep_22": 3.245452958318556e-26,
      "timestep_23": 3.4569508810913845e-26,
      "timestep_24": 2.942723888154499e-26,
      "timestep_25": 2.2684502679462882e-26,
      "timestep_26": 2.2127021457016597e-26,
      "timestep_27": 1.9602523271121497e-26,
      "timestep_28": 1.8646066401395952e-26,
      "timestep_29": 1.2106993439072902e-26,
      "timestep_3": 2.384809346878167e-24,
      "timestep_30": 1.013050475215759e-26,
      "timestep_31": 1.1591625371162567e-26,
      "timestep_32": 9.379702533753604e-27,
      "timestep_33": 7.534304964804931e-27,
      "timestep_34": 7.098302929158838e-27,
      "timestep_35": 6.539916519638691e-27,
      "timestep_36": 4.703057753691454e-27,
      "timestep_37": 4.3671243416537994e-27,
      "timestep_38": 3.250649271382908e-27,
      "timestep_39": 2.9797612543220158e-27,
      "timestep_4": 2.0701043327929173e-24,
      "timestep_40": 2.7673745148798524e-27,
      "timestep_41": 1.621626657605236e-27,
      "timestep_42": 1.4414459927685966e-27,
      "timestep_43": 1.2612652316354599e-27,
      "timestep_44": 1.0810842779093287e-27,
      "timestep_45": 9.00903516776192e-28,
      "timestep_46": 2.3293143419648774e-18,
      "timestep_47": 2.834818683161599e-18,
      "timestep_48": 4.1274807097681234e-18,
      "timestep_49": 5.088802307126732e-18,
      "timestep_5": 1.4548410458433598e-24,
      "timestep_6": 1.1898374242306548e-24,
      "timestep_7": 8.958108210539636e-25,
      "timestep_8": 6.9180562241844055e-25,
      "timestep_9": 5.3035345455518875e-25
    },
    "temporal_importance": [
      1.625988433787119e-17,
      4.681313285048409e-18,
      2.9309809416972342e-24,
      2.384809346878167e-24,
      2.0701043327929173e-24,
      1.4548410458433598e-24,
      1.1898374242306548e-24,
      8.958108210539636e-25,
      6.9180562241844055e-25,
      5.3035345455518875e-25,
      3.887356903876187e-25,
      2.9502764301351336e-25,
      2.183533212544256e-25,
      1.7315837065866586e-25,
      1.346543040679095e-25,
      1.0305087220128382e-25,
      8.954679377311287e-26,
      7.297435457242327e-26,
      5.712437637544804e-26,
      5.33621754589326e-26,
      5.558895106807267e-26,
      4.228353924701306e-26,
      3.245452958318556e-26,
      3.4569508810913845e-26,
      2.942723888154499e-26,
      2.2684502679462882e-26,
      2.2127021457016597e-26,
      1.9602523271121497e-26,
      1.8646066401395952e-26,
      1.2106993439072902e-26,
      1.013050475215759e-26,
      1.1591625371162567e-26,
      9.379702533753604e-27,
      7.534304964804931e-27,
      7.098302929158838e-27,
      6.539916519638691e-27,
      4.703057753691454e-27,
      4.3671243416537994e-27,
      3.250649271382908e-27,
      2.9797612543220158e-27,
      2.7673745148798524e-27,
      1.621626657605236e-27,
      1.4414459927685966e-27,
      1.2612652316354599e-27,
      1.0810842779093287e-27,
      9.00903516776192e-28,
      2.3293143419648774e-18,
      2.834818683161599e-18,
      4.1274807097681234e-18,
      5.088802307126732e-18
    ],
    "trend_analysis": {
      "confidence_level": "high",
      "prediction_trend": "stable"
    }
  }
}