{
  "confidence": 0.8,
  "employee_id": "526",
  "features_used": 11,
  "model_metadata": {
    "feature_dimensions": 11,
    "model_type": "GRU_CNN_Hybrid",
    "sequence_length": 50,
    "training_optimized": true
  },
  "predicted_attrition": 0,
  "risk_score": 1.1827154533516904e-10,
  "sequence_length": 50,
  "xai_explanation": {
    "attention_weights": [
      [
        0.02000226080417633,
        0.020000476390123367,
        0.020000450313091278,
        0.020000414922833443,
        0.020000368356704712,
        0.020000319927930832,
        0.020000265911221504,
        0.020000221207737923,
        0.02000017836689949,
        0.020000141113996506,
        0.02000010758638382,
        0.020000074058771133,
        0.020000047981739044,
        0.020000025629997253,
        0.020000005140900612,
        0.01999998278915882,
        0.01999996416270733,
        0.019999945536255836,
        0.019999928772449493,
        0.01999991200864315,
        0.019999898970127106,
        0.01999988965690136,
        0.019999878481030464,
        0.019999869167804718,
        0.019999859854578972,
        0.019999852403998375,
        0.019999844953417778,
        0.01999983936548233,
        0.019999831914901733,
        0.019999828189611435,
        0.019999822601675987,
        0.019999820739030838,
        0.01999981515109539,
        0.019999811425805092,
        0.019999809563159943,
        0.019999805837869644,
        0.019999803975224495,
        0.019999803975224495,
        0.019999800249934196,
        0.019999796524643898,
        0.019999796524643898,
        0.01999979466199875,
        0.0199997927993536,
        0.0199997927993536,
        0.0199997890740633,
        0.0199997890740633,
        0.019999787211418152,
        0.019999787211418152,
        0.019999785348773003,
        0.019999785348773003
      ]
    ],
    "feature_names": [
      "day_of_week",
      "day_index",
      "system_login_hours",
      "work_focused_hours",
      "meeting_collaboration_hours",
      "social_dining_hours",
      "break_relaxation_hours",
      "shared_work_hours",
      "internal_comm_volume",
      "cafeteria_usage",
      "convenience_food_usage"
    ],
    "gradient_importance": [
      7.102891950820645e-13,
      2.925584037180573e-13,
      9.082552960594514e-13,
      1.7062169819365147e-12,
      1.9704368345307977e-12,
      3.5016379986568813e-13,
      1.3575247696795412e-11,
      1.4360179712014087e-12,
      4.494158951234839e-12,
      8.741967219560998e-12,
      1.047828837585918e-11
    ],
    "sequence_importance": {
      "timestep_0": 9.504417392003361e-11,
      "timestep_1": 2.0197808703326103e-11,
      "timestep_10": 2.98318903565947e-18,
      "timestep_11": 2.6459727289302835e-18,
      "timestep_12": 2.184425385870089e-18,
      "timestep_13": 1.7123413127696176e-18,
      "timestep_14": 1.5708039891193175e-18,
      "timestep_15": 1.512803118542865e-18,
      "timestep_16": 1.2761649432649199e-18,
      "timestep_17": 1.2566225944982015e-18,
      "timestep_18": 9.943443017729502e-19,
      "timestep_19": 9.17980124995397e-19,
      "timestep_2": 1.1973231744371325e-17,
      "timestep_20": 6.96253482921157e-19,
      "timestep_21": 6.085472123794298e-19,
      "timestep_22": 5.633336751936462e-19,
      "timestep_23": 5.252065943156043e-19,
      "timestep_24": 4.554765611470912e-19,
      "timestep_25": 3.254729011209536e-19,
      "timestep_26": 3.190410031716827e-19,
      "timestep_27": 2.6046684473194255e-19,
      "timestep_28": 2.5288030604512417e-19,
      "timestep_29": 1.8962433118772803e-19,
      "timestep_3": 9.840679888690202e-18,
      "timestep_30": 1.9493574837381052e-19,
      "timestep_31": 1.3829553820621936e-19,
      "timestep_32": 1.3562837186922455e-19,
      "timestep_33": 9.058871063313897e-20,
      "timestep_34": 9.610941743889444e-20,
      "timestep_35": 6.302746621317836e-20,
      "timestep_36": 7.853011043743214e-20,
      "timestep_37": 5.54236342816788e-20,
      "timestep_38": 5.0421928380337795e-20,
      "timestep_39": 4.1585791206590286e-20,
      "timestep_4": 7.871264593416787e-18,
      "timestep_40": 3.1053546036196936e-20,
      "timestep_41": 2.1972482621777037e-20,
      "timestep_42": 1.953109458674372e-20,
      "timestep_43": 1.7089703320536138e-20,
      "timestep_44": 1.4648315285502822e-20,
      "timestep_45": 3.3603835859763453e-12,
      "timestep_46": 3.350495445322843e-12,
      "timestep_47": 1.768388387113351e-11,
      "timestep_48": 2.4729152753311112e-11,
      "timestep_49": 3.865040232309269e-11,
      "timestep_5": 6.988821698500317e-18,
      "timestep_6": 6.508788109520481e-18,
      "timestep_7": 4.9181838980784814e-18,
      "timestep_8": 4.326829169441872e-18,
      "timestep_9": 3.7114820671381615e-18
    },
    "temporal_importance": [
      9.504417392003361e-11,
      2.0197808703326103e-11,
      1.1973231744371325e-17,
      9.840679888690202e-18,
      7.871264593416787e-18,
      6.988821698500317e-18,
      6.508788109520481e-18,
      4.9181838980784814e-18,
      4.326829169441872e-18,
      3.7114820671381615e-18,
      2.98318903565947e-18,
      2.6459727289302835e-18,
      2.184425385870089e-18,
      1.7123413127696176e-18,
      1.5708039891193175e-18,
      1.512803118542865e-18,
      1.2761649432649199e-18,
      1.2566225944982015e-18,
      9.943443017729502e-19,
      9.17980124995397e-19,
      6.96253482921157e-19,
      6.085472123794298e-19,
      5.633336751936462e-19,
      5.252065943156043e-19,
      4.554765611470912e-19,
      3.254729011209536e-19,
      3.190410031716827e-19,
      2.6046684473194255e-19,
      2.5288030604512417e-19,
      1.8962433118772803e-19,
      1.9493574837381052e-19,
      1.3829553820621936e-19,
      1.3562837186922455e-19,
      9.058871063313897e-20,
      9.610941743889444e-20,
      6.302746621317836e-20,
      7.853011043743214e-20,
      5.54236342816788e-20,
      5.0421928380337795e-20,
      4.1585791206590286e-20,
      3.1053546036196936e-20,
      2.1972482621777037e-20,
      1.953109458674372e-20,
      1.7089703320536138e-20,
      1.4648315285502822e-20,
      3.3603835859763453e-12,
      3.350495445322843e-12,
      1.768388387113351e-11,
      2.4729152753311112e-11,
      3.865040232309269e-11
    ],
    "trend_analysis": {
      "confidence_level": "high",
      "prediction_trend": "stable"
    }
  }
}