{
  "confidence": 0.7,
  "employee_data": {
    "Age": 42,
    "AgeFactor": 1,
    "Attrition": "No",
    "BusinessTravel": "Travel_Frequently",
    "DailyRate": 748,
    "Department": "Research & Development",
    "DistanceFromHome": 9,
    "Education": 2,
    "EducationField": "Medical",
    "EmployeeCount": 1,
    "EmployeeNumber": 1480,
    "EnvironmentSatisfaction": 1,
    "Gender": "Female",
    "HourlyRate": 74,
    "JobInvolvement": 3,
    "JobLevel": 1,
    "JobRole": "Laboratory Technician",
    "JobSatisfaction": 4,
    "MaritalStatus": "Single",
    "MonthlyIncome": 3673,
    "MonthlyRate": 16458,
    "Norm_EnvironmentSatisfaction": 0,
    "Norm_JobInvolvement": 0.6666666666666666,
    "Norm_JobLevel": 0,
    "Norm_JobSatisfaction": 1,
    "Norm_MonthlyIncome": 0.1402843601895734,
    "Norm_NumCompaniesWorked": 0.1111111111111111,
    "Norm_PercentSalaryHike": 0.1428571428571428,
    "Norm_PerformanceRating": 0,
    "Norm_RelationshipSatisfaction": 0.6666666666666666,
    "Norm_TotalWorkingYears": 0.3,
    "Norm_TrainingTimesLastYear": 0.5,
    "Norm_WorkLifeBalance": 0.6666666666666666,
    "Norm_YearsAtCompany": 0.3,
    "Norm_YearsSinceLastPromotion": 0.3333333333333333,
    "NumCompaniesWorked": 1,
    "Over18": "Y",
    "OverTime": "No",
    "OverTime_bin": 0,
    "PercentSalaryHike": 13,
    "PerformanceRating": 3,
    "Prob_N01": 0.1785971876166402,
    "Prob_N02": 0.0060749911992273,
    "Prob_N03": 0.0448884507716011,
    "Prob_P01": 0.0016013502941945,
    "Prob_P02": 0.2011760792074927,
    "Prob_P03": 0.0139784082868082,
    "Prob_P04": 0.2905031815908183,
    "Prob_S01": 0.0197264094328577,
    "Prob_S02": 0.0057924856091034,
    "Prob_S03": 0.2376614559912559,
    "RelationshipSatisfaction": 3,
    "Score_N01": 0.6380952380952382,
    "Score_N02": 0.3,
    "Score_N03": 0.5,
    "Score_P01": 0.1666666666666666,
    "Score_P02": 0.6499999999999999,
    "Score_P03": 0.3833333333333333,
    "Score_P04": 0.6867433987813136,
    "Score_S01": 0.4177777777777778,
    "Score_S02": 0.2952380952380953,
    "Score_S03": 0.6666666666666667,
    "StandardHours": 80,
    "StockOptionLevel": 0,
    "TotalWorkingYears": 12,
    "TrainingTimesLastYear": 3,
    "WorkLifeBalance": 3,
    "YearsAtCompany": 12,
    "YearsInCurrentRole": 9,
    "YearsSinceLastPromotion": 5,
    "YearsWithCurrManager": 8,
    "argmax_Persona": "저평가된 전문가",
    "argmax_Persona_Code": "P04",
    "argmax_RiskTier": "High",
    "is_married": 0,
    "softmax_Persona": "내재 동기 전문가",
    "softmax_Persona_Code": "S03",
    "softmax_RiskTier": "Stable"
  },
  "employee_id": 1480,
  "feature_importance": {},
  "lime_explanation": {},
  "model_interpretation": {},
  "predicted_attrition": 0,
  "risk_score": 0.009916754439473152,
  "shap_values": {},
  "xai_explanation": {}
}