{
  "confidence": 0.8,
  "employee_id": "1037",
  "features_used": 11,
  "model_metadata": {
    "feature_dimensions": 11,
    "model_type": "GRU_CNN_Hybrid",
    "sequence_length": 50,
    "training_optimized": true
  },
  "predicted_attrition": 1,
  "risk_score": 0.9999836683273315,
  "sequence_length": 50,
  "xai_explanation": {
    "attention_weights": [
      [
        0.020002456381917,
        0.02000185288488865,
        0.02000165544450283,
        0.0200014840811491,
        0.020001282915472984,
        0.020001111552119255,
        0.02000095322728157,
        0.020000776275992393,
        0.020000634714961052,
        0.0200005155056715,
        0.02000041864812374,
        0.02000032551586628,
        0.020000234246253967,
        0.02000015415251255,
        0.02000007964670658,
        0.02000001259148121,
        0.01999996230006218,
        0.019999910145998,
        0.019999857991933823,
        0.019999805837869644,
        0.01999977044761181,
        0.01999974064528942,
        0.019999712705612183,
        0.019999682903289795,
        0.019999656826257706,
        0.019999634474515915,
        0.01999961957335472,
        0.01999960094690323,
        0.019999580457806587,
        0.019999567419290543,
        0.019999554380774498,
        0.019999543204903603,
        0.019999533891677856,
        0.019999520853161812,
        0.019999515265226364,
        0.01999950036406517,
        0.019999494776129723,
        0.019999485462903976,
        0.019999481737613678,
        0.01999947614967823,
        0.019999472424387932,
        0.019999466836452484,
        0.019999461248517036,
        0.019999459385871887,
        0.019999457523226738,
        0.01999945193529129,
        0.01999945193529129,
        0.01999945007264614,
        0.019999448210000992,
        0.019999448210000992
      ]
    ],
    "feature_names": [
      "day_of_week",
      "day_index",
      "system_login_hours",
      "work_focused_hours",
      "meeting_collaboration_hours",
      "social_dining_hours",
      "break_relaxation_hours",
      "shared_work_hours",
      "internal_comm_volume",
      "cafeteria_usage",
      "convenience_food_usage"
    ],
    "gradient_importance": [
      4.289092103704206e-08,
      1.7952540787291582e-08,
      3.418960048406916e-08,
      2.271532935083087e-07,
      1.1916696252001202e-07,
      4.281040233422573e-08,
      1.3148171547072707e-06,
      1.0535855210491718e-07,
      2.2163033008837374e-07,
      8.899299359654833e-07,
      9.262782896257704e-07
    ],
    "sequence_importance": {
      "timestep_0": 3.1249217613549263e-07,
      "timestep_1": 6.1008060582568024e-12,
      "timestep_10": 1.3464677506638822e-12,
      "timestep_11": 1.257218613069655e-12,
      "timestep_12": 1.0717549894442846e-12,
      "timestep_13": 8.964464370472824e-13,
      "timestep_14": 7.537596848766759e-13,
      "timestep_15": 6.568693072112053e-13,
      "timestep_16": 5.016297707077788e-13,
      "timestep_17": 4.86907118357055e-13,
      "timestep_18": 4.5279613934169627e-13,
      "timestep_19": 3.9011412915172794e-13,
      "timestep_2": 4.912694816922025e-12,
      "timestep_20": 2.746409870357791e-13,
      "timestep_21": 2.2597765672593972e-13,
      "timestep_22": 1.988313891787205e-13,
      "timestep_23": 1.82504971421929e-13,
      "timestep_24": 1.5665917727555184e-13,
      "timestep_25": 1.3713933688739438e-13,
      "timestep_26": 1.0199493024254033e-13,
      "timestep_27": 9.544342177486217e-14,
      "timestep_28": 9.254999788462295e-14,
      "timestep_29": 6.155668965009131e-14,
      "timestep_3": 4.306078063565089e-12,
      "timestep_30": 5.4308557569668695e-14,
      "timestep_31": 5.140484392318623e-14,
      "timestep_32": 4.065169967142068e-14,
      "timestep_33": 3.575601525474849e-14,
      "timestep_34": 2.656306672830979e-14,
      "timestep_35": 3.956318440716776e-14,
      "timestep_36": 1.997888989392193e-14,
      "timestep_37": 1.6532080744516633e-14,
      "timestep_38": 1.5252259700994537e-14,
      "timestep_39": 1.2425565913372957e-14,
      "timestep_4": 3.719294403708995e-12,
      "timestep_40": 1.061841095601054e-14,
      "timestep_41": 8.860037473113445e-15,
      "timestep_42": 6.285674376962447e-15,
      "timestep_43": 4.357053624414343e-15,
      "timestep_44": 3.734615274772783e-15,
      "timestep_45": 2.3026215859028995e-15,
      "timestep_46": 2.10613734452636e-06,
      "timestep_47": 3.405065854167333e-06,
      "timestep_48": 6.698008292005397e-06,
      "timestep_49": 5.397246695793001e-06,
      "timestep_5": 3.3403421088179508e-12,
      "timestep_6": 2.684077135897689e-12,
      "timestep_7": 2.539376695032125e-12,
      "timestep_8": 2.0070080580109062e-12,
      "timestep_9": 1.6789589466978394e-12
    },
    "temporal_importance": [
      3.1249217613549263e-07,
      6.1008060582568024e-12,
      4.912694816922025e-12,
      4.306078063565089e-12,
      3.719294403708995e-12,
      3.3403421088179508e-12,
      2.684077135897689e-12,
      2.539376695032125e-12,
      2.0070080580109062e-12,
      1.6789589466978394e-12,
      1.3464677506638822e-12,
      1.257218613069655e-12,
      1.0717549894442846e-12,
      8.964464370472824e-13,
      7.537596848766759e-13,
      6.568693072112053e-13,
      5.016297707077788e-13,
      4.86907118357055e-13,
      4.5279613934169627e-13,
      3.9011412915172794e-13,
      2.746409870357791e-13,
      2.2597765672593972e-13,
      1.988313891787205e-13,
      1.82504971421929e-13,
      1.5665917727555184e-13,
      1.3713933688739438e-13,
      1.0199493024254033e-13,
      9.544342177486217e-14,
      9.254999788462295e-14,
      6.155668965009131e-14,
      5.4308557569668695e-14,
      5.140484392318623e-14,
      4.065169967142068e-14,
      3.575601525474849e-14,
      2.656306672830979e-14,
      3.956318440716776e-14,
      1.997888989392193e-14,
      1.6532080744516633e-14,
      1.5252259700994537e-14,
      1.2425565913372957e-14,
      1.061841095601054e-14,
      8.860037473113445e-15,
      6.285674376962447e-15,
      4.357053624414343e-15,
      3.734615274772783e-15,
      2.3026215859028995e-15,
      2.10613734452636e-06,
      3.405065854167333e-06,
      6.698008292005397e-06,
      5.397246695793001e-06
    ],
    "trend_analysis": {
      "confidence_level": "high",
      "prediction_trend": "increasing"
    }
  }
}