{
  "confidence": 0.8,
  "employee_id": "1760",
  "features_used": 11,
  "model_metadata": {
    "feature_dimensions": 11,
    "model_type": "GRU_CNN_Hybrid",
    "sequence_length": 50,
    "training_optimized": true
  },
  "predicted_attrition": 0,
  "risk_score": 1.4840239497340701e-13,
  "sequence_length": 50,
  "xai_explanation": {
    "attention_weights": [
      [
        0.020001661032438278,
        0.019999487325549126,
        0.01999960094690323,
        0.019999699667096138,
        0.019999781623482704,
        0.019999850541353226,
        0.019999900832772255,
        0.01999993808567524,
        0.019999967887997627,
        0.01999998651444912,
        0.019999997690320015,
        0.02000001072883606,
        0.020000014454126358,
        0.020000020042061806,
        0.020000023767352104,
        0.020000023767352104,
        0.020000023767352104,
        0.020000023767352104,
        0.020000023767352104,
        0.020000023767352104,
        0.020000023767352104,
        0.020000021904706955,
        0.020000020042061806,
        0.020000020042061806,
        0.020000018179416656,
        0.020000018179416656,
        0.020000014454126358,
        0.020000014454126358,
        0.020000014454126358,
        0.02000001259148121,
        0.02000001259148121,
        0.02000001072883606,
        0.02000001072883606,
        0.02000001072883606,
        0.02000001072883606,
        0.02000000700354576,
        0.02000000700354576,
        0.02000000700354576,
        0.020000005140900612,
        0.020000005140900612,
        0.020000005140900612,
        0.020000005140900612,
        0.020000005140900612,
        0.020000005140900612,
        0.020000005140900612,
        0.020000005140900612,
        0.020000005140900612,
        0.020000005140900612,
        0.020000005140900612,
        0.020000005140900612
      ]
    ],
    "feature_names": [
      "day_of_week",
      "day_index",
      "system_login_hours",
      "work_focused_hours",
      "meeting_collaboration_hours",
      "social_dining_hours",
      "break_relaxation_hours",
      "shared_work_hours",
      "internal_comm_volume",
      "cafeteria_usage",
      "convenience_food_usage"
    ],
    "gradient_importance": [
      1.3075595725996615e-15,
      3.6788726717886877e-16,
      1.2459583603567637e-15,
      2.140744272320183e-15,
      2.4725948403954727e-15,
      4.774642137960134e-16,
      1.7033985035214486e-14,
      1.8018914946281786e-15,
      5.6187223283603056e-15,
      1.0969229979906642e-14,
      1.3147865635847536e-14
    ],
    "sequence_importance": {
      "timestep_0": 1.1925832229305738e-13,
      "timestep_1": 2.534355781876399e-14,
      "timestep_10": 5.287029494399596e-21,
      "timestep_11": 4.348126992570058e-21,
      "timestep_12": 2.998236289491532e-21,
      "timestep_13": 2.518650056589071e-21,
      "timestep_14": 1.8823167326788628e-21,
      "timestep_15": 1.3471402669572696e-21,
      "timestep_16": 1.0640661770342307e-21,
      "timestep_17": 8.377710891382815e-22,
      "timestep_18": 6.587264218150169e-22,
      "timestep_19": 5.236713648701644e-22,
      "timestep_2": 3.83934556535038e-20,
      "timestep_20": 4.0037737836326675e-22,
      "timestep_21": 3.2556251693147707e-22,
      "timestep_22": 2.6053811353107674e-22,
      "timestep_23": 2.015585051227826e-22,
      "timestep_24": 1.7178614987504708e-22,
      "timestep_25": 1.3585315698899548e-22,
      "timestep_26": 1.3041900344640278e-22,
      "timestep_27": 9.259610809072062e-23,
      "timestep_28": 7.354405068968932e-23,
      "timestep_29": 5.750695024865308e-23,
      "timestep_3": 3.304959101542421e-20,
      "timestep_30": 5.476852374581782e-23,
      "timestep_31": 5.203008777665171e-23,
      "timestep_32": 5.0883894969470924e-23,
      "timestep_33": 2.8812573427902076e-23,
      "timestep_34": 2.7117712083921974e-23,
      "timestep_35": 1.2711429314275462e-23,
      "timestep_36": 1.1863998642285411e-23,
      "timestep_37": 1.1016570336878076e-23,
      "timestep_38": 1.0169141242609835e-23,
      "timestep_39": 9.321711359480689e-24,
      "timestep_4": 2.711444087338553e-20,
      "timestep_40": 8.474283054073354e-24,
      "timestep_41": 7.626853170944208e-24,
      "timestep_42": 6.779425654397778e-24,
      "timestep_43": 5.93199695455999e-24,
      "timestep_44": 5.0845686491526545e-24,
      "timestep_45": 4.614430091151719e-15,
      "timestep_46": 1.1272859104245313e-14,
      "timestep_47": 2.921977709704343e-14,
      "timestep_48": 2.584255339832097e-14,
      "timestep_49": 4.1647895120686465e-14,
      "timestep_5": 2.1990468953338663e-20,
      "timestep_6": 1.661187242305465e-20,
      "timestep_7": 1.3213594746836604e-20,
      "timestep_8": 9.643322472137914e-21,
      "timestep_9": 7.092032506734419e-21
    },
    "temporal_importance": [
      1.1925832229305738e-13,
      2.534355781876399e-14,
      3.83934556535038e-20,
      3.304959101542421e-20,
      2.711444087338553e-20,
      2.1990468953338663e-20,
      1.661187242305465e-20,
      1.3213594746836604e-20,
      9.643322472137914e-21,
      7.092032506734419e-21,
      5.287029494399596e-21,
      4.348126992570058e-21,
      2.998236289491532e-21,
      2.518650056589071e-21,
      1.8823167326788628e-21,
      1.3471402669572696e-21,
      1.0640661770342307e-21,
      8.377710891382815e-22,
      6.587264218150169e-22,
      5.236713648701644e-22,
      4.0037737836326675e-22,
      3.2556251693147707e-22,
      2.6053811353107674e-22,
      2.015585051227826e-22,
      1.7178614987504708e-22,
      1.3585315698899548e-22,
      1.3041900344640278e-22,
      9.259610809072062e-23,
      7.354405068968932e-23,
      5.750695024865308e-23,
      5.476852374581782e-23,
      5.203008777665171e-23,
      5.0883894969470924e-23,
      2.8812573427902076e-23,
      2.7117712083921974e-23,
      1.2711429314275462e-23,
      1.1863998642285411e-23,
      1.1016570336878076e-23,
      1.0169141242609835e-23,
      9.321711359480689e-24,
      8.474283054073354e-24,
      7.626853170944208e-24,
      6.779425654397778e-24,
      5.93199695455999e-24,
      5.0845686491526545e-24,
      4.614430091151719e-15,
      1.1272859104245313e-14,
      2.921977709704343e-14,
      2.584255339832097e-14,
      4.1647895120686465e-14
    ],
    "trend_analysis": {
      "confidence_level": "high",
      "prediction_trend": "stable"
    }
  }
}