{
  "confidence": 0.7,
  "employee_data": {
    "Age": 40,
    "AgeFactor": 1,
    "Attrition": "No",
    "BusinessTravel": "Travel_Rarely",
    "DailyRate": 107,
    "Department": "Sales",
    "DistanceFromHome": 10,
    "Education": 3,
    "EducationField": "Technical Degree",
    "EmployeeCount": 1,
    "EmployeeNumber": 1239,
    "EnvironmentSatisfaction": 2,
    "Gender": "Female",
    "HourlyRate": 84,
    "JobInvolvement": 2,
    "JobLevel": 2,
    "JobRole": "Sales Executive",
    "JobSatisfaction": 2,
    "MaritalStatus": "Divorced",
    "MonthlyIncome": 6852,
    "MonthlyRate": 11591,
    "Norm_EnvironmentSatisfaction": 0.3333333333333333,
    "Norm_JobInvolvement": 0.3333333333333333,
    "Norm_JobLevel": 0.25,
    "Norm_JobSatisfaction": 0.3333333333333333,
    "Norm_MonthlyIncome": 0.3076882569773565,
    "Norm_NumCompaniesWorked": 0.7777777777777778,
    "Norm_PercentSalaryHike": 0.0714285714285714,
    "Norm_PerformanceRating": 0,
    "Norm_RelationshipSatisfaction": 0.3333333333333333,
    "Norm_TotalWorkingYears": 0.175,
    "Norm_TrainingTimesLastYear": 0.3333333333333333,
    "Norm_WorkLifeBalance": 1,
    "Norm_YearsAtCompany": 0.125,
    "Norm_YearsSinceLastPromotion": 0.0666666666666666,
    "NumCompaniesWorked": 7,
    "Over18": "Y",
    "OverTime": "No",
    "OverTime_bin": 0,
    "PercentSalaryHike": 12,
    "PerformanceRating": 3,
    "Prob_N01": 0.4991758155886314,
    "Prob_N02": 0.0038799237927633,
    "Prob_N03": 0.0205422179173675,
    "Prob_P01": 0.0027800868801551,
    "Prob_P02": 0.3082205235721223,
    "Prob_P03": 0.0054148698535676,
    "Prob_P04": 0.149308534366244,
    "Prob_S01": 0.0007167176020064,
    "Prob_S02": 0.0066770258425995,
    "Prob_S03": 0.0032842845845424,
    "RelationshipSatisfaction": 2,
    "Score_N01": 0.819047619047619,
    "Score_N02": 0.3333333333333333,
    "Score_N03": 0.5,
    "Score_P01": 0.3,
    "Score_P02": 0.7708333333333333,
    "Score_P03": 0.3666666666666667,
    "Score_P04": 0.6983532686376289,
    "Score_S01": 0.1644444444444444,
    "Score_S02": 0.3876190476190476,
    "Score_S03": 0.3166666666666666,
    "StandardHours": 80,
    "StockOptionLevel": 1,
    "TotalWorkingYears": 7,
    "TrainingTimesLastYear": 2,
    "WorkLifeBalance": 4,
    "YearsAtCompany": 5,
    "YearsInCurrentRole": 1,
    "YearsSinceLastPromotion": 1,
    "YearsWithCurrManager": 3,
    "argmax_Persona": "현상 유지자",
    "argmax_Persona_Code": "N01",
    "argmax_RiskTier": "Neutral",
    "is_married": 0,
    "softmax_Persona": "온보딩에 실패한 직원",
    "softmax_Persona_Code": "P02",
    "softmax_RiskTier": "High"
  },
  "employee_id": 1239,
  "feature_importance": {},
  "lime_explanation": {},
  "model_interpretation": {},
  "predicted_attrition": 0,
  "risk_score": 0.011927356943488121,
  "shap_values": {},
  "xai_explanation": {}
}