{
  "confidence": 0.8,
  "employee_id": "922",
  "features_used": 11,
  "model_metadata": {
    "feature_dimensions": 11,
    "model_type": "GRU_CNN_Hybrid",
    "sequence_length": 50,
    "training_optimized": true
  },
  "predicted_attrition": 1,
  "risk_score": 0.9999980926513672,
  "sequence_length": 50,
  "xai_explanation": {
    "attention_weights": [
      [
        0.020003166049718857,
        0.02000262588262558,
        0.020002327859401703,
        0.020002055913209915,
        0.02000177465379238,
        0.020001519471406937,
        0.020001277327537537,
        0.02000107616186142,
        0.02000085636973381,
        0.020000705495476723,
        0.02000054158270359,
        0.020000429823994637,
        0.020000310614705086,
        0.020000185817480087,
        0.020000092685222626,
        0.020000005140900612,
        0.019999919459223747,
        0.019999856129288673,
        0.019999803975224495,
        0.01999974250793457,
        0.01999969407916069,
        0.019999651238322258,
        0.019999613985419273,
        0.019999580457806587,
        0.01999954879283905,
        0.019999518990516663,
        0.019999487325549126,
        0.019999464973807335,
        0.019999442622065544,
        0.019999422132968903,
        0.019999409094452858,
        0.019999392330646515,
        0.01999937742948532,
        0.019999366253614426,
        0.01999935694038868,
        0.019999343901872635,
        0.01999933272600174,
        0.019999327138066292,
        0.019999317824840546,
        0.01999931037425995,
        0.019999302923679352,
        0.019999299198389053,
        0.019999293610453606,
        0.01999928615987301,
        0.01999928243458271,
        0.01999928057193756,
        0.019999274984002113,
        0.019999273121356964,
        0.019999269396066666,
        0.019999267533421516
      ]
    ],
    "feature_names": [
      "day_of_week",
      "day_index",
      "system_login_hours",
      "work_focused_hours",
      "meeting_collaboration_hours",
      "social_dining_hours",
      "break_relaxation_hours",
      "shared_work_hours",
      "internal_comm_volume",
      "cafeteria_usage",
      "convenience_food_usage"
    ],
    "gradient_importance": [
      7.110278588129404e-09,
      2.005601018595371e-09,
      4.4974530766239695e-09,
      2.1851665366057205e-08,
      1.0733037569821136e-08,
      2.9814599677990827e-09,
      1.4141032522729802e-07,
      1.048846431928041e-08,
      1.7092451898292893e-08,
      9.312353199675272e-08,
      9.523912325448691e-08
    ],
    "sequence_importance": {
      "timestep_0": 3.6064133013269384e-08,
      "timestep_1": 9.51458855279197e-13,
      "timestep_10": 2.228855663401197e-13,
      "timestep_11": 1.5729710828131516e-13,
      "timestep_12": 1.506347536940275e-13,
      "timestep_13": 1.4104402324896514e-13,
      "timestep_14": 1.0556411024183546e-13,
      "timestep_15": 9.714845844010361e-14,
      "timestep_16": 8.884075929343344e-14,
      "timestep_17": 6.4069287527245e-14,
      "timestep_18": 5.046433919613652e-14,
      "timestep_19": 5.303999359401561e-14,
      "timestep_2": 6.947431996015552e-13,
      "timestep_20": 3.991812848151699e-14,
      "timestep_21": 3.713646889460208e-14,
      "timestep_22": 2.916114886456628e-14,
      "timestep_23": 2.5483677397030585e-14,
      "timestep_24": 2.1893950072500966e-14,
      "timestep_25": 2.0612174076936607e-14,
      "timestep_26": 1.7619001892762824e-14,
      "timestep_27": 1.3405015521271522e-14,
      "timestep_28": 1.2987982237822656e-14,
      "timestep_29": 9.455339004707346e-15,
      "timestep_3": 6.531363449212291e-13,
      "timestep_30": 7.833944301908428e-15,
      "timestep_31": 7.610346238558132e-15,
      "timestep_32": 6.737189948177562e-15,
      "timestep_33": 4.8518203919821565e-15,
      "timestep_34": 4.4219291483939705e-15,
      "timestep_35": 3.936839732248537e-15,
      "timestep_36": 3.287324068623862e-15,
      "timestep_37": 2.491591036545308e-15,
      "timestep_38": 2.1916816573945043e-15,
      "timestep_39": 1.9096686021115262e-15,
      "timestep_4": 5.271253268948617e-13,
      "timestep_40": 1.7349684802568004e-15,
      "timestep_41": 1.1042293136112667e-15,
      "timestep_42": 1.17265390563989e-15,
      "timestep_43": 1.0252368208953436e-15,
      "timestep_44": 5.447895158777782e-16,
      "timestep_45": 4.066262925517646e-16,
      "timestep_46": 2.877166575124333e-16,
      "timestep_47": 6.19523177647352e-07,
      "timestep_48": 6.620400654355763e-07,
      "timestep_49": 5.302455861055932e-07,
      "timestep_5": 4.929834210125328e-13,
      "timestep_6": 4.772755541476714e-13,
      "timestep_7": 3.47425213598207e-13,
      "timestep_8": 3.4093073416480157e-13,
      "timestep_9": 2.393463302986093e-13
    },
    "temporal_importance": [
      3.6064133013269384e-08,
      9.51458855279197e-13,
      6.947431996015552e-13,
      6.531363449212291e-13,
      5.271253268948617e-13,
      4.929834210125328e-13,
      4.772755541476714e-13,
      3.47425213598207e-13,
      3.4093073416480157e-13,
      2.393463302986093e-13,
      2.228855663401197e-13,
      1.5729710828131516e-13,
      1.506347536940275e-13,
      1.4104402324896514e-13,
      1.0556411024183546e-13,
      9.714845844010361e-14,
      8.884075929343344e-14,
      6.4069287527245e-14,
      5.046433919613652e-14,
      5.303999359401561e-14,
      3.991812848151699e-14,
      3.713646889460208e-14,
      2.916114886456628e-14,
      2.5483677397030585e-14,
      2.1893950072500966e-14,
      2.0612174076936607e-14,
      1.7619001892762824e-14,
      1.3405015521271522e-14,
      1.2987982237822656e-14,
      9.455339004707346e-15,
      7.833944301908428e-15,
      7.610346238558132e-15,
      6.737189948177562e-15,
      4.8518203919821565e-15,
      4.4219291483939705e-15,
      3.936839732248537e-15,
      3.287324068623862e-15,
      2.491591036545308e-15,
      2.1916816573945043e-15,
      1.9096686021115262e-15,
      1.7349684802568004e-15,
      1.1042293136112667e-15,
      1.17265390563989e-15,
      1.0252368208953436e-15,
      5.447895158777782e-16,
      4.066262925517646e-16,
      2.877166575124333e-16,
      6.19523177647352e-07,
      6.620400654355763e-07,
      5.302455861055932e-07
    ],
    "trend_analysis": {
      "confidence_level": "high",
      "prediction_trend": "increasing"
    }
  }
}