{
  "confidence": 0.8,
  "employee_id": "662",
  "features_used": 11,
  "model_metadata": {
    "feature_dimensions": 11,
    "model_type": "GRU_CNN_Hybrid",
    "sequence_length": 50,
    "training_optimized": true
  },
  "predicted_attrition": 0,
  "risk_score": 2.7648827654047636e-06,
  "sequence_length": 50,
  "xai_explanation": {
    "attention_weights": [
      [
        0.020001115277409554,
        0.0200001522898674,
        0.020000170916318893,
        0.02000017650425434,
        0.02000017836689949,
        0.02000018022954464,
        0.020000167191028595,
        0.0200001522898674,
        0.02000012993812561,
        0.020000113174319267,
        0.020000094547867775,
        0.020000075921416283,
        0.02000005729496479,
        0.020000047981739044,
        0.02000003308057785,
        0.020000018179416656,
        0.020000005140900612,
        0.019999990239739418,
        0.019999980926513672,
        0.019999971613287926,
        0.01999996416270733,
        0.019999951124191284,
        0.019999945536255836,
        0.01999993808567524,
        0.019999930635094643,
        0.019999923184514046,
        0.019999919459223747,
        0.01999991573393345,
        0.01999991200864315,
        0.019999906420707703,
        0.019999904558062553,
        0.019999898970127106,
        0.019999898970127106,
        0.019999895244836807,
        0.01999989151954651,
        0.01999988965690136,
        0.01999988779425621,
        0.01999988593161106,
        0.01999988593161106,
        0.019999882206320763,
        0.019999882206320763,
        0.019999880343675613,
        0.019999880343675613,
        0.019999880343675613,
        0.019999878481030464,
        0.019999878481030464,
        0.019999874755740166,
        0.019999874755740166,
        0.019999874755740166,
        0.019999874755740166
      ]
    ],
    "feature_names": [
      "day_of_week",
      "day_index",
      "system_login_hours",
      "work_focused_hours",
      "meeting_collaboration_hours",
      "social_dining_hours",
      "break_relaxation_hours",
      "shared_work_hours",
      "internal_comm_volume",
      "cafeteria_usage",
      "convenience_food_usage"
    ],
    "gradient_importance": [
      1.941551630579852e-08,
      5.133271141488649e-09,
      2.0932716893184988e-08,
      3.8820939352035566e-08,
      4.4909761243161483e-08,
      7.188795780876944e-09,
      3.081218551415077e-07,
      3.2798713078818764e-08,
      1.0218231238923181e-07,
      1.9856386757055589e-07,
      2.3803059434612805e-07
    ],
    "sequence_importance": {
      "timestep_0": 2.159526275136159e-06,
      "timestep_1": 4.6256707264547003e-07,
      "timestep_10": 9.667823995789665e-14,
      "timestep_11": 8.36969653739833e-14,
      "timestep_12": 6.293360608035717e-14,
      "timestep_13": 4.599380433261378e-14,
      "timestep_14": 4.092216745587435e-14,
      "timestep_15": 3.7798428531013104e-14,
      "timestep_16": 2.9137675887531966e-14,
      "timestep_17": 2.6493508382681268e-14,
      "timestep_18": 2.1515260276508408e-14,
      "timestep_19": 1.8431177740171716e-14,
      "timestep_2": 4.506662512789028e-13,
      "timestep_20": 1.3172918329328476e-14,
      "timestep_21": 1.49532164130323e-14,
      "timestep_22": 1.2150735062207985e-14,
      "timestep_23": 9.99874113355708e-15,
      "timestep_24": 8.869071079495913e-15,
      "timestep_25": 6.979078417474393e-15,
      "timestep_26": 5.8706049394017905e-15,
      "timestep_27": 4.147890273034681e-15,
      "timestep_28": 3.8563682141275896e-15,
      "timestep_29": 3.937664742339163e-15,
      "timestep_3": 3.7690616144607503e-13,
      "timestep_30": 2.6625112738729115e-15,
      "timestep_31": 2.3412022425844383e-15,
      "timestep_32": 2.396258113606547e-15,
      "timestep_33": 1.5194711223766896e-15,
      "timestep_34": 1.2605996424874095e-15,
      "timestep_35": 1.1818118141073666e-15,
      "timestep_36": 1.1030239857273238e-15,
      "timestep_37": 8.357236809799161e-16,
      "timestep_38": 7.714370037173077e-16,
      "timestep_39": 7.071505382129362e-16,
      "timestep_4": 3.055479317910087e-13,
      "timestep_40": 3.6865870243558063e-16,
      "timestep_41": 3.317928110161989e-16,
      "timestep_42": 2.9492686665725794e-16,
      "timestep_43": 1.7204065015858413e-16,
      "timestep_44": 1.4746338038906976e-16,
      "timestep_45": 1.228861503242248e-16,
      "timestep_46": 8.170321308398343e-08,
      "timestep_47": 4.226935459428205e-07,
      "timestep_48": 6.54728921745118e-07,
      "timestep_49": 8.374076401196362e-07,
      "timestep_5": 2.423315725603309e-13,
      "timestep_6": 2.2116695681893145e-13,
      "timestep_7": 1.7306695085286122e-13,
      "timestep_8": 1.5595231811667276e-13,
      "timestep_9": 1.104614446786889e-13
    },
    "temporal_importance": [
      2.159526275136159e-06,
      4.6256707264547003e-07,
      4.506662512789028e-13,
      3.7690616144607503e-13,
      3.055479317910087e-13,
      2.423315725603309e-13,
      2.2116695681893145e-13,
      1.7306695085286122e-13,
      1.5595231811667276e-13,
      1.104614446786889e-13,
      9.667823995789665e-14,
      8.36969653739833e-14,
      6.293360608035717e-14,
      4.599380433261378e-14,
      4.092216745587435e-14,
      3.7798428531013104e-14,
      2.9137675887531966e-14,
      2.6493508382681268e-14,
      2.1515260276508408e-14,
      1.8431177740171716e-14,
      1.3172918329328476e-14,
      1.49532164130323e-14,
      1.2150735062207985e-14,
      9.99874113355708e-15,
      8.869071079495913e-15,
      6.979078417474393e-15,
      5.8706049394017905e-15,
      4.147890273034681e-15,
      3.8563682141275896e-15,
      3.937664742339163e-15,
      2.6625112738729115e-15,
      2.3412022425844383e-15,
      2.396258113606547e-15,
      1.5194711223766896e-15,
      1.2605996424874095e-15,
      1.1818118141073666e-15,
      1.1030239857273238e-15,
      8.357236809799161e-16,
      7.714370037173077e-16,
      7.071505382129362e-16,
      3.6865870243558063e-16,
      3.317928110161989e-16,
      2.9492686665725794e-16,
      1.7204065015858413e-16,
      1.4746338038906976e-16,
      1.228861503242248e-16,
      8.170321308398343e-08,
      4.226935459428205e-07,
      6.54728921745118e-07,
      8.374076401196362e-07
    ],
    "trend_analysis": {
      "confidence_level": "high",
      "prediction_trend": "stable"
    }
  }
}