{
  "prediction": {
    "risk_score": 0.9999876022338867,
    "attrition_probability": 0.9999876022338867
  },
  "confidence": 0.8
}