{
  "confidence": 0.8,
  "employee_id": "1027",
  "features_used": 11,
  "model_metadata": {
    "feature_dimensions": 11,
    "model_type": "GRU_CNN_Hybrid",
    "sequence_length": 50,
    "training_optimized": true
  },
  "predicted_attrition": 0,
  "risk_score": 1.659470295084671e-26,
  "sequence_length": 50,
  "xai_explanation": {
    "attention_weights": [
      [
        0.020007560029625893,
        0.019999103620648384,
        0.019999273121356964,
        0.01999940536916256,
        0.01999952830374241,
        0.01999961957335472,
        0.019999688491225243,
        0.01999974064528942,
        0.0199997890740633,
        0.01999981887638569,
        0.019999846816062927,
        0.019999859854578972,
        0.019999876618385315,
        0.01999988593161106,
        0.019999893382191658,
        0.019999900832772255,
        0.019999902695417404,
        0.019999906420707703,
        0.019999908283352852,
        0.019999908283352852,
        0.019999910145998,
        0.019999910145998,
        0.01999991200864315,
        0.019999910145998,
        0.019999910145998,
        0.019999910145998,
        0.019999910145998,
        0.019999910145998,
        0.019999908283352852,
        0.019999908283352852,
        0.019999908283352852,
        0.019999908283352852,
        0.019999908283352852,
        0.019999908283352852,
        0.019999906420707703,
        0.019999906420707703,
        0.019999906420707703,
        0.019999906420707703,
        0.019999906420707703,
        0.019999902695417404,
        0.019999902695417404,
        0.019999902695417404,
        0.019999902695417404,
        0.019999902695417404,
        0.019999902695417404,
        0.019999902695417404,
        0.019999902695417404,
        0.019999902695417404,
        0.019999902695417404,
        0.019999902695417404
      ]
    ],
    "feature_names": [
      "day_of_week",
      "day_index",
      "system_login_hours",
      "work_focused_hours",
      "meeting_collaboration_hours",
      "social_dining_hours",
      "break_relaxation_hours",
      "shared_work_hours",
      "internal_comm_volume",
      "cafeteria_usage",
      "convenience_food_usage"
    ],
    "gradient_importance": [
      1.261988707219069e-28,
      6.801351783643039e-29,
      1.9708557510880923e-28,
      2.393732068606576e-28,
      3.9190276585499488e-28,
      1.6507007127128246e-28,
      2.4257249427672564e-27,
      2.9181567739321443e-28,
      9.130003790533854e-28,
      1.5472922136172025e-27,
      1.9266646866610196e-27
    ],
    "sequence_importance": {
      "timestep_0": 1.722991932808033e-26,
      "timestep_1": 6.674190814617414e-27,
      "timestep_10": 8.381881753992514e-34,
      "timestep_11": 5.9969860096339665e-34,
      "timestep_12": 4.9047919639567465e-34,
      "timestep_13": 3.4713868057243565e-34,
      "timestep_14": 2.7332736990338874e-34,
      "timestep_15": 2.1948768529593846e-34,
      "timestep_16": 1.5826374951060152e-34,
      "timestep_17": 1.1508570682961322e-34,
      "timestep_18": 9.001987396063667e-35,
      "timestep_19": 7.400427426563038e-35,
      "timestep_2": 5.567752728251697e-28,
      "timestep_20": 5.118424975660495e-35,
      "timestep_21": 4.322718041115133e-35,
      "timestep_22": 3.5738460616666445e-35,
      "timestep_23": 2.1551954238357378e-35,
      "timestep_24": 2.1720953075232493e-35,
      "timestep_25": 1.5835823101699256e-35,
      "timestep_26": 9.681511809489926e-36,
      "timestep_27": 9.278115065573371e-36,
      "timestep_28": 4.38153573479859e-36,
      "timestep_29": 4.631420478576891e-36,
      "timestep_3": 4.580026843889046e-33,
      "timestep_30": 4.4108764583562544e-36,
      "timestep_31": 3.790446608285072e-36,
      "timestep_32": 3.590949418375331e-36,
      "timestep_33": 2.811678598261883e-36,
      "timestep_34": 2.6462857395405958e-36,
      "timestep_35": 1.4214469390058159e-36,
      "timestep_36": 2.315499842731818e-36,
      "timestep_37": 1.2319204472956426e-36,
      "timestep_38": 1.1371572462821069e-36,
      "timestep_39": 1.0423940452685711e-36,
      "timestep_4": 4.164818361949613e-33,
      "timestep_40": 9.476310236212388e-37,
      "timestep_41": 0,
      "timestep_42": 0,
      "timestep_43": 0,
      "timestep_44": 0,
      "timestep_45": 0,
      "timestep_46": 1.6441243841764713e-28,
      "timestep_47": 2.7632840322709683e-27,
      "timestep_48": 4.002620914449127e-27,
      "timestep_49": 6.300331219742908e-27,
      "timestep_5": 2.9998399101213844e-33,
      "timestep_6": 2.3156805247657198e-33,
      "timestep_7": 1.7892825831949836e-33,
      "timestep_8": 1.513377344996692e-33,
      "timestep_9": 1.0062245418363205e-33
    },
    "temporal_importance": [
      1.722991932808033e-26,
      6.674190814617414e-27,
      5.567752728251697e-28,
      4.580026843889046e-33,
      4.164818361949613e-33,
      2.9998399101213844e-33,
      2.3156805247657198e-33,
      1.7892825831949836e-33,
      1.513377344996692e-33,
      1.0062245418363205e-33,
      8.381881753992514e-34,
      5.9969860096339665e-34,
      4.9047919639567465e-34,
      3.4713868057243565e-34,
      2.7332736990338874e-34,
      2.1948768529593846e-34,
      1.5826374951060152e-34,
      1.1508570682961322e-34,
      9.001987396063667e-35,
      7.400427426563038e-35,
      5.118424975660495e-35,
      4.322718041115133e-35,
      3.5738460616666445e-35,
      2.1551954238357378e-35,
      2.1720953075232493e-35,
      1.5835823101699256e-35,
      9.681511809489926e-36,
      9.278115065573371e-36,
      4.38153573479859e-36,
      4.631420478576891e-36,
      4.4108764583562544e-36,
      3.790446608285072e-36,
      3.590949418375331e-36,
      2.811678598261883e-36,
      2.6462857395405958e-36,
      1.4214469390058159e-36,
      2.315499842731818e-36,
      1.2319204472956426e-36,
      1.1371572462821069e-36,
      1.0423940452685711e-36,
      9.476310236212388e-37,
      0,
      0,
      0,
      0,
      0,
      1.6441243841764713e-28,
      2.7632840322709683e-27,
      4.002620914449127e-27,
      6.300331219742908e-27
    ],
    "trend_analysis": {
      "confidence_level": "high",
      "prediction_trend": "stable"
    }
  }
}