{
  "prediction": {
    "employee_id": "1826",
    "attrition_probability": 0.12569309771060944,
    "attrition_prediction": 1,
    "risk_category": "LOW",
    "confidence_score": 0.7486138045787811,
    "prediction_timestamp": "2025-09-23T22:53:52.903725"
  },
  "explanation": {
    "employee_id": "1826",
    "feature_importance": {
      "RelationshipSatisfaction": 0.03405288979411125,
      "Education": 0.02487798221409321,
      "JobInvolvement": 0.03501373156905174,
      "EnvironmentSatisfaction": 0.048257846385240555,
      "JobLevel": 0.07228615880012512,
      "JobSatisfaction": 0.04019258916378021,
      "StockOptionLevel": 0.07264421880245209,
      "WorkLifeBalance": 0.03580893576145172,
      "Department": 0.037670474499464035,
      "JobRole": 0.046762410551309586,
      "MaritalStatus": 0.036864522844552994,
      "OverTime": 0.0779639258980751,
      "Age": 0.04039482772350311,
      "DailyRate": 0.03578038513660431,
      "DistanceFromHome": 0.036774344742298126,
      "MonthlyIncome": 0.04666806384921074,
      "NumCompaniesWorked": 0.050036631524562836,
      "TotalWorkingYears": 0.04981709271669388,
      "TrainingTimesLastYear": 0.02378365956246853,
      "YearsAtCompany": 0.02968277968466282,
      "YearsInCurrentRole": 0.03649982064962387,
      "YearsSinceLastPromotion": 0.03537580743432045,
      "YearsWithCurrManager": 0.05279093235731125
    },
    "shap_values": {
      "RelationshipSatisfaction": -0.045624956488609314,
      "Education": -0.07076205313205719,
      "JobInvolvement": 0.37859487533569336,
      "EnvironmentSatisfaction": -0.23157447576522827,
      "JobLevel": 0.021544862538576126,
      "JobSatisfaction": -0.08640740066766739,
      "StockOptionLevel": -0.34987905621528625,
      "WorkLifeBalance": -0.06337644159793854,
      "Department": -0.09655127674341202,
      "JobRole": -0.018524903804063797,
      "MaritalStatus": -0.12947732210159302,
      "OverTime": -0.6024548411369324,
      "Age": -0.37166929244995117,
      "DailyRate": -0.13759708404541016,
      "DistanceFromHome": 0.45893415808677673,
      "MonthlyIncome": 0.026932040229439735,
      "NumCompaniesWorked": -0.329090416431427,
      "TotalWorkingYears": 0.035622917115688324,
      "TrainingTimesLastYear": -0.007293359842151403,
      "YearsAtCompany": -0.217670738697052,
      "YearsInCurrentRole": -0.02771053835749626,
      "YearsSinceLastPromotion": -0.12319304049015045,
      "YearsWithCurrManager": -0.22764480113983154
    },
    "lime_explanation": {
      "features": [
        "OverTime=0",
        "EnvironmentSatisfaction <= 2.00",
        "NumCompaniesWorked <= 1.00",
        "DistanceFromHome > 14.00",
        "JobInvolvement <= 2.00",
        "MonthlyIncome <= 2922.25",
        "RelationshipSatisfaction <= 2.00",
        "0.00 < StockOptionLevel <= 1.00",
        "DailyRate <= 471.75",
        "30.00 < Age <= 35.00"
      ],
      "values": [
        -0.20892563398665168,
        0.12096313030454417,
        -0.11224461810852104,
        0.10347150905840516,
        0.09645310266508031,
        0.09011308505454871,
        0.08622189630169429,
        -0.08126369892998311,
        0.0684708199133691,
        0.045188607633686664
      ],
      "intercept": 0.3418104452338545
    },
    "top_risk_factors": [
      {
        "feature": "DistanceFromHome",
        "impact": 0.45893415808677673,
        "type": "risk"
      },
      {
        "feature": "JobInvolvement",
        "impact": 0.37859487533569336,
        "type": "risk"
      }
    ],
    "top_protective_factors": [
      {
        "feature": "OverTime",
        "impact": 0.6024548411369324,
        "type": "protective"
      },
      {
        "feature": "Age",
        "impact": 0.37166929244995117,
        "type": "protective"
      },
      {
        "feature": "StockOptionLevel",
        "impact": 0.34987905621528625,
        "type": "protective"
      }
    ],
    "explanation_timestamp": "2025-09-23T22:53:52.991060"
  },
  "agent_type": "structura",
  "analysis_type": "individual"
}