{
  "confidence": 0.7,
  "employee_data": {
    "Age": 51,
    "AgeFactor": 0,
    "Attrition": "No",
    "BusinessTravel": "Travel_Rarely",
    "DailyRate": 1178,
    "Department": "Sales",
    "DistanceFromHome": 14,
    "Education": 2,
    "EducationField": "Life Sciences",
    "EmployeeCount": 1,
    "EmployeeNumber": 500,
    "EnvironmentSatisfaction": 3,
    "Gender": "Female",
    "HourlyRate": 87,
    "JobInvolvement": 3,
    "JobLevel": 2,
    "JobRole": "Sales Executive",
    "JobSatisfaction": 4,
    "MaritalStatus": "Married",
    "MonthlyIncome": 4936,
    "MonthlyRate": 14862,
    "Norm_EnvironmentSatisfaction": 0.6666666666666666,
    "Norm_JobInvolvement": 0.6666666666666666,
    "Norm_JobLevel": 0.25,
    "Norm_JobSatisfaction": 1,
    "Norm_MonthlyIncome": 0.2067930489731437,
    "Norm_NumCompaniesWorked": 0.4444444444444444,
    "Norm_PercentSalaryHike": 0,
    "Norm_PerformanceRating": 0,
    "Norm_RelationshipSatisfaction": 0.6666666666666666,
    "Norm_TotalWorkingYears": 0.45,
    "Norm_TrainingTimesLastYear": 0.3333333333333333,
    "Norm_WorkLifeBalance": 0.3333333333333333,
    "Norm_YearsAtCompany": 0.175,
    "Norm_YearsSinceLastPromotion": 0,
    "NumCompaniesWorked": 4,
    "Over18": "Y",
    "OverTime": "No",
    "OverTime_bin": 0,
    "PercentSalaryHike": 11,
    "PerformanceRating": 3,
    "Prob_N01": 0.1360352793828849,
    "Prob_N02": 0.0009165985024876,
    "Prob_N03": 0.1898525261568115,
    "Prob_P01": 0.0017852901052749,
    "Prob_P02": 0.0567079413110794,
    "Prob_P03": 0.0024915730533049,
    "Prob_P04": 0.3720675399369728,
    "Prob_S01": 0.0064067921674057,
    "Prob_S02": 0.0094522006995808,
    "Prob_S03": 0.224284258684197,
    "RelationshipSatisfaction": 3,
    "Score_N01": 0.6666666666666667,
    "Score_N02": 0.1666666666666666,
    "Score_N03": 0.7,
    "Score_P01": 0.2333333333333333,
    "Score_P02": 0.5791666666666666,
    "Score_P03": 0.2666666666666667,
    "Score_P04": 0.7672827804107426,
    "Score_S01": 0.3611111111111111,
    "Score_S02": 0.4,
    "Score_S03": 0.7166666666666668,
    "StandardHours": 80,
    "StockOptionLevel": 1,
    "TotalWorkingYears": 18,
    "TrainingTimesLastYear": 2,
    "WorkLifeBalance": 2,
    "YearsAtCompany": 7,
    "YearsInCurrentRole": 7,
    "YearsSinceLastPromotion": 0,
    "YearsWithCurrManager": 7,
    "argmax_Persona": "저평가된 전문가",
    "argmax_Persona_Code": "P04",
    "argmax_RiskTier": "High",
    "is_married": 1,
    "softmax_Persona": "신규 부모",
    "softmax_Persona_Code": "N03",
    "softmax_RiskTier": "Neutral"
  },
  "employee_id": 500,
  "feature_importance": {},
  "lime_explanation": {},
  "model_interpretation": {},
  "predicted_attrition": 0,
  "risk_score": 0.00045012199552729726,
  "shap_values": {},
  "xai_explanation": {}
}