{
  "confidence": 0.8,
  "employee_id": "758",
  "features_used": 11,
  "model_metadata": {
    "feature_dimensions": 11,
    "model_type": "GRU_CNN_Hybrid",
    "sequence_length": 50,
    "training_optimized": true
  },
  "predicted_attrition": 0,
  "risk_score": 8.399794127349382e-17,
  "sequence_length": 50,
  "xai_explanation": {
    "attention_weights": [
      [
        0.020002946257591248,
        0.019999545067548752,
        0.01999964937567711,
        0.019999731332063675,
        0.01999979466199875,
        0.019999850541353226,
        0.01999988779425621,
        0.019999917596578598,
        0.019999943673610687,
        0.019999954849481583,
        0.01999996416270733,
        0.019999971613287926,
        0.019999973475933075,
        0.019999977201223373,
        0.019999979063868523,
        0.019999979063868523,
        0.019999973475933075,
        0.019999973475933075,
        0.019999973475933075,
        0.019999971613287926,
        0.019999969750642776,
        0.019999967887997627,
        0.01999996416270733,
        0.01999996230006218,
        0.01999996043741703,
        0.019999956712126732,
        0.019999954849481583,
        0.019999954849481583,
        0.019999952986836433,
        0.019999951124191284,
        0.019999951124191284,
        0.019999951124191284,
        0.019999947398900986,
        0.019999945536255836,
        0.019999945536255836,
        0.019999945536255836,
        0.019999943673610687,
        0.01999993994832039,
        0.01999993994832039,
        0.01999993994832039,
        0.01999993994832039,
        0.01999993994832039,
        0.01999993808567524,
        0.01999993808567524,
        0.01999993808567524,
        0.01999993808567524,
        0.01999993622303009,
        0.01999993622303009,
        0.01999993622303009,
        0.01999993622303009
      ]
    ],
    "feature_names": [
      "day_of_week",
      "day_index",
      "system_login_hours",
      "work_focused_hours",
      "meeting_collaboration_hours",
      "social_dining_hours",
      "break_relaxation_hours",
      "shared_work_hours",
      "internal_comm_volume",
      "cafeteria_usage",
      "convenience_food_usage"
    ],
    "gradient_importance": [
      3.980601970709839e-19,
      1.9232031959919149e-19,
      6.630462138326392e-19,
      1.2116830091915377e-18,
      1.3995148399918633e-18,
      2.703411323485353e-19,
      9.641412079126177e-18,
      1.0198885696667768e-18,
      3.1802550972280314e-18,
      6.208699804585737e-18,
      7.441828815326207e-18
    ],
    "sequence_importance": {
      "timestep_0": 6.750144523012428e-17,
      "timestep_1": 1.434471802871084e-17,
      "timestep_10": 3.112643775256055e-24,
      "timestep_11": 2.324740349958755e-24,
      "timestep_12": 1.789747900242801e-24,
      "timestep_13": 1.3784901570554126e-24,
      "timestep_14": 1.0730750648128851e-24,
      "timestep_15": 8.032789159857362e-25,
      "timestep_16": 5.836394802848642e-25,
      "timestep_17": 4.310858606477317e-25,
      "timestep_18": 3.4992119470470625e-25,
      "timestep_19": 2.82238432802844e-25,
      "timestep_2": 2.2653278430846683e-23,
      "timestep_20": 2.1553629896188136e-25,
      "timestep_21": 1.7912840835962025e-25,
      "timestep_22": 1.3851021919477488e-25,
      "timestep_23": 1.189213854336981e-25,
      "timestep_24": 9.311359137821474e-26,
      "timestep_25": 8.184259944642563e-26,
      "timestep_26": 6.930495574583609e-26,
      "timestep_27": 6.447378051001213e-26,
      "timestep_28": 5.318105176249869e-26,
      "timestep_29": 5.077946642565438e-26,
      "timestep_3": 1.7808553868026067e-23,
      "timestep_30": 3.272485619166766e-26,
      "timestep_31": 2.7142583684972235e-26,
      "timestep_32": 3.121782679539234e-26,
      "timestep_33": 2.1857418998193583e-26,
      "timestep_34": 2.057168665624813e-26,
      "timestep_35": 1.9285954314302678e-26,
      "timestep_36": 1.8000221972357225e-26,
      "timestep_37": 1.6714489630411773e-26,
      "timestep_38": 1.5428758829210276e-26,
      "timestep_39": 1.414302802800878e-26,
      "timestep_4": 1.4236519113982045e-23,
      "timestep_40": 4.796376378030804e-27,
      "timestep_41": 4.316737777262752e-27,
      "timestep_42": 3.837099946866677e-27,
      "timestep_43": 3.357462501656591e-27,
      "timestep_44": 2.8778248638535104e-27,
      "timestep_45": 2.39818722605043e-27,
      "timestep_46": 7.951042027594464e-18,
      "timestep_47": 1.1239419970640833e-17,
      "timestep_48": 2.1784547548496507e-17,
      "timestep_49": 2.093804730555669e-17,
      "timestep_5": 1.146260649218633e-23,
      "timestep_6": 8.703664083788994e-24,
      "timestep_7": 7.092935544211618e-24,
      "timestep_8": 5.702560704580985e-24,
      "timestep_9": 3.901578636186931e-24
    },
    "temporal_importance": [
      6.750144523012428e-17,
      1.434471802871084e-17,
      2.2653278430846683e-23,
      1.7808553868026067e-23,
      1.4236519113982045e-23,
      1.146260649218633e-23,
      8.703664083788994e-24,
      7.092935544211618e-24,
      5.702560704580985e-24,
      3.901578636186931e-24,
      3.112643775256055e-24,
      2.324740349958755e-24,
      1.789747900242801e-24,
      1.3784901570554126e-24,
      1.0730750648128851e-24,
      8.032789159857362e-25,
      5.836394802848642e-25,
      4.310858606477317e-25,
      3.4992119470470625e-25,
      2.82238432802844e-25,
      2.1553629896188136e-25,
      1.7912840835962025e-25,
      1.3851021919477488e-25,
      1.189213854336981e-25,
      9.311359137821474e-26,
      8.184259944642563e-26,
      6.930495574583609e-26,
      6.447378051001213e-26,
      5.318105176249869e-26,
      5.077946642565438e-26,
      3.272485619166766e-26,
      2.7142583684972235e-26,
      3.121782679539234e-26,
      2.1857418998193583e-26,
      2.057168665624813e-26,
      1.9285954314302678e-26,
      1.8000221972357225e-26,
      1.6714489630411773e-26,
      1.5428758829210276e-26,
      1.414302802800878e-26,
      4.796376378030804e-27,
      4.316737777262752e-27,
      3.837099946866677e-27,
      3.357462501656591e-27,
      2.8778248638535104e-27,
      2.39818722605043e-27,
      7.951042027594464e-18,
      1.1239419970640833e-17,
      2.1784547548496507e-17,
      2.093804730555669e-17
    ],
    "trend_analysis": {
      "confidence_level": "high",
      "prediction_trend": "stable"
    }
  }
}