{
  "prediction": {
    "employee_id": "905",
    "attrition_probability": 0.1087750717997551,
    "attrition_prediction": 1,
    "risk_category": "LOW",
    "confidence_score": 0.7824498564004898,
    "prediction_timestamp": "2025-09-23T22:52:47.812895"
  },
  "explanation": {
    "employee_id": "905",
    "feature_importance": {
      "RelationshipSatisfaction": 0.03405288979411125,
      "Education": 0.02487798221409321,
      "JobInvolvement": 0.03501373156905174,
      "EnvironmentSatisfaction": 0.048257846385240555,
      "JobLevel": 0.07228615880012512,
      "JobSatisfaction": 0.04019258916378021,
      "StockOptionLevel": 0.07264421880245209,
      "WorkLifeBalance": 0.03580893576145172,
      "Department": 0.037670474499464035,
      "JobRole": 0.046762410551309586,
      "MaritalStatus": 0.036864522844552994,
      "OverTime": 0.0779639258980751,
      "Age": 0.04039482772350311,
      "DailyRate": 0.03578038513660431,
      "DistanceFromHome": 0.036774344742298126,
      "MonthlyIncome": 0.04666806384921074,
      "NumCompaniesWorked": 0.050036631524562836,
      "TotalWorkingYears": 0.04981709271669388,
      "TrainingTimesLastYear": 0.02378365956246853,
      "YearsAtCompany": 0.02968277968466282,
      "YearsInCurrentRole": 0.03649982064962387,
      "YearsSinceLastPromotion": 0.03537580743432045,
      "YearsWithCurrManager": 0.05279093235731125
    },
    "shap_values": {
      "RelationshipSatisfaction": 0.03746390715241432,
      "Education": -0.0409865528345108,
      "JobInvolvement": -0.08717647939920425,
      "EnvironmentSatisfaction": 0.4147960841655731,
      "JobLevel": 0.03997352346777916,
      "JobSatisfaction": 0.13294562697410583,
      "StockOptionLevel": -0.1649281233549118,
      "WorkLifeBalance": -0.08339114487171173,
      "Department": -0.06400274485349655,
      "JobRole": -0.10238751769065857,
      "MaritalStatus": -0.1442018747329712,
      "OverTime": -0.437508761882782,
      "Age": 6.345100700855255e-06,
      "DailyRate": 0.16656145453453064,
      "DistanceFromHome": -0.30909624695777893,
      "MonthlyIncome": -0.824816107749939,
      "NumCompaniesWorked": -0.193364679813385,
      "TotalWorkingYears": -0.60401850938797,
      "TrainingTimesLastYear": -0.10590960085391998,
      "YearsAtCompany": -0.18911342322826385,
      "YearsInCurrentRole": -0.12051410228013992,
      "YearsSinceLastPromotion": 0.3407555818557739,
      "YearsWithCurrManager": -0.03968670219182968
    },
    "lime_explanation": {
      "features": [
        "OverTime=0",
        "NumCompaniesWorked <= 1.00",
        "EnvironmentSatisfaction <= 2.00",
        "DistanceFromHome <= 2.00",
        "0.00 < StockOptionLevel <= 1.00",
        "JobSatisfaction <= 2.00",
        "2.00 < JobInvolvement <= 3.00",
        "MonthlyIncome > 8201.00",
        "2.00 < WorkLifeBalance <= 3.00",
        "3.00 < RelationshipSatisfaction <= 4.00"
      ],
      "values": [
        -0.20504583659723152,
        -0.1217927789536342,
        0.11158585862184303,
        -0.10549578071899665,
        -0.07722340623634844,
        0.07311875949468133,
        -0.07192169555643939,
        -0.0616004409536802,
        -0.05815067018872136,
        -0.05095217425618169
      ],
      "intercept": 0.5969719307679153
    },
    "top_risk_factors": [
      {
        "feature": "EnvironmentSatisfaction",
        "impact": 0.4147960841655731,
        "type": "risk"
      },
      {
        "feature": "YearsSinceLastPromotion",
        "impact": 0.3407555818557739,
        "type": "risk"
      }
    ],
    "top_protective_factors": [
      {
        "feature": "MonthlyIncome",
        "impact": 0.824816107749939,
        "type": "protective"
      },
      {
        "feature": "TotalWorkingYears",
        "impact": 0.60401850938797,
        "type": "protective"
      },
      {
        "feature": "OverTime",
        "impact": 0.437508761882782,
        "type": "protective"
      }
    ],
    "explanation_timestamp": "2025-09-23T22:52:47.902472"
  },
  "agent_type": "structura",
  "analysis_type": "individual"
}