{
  "confidence": 0.8,
  "employee_id": "1494",
  "features_used": 11,
  "model_metadata": {
    "feature_dimensions": 11,
    "model_type": "GRU_CNN_Hybrid",
    "sequence_length": 50,
    "training_optimized": true
  },
  "predicted_attrition": 1,
  "risk_score": 0.9999997615814209,
  "sequence_length": 50,
  "xai_explanation": {
    "attention_weights": [
      [
        0.020002881065011024,
        0.020002581179142,
        0.020002221688628197,
        0.020001955330371857,
        0.020001711323857307,
        0.020001458004117012,
        0.020001277327537537,
        0.02000105008482933,
        0.020000871270895004,
        0.020000718533992767,
        0.02000056579709053,
        0.02000041864812374,
        0.020000308752059937,
        0.02000020630657673,
        0.020000113174319267,
        0.0200000312179327,
        0.019999947398900986,
        0.01999988593161106,
        0.01999981701374054,
        0.01999976485967636,
        0.019999708980321884,
        0.019999666139483452,
        0.019999627023935318,
        0.019999587908387184,
        0.019999559968709946,
        0.01999952457845211,
        0.01999950036406517,
        0.01999947428703308,
        0.01999945379793644,
        0.019999435171484947,
        0.019999422132968903,
        0.01999940723180771,
        0.019999390468001366,
        0.01999937929213047,
        0.019999366253614426,
        0.01999935507774353,
        0.019999342039227486,
        0.01999933458864689,
        0.01999932900071144,
        0.019999321550130844,
        0.019999312236905098,
        0.01999930664896965,
        0.019999302923679352,
        0.019999297335743904,
        0.019999291747808456,
        0.019999289885163307,
        0.019999288022518158,
        0.01999928243458271,
        0.01999928057193756,
        0.019999278709292412
      ]
    ],
    "feature_names": [
      "day_of_week",
      "day_index",
      "system_login_hours",
      "work_focused_hours",
      "meeting_collaboration_hours",
      "social_dining_hours",
      "break_relaxation_hours",
      "shared_work_hours",
      "internal_comm_volume",
      "cafeteria_usage",
      "convenience_food_usage"
    ],
    "gradient_importance": [
      7.509213806322634e-10,
      2.4511381813141497e-10,
      6.077384151481624e-10,
      2.42659847771165e-09,
      1.1972212110578084e-09,
      5.057333996028035e-10,
      1.5765495575692512e-08,
      1.1452693238211964e-09,
      1.9450157040523663e-09,
      1.038743580039636e-08,
      1.0599401356614635e-08
    ],
    "sequence_importance": {
      "timestep_0": 6.369896610181058e-09,
      "timestep_1": 1.3451571670777818e-13,
      "timestep_10": 2.927610817616763e-14,
      "timestep_11": 2.6245188815732408e-14,
      "timestep_12": 1.9112956253482596e-14,
      "timestep_13": 1.6311481177799618e-14,
      "timestep_14": 1.3706158603910001e-14,
      "timestep_15": 1.1757098522828177e-14,
      "timestep_16": 1.0082101034028165e-14,
      "timestep_17": 8.178004849918388e-15,
      "timestep_18": 7.261887895486027e-15,
      "timestep_19": 5.7121936846392385e-15,
      "timestep_2": 1.0248004972835539e-13,
      "timestep_20": 5.449639305495297e-15,
      "timestep_21": 4.119212702055966e-15,
      "timestep_22": 3.635672509171061e-15,
      "timestep_23": 3.205108297906281e-15,
      "timestep_24": 2.4431346109734945e-15,
      "timestep_25": 2.383470245443612e-15,
      "timestep_26": 1.6945178924650793e-15,
      "timestep_27": 1.5970028008959543e-15,
      "timestep_28": 1.3028641513356757e-15,
      "timestep_29": 9.776873558518025e-16,
      "timestep_3": 9.517440411081421e-14,
      "timestep_30": 7.788429304125073e-16,
      "timestep_31": 8.245462871475076e-16,
      "timestep_32": 6.451249095239047e-16,
      "timestep_33": 5.10712162799876e-16,
      "timestep_34": 4.700247234202789e-16,
      "timestep_35": 4.3878940410843126e-16,
      "timestep_36": 3.138712614484128e-16,
      "timestep_37": 2.4199159555815964e-16,
      "timestep_38": 2.5300744432565903e-16,
      "timestep_39": 1.9110163109399466e-16,
      "timestep_4": 7.769554043104282e-14,
      "timestep_40": 1.7582577570206758e-16,
      "timestep_41": 9.824870151078598e-17,
      "timestep_42": 8.733210779934806e-17,
      "timestep_43": 8.683951843585028e-17,
      "timestep_44": 5.3592264263702214e-17,
      "timestep_45": 4.796762138679884e-17,
      "timestep_46": 3.6205312081705188e-09,
      "timestep_47": 4.802825159799795e-08,
      "timestep_48": 7.222734410561316e-08,
      "timestep_49": 7.691652115227043e-08,
      "timestep_5": 7.113380658162541e-14,
      "timestep_6": 5.974668866202612e-14,
      "timestep_7": 5.2302017832786193e-14,
      "timestep_8": 3.8976305771201356e-14,
      "timestep_9": 3.194181234073522e-14
    },
    "temporal_importance": [
      6.369896610181058e-09,
      1.3451571670777818e-13,
      1.0248004972835539e-13,
      9.517440411081421e-14,
      7.769554043104282e-14,
      7.113380658162541e-14,
      5.974668866202612e-14,
      5.2302017832786193e-14,
      3.8976305771201356e-14,
      3.194181234073522e-14,
      2.927610817616763e-14,
      2.6245188815732408e-14,
      1.9112956253482596e-14,
      1.6311481177799618e-14,
      1.3706158603910001e-14,
      1.1757098522828177e-14,
      1.0082101034028165e-14,
      8.178004849918388e-15,
      7.261887895486027e-15,
      5.7121936846392385e-15,
      5.449639305495297e-15,
      4.119212702055966e-15,
      3.635672509171061e-15,
      3.205108297906281e-15,
      2.4431346109734945e-15,
      2.383470245443612e-15,
      1.6945178924650793e-15,
      1.5970028008959543e-15,
      1.3028641513356757e-15,
      9.776873558518025e-16,
      7.788429304125073e-16,
      8.245462871475076e-16,
      6.451249095239047e-16,
      5.10712162799876e-16,
      4.700247234202789e-16,
      4.3878940410843126e-16,
      3.138712614484128e-16,
      2.4199159555815964e-16,
      2.5300744432565903e-16,
      1.9110163109399466e-16,
      1.7582577570206758e-16,
      9.824870151078598e-17,
      8.733210779934806e-17,
      8.683951843585028e-17,
      5.3592264263702214e-17,
      4.796762138679884e-17,
      3.6205312081705188e-09,
      4.802825159799795e-08,
      7.222734410561316e-08,
      7.691652115227043e-08
    ],
    "trend_analysis": {
      "confidence_level": "high",
      "prediction_trend": "increasing"
    }
  }
}