{
  "confidence": 0.8,
  "employee_id": "2065",
  "features_used": 11,
  "model_metadata": {
    "feature_dimensions": 11,
    "model_type": "GRU_CNN_Hybrid",
    "sequence_length": 50,
    "training_optimized": true
  },
  "predicted_attrition": 0,
  "risk_score": 1.8328652373611476e-08,
  "sequence_length": 50,
  "xai_explanation": {
    "attention_weights": [
      [
        0.020001379773020744,
        0.0200001522898674,
        0.020000169053673744,
        0.02000018209218979,
        0.020000189542770386,
        0.020000172778964043,
        0.02000015787780285,
        0.020000148564577103,
        0.02000012993812561,
        0.020000113174319267,
        0.020000096410512924,
        0.020000075921416283,
        0.02000006102025509,
        0.020000046119093895,
        0.020000029355287552,
        0.020000018179416656,
        0.02000000700354576,
        0.019999993965029716,
        0.01999998278915882,
        0.019999973475933075,
        0.01999996043741703,
        0.019999952986836433,
        0.019999943673610687,
        0.01999993994832039,
        0.019999930635094643,
        0.019999926909804344,
        0.019999923184514046,
        0.01999991573393345,
        0.0199999138712883,
        0.019999910145998,
        0.019999906420707703,
        0.019999900832772255,
        0.019999898970127106,
        0.019999897107481956,
        0.019999897107481956,
        0.019999893382191658,
        0.01999989151954651,
        0.01999988965690136,
        0.01999988779425621,
        0.019999884068965912,
        0.019999882206320763,
        0.019999882206320763,
        0.019999882206320763,
        0.019999882206320763,
        0.019999880343675613,
        0.019999880343675613,
        0.019999876618385315,
        0.019999876618385315,
        0.019999876618385315,
        0.019999876618385315
      ]
    ],
    "feature_names": [
      "day_of_week",
      "day_index",
      "system_login_hours",
      "work_focused_hours",
      "meeting_collaboration_hours",
      "social_dining_hours",
      "break_relaxation_hours",
      "shared_work_hours",
      "internal_comm_volume",
      "cafeteria_usage",
      "convenience_food_usage"
    ],
    "gradient_importance": [
      1.18188722697532e-10,
      3.293840894480482e-11,
      1.480364858474914e-10,
      2.615593852617337e-10,
      3.043241769695726e-10,
      5.940909569845942e-11,
      2.0743546880197528e-09,
      2.1991826415490578e-10,
      6.866662238813603e-10,
      1.3354756189798422e-09,
      1.6019240378639665e-09
    ],
    "sequence_importance": {
      "timestep_0": 1.4513057422504971e-08,
      "timestep_1": 3.116353175514064e-09,
      "timestep_10": 4.548389579232261e-16,
      "timestep_11": 3.829719445876226e-16,
      "timestep_12": 2.831099364798928e-16,
      "timestep_13": 2.398261822982836e-16,
      "timestep_14": 2.215874188917508e-16,
      "timestep_15": 1.5240166188090114e-16,
      "timestep_16": 1.3711435830929633e-16,
      "timestep_17": 1.3895870637749356e-16,
      "timestep_18": 1.0727134940449799e-16,
      "timestep_19": 9.474731215229802e-17,
      "timestep_2": 2.938178993589771e-15,
      "timestep_20": 9.126776036198146e-17,
      "timestep_21": 6.848236232260397e-17,
      "timestep_22": 6.65095961186691e-17,
      "timestep_23": 4.730527801799293e-17,
      "timestep_24": 4.858600176040878e-17,
      "timestep_25": 3.2938398166310566e-17,
      "timestep_26": 3.198439091351846e-17,
      "timestep_27": 2.726260244032691e-17,
      "timestep_28": 2.6260001635269762e-17,
      "timestep_29": 1.6663894238293114e-17,
      "timestep_3": 2.4747518097956557e-15,
      "timestep_30": 1.5778256771850964e-17,
      "timestep_31": 1.486718681029526e-17,
      "timestep_32": 1.5729132169632665e-17,
      "timestep_33": 1.08228104551285e-17,
      "timestep_34": 8.926129151116873e-18,
      "timestep_35": 7.696594653728252e-18,
      "timestep_36": 7.183486247955483e-18,
      "timestep_37": 5.482733425375004e-18,
      "timestep_38": 5.060983395945961e-18,
      "timestep_39": 4.63923419369753e-18,
      "timestep_4": 2.0064175523798597e-15,
      "timestep_40": 3.3245679220261765e-18,
      "timestep_41": 2.992111005746467e-18,
      "timestep_42": 1.4617150997430945e-18,
      "timestep_43": 1.2790005184047517e-18,
      "timestep_44": 1.0962859370664088e-18,
      "timestep_45": 9.135714591256425e-19,
      "timestep_46": 2.45626075034977e-09,
      "timestep_47": 2.6129460817259087e-09,
      "timestep_48": 4.7211838882788015e-09,
      "timestep_49": 3.6838003758532523e-09,
      "timestep_5": 1.3616136154034051e-15,
      "timestep_6": 1.1233332947036402e-15,
      "timestep_7": 8.996089175650852e-16,
      "timestep_8": 6.924024769913771e-16,
      "timestep_9": 5.436994903537803e-16
    },
    "temporal_importance": [
      1.4513057422504971e-08,
      3.116353175514064e-09,
      2.938178993589771e-15,
      2.4747518097956557e-15,
      2.0064175523798597e-15,
      1.3616136154034051e-15,
      1.1233332947036402e-15,
      8.996089175650852e-16,
      6.924024769913771e-16,
      5.436994903537803e-16,
      4.548389579232261e-16,
      3.829719445876226e-16,
      2.831099364798928e-16,
      2.398261822982836e-16,
      2.215874188917508e-16,
      1.5240166188090114e-16,
      1.3711435830929633e-16,
      1.3895870637749356e-16,
      1.0727134940449799e-16,
      9.474731215229802e-17,
      9.126776036198146e-17,
      6.848236232260397e-17,
      6.65095961186691e-17,
      4.730527801799293e-17,
      4.858600176040878e-17,
      3.2938398166310566e-17,
      3.198439091351846e-17,
      2.726260244032691e-17,
      2.6260001635269762e-17,
      1.6663894238293114e-17,
      1.5778256771850964e-17,
      1.486718681029526e-17,
      1.5729132169632665e-17,
      1.08228104551285e-17,
      8.926129151116873e-18,
      7.696594653728252e-18,
      7.183486247955483e-18,
      5.482733425375004e-18,
      5.060983395945961e-18,
      4.63923419369753e-18,
      3.3245679220261765e-18,
      2.992111005746467e-18,
      1.4617150997430945e-18,
      1.2790005184047517e-18,
      1.0962859370664088e-18,
      9.135714591256425e-19,
      2.45626075034977e-09,
      2.6129460817259087e-09,
      4.7211838882788015e-09,
      3.6838003758532523e-09
    ],
    "trend_analysis": {
      "confidence_level": "high",
      "prediction_trend": "stable"
    }
  }
}