{
  "confidence": 0.7,
  "employee_data": {
    "Age": 31,
    "AgeFactor": 1,
    "Attrition": "No",
    "BusinessTravel": "Travel_Rarely",
    "DailyRate": 741,
    "Department": "Research & Development",
    "DistanceFromHome": 2,
    "Education": 4,
    "EducationField": "Life Sciences",
    "EmployeeCount": 1,
    "EmployeeNumber": 1721,
    "EnvironmentSatisfaction": 2,
    "Gender": "Male",
    "HourlyRate": 69,
    "JobInvolvement": 3,
    "JobLevel": 1,
    "JobRole": "Laboratory Technician",
    "JobSatisfaction": 3,
    "MaritalStatus": "Married",
    "MonthlyIncome": 3477,
    "MonthlyRate": 18103,
    "Norm_EnvironmentSatisfaction": 0.3333333333333333,
    "Norm_JobInvolvement": 0.6666666666666666,
    "Norm_JobLevel": 0,
    "Norm_JobSatisfaction": 0.6666666666666666,
    "Norm_MonthlyIncome": 0.1299631384939441,
    "Norm_NumCompaniesWorked": 0.1111111111111111,
    "Norm_PercentSalaryHike": 0.2142857142857142,
    "Norm_PerformanceRating": 0,
    "Norm_RelationshipSatisfaction": 1,
    "Norm_TotalWorkingYears": 0.15,
    "Norm_TrainingTimesLastYear": 0.3333333333333333,
    "Norm_WorkLifeBalance": 1,
    "Norm_YearsAtCompany": 0.125,
    "Norm_YearsSinceLastPromotion": 0,
    "NumCompaniesWorked": 1,
    "Over18": "Y",
    "OverTime": "No",
    "OverTime_bin": 0,
    "PercentSalaryHike": 14,
    "PerformanceRating": 3,
    "Prob_N01": 0.0213942215538599,
    "Prob_N02": 0.0001585570140827,
    "Prob_N03": 0.9205999956175468,
    "Prob_P01": 0.0003088268937769,
    "Prob_P02": 0.012595743758617,
    "Prob_P03": 0.0006015126538024,
    "Prob_P04": 0.0314384043958205,
    "Prob_S01": 0.0007428979475371,
    "Prob_S02": 0.0035029205212603,
    "Prob_S03": 0.0086569196436958,
    "RelationshipSatisfaction": 4,
    "Score_N01": 0.6238095238095238,
    "Score_N02": 0.1333333333333333,
    "Score_N03": 1,
    "Score_P01": 0.2,
    "Score_P02": 0.5708333333333333,
    "Score_P03": 0.2666666666666667,
    "Score_P04": 0.6623004588881367,
    "Score_S01": 0.2877777777777778,
    "Score_S02": 0.4428571428571429,
    "Score_S03": 0.5333333333333333,
    "StandardHours": 80,
    "StockOptionLevel": 1,
    "TotalWorkingYears": 6,
    "TrainingTimesLastYear": 2,
    "WorkLifeBalance": 4,
    "YearsAtCompany": 5,
    "YearsInCurrentRole": 2,
    "YearsSinceLastPromotion": 0,
    "YearsWithCurrManager": 3,
    "argmax_Persona": "신규 부모",
    "argmax_Persona_Code": "N03",
    "argmax_RiskTier": "Neutral",
    "is_married": 1,
    "softmax_Persona": "신규 부모",
    "softmax_Persona_Code": "N03",
    "softmax_RiskTier": "Neutral"
  },
  "employee_id": 1721,
  "feature_importance": {},
  "lime_explanation": {},
  "model_interpretation": {},
  "predicted_attrition": 0,
  "risk_score": 4.073954187333584e-05,
  "shap_values": {},
  "xai_explanation": {}
}