{
  "confidence": 0.7,
  "employee_data": {
    "Age": 42,
    "AgeFactor": 1,
    "Attrition": "No",
    "BusinessTravel": "Travel_Rarely",
    "DailyRate": 1059,
    "Department": "Research & Development",
    "DistanceFromHome": 9,
    "Education": 2,
    "EducationField": "Other",
    "EmployeeCount": 1,
    "EmployeeNumber": 1595,
    "EnvironmentSatisfaction": 4,
    "Gender": "Male",
    "HourlyRate": 93,
    "JobInvolvement": 2,
    "JobLevel": 5,
    "JobRole": "Manager",
    "JobSatisfaction": 4,
    "MaritalStatus": "Single",
    "MonthlyIncome": 19613,
    "MonthlyRate": 26362,
    "Norm_EnvironmentSatisfaction": 1,
    "Norm_JobInvolvement": 0.3333333333333333,
    "Norm_JobLevel": 1,
    "Norm_JobSatisfaction": 1,
    "Norm_MonthlyIncome": 0.9796735123749342,
    "Norm_NumCompaniesWorked": 0.8888888888888888,
    "Norm_PercentSalaryHike": 0.7857142857142857,
    "Norm_PerformanceRating": 1,
    "Norm_RelationshipSatisfaction": 1,
    "Norm_TotalWorkingYears": 0.6,
    "Norm_TrainingTimesLastYear": 0.3333333333333333,
    "Norm_WorkLifeBalance": 0.6666666666666666,
    "Norm_YearsAtCompany": 0.025,
    "Norm_YearsSinceLastPromotion": 0,
    "NumCompaniesWorked": 8,
    "Over18": "Y",
    "OverTime": "No",
    "OverTime_bin": 0,
    "PercentSalaryHike": 22,
    "PerformanceRating": 4,
    "Prob_N01": 0.0026215158638637,
    "Prob_N02": 0.0090417068059702,
    "Prob_N03": 0.0090417068059702,
    "Prob_P01": 0.0001186609074405,
    "Prob_P02": 0.0079792782503467,
    "Prob_P03": 0.0017077578236581,
    "Prob_P04": 0.0011506152164964,
    "Prob_S01": 0.0009268812572289,
    "Prob_S02": 0.8741714591926638,
    "Prob_S03": 0.0932404178763615,
    "RelationshipSatisfaction": 4,
    "Score_N01": 0.3761904761904762,
    "Score_N02": 0.5,
    "Score_N03": 0.5,
    "Score_P01": 0.0666666666666666,
    "Score_P02": 0.4875,
    "Score_P03": 0.3333333333333333,
    "Score_P04": 0.2938448807643121,
    "Score_S01": 0.2722222222222222,
    "Score_S02": 0.9571428571428572,
    "Score_S03": 0.7333333333333334,
    "StandardHours": 80,
    "StockOptionLevel": 0,
    "TotalWorkingYears": 24,
    "TrainingTimesLastYear": 2,
    "WorkLifeBalance": 3,
    "YearsAtCompany": 1,
    "YearsInCurrentRole": 0,
    "YearsSinceLastPromotion": 0,
    "YearsWithCurrManager": 1,
    "argmax_Persona": "라이징 스타",
    "argmax_Persona_Code": "S02",
    "argmax_RiskTier": "Stable",
    "is_married": 0,
    "softmax_Persona": "신규 부모",
    "softmax_Persona_Code": "N03",
    "softmax_RiskTier": "Neutral"
  },
  "employee_id": 1595,
  "feature_importance": {},
  "lime_explanation": {},
  "model_interpretation": {},
  "predicted_attrition": 0,
  "risk_score": 0.0005243246559984982,
  "shap_values": {},
  "xai_explanation": {}
}