{
  "confidence": 0.8,
  "employee_id": "1296",
  "features_used": 11,
  "model_metadata": {
    "feature_dimensions": 11,
    "model_type": "GRU_CNN_Hybrid",
    "sequence_length": 50,
    "training_optimized": true
  },
  "predicted_attrition": 0,
  "risk_score": 2.2012701383911093e-10,
  "sequence_length": 50,
  "xai_explanation": {
    "attention_weights": [
      [
        0.02000197395682335,
        0.020000413060188293,
        0.020000379532575607,
        0.020000342279672623,
        0.02000030316412449,
        0.02000025473535061,
        0.020000223070383072,
        0.020000189542770386,
        0.020000163465738297,
        0.020000135526061058,
        0.02000010572373867,
        0.020000075921416283,
        0.020000051707029343,
        0.020000034943223,
        0.02000001259148121,
        0.019999993965029716,
        0.019999975338578224,
        0.01999996043741703,
        0.019999945536255836,
        0.019999932497739792,
        0.019999919459223747,
        0.019999906420707703,
        0.019999898970127106,
        0.01999988965690136,
        0.019999882206320763,
        0.019999876618385315,
        0.019999869167804718,
        0.01999986544251442,
        0.019999857991933823,
        0.019999854266643524,
        0.019999850541353226,
        0.019999846816062927,
        0.01999984122812748,
        0.01999983936548233,
        0.01999983750283718,
        0.019999833777546883,
        0.019999830052256584,
        0.019999826326966286,
        0.019999826326966286,
        0.019999826326966286,
        0.019999824464321136,
        0.019999822601675987,
        0.019999822601675987,
        0.019999820739030838,
        0.019999820739030838,
        0.01999981701374054,
        0.01999981701374054,
        0.01999981515109539,
        0.01999981515109539,
        0.01999981515109539
      ]
    ],
    "feature_names": [
      "day_of_week",
      "day_index",
      "system_login_hours",
      "work_focused_hours",
      "meeting_collaboration_hours",
      "social_dining_hours",
      "break_relaxation_hours",
      "shared_work_hours",
      "internal_comm_volume",
      "cafeteria_usage",
      "convenience_food_usage"
    ],
    "gradient_importance": [
      1.3065915537013861e-12,
      5.503512142540634e-13,
      1.6890729266638704e-12,
      3.1755997571131234e-12,
      3.667363721732153e-12,
      6.517222200276562e-13,
      2.5266153752534493e-11,
      2.672705589831792e-12,
      8.357773674527724e-12,
      1.627048669405884e-11,
      1.9502115200520365e-11
    ],
    "sequence_importance": {
      "timestep_0": 1.7689555376065869e-10,
      "timestep_1": 3.7592016305376674e-11,
      "timestep_10": 5.2320600630535654e-18,
      "timestep_11": 5.053965182038755e-18,
      "timestep_12": 3.837519577072866e-18,
      "timestep_13": 2.8063729758716662e-18,
      "timestep_14": 2.803417045952708e-18,
      "timestep_15": 2.68925557486758e-18,
      "timestep_16": 2.2058671481183824e-18,
      "timestep_17": 2.1462356977594346e-18,
      "timestep_18": 1.5794706705897653e-18,
      "timestep_19": 1.245516970991641e-18,
      "timestep_2": 2.1045373990035446e-17,
      "timestep_20": 1.5589625884578912e-18,
      "timestep_21": 1.2652273408202843e-18,
      "timestep_22": 9.335983289361638e-19,
      "timestep_23": 7.9882398227530905e-19,
      "timestep_24": 6.087685865908643e-19,
      "timestep_25": 6.286961947278793e-19,
      "timestep_26": 5.13187866810362e-19,
      "timestep_27": 5.113573678135704e-19,
      "timestep_28": 3.800696649828091e-19,
      "timestep_29": 3.3647127549121766e-19,
      "timestep_3": 1.7954706275459664e-17,
      "timestep_30": 2.5518888958657724e-19,
      "timestep_31": 2.663798419432013e-19,
      "timestep_32": 2.2981851056714576e-19,
      "timestep_33": 1.8296544970849373e-19,
      "timestep_34": 1.5069483341672146e-19,
      "timestep_35": 1.5454551426452066e-19,
      "timestep_36": 1.2723347092878872e-19,
      "timestep_37": 7.513793321823168e-20,
      "timestep_38": 6.935807331150275e-20,
      "timestep_39": 6.357821986712236e-20,
      "timestep_4": 1.39225399333148e-17,
      "timestep_40": 4.5440481941655805e-20,
      "timestep_41": 4.0896426638906835e-20,
      "timestep_42": 3.6352371336157866e-20,
      "timestep_43": 3.180831280223463e-20,
      "timestep_44": 7.374362405443424e-12,
      "timestep_45": 7.083647904360113e-12,
      "timestep_46": 1.0053209044909979e-20,
      "timestep_47": 3.2913127084865934e-11,
      "timestep_48": 4.493544078498779e-11,
      "timestep_49": 7.097820942103539e-11,
      "timestep_5": 1.3399079362175931e-17,
      "timestep_6": 9.98370272532307e-18,
      "timestep_7": 8.384987594384682e-18,
      "timestep_8": 6.50807177111001e-18,
      "timestep_9": 5.807050264041732e-18
    },
    "temporal_importance": [
      1.7689555376065869e-10,
      3.7592016305376674e-11,
      2.1045373990035446e-17,
      1.7954706275459664e-17,
      1.39225399333148e-17,
      1.3399079362175931e-17,
      9.98370272532307e-18,
      8.384987594384682e-18,
      6.50807177111001e-18,
      5.807050264041732e-18,
      5.2320600630535654e-18,
      5.053965182038755e-18,
      3.837519577072866e-18,
      2.8063729758716662e-18,
      2.803417045952708e-18,
      2.68925557486758e-18,
      2.2058671481183824e-18,
      2.1462356977594346e-18,
      1.5794706705897653e-18,
      1.245516970991641e-18,
      1.5589625884578912e-18,
      1.2652273408202843e-18,
      9.335983289361638e-19,
      7.9882398227530905e-19,
      6.087685865908643e-19,
      6.286961947278793e-19,
      5.13187866810362e-19,
      5.113573678135704e-19,
      3.800696649828091e-19,
      3.3647127549121766e-19,
      2.5518888958657724e-19,
      2.663798419432013e-19,
      2.2981851056714576e-19,
      1.8296544970849373e-19,
      1.5069483341672146e-19,
      1.5454551426452066e-19,
      1.2723347092878872e-19,
      7.513793321823168e-20,
      6.935807331150275e-20,
      6.357821986712236e-20,
      4.5440481941655805e-20,
      4.0896426638906835e-20,
      3.6352371336157866e-20,
      3.180831280223463e-20,
      7.374362405443424e-12,
      7.083647904360113e-12,
      1.0053209044909979e-20,
      3.2913127084865934e-11,
      4.493544078498779e-11,
      7.097820942103539e-11
    ],
    "trend_analysis": {
      "confidence_level": "high",
      "prediction_trend": "stable"
    }
  }
}