{
  "confidence": 0.8,
  "employee_id": "179",
  "features_used": 11,
  "model_metadata": {
    "feature_dimensions": 11,
    "model_type": "GRU_CNN_Hybrid",
    "sequence_length": 50,
    "training_optimized": true
  },
  "predicted_attrition": 1,
  "risk_score": 0.9999974966049194,
  "sequence_length": 50,
  "xai_explanation": {
    "attention_weights": [
      [
        0.02000243030488491,
        0.02000211551785469,
        0.020001811906695366,
        0.02000163309276104,
        0.020001428201794624,
        0.020001230761408806,
        0.020001022145152092,
        0.02000083588063717,
        0.020000694319605827,
        0.020000552758574486,
        0.020000450313091278,
        0.02000034600496292,
        0.02000025101006031,
        0.02000017650425434,
        0.02000010386109352,
        0.020000040531158447,
        0.01999998837709427,
        0.019999925047159195,
        0.019999869167804718,
        0.019999820739030838,
        0.01999977044761181,
        0.019999733194708824,
        0.01999969780445099,
        0.019999666139483452,
        0.019999641925096512,
        0.01999962143599987,
        0.019999604672193527,
        0.019999584183096886,
        0.019999563694000244,
        0.019999545067548752,
        0.01999952457845211,
        0.019999511539936066,
        0.01999949850142002,
        0.019999489188194275,
        0.019999481737613678,
        0.019999472424387932,
        0.019999464973807335,
        0.019999457523226738,
        0.01999945193529129,
        0.019999444484710693,
        0.019999437034130096,
        0.01999943144619465,
        0.01999942772090435,
        0.0199994258582592,
        0.019999420270323753,
        0.019999414682388306,
        0.019999414682388306,
        0.019999410957098007,
        0.019999410957098007,
        0.019999409094452858
      ]
    ],
    "feature_names": [
      "day_of_week",
      "day_index",
      "system_login_hours",
      "work_focused_hours",
      "meeting_collaboration_hours",
      "social_dining_hours",
      "break_relaxation_hours",
      "shared_work_hours",
      "internal_comm_volume",
      "cafeteria_usage",
      "convenience_food_usage"
    ],
    "gradient_importance": [
      9.362724817663093e-09,
      2.6746898029728072e-09,
      5.998125551798239e-09,
      2.9146363544896303e-08,
      1.4316550611681578e-08,
      4.820866372767796e-09,
      1.8862355943838338e-07,
      1.3990108627126574e-08,
      2.2797344456648716e-08,
      1.2421396888839809e-07,
      1.270369978101371e-07
    ],
    "sequence_importance": {
      "timestep_0": 4.815018428416806e-08,
      "timestep_1": 1.7561143511590771e-12,
      "timestep_10": 3.59067783102171e-13,
      "timestep_11": 3.123576972161729e-13,
      "timestep_12": 2.7041883272557743e-13,
      "timestep_13": 2.1440012579979767e-13,
      "timestep_14": 1.8301988613869669e-13,
      "timestep_15": 1.5761728673537728e-13,
      "timestep_16": 1.2124848380087178e-13,
      "timestep_17": 1.1222876198247606e-13,
      "timestep_18": 1.0311379977949106e-13,
      "timestep_19": 7.79662182796674e-14,
      "timestep_2": 1.5057902841286719e-12,
      "timestep_20": 7.582833422585186e-14,
      "timestep_21": 5.630870051373353e-14,
      "timestep_22": 5.0424918282771305e-14,
      "timestep_23": 4.295503975302109e-14,
      "timestep_24": 3.301651757981611e-14,
      "timestep_25": 2.876204049234721e-14,
      "timestep_26": 2.2138080214492706e-14,
      "timestep_27": 1.9304504284174684e-14,
      "timestep_28": 1.8862215866370484e-14,
      "timestep_29": 1.7054664497588752e-14,
      "timestep_3": 1.2252084112887585e-12,
      "timestep_30": 1.414235770185639e-14,
      "timestep_31": 1.0658744970892895e-14,
      "timestep_32": 8.42008601921072e-15,
      "timestep_33": 6.540693127491141e-15,
      "timestep_34": 5.564826045442988e-15,
      "timestep_35": 4.9366202484635736e-15,
      "timestep_36": 3.707389094749188e-15,
      "timestep_37": 3.707057057833864e-15,
      "timestep_38": 2.811546297425832e-15,
      "timestep_39": 2.846484077159467e-15,
      "timestep_4": 9.776281346962623e-13,
      "timestep_40": 1.8728781495640093e-15,
      "timestep_41": 1.6855892122889533e-15,
      "timestep_42": 1.3076786866078691e-15,
      "timestep_43": 1.0608213102842072e-15,
      "timestep_44": 8.030952836374108e-16,
      "timestep_45": 7.577285695593849e-16,
      "timestep_46": 3.533959628194462e-16,
      "timestep_47": 5.689093427463376e-07,
      "timestep_48": 8.910655537874845e-07,
      "timestep_49": 9.599604027243913e-07,
      "timestep_5": 9.329871944463441e-13,
      "timestep_6": 8.119271314305232e-13,
      "timestep_7": 6.609878117937174e-13,
      "timestep_8": 5.388968351421886e-13,
      "timestep_9": 4.809029151460475e-13
    },
    "temporal_importance": [
      4.815018428416806e-08,
      1.7561143511590771e-12,
      1.5057902841286719e-12,
      1.2252084112887585e-12,
      9.776281346962623e-13,
      9.329871944463441e-13,
      8.119271314305232e-13,
      6.609878117937174e-13,
      5.388968351421886e-13,
      4.809029151460475e-13,
      3.59067783102171e-13,
      3.123576972161729e-13,
      2.7041883272557743e-13,
      2.1440012579979767e-13,
      1.8301988613869669e-13,
      1.5761728673537728e-13,
      1.2124848380087178e-13,
      1.1222876198247606e-13,
      1.0311379977949106e-13,
      7.79662182796674e-14,
      7.582833422585186e-14,
      5.630870051373353e-14,
      5.0424918282771305e-14,
      4.295503975302109e-14,
      3.301651757981611e-14,
      2.876204049234721e-14,
      2.2138080214492706e-14,
      1.9304504284174684e-14,
      1.8862215866370484e-14,
      1.7054664497588752e-14,
      1.414235770185639e-14,
      1.0658744970892895e-14,
      8.42008601921072e-15,
      6.540693127491141e-15,
      5.564826045442988e-15,
      4.9366202484635736e-15,
      3.707389094749188e-15,
      3.707057057833864e-15,
      2.811546297425832e-15,
      2.846484077159467e-15,
      1.8728781495640093e-15,
      1.6855892122889533e-15,
      1.3076786866078691e-15,
      1.0608213102842072e-15,
      8.030952836374108e-16,
      7.577285695593849e-16,
      3.533959628194462e-16,
      5.689093427463376e-07,
      8.910655537874845e-07,
      9.599604027243913e-07
    ],
    "trend_analysis": {
      "confidence_level": "high",
      "prediction_trend": "increasing"
    }
  }
}