{
  "prediction": {
    "risk_score": 7.876081941035208e-24,
    "attrition_probability": 7.876081941035208e-24
  },
  "confidence": 0.8
}