{
  "confidence": 0.7,
  "employee_data": {
    "Age": 29,
    "AgeFactor": 1,
    "Attrition": "Yes",
    "BusinessTravel": "Travel_Frequently",
    "DailyRate": 459,
    "Department": "Research & Development",
    "DistanceFromHome": 24,
    "Education": 2,
    "EducationField": "Life Sciences",
    "EmployeeCount": 1,
    "EmployeeNumber": 1868,
    "EnvironmentSatisfaction": 4,
    "Gender": "Male",
    "HourlyRate": 73,
    "JobInvolvement": 2,
    "JobLevel": 1,
    "JobRole": "Research Scientist",
    "JobSatisfaction": 4,
    "MaritalStatus": "Single",
    "MonthlyIncome": 2439,
    "MonthlyRate": 14753,
    "Norm_EnvironmentSatisfaction": 1,
    "Norm_JobInvolvement": 0.3333333333333333,
    "Norm_JobLevel": 0,
    "Norm_JobSatisfaction": 1,
    "Norm_MonthlyIncome": 0.0753027909426013,
    "Norm_NumCompaniesWorked": 0.1111111111111111,
    "Norm_PercentSalaryHike": 0.9285714285714286,
    "Norm_PerformanceRating": 1,
    "Norm_RelationshipSatisfaction": 0.3333333333333333,
    "Norm_TotalWorkingYears": 0.025,
    "Norm_TrainingTimesLastYear": 0.5,
    "Norm_WorkLifeBalance": 0.3333333333333333,
    "Norm_YearsAtCompany": 0.025,
    "Norm_YearsSinceLastPromotion": 0.0666666666666666,
    "NumCompaniesWorked": 1,
    "Over18": "Y",
    "OverTime": "Yes",
    "OverTime_bin": 1,
    "PercentSalaryHike": 24,
    "PerformanceRating": 4,
    "Prob_N01": 0.001875586936648,
    "Prob_N02": 0.0636074859557499,
    "Prob_N03": 0.0011650117433857,
    "Prob_P01": 0.012013902254874,
    "Prob_P02": 0.0561334093371425,
    "Prob_P03": 0.0013762987541595,
    "Prob_P04": 0.0031181325752974,
    "Prob_S01": 0.0004191648267723,
    "Prob_S02": 0.8482771053610964,
    "Prob_S03": 0.012013902254874,
    "RelationshipSatisfaction": 2,
    "Score_N01": 0.3476190476190476,
    "Score_N02": 0.7,
    "Score_N03": 0.3,
    "Score_P01": 0.5333333333333334,
    "Score_P02": 0.6875,
    "Score_P03": 0.3166666666666666,
    "Score_P04": 0.398450312194388,
    "Score_S01": 0.1977777777777777,
    "Score_S02": 0.9590476190476191,
    "Score_S03": 0.5333333333333333,
    "StandardHours": 80,
    "StockOptionLevel": 0,
    "TotalWorkingYears": 1,
    "TrainingTimesLastYear": 3,
    "WorkLifeBalance": 2,
    "YearsAtCompany": 1,
    "YearsInCurrentRole": 0,
    "YearsSinceLastPromotion": 1,
    "YearsWithCurrManager": 0,
    "argmax_Persona": "라이징 스타",
    "argmax_Persona_Code": "S02",
    "argmax_RiskTier": "Stable",
    "is_married": 0,
    "softmax_Persona": "라이징 스타",
    "softmax_Persona_Code": "S02",
    "softmax_RiskTier": "Stable"
  },
  "employee_id": 1868,
  "feature_importance": {},
  "lime_explanation": {},
  "model_interpretation": {},
  "predicted_attrition": 0,
  "risk_score": 0.9986532926559448,
  "shap_values": {},
  "xai_explanation": {}
}