{
  "prediction": {
    "employee_id": "343",
    "attrition_probability": 0.039356447756290436,
    "attrition_prediction": 1,
    "risk_category": "LOW",
    "confidence_score": 0.9212871044874191,
    "prediction_timestamp": "2025-09-23T22:52:07.966686"
  },
  "explanation": {
    "employee_id": "343",
    "feature_importance": {
      "RelationshipSatisfaction": 0.03405288979411125,
      "Education": 0.02487798221409321,
      "JobInvolvement": 0.03501373156905174,
      "EnvironmentSatisfaction": 0.048257846385240555,
      "JobLevel": 0.07228615880012512,
      "JobSatisfaction": 0.04019258916378021,
      "StockOptionLevel": 0.07264421880245209,
      "WorkLifeBalance": 0.03580893576145172,
      "Department": 0.037670474499464035,
      "JobRole": 0.046762410551309586,
      "MaritalStatus": 0.036864522844552994,
      "OverTime": 0.0779639258980751,
      "Age": 0.04039482772350311,
      "DailyRate": 0.03578038513660431,
      "DistanceFromHome": 0.036774344742298126,
      "MonthlyIncome": 0.04666806384921074,
      "NumCompaniesWorked": 0.050036631524562836,
      "TotalWorkingYears": 0.04981709271669388,
      "TrainingTimesLastYear": 0.02378365956246853,
      "YearsAtCompany": 0.02968277968466282,
      "YearsInCurrentRole": 0.03649982064962387,
      "YearsSinceLastPromotion": 0.03537580743432045,
      "YearsWithCurrManager": 0.05279093235731125
    },
    "shap_values": {
      "RelationshipSatisfaction": -0.13495531678199768,
      "Education": 0.009550490416586399,
      "JobInvolvement": -0.10065633803606033,
      "EnvironmentSatisfaction": -0.1572927087545395,
      "JobLevel": 0.04796683043241501,
      "JobSatisfaction": -0.06001034379005432,
      "StockOptionLevel": 0.1398392915725708,
      "WorkLifeBalance": -0.1744544804096222,
      "Department": -0.06189380958676338,
      "JobRole": -0.3447572588920593,
      "MaritalStatus": -0.10996028035879135,
      "OverTime": -0.6587608456611633,
      "Age": -0.46790412068367004,
      "DailyRate": 0.07583696395158768,
      "DistanceFromHome": -0.3335525393486023,
      "MonthlyIncome": -0.22833707928657532,
      "NumCompaniesWorked": -0.5602425336837769,
      "TotalWorkingYears": -0.3494284749031067,
      "TrainingTimesLastYear": 0.12322350591421127,
      "YearsAtCompany": -0.19984979927539825,
      "YearsInCurrentRole": -0.08105091750621796,
      "YearsSinceLastPromotion": 0.4672836661338806,
      "YearsWithCurrManager": -0.3108219802379608
    },
    "lime_explanation": {
      "features": [
        "OverTime=0",
        "NumCompaniesWorked <= 1.00",
        "StockOptionLevel <= 0.00",
        "DistanceFromHome <= 2.00",
        "2.00 < JobInvolvement <= 3.00",
        "2.00 < WorkLifeBalance <= 3.00",
        "YearsWithCurrManager > 7.00",
        "35.00 < Age <= 42.00",
        "2.00 < EnvironmentSatisfaction <= 3.00",
        "MonthlyIncome > 8201.00"
      ],
      "values": [
        -0.21560279661067136,
        -0.1094663764749289,
        0.10839767330844569,
        -0.09874497268557318,
        -0.07806944715628159,
        -0.07401820727557185,
        -0.0685004962169033,
        -0.06537149855428812,
        -0.054301116413062074,
        -0.05196239026415595
      ],
      "intercept": 0.6344680393427018
    },
    "top_risk_factors": [
      {
        "feature": "YearsSinceLastPromotion",
        "impact": 0.4672836661338806,
        "type": "risk"
      }
    ],
    "top_protective_factors": [
      {
        "feature": "OverTime",
        "impact": 0.6587608456611633,
        "type": "protective"
      },
      {
        "feature": "NumCompaniesWorked",
        "impact": 0.5602425336837769,
        "type": "protective"
      },
      {
        "feature": "Age",
        "impact": 0.46790412068367004,
        "type": "protective"
      },
      {
        "feature": "TotalWorkingYears",
        "impact": 0.3494284749031067,
        "type": "protective"
      }
    ],
    "explanation_timestamp": "2025-09-23T22:52:08.043689"
  },
  "agent_type": "structura",
  "analysis_type": "individual"
}