{
  "prediction": {
    "risk_score": 6.854637723861425e-25,
    "attrition_probability": 6.854637723861425e-25
  },
  "confidence": 0.8
}