{
  "confidence": 0.7,
  "employee_data": {
    "Age": 40,
    "AgeFactor": 1,
    "Attrition": "No",
    "BusinessTravel": "Travel_Rarely",
    "DailyRate": 750,
    "Department": "Research & Development",
    "DistanceFromHome": 12,
    "Education": 3,
    "EducationField": "Life Sciences",
    "EmployeeCount": 1,
    "EmployeeNumber": 1829,
    "EnvironmentSatisfaction": 2,
    "Gender": "Female",
    "HourlyRate": 47,
    "JobInvolvement": 3,
    "JobLevel": 2,
    "JobRole": "Healthcare Representative",
    "JobSatisfaction": 1,
    "MaritalStatus": "Divorced",
    "MonthlyIncome": 4448,
    "MonthlyRate": 10748,
    "Norm_EnvironmentSatisfaction": 0.3333333333333333,
    "Norm_JobInvolvement": 0.6666666666666666,
    "Norm_JobLevel": 0.25,
    "Norm_JobSatisfaction": 0,
    "Norm_MonthlyIncome": 0.1810953133228015,
    "Norm_NumCompaniesWorked": 0.2222222222222222,
    "Norm_PercentSalaryHike": 0.0714285714285714,
    "Norm_PerformanceRating": 0,
    "Norm_RelationshipSatisfaction": 0.3333333333333333,
    "Norm_TotalWorkingYears": 0.375,
    "Norm_TrainingTimesLastYear": 0.5,
    "Norm_WorkLifeBalance": 0.6666666666666666,
    "Norm_YearsAtCompany": 0.175,
    "Norm_YearsSinceLastPromotion": 0.4666666666666667,
    "NumCompaniesWorked": 2,
    "Over18": "Y",
    "OverTime": "No",
    "OverTime_bin": 0,
    "PercentSalaryHike": 12,
    "PerformanceRating": 3,
    "Prob_N01": 0.1463513854973741,
    "Prob_N02": 0.0060226917240583,
    "Prob_N03": 0.031887081410075,
    "Prob_P01": 0.0228480922331342,
    "Prob_P02": 0.3726107427578106,
    "Prob_P03": 0.0193404925239632,
    "Prob_P04": 0.3845621511214075,
    "Prob_S01": 0.0091866974822425,
    "Prob_S02": 0.0020925667708689,
    "Prob_S03": 0.0050980984790653,
    "RelationshipSatisfaction": 2,
    "Score_N01": 0.6523809523809524,
    "Score_N02": 0.3333333333333333,
    "Score_N03": 0.5,
    "Score_P01": 0.4666666666666667,
    "Score_P02": 0.7458333333333333,
    "Score_P03": 0.4499999999999999,
    "Score_P04": 0.748990446099451,
    "Score_S01": 0.3755555555555556,
    "Score_S02": 0.2276190476190476,
    "Score_S03": 0.3166666666666666,
    "StandardHours": 80,
    "StockOptionLevel": 1,
    "TotalWorkingYears": 15,
    "TrainingTimesLastYear": 3,
    "WorkLifeBalance": 3,
    "YearsAtCompany": 7,
    "YearsInCurrentRole": 4,
    "YearsSinceLastPromotion": 7,
    "YearsWithCurrManager": 7,
    "argmax_Persona": "저평가된 전문가",
    "argmax_Persona_Code": "P04",
    "argmax_RiskTier": "High",
    "is_married": 0,
    "softmax_Persona": "현상 유지자",
    "softmax_Persona_Code": "N01",
    "softmax_RiskTier": "Neutral"
  },
  "employee_id": 1829,
  "feature_importance": {},
  "lime_explanation": {},
  "model_interpretation": {},
  "predicted_attrition": 0,
  "risk_score": 0.009602152742445469,
  "shap_values": {},
  "xai_explanation": {}
}