{
  "prediction": {
    "risk_score": 3.3288487884912916e-20,
    "attrition_probability": 3.3288487884912916e-20
  },
  "confidence": 0.8
}