{
  "confidence": 0.8,
  "employee_id": "261",
  "features_used": 11,
  "model_metadata": {
    "feature_dimensions": 11,
    "model_type": "GRU_CNN_Hybrid",
    "sequence_length": 50,
    "training_optimized": true
  },
  "predicted_attrition": 1,
  "risk_score": 0.9996938705444336,
  "sequence_length": 50,
  "xai_explanation": {
    "attention_weights": [
      [
        0.02000124752521515,
        0.020000675693154335,
        0.020000625401735306,
        0.020000597462058067,
        0.020000562071800232,
        0.020000509917736053,
        0.020000452175736427,
        0.020000379532575607,
        0.020000308752059937,
        0.02000024914741516,
        0.020000195130705833,
        0.020000146701931953,
        0.020000096410512924,
        0.020000064745545387,
        0.020000044256448746,
        0.020000025629997253,
        0.019999999552965164,
        0.019999979063868523,
        0.01999996043741703,
        0.01999993994832039,
        0.01999991573393345,
        0.019999900832772255,
        0.019999884068965912,
        0.019999872893095016,
        0.019999859854578972,
        0.019999854266643524,
        0.01999983936548233,
        0.019999831914901733,
        0.019999822601675987,
        0.01999981328845024,
        0.019999807700514793,
        0.019999803975224495,
        0.01999979466199875,
        0.0199997890740633,
        0.019999783486127853,
        0.019999779760837555,
        0.019999774172902107,
        0.019999774172902107,
        0.01999977044761181,
        0.01999976485967636,
        0.01999976485967636,
        0.019999762997031212,
        0.019999761134386063,
        0.019999761134386063,
        0.019999757409095764,
        0.019999755546450615,
        0.019999755546450615,
        0.019999755546450615,
        0.019999755546450615,
        0.019999753683805466
      ]
    ],
    "feature_names": [
      "day_of_week",
      "day_index",
      "system_login_hours",
      "work_focused_hours",
      "meeting_collaboration_hours",
      "social_dining_hours",
      "break_relaxation_hours",
      "shared_work_hours",
      "internal_comm_volume",
      "cafeteria_usage",
      "convenience_food_usage"
    ],
    "gradient_importance": [
      2.5122167244262528e-06,
      8.484535669595061e-07,
      2.8102208489144687e-06,
      5.710391633328982e-06,
      5.924124707235023e-06,
      8.177606787285185e-07,
      4.2424682760611176e-05,
      4.790280854649609e-06,
      1.297879407502478e-05,
      2.819464134518057e-05,
      3.2475145417265594e-05
    ],
    "sequence_importance": {
      "timestep_0": 0.00024790625320747495,
      "timestep_1": 2.3607910407008603e-05,
      "timestep_10": 2.5670255851539814e-11,
      "timestep_11": 2.2339291874673428e-11,
      "timestep_12": 2.049913190582675e-11,
      "timestep_13": 1.4227136829747522e-11,
      "timestep_14": 1.1086997639409013e-11,
      "timestep_15": 8.783895485975357e-12,
      "timestep_16": 9.050509473806923e-12,
      "timestep_17": 6.962606706462093e-12,
      "timestep_18": 6.134638803889647e-12,
      "timestep_19": 5.932035678640757e-12,
      "timestep_2": 8.894645436852144e-11,
      "timestep_20": 5.86043670189329e-12,
      "timestep_21": 3.88385677785319e-12,
      "timestep_22": 3.9005513229051214e-12,
      "timestep_23": 2.750900202075357e-12,
      "timestep_24": 2.4636620868379033e-12,
      "timestep_25": 1.85219960029126e-12,
      "timestep_26": 2.0829783210774e-12,
      "timestep_27": 1.5341756727862976e-12,
      "timestep_28": 1.5208559238366615e-12,
      "timestep_29": 1.1730052693059712e-12,
      "timestep_3": 8.232300952037974e-11,
      "timestep_30": 1.159762281870147e-12,
      "timestep_31": 7.175975308762461e-13,
      "timestep_32": 7.714535932810962e-13,
      "timestep_33": 6.851588523967833e-13,
      "timestep_34": 4.049631181606006e-13,
      "timestep_35": 5.645757841267474e-13,
      "timestep_36": 3.543423421435016e-13,
      "timestep_37": 2.3025242194656126e-13,
      "timestep_38": 3.037217016516741e-13,
      "timestep_39": 1.9482884001855577e-13,
      "timestep_4": 5.989143209150782e-11,
      "timestep_40": 1.6080648097827055e-13,
      "timestep_41": 1.3733012936469752e-13,
      "timestep_42": 8.638203271172512e-14,
      "timestep_43": 8.815397820353607e-14,
      "timestep_44": 4.85898722245217e-14,
      "timestep_45": 4.0491552846149206e-14,
      "timestep_46": 1.8436525351717137e-05,
      "timestep_47": 8.999456622404978e-05,
      "timestep_48": 0.00012138351303292438,
      "timestep_49": 0.0001327011559624225,
      "timestep_5": 5.684186454857354e-11,
      "timestep_6": 5.137239592056808e-11,
      "timestep_7": 4.3706680635802186e-11,
      "timestep_8": 3.7957820914202856e-11,
      "timestep_9": 3.1652267612480856e-11
    },
    "temporal_importance": [
      0.00024790625320747495,
      2.3607910407008603e-05,
      8.894645436852144e-11,
      8.232300952037974e-11,
      5.989143209150782e-11,
      5.684186454857354e-11,
      5.137239592056808e-11,
      4.3706680635802186e-11,
      3.7957820914202856e-11,
      3.1652267612480856e-11,
      2.5670255851539814e-11,
      2.2339291874673428e-11,
      2.049913190582675e-11,
      1.4227136829747522e-11,
      1.1086997639409013e-11,
      8.783895485975357e-12,
      9.050509473806923e-12,
      6.962606706462093e-12,
      6.134638803889647e-12,
      5.932035678640757e-12,
      5.86043670189329e-12,
      3.88385677785319e-12,
      3.9005513229051214e-12,
      2.750900202075357e-12,
      2.4636620868379033e-12,
      1.85219960029126e-12,
      2.0829783210774e-12,
      1.5341756727862976e-12,
      1.5208559238366615e-12,
      1.1730052693059712e-12,
      1.159762281870147e-12,
      7.175975308762461e-13,
      7.714535932810962e-13,
      6.851588523967833e-13,
      4.049631181606006e-13,
      5.645757841267474e-13,
      3.543423421435016e-13,
      2.3025242194656126e-13,
      3.037217016516741e-13,
      1.9482884001855577e-13,
      1.6080648097827055e-13,
      1.3733012936469752e-13,
      8.638203271172512e-14,
      8.815397820353607e-14,
      4.85898722245217e-14,
      4.0491552846149206e-14,
      1.8436525351717137e-05,
      8.999456622404978e-05,
      0.00012138351303292438,
      0.0001327011559624225
    ],
    "trend_analysis": {
      "confidence_level": "high",
      "prediction_trend": "increasing"
    }
  }
}