{
  "confidence": 0.8,
  "employee_id": "1120",
  "features_used": 11,
  "model_metadata": {
    "feature_dimensions": 11,
    "model_type": "GRU_CNN_Hybrid",
    "sequence_length": 50,
    "training_optimized": true
  },
  "predicted_attrition": 0,
  "risk_score": 4.1471750478194735e-09,
  "sequence_length": 50,
  "xai_explanation": {
    "attention_weights": [
      [
        0.020001929253339767,
        0.020000537857413292,
        0.02000049315392971,
        0.02000044845044613,
        0.020000416785478592,
        0.02000037208199501,
        0.02000032737851143,
        0.0200002733618021,
        0.02000022679567337,
        0.020000193268060684,
        0.0200001522898674,
        0.020000111311674118,
        0.020000077784061432,
        0.020000051707029343,
        0.020000025629997253,
        0.019999997690320015,
        0.019999979063868523,
        0.01999995857477188,
        0.01999993808567524,
        0.019999923184514046,
        0.019999906420707703,
        0.019999897107481956,
        0.019999882206320763,
        0.019999876618385315,
        0.01999986730515957,
        0.019999859854578972,
        0.019999850541353226,
        0.019999844953417778,
        0.01999983936548233,
        0.019999833777546883,
        0.019999828189611435,
        0.019999822601675987,
        0.01999981887638569,
        0.01999981701374054,
        0.019999811425805092,
        0.019999809563159943,
        0.019999805837869644,
        0.019999803975224495,
        0.019999802112579346,
        0.019999800249934196,
        0.019999796524643898,
        0.01999979466199875,
        0.0199997927993536,
        0.0199997927993536,
        0.01999979093670845,
        0.01999979093670845,
        0.01999979093670845,
        0.019999787211418152,
        0.019999787211418152,
        0.019999785348773003
      ]
    ],
    "feature_names": [
      "day_of_week",
      "day_index",
      "system_login_hours",
      "work_focused_hours",
      "meeting_collaboration_hours",
      "social_dining_hours",
      "break_relaxation_hours",
      "shared_work_hours",
      "internal_comm_volume",
      "cafeteria_usage",
      "convenience_food_usage"
    ],
    "gradient_importance": [
      2.4799046496881694e-11,
      1.0208064428474106e-11,
      3.16682444156946e-11,
      5.952553033816699e-11,
      6.878685121503025e-11,
      1.2775580940371789e-11,
      4.731564584581349e-10,
      4.9984863470520224e-11,
      1.5636525407813906e-10,
      3.047224972352325e-10,
      3.653504165868071e-10
    ],
    "sequence_importance": {
      "timestep_0": 3.3161413615090396e-09,
      "timestep_1": 7.046123684517624e-10,
      "timestep_10": 1.1436086958922868e-16,
      "timestep_11": 1.1084379026888181e-16,
      "timestep_12": 7.774384703766209e-17,
      "timestep_13": 7.094325111472883e-17,
      "timestep_14": 6.117391059078765e-17,
      "timestep_15": 5.824731911379543e-17,
      "timestep_16": 4.640368092881218e-17,
      "timestep_17": 4.2494210286927306e-17,
      "timestep_18": 3.7525276790317165e-17,
      "timestep_19": 3.021283473922589e-17,
      "timestep_2": 4.534780936143437e-16,
      "timestep_20": 2.664596245472578e-17,
      "timestep_21": 2.2474151481569715e-17,
      "timestep_22": 1.846622980317878e-17,
      "timestep_23": 1.5953456934312146e-17,
      "timestep_24": 1.4999605191475198e-17,
      "timestep_25": 1.1364538482914991e-17,
      "timestep_26": 1.0247034846148714e-17,
      "timestep_27": 9.641106849480145e-18,
      "timestep_28": 7.713485681836585e-18,
      "timestep_29": 7.531369462273847e-18,
      "timestep_3": 3.643092941305482e-16,
      "timestep_30": 6.313936203656571e-18,
      "timestep_31": 5.294324015711963e-18,
      "timestep_32": 4.3839641887121345e-18,
      "timestep_33": 4.142025853659256e-18,
      "timestep_34": 3.4487484114856998e-18,
      "timestep_35": 2.3550380046540514e-18,
      "timestep_36": 2.22723012141333e-18,
      "timestep_37": 2.070226484862243e-18,
      "timestep_38": 1.9132205735644718e-18,
      "timestep_39": 1.5136179948438062e-18,
      "timestep_4": 3.0632538902845906e-16,
      "timestep_40": 9.97980897938463e-19,
      "timestep_41": 8.98182591009706e-19,
      "timestep_42": 7.983843357797371e-19,
      "timestep_43": 5.521130735819409e-19,
      "timestep_44": 4.732396961149963e-19,
      "timestep_45": 1.5466604386116245e-10,
      "timestep_46": 1.4984974372467263e-10,
      "timestep_47": 6.211461900385018e-10,
      "timestep_48": 8.240439441919989e-10,
      "timestep_49": 1.3083693017890141e-09,
      "timestep_5": 2.4908327302992786e-16,
      "timestep_6": 2.0692391538112937e-16,
      "timestep_7": 1.8269341295928704e-16,
      "timestep_8": 1.5576916047671882e-16,
      "timestep_9": 1.112444897924923e-16
    },
    "temporal_importance": [
      3.3161413615090396e-09,
      7.046123684517624e-10,
      4.534780936143437e-16,
      3.643092941305482e-16,
      3.0632538902845906e-16,
      2.4908327302992786e-16,
      2.0692391538112937e-16,
      1.8269341295928704e-16,
      1.5576916047671882e-16,
      1.112444897924923e-16,
      1.1436086958922868e-16,
      1.1084379026888181e-16,
      7.774384703766209e-17,
      7.094325111472883e-17,
      6.117391059078765e-17,
      5.824731911379543e-17,
      4.640368092881218e-17,
      4.2494210286927306e-17,
      3.7525276790317165e-17,
      3.021283473922589e-17,
      2.664596245472578e-17,
      2.2474151481569715e-17,
      1.846622980317878e-17,
      1.5953456934312146e-17,
      1.4999605191475198e-17,
      1.1364538482914991e-17,
      1.0247034846148714e-17,
      9.641106849480145e-18,
      7.713485681836585e-18,
      7.531369462273847e-18,
      6.313936203656571e-18,
      5.294324015711963e-18,
      4.3839641887121345e-18,
      4.142025853659256e-18,
      3.4487484114856998e-18,
      2.3550380046540514e-18,
      2.22723012141333e-18,
      2.070226484862243e-18,
      1.9132205735644718e-18,
      1.5136179948438062e-18,
      9.97980897938463e-19,
      8.98182591009706e-19,
      7.983843357797371e-19,
      5.521130735819409e-19,
      4.732396961149963e-19,
      1.5466604386116245e-10,
      1.4984974372467263e-10,
      6.211461900385018e-10,
      8.240439441919989e-10,
      1.3083693017890141e-09
    ],
    "trend_analysis": {
      "confidence_level": "high",
      "prediction_trend": "stable"
    }
  }
}