{
  "confidence": 0.8,
  "employee_id": "1143",
  "features_used": 11,
  "model_metadata": {
    "feature_dimensions": 11,
    "model_type": "GRU_CNN_Hybrid",
    "sequence_length": 50,
    "training_optimized": true
  },
  "predicted_attrition": 0,
  "risk_score": 7.068343688132472e-10,
  "sequence_length": 50,
  "xai_explanation": {
    "attention_weights": [
      [
        0.020001180469989777,
        0.019999835640192032,
        0.019999906420707703,
        0.01999993994832039,
        0.019999990239739418,
        0.02000001072883606,
        0.020000023767352104,
        0.0200000312179327,
        0.02000003680586815,
        0.020000040531158447,
        0.02000003680586815,
        0.02000003308057785,
        0.020000025629997253,
        0.020000020042061806,
        0.020000016316771507,
        0.02000001072883606,
        0.02000000700354576,
        0.020000001415610313,
        0.019999997690320015,
        0.019999992102384567,
        0.01999998651444912,
        0.01999998278915882,
        0.019999977201223373,
        0.019999977201223373,
        0.019999973475933075,
        0.019999967887997627,
        0.019999966025352478,
        0.01999996416270733,
        0.01999996416270733,
        0.01999995857477188,
        0.019999956712126732,
        0.019999954849481583,
        0.019999951124191284,
        0.019999949261546135,
        0.019999949261546135,
        0.019999949261546135,
        0.019999947398900986,
        0.019999943673610687,
        0.019999943673610687,
        0.019999943673610687,
        0.019999943673610687,
        0.019999943673610687,
        0.019999941810965538,
        0.019999941810965538,
        0.019999941810965538,
        0.01999993994832039,
        0.01999993994832039,
        0.01999993994832039,
        0.01999993994832039,
        0.01999993994832039
      ]
    ],
    "feature_names": [
      "day_of_week",
      "day_index",
      "system_login_hours",
      "work_focused_hours",
      "meeting_collaboration_hours",
      "social_dining_hours",
      "break_relaxation_hours",
      "shared_work_hours",
      "internal_comm_volume",
      "cafeteria_usage",
      "convenience_food_usage"
    ],
    "gradient_importance": [
      3.943240265563697e-12,
      1.7069257248966685e-12,
      5.302332357903783e-12,
      1.0197360317265591e-11,
      1.177681476643988e-11,
      2.0761914323180752e-12,
      8.11318304205777e-11,
      8.589800745695264e-12,
      2.6761632840321958e-11,
      5.224577367957117e-11,
      6.262247664867715e-11
    ],
    "sequence_importance": {
      "timestep_0": 5.68020075419895e-10,
      "timestep_1": 1.207098171418508e-10,
      "timestep_10": 1.9723178720428634e-17,
      "timestep_11": 1.6117999701761194e-17,
      "timestep_12": 1.308463740566186e-17,
      "timestep_13": 9.913946584266474e-18,
      "timestep_14": 8.186269032747393e-18,
      "timestep_15": 6.4646352763739316e-18,
      "timestep_16": 5.182063198879329e-18,
      "timestep_17": 4.458526249127664e-18,
      "timestep_18": 3.662216017035116e-18,
      "timestep_19": 2.8804705743732476e-18,
      "timestep_2": 1.430884155118319e-16,
      "timestep_20": 2.2994928265211156e-18,
      "timestep_21": 2.2130898824320423e-18,
      "timestep_22": 1.9103382627200308e-18,
      "timestep_23": 1.5794351018234255e-18,
      "timestep_24": 1.2261175176757412e-18,
      "timestep_25": 1.1790699659755626e-18,
      "timestep_26": 1.0685534662596497e-18,
      "timestep_27": 7.906918662757237e-19,
      "timestep_28": 6.847524670817963e-19,
      "timestep_29": 7.2193578657970345e-19,
      "timestep_3": 1.0606591564143672e-16,
      "timestep_30": 4.751327506456122e-19,
      "timestep_31": 3.8527482823426972e-19,
      "timestep_32": 4.276192894654132e-19,
      "timestep_33": 3.447194035717136e-19,
      "timestep_34": 3.2444174293922383e-19,
      "timestep_35": 1.2107526636469628e-19,
      "timestep_36": 2.128609848923819e-19,
      "timestep_37": 1.9765661682713592e-19,
      "timestep_38": 1.4529022916475604e-19,
      "timestep_39": 8.878846835219094e-20,
      "timestep_4": 1.0042695923121372e-16,
      "timestep_40": 8.071678177376168e-20,
      "timestep_41": 7.264509519533242e-20,
      "timestep_42": 3.2286704308451576e-20,
      "timestep_43": 2.825086748158548e-20,
      "timestep_44": 2.421502903913225e-20,
      "timestep_45": 2.0179188981091884e-20,
      "timestep_46": 6.889439106011475e-13,
      "timestep_47": 1.0525610938394436e-10,
      "timestep_48": 1.6789249157600494e-10,
      "timestep_49": 2.4813370802512225e-10,
      "timestep_5": 6.86779210543013e-17,
      "timestep_6": 5.382994964963565e-17,
      "timestep_7": 4.2157091173920095e-17,
      "timestep_8": 3.4327184783950347e-17,
      "timestep_9": 2.5068542261476957e-17
    },
    "temporal_importance": [
      5.68020075419895e-10,
      1.207098171418508e-10,
      1.430884155118319e-16,
      1.0606591564143672e-16,
      1.0042695923121372e-16,
      6.86779210543013e-17,
      5.382994964963565e-17,
      4.2157091173920095e-17,
      3.4327184783950347e-17,
      2.5068542261476957e-17,
      1.9723178720428634e-17,
      1.6117999701761194e-17,
      1.308463740566186e-17,
      9.913946584266474e-18,
      8.186269032747393e-18,
      6.4646352763739316e-18,
      5.182063198879329e-18,
      4.458526249127664e-18,
      3.662216017035116e-18,
      2.8804705743732476e-18,
      2.2994928265211156e-18,
      2.2130898824320423e-18,
      1.9103382627200308e-18,
      1.5794351018234255e-18,
      1.2261175176757412e-18,
      1.1790699659755626e-18,
      1.0685534662596497e-18,
      7.906918662757237e-19,
      6.847524670817963e-19,
      7.2193578657970345e-19,
      4.751327506456122e-19,
      3.8527482823426972e-19,
      4.276192894654132e-19,
      3.447194035717136e-19,
      3.2444174293922383e-19,
      1.2107526636469628e-19,
      2.128609848923819e-19,
      1.9765661682713592e-19,
      1.4529022916475604e-19,
      8.878846835219094e-20,
      8.071678177376168e-20,
      7.264509519533242e-20,
      3.2286704308451576e-20,
      2.825086748158548e-20,
      2.421502903913225e-20,
      2.0179188981091884e-20,
      6.889439106011475e-13,
      1.0525610938394436e-10,
      1.6789249157600494e-10,
      2.4813370802512225e-10
    ],
    "trend_analysis": {
      "confidence_level": "high",
      "prediction_trend": "stable"
    }
  }
}