{
  "prediction": {
    "employee_id": "1766",
    "attrition_probability": 0.09271561354398727,
    "attrition_prediction": 1,
    "risk_category": "LOW",
    "confidence_score": 0.8145687729120255,
    "prediction_timestamp": "2025-09-23T22:53:48.913918"
  },
  "explanation": {
    "employee_id": "1766",
    "feature_importance": {
      "RelationshipSatisfaction": 0.03405288979411125,
      "Education": 0.02487798221409321,
      "JobInvolvement": 0.03501373156905174,
      "EnvironmentSatisfaction": 0.048257846385240555,
      "JobLevel": 0.07228615880012512,
      "JobSatisfaction": 0.04019258916378021,
      "StockOptionLevel": 0.07264421880245209,
      "WorkLifeBalance": 0.03580893576145172,
      "Department": 0.037670474499464035,
      "JobRole": 0.046762410551309586,
      "MaritalStatus": 0.036864522844552994,
      "OverTime": 0.0779639258980751,
      "Age": 0.04039482772350311,
      "DailyRate": 0.03578038513660431,
      "DistanceFromHome": 0.036774344742298126,
      "MonthlyIncome": 0.04666806384921074,
      "NumCompaniesWorked": 0.050036631524562836,
      "TotalWorkingYears": 0.04981709271669388,
      "TrainingTimesLastYear": 0.02378365956246853,
      "YearsAtCompany": 0.02968277968466282,
      "YearsInCurrentRole": 0.03649982064962387,
      "YearsSinceLastPromotion": 0.03537580743432045,
      "YearsWithCurrManager": 0.05279093235731125
    },
    "shap_values": {
      "RelationshipSatisfaction": -0.2836205065250397,
      "Education": 0.047941286116838455,
      "JobInvolvement": 0.43708157539367676,
      "EnvironmentSatisfaction": -0.30183327198028564,
      "JobLevel": -0.05624671280384064,
      "JobSatisfaction": -0.44762861728668213,
      "StockOptionLevel": -0.2978806793689728,
      "WorkLifeBalance": -0.17879220843315125,
      "Department": -0.11468322575092316,
      "JobRole": -0.14733654260635376,
      "MaritalStatus": -0.13565170764923096,
      "OverTime": -0.45611003041267395,
      "Age": -0.6231365203857422,
      "DailyRate": 0.0767395943403244,
      "DistanceFromHome": 0.1923486590385437,
      "MonthlyIncome": -0.5850244164466858,
      "NumCompaniesWorked": -0.21478964388370514,
      "TotalWorkingYears": -0.04662970453500748,
      "TrainingTimesLastYear": 0.0035102064721286297,
      "YearsAtCompany": -0.0014530082698911428,
      "YearsInCurrentRole": 0.059763021767139435,
      "YearsSinceLastPromotion": -0.06578565388917923,
      "YearsWithCurrManager": 0.583013653755188
    },
    "lime_explanation": {
      "features": [
        "OverTime=0",
        "EnvironmentSatisfaction <= 2.00",
        "DistanceFromHome > 14.00",
        "JobInvolvement <= 2.00",
        "0.00 < StockOptionLevel <= 1.00",
        "35.00 < Age <= 42.00",
        "3.00 < JobSatisfaction <= 4.00",
        "YearsWithCurrManager <= 2.00",
        "2.00 < WorkLifeBalance <= 3.00",
        "2.00 < RelationshipSatisfaction <= 3.00"
      ],
      "values": [
        -0.20238511657147137,
        0.11164659720455686,
        0.1110646943763332,
        0.10369907588430864,
        -0.08058275382435323,
        -0.07805428207515866,
        -0.07744780333810955,
        0.0643399253787727,
        -0.06111903102133745,
        -0.05303106683840688
      ],
      "intercept": 0.42854550403380093
    },
    "top_risk_factors": [
      {
        "feature": "YearsWithCurrManager",
        "impact": 0.583013653755188,
        "type": "risk"
      }
    ],
    "top_protective_factors": [
      {
        "feature": "Age",
        "impact": 0.6231365203857422,
        "type": "protective"
      },
      {
        "feature": "MonthlyIncome",
        "impact": 0.5850244164466858,
        "type": "protective"
      },
      {
        "feature": "OverTime",
        "impact": 0.45611003041267395,
        "type": "protective"
      },
      {
        "feature": "JobSatisfaction",
        "impact": 0.44762861728668213,
        "type": "protective"
      }
    ],
    "explanation_timestamp": "2025-09-23T22:53:48.983438"
  },
  "agent_type": "structura",
  "analysis_type": "individual"
}