{
  "confidence": 0.8,
  "employee_id": "733",
  "features_used": 11,
  "model_metadata": {
    "feature_dimensions": 11,
    "model_type": "GRU_CNN_Hybrid",
    "sequence_length": 50,
    "training_optimized": true
  },
  "predicted_attrition": 0,
  "risk_score": 2.6673466365189533e-20,
  "sequence_length": 50,
  "xai_explanation": {
    "attention_weights": [
      [
        0.020004035905003548,
        0.019999587908387184,
        0.019999681040644646,
        0.019999757409095764,
        0.019999820739030838,
        0.019999869167804718,
        0.019999910145998,
        0.019999930635094643,
        0.019999947398900986,
        0.019999954849481583,
        0.01999996416270733,
        0.019999967887997627,
        0.019999969750642776,
        0.019999971613287926,
        0.019999971613287926,
        0.019999969750642776,
        0.019999967887997627,
        0.01999996416270733,
        0.01999996043741703,
        0.01999996043741703,
        0.019999954849481583,
        0.019999952986836433,
        0.019999951124191284,
        0.019999947398900986,
        0.019999945536255836,
        0.019999945536255836,
        0.01999993994832039,
        0.01999993994832039,
        0.01999993808567524,
        0.01999993622303009,
        0.01999993436038494,
        0.01999993436038494,
        0.019999930635094643,
        0.019999930635094643,
        0.019999928772449493,
        0.019999928772449493,
        0.019999928772449493,
        0.019999926909804344,
        0.019999926909804344,
        0.019999926909804344,
        0.019999923184514046,
        0.019999923184514046,
        0.019999923184514046,
        0.019999923184514046,
        0.019999923184514046,
        0.019999921321868896,
        0.019999921321868896,
        0.019999921321868896,
        0.019999921321868896,
        0.019999921321868896
      ]
    ],
    "feature_names": [
      "day_of_week",
      "day_index",
      "system_login_hours",
      "work_focused_hours",
      "meeting_collaboration_hours",
      "social_dining_hours",
      "break_relaxation_hours",
      "shared_work_hours",
      "internal_comm_volume",
      "cafeteria_usage",
      "convenience_food_usage"
    ],
    "gradient_importance": [
      1.9559173794053363e-22,
      1.1494499823040053e-22,
      3.0828297949737945e-22,
      3.8475530711079814e-22,
      6.299240373145667e-22,
      2.585851463652392e-22,
      3.8989836719283194e-21,
      4.690483638732545e-22,
      1.4675093844195484e-21,
      2.4870374592434105e-21,
      3.0968200222468357e-21
    ],
    "sequence_importance": {
      "timestep_0": 2.7694475428544195e-20,
      "timestep_1": 1.0727747369465697e-20,
      "timestep_10": 9.156471845759568e-28,
      "timestep_11": 6.994226926818616e-28,
      "timestep_12": 5.469265004238108e-28,
      "timestep_13": 4.2822484164116595e-28,
      "timestep_14": 2.9571936887161722e-28,
      "timestep_15": 2.274156615408163e-28,
      "timestep_16": 1.745722244309002e-28,
      "timestep_17": 1.271938181682395e-28,
      "timestep_18": 1.0297406948547906e-28,
      "timestep_19": 7.938484619238671e-29,
      "timestep_2": 8.949295521934441e-22,
      "timestep_20": 5.995342277826582e-29,
      "timestep_21": 4.820867165242051e-29,
      "timestep_22": 3.904935508776246e-29,
      "timestep_23": 3.111022648569863e-29,
      "timestep_24": 2.9175407170911834e-29,
      "timestep_25": 2.675037849996772e-29,
      "timestep_26": 2.2943728312004972e-29,
      "timestep_27": 2.1104894035454342e-29,
      "timestep_28": 1.599221658542292e-29,
      "timestep_29": 1.6236689317738576e-29,
      "timestep_3": 5.223091579485062e-27,
      "timestep_30": 1.3040506259999662e-29,
      "timestep_31": 1.2401944626712076e-29,
      "timestep_32": 1.1758709604043814e-29,
      "timestep_33": 8.425336387371844e-30,
      "timestep_34": 7.929727656522786e-30,
      "timestep_35": 6.1241205615693345e-30,
      "timestep_36": 5.595004787428053e-30,
      "timestep_37": 5.3075706518158336e-30,
      "timestep_38": 4.899295320780891e-30,
      "timestep_39": 2.92407040953486e-30,
      "timestep_4": 4.585860679529613e-27,
      "timestep_40": 2.658245997830869e-30,
      "timestep_41": 2.3924208338104938e-30,
      "timestep_42": 2.1265960459483108e-30,
      "timestep_43": 1.86077163424432e-30,
      "timestep_44": 9.138491506738882e-31,
      "timestep_45": 7.615408648553588e-31,
      "timestep_46": 6.092325790368293e-31,
      "timestep_47": 3.988191546700469e-21,
      "timestep_48": 6.329042806081996e-21,
      "timestep_49": 1.0872335147806985e-20,
      "timestep_5": 3.435983435861236e-27,
      "timestep_6": 2.775555287504626e-27,
      "timestep_7": 2.018069899600621e-27,
      "timestep_8": 1.6180509760704868e-27,
      "timestep_9": 1.1319826581830974e-27
    },
    "temporal_importance": [
      2.7694475428544195e-20,
      1.0727747369465697e-20,
      8.949295521934441e-22,
      5.223091579485062e-27,
      4.585860679529613e-27,
      3.435983435861236e-27,
      2.775555287504626e-27,
      2.018069899600621e-27,
      1.6180509760704868e-27,
      1.1319826581830974e-27,
      9.156471845759568e-28,
      6.994226926818616e-28,
      5.469265004238108e-28,
      4.2822484164116595e-28,
      2.9571936887161722e-28,
      2.274156615408163e-28,
      1.745722244309002e-28,
      1.271938181682395e-28,
      1.0297406948547906e-28,
      7.938484619238671e-29,
      5.995342277826582e-29,
      4.820867165242051e-29,
      3.904935508776246e-29,
      3.111022648569863e-29,
      2.9175407170911834e-29,
      2.675037849996772e-29,
      2.2943728312004972e-29,
      2.1104894035454342e-29,
      1.599221658542292e-29,
      1.6236689317738576e-29,
      1.3040506259999662e-29,
      1.2401944626712076e-29,
      1.1758709604043814e-29,
      8.425336387371844e-30,
      7.929727656522786e-30,
      6.1241205615693345e-30,
      5.595004787428053e-30,
      5.3075706518158336e-30,
      4.899295320780891e-30,
      2.92407040953486e-30,
      2.658245997830869e-30,
      2.3924208338104938e-30,
      2.1265960459483108e-30,
      1.86077163424432e-30,
      9.138491506738882e-31,
      7.615408648553588e-31,
      6.092325790368293e-31,
      3.988191546700469e-21,
      6.329042806081996e-21,
      1.0872335147806985e-20
    ],
    "trend_analysis": {
      "confidence_level": "high",
      "prediction_trend": "stable"
    }
  }
}