{
  "confidence": 0.7,
  "employee_data": {
    "Age": 27,
    "AgeFactor": 0,
    "Attrition": "No",
    "BusinessTravel": "Travel_Frequently",
    "DailyRate": 294,
    "Department": "Research & Development",
    "DistanceFromHome": 10,
    "Education": 2,
    "EducationField": "Life Sciences",
    "EmployeeCount": 1,
    "EmployeeNumber": 733,
    "EnvironmentSatisfaction": 4,
    "Gender": "Male",
    "HourlyRate": 32,
    "JobInvolvement": 3,
    "JobLevel": 3,
    "JobRole": "Manufacturing Director",
    "JobSatisfaction": 1,
    "MaritalStatus": "Divorced",
    "MonthlyIncome": 8793,
    "MonthlyRate": 4809,
    "Norm_EnvironmentSatisfaction": 1,
    "Norm_JobInvolvement": 0.6666666666666666,
    "Norm_JobLevel": 0.5,
    "Norm_JobSatisfaction": 0,
    "Norm_MonthlyIncome": 0.4098999473407056,
    "Norm_NumCompaniesWorked": 0.1111111111111111,
    "Norm_PercentSalaryHike": 0.7142857142857143,
    "Norm_PerformanceRating": 1,
    "Norm_RelationshipSatisfaction": 0.6666666666666666,
    "Norm_TotalWorkingYears": 0.225,
    "Norm_TrainingTimesLastYear": 0.6666666666666666,
    "Norm_WorkLifeBalance": 0.3333333333333333,
    "Norm_YearsAtCompany": 0.225,
    "Norm_YearsSinceLastPromotion": 0.0666666666666666,
    "NumCompaniesWorked": 1,
    "Over18": "Y",
    "OverTime": "No",
    "OverTime_bin": 0,
    "PercentSalaryHike": 21,
    "PerformanceRating": 4,
    "Prob_N01": 0.0009078439475409,
    "Prob_N02": 0.0390648069163694,
    "Prob_N03": 0.0007154968967383,
    "Prob_P01": 0.0073783889560622,
    "Prob_P02": 0.0126824859522768,
    "Prob_P03": 0.0007154968967383,
    "Prob_P04": 0.0087449757574562,
    "Prob_S01": 0.0034659950411843,
    "Prob_S02": 0.9225363184347102,
    "Prob_S03": 0.0037881912009233,
    "RelationshipSatisfaction": 3,
    "Score_N01": 0.2238095238095238,
    "Score_N02": 0.6,
    "Score_N03": 0.2,
    "Score_P01": 0.4333333333333333,
    "Score_P02": 0.4875,
    "Score_P03": 0.2,
    "Score_P04": 0.450325735349432,
    "Score_S01": 0.3577777777777778,
    "Score_S02": 0.9161904761904764,
    "Score_S03": 0.3666666666666667,
    "StandardHours": 80,
    "StockOptionLevel": 2,
    "TotalWorkingYears": 9,
    "TrainingTimesLastYear": 4,
    "WorkLifeBalance": 2,
    "YearsAtCompany": 9,
    "YearsInCurrentRole": 7,
    "YearsSinceLastPromotion": 1,
    "YearsWithCurrManager": 7,
    "argmax_Persona": "라이징 스타",
    "argmax_Persona_Code": "S02",
    "argmax_RiskTier": "Stable",
    "is_married": 0,
    "softmax_Persona": "라이징 스타",
    "softmax_Persona_Code": "S02",
    "softmax_RiskTier": "Stable"
  },
  "employee_id": 733,
  "feature_importance": {},
  "lime_explanation": {},
  "model_interpretation": {},
  "predicted_attrition": 0,
  "risk_score": 0.014981484040617943,
  "shap_values": {},
  "xai_explanation": {}
}