{
  "prediction": {
    "risk_score": 3.7921322918649405e-36,
    "attrition_probability": 3.7921322918649405e-36
  },
  "confidence": 0.8
}