{
  "prediction": {
    "risk_score": 5.330789008439751e-06,
    "attrition_probability": 5.330789008439751e-06
  },
  "confidence": 0.8
}