{
  "confidence": 0.8,
  "employee_id": "1858",
  "features_used": 11,
  "model_metadata": {
    "feature_dimensions": 11,
    "model_type": "GRU_CNN_Hybrid",
    "sequence_length": 50,
    "training_optimized": true
  },
  "predicted_attrition": 0,
  "risk_score": 5.950130673737704e-22,
  "sequence_length": 50,
  "xai_explanation": {
    "attention_weights": [
      [
        0.02000592276453972,
        0.019999586045742035,
        0.019999666139483452,
        0.019999736919999123,
        0.0199997927993536,
        0.01999984122812748,
        0.01999986544251442,
        0.019999882206320763,
        0.019999893382191658,
        0.019999904558062553,
        0.01999991200864315,
        0.019999917596578598,
        0.019999919459223747,
        0.019999919459223747,
        0.019999919459223747,
        0.019999917596578598,
        0.01999991573393345,
        0.019999910145998,
        0.019999908283352852,
        0.019999904558062553,
        0.019999904558062553,
        0.019999900832772255,
        0.019999900832772255,
        0.019999895244836807,
        0.019999895244836807,
        0.01999989151954651,
        0.01999989151954651,
        0.01999988779425621,
        0.01999988593161106,
        0.01999988593161106,
        0.019999884068965912,
        0.019999884068965912,
        0.019999882206320763,
        0.019999882206320763,
        0.019999878481030464,
        0.019999876618385315,
        0.019999876618385315,
        0.019999876618385315,
        0.019999876618385315,
        0.019999876618385315,
        0.019999876618385315,
        0.019999876618385315,
        0.019999874755740166,
        0.019999874755740166,
        0.019999872893095016,
        0.019999872893095016,
        0.019999872893095016,
        0.019999872893095016,
        0.019999872893095016,
        0.019999872893095016
      ]
    ],
    "feature_names": [
      "day_of_week",
      "day_index",
      "system_login_hours",
      "work_focused_hours",
      "meeting_collaboration_hours",
      "social_dining_hours",
      "break_relaxation_hours",
      "shared_work_hours",
      "internal_comm_volume",
      "cafeteria_usage",
      "convenience_food_usage"
    ],
    "gradient_importance": [
      4.646033772192147e-24,
      2.725278163697482e-24,
      7.611154050069405e-24,
      8.58284924729349e-24,
      1.4051905151776793e-23,
      5.528263859724665e-24,
      8.697581492893196e-23,
      1.0463197822500925e-23,
      3.2736175088410515e-23,
      5.547909178391746e-23,
      6.908170436256925e-23
    ],
    "sequence_importance": {
      "timestep_0": 6.177890594293115e-22,
      "timestep_1": 2.393071024029674e-22,
      "timestep_10": 1.7454424728919244e-29,
      "timestep_11": 1.3277854556153853e-29,
      "timestep_12": 1.0593536281700842e-29,
      "timestep_13": 7.884547296050061e-30,
      "timestep_14": 5.5760497999617214e-30,
      "timestep_15": 4.3925865378363394e-30,
      "timestep_16": 2.9039986083956992e-30,
      "timestep_17": 2.3807170478164187e-30,
      "timestep_18": 1.8394404554774623e-30,
      "timestep_19": 1.5569964344438057e-30,
      "timestep_2": 1.9963455226103906e-23,
      "timestep_20": 1.2811346175374655e-30,
      "timestep_21": 9.657394209802027e-31,
      "timestep_22": 8.33631629422362e-31,
      "timestep_23": 7.652633263259947e-31,
      "timestep_24": 6.564540208805479e-31,
      "timestep_25": 4.824450749108103e-31,
      "timestep_26": 4.3565992955034295e-31,
      "timestep_27": 4.3612124055337964e-31,
      "timestep_28": 2.87486562660266e-31,
      "timestep_29": 2.745432413831358e-31,
      "timestep_3": 1.036516357140388e-28,
      "timestep_30": 3.333988799553608e-31,
      "timestep_31": 2.1300907436335314e-31,
      "timestep_32": 1.990025184459042e-31,
      "timestep_33": 1.8794679424238095e-31,
      "timestep_34": 1.768910700388577e-31,
      "timestep_35": 8.276072091194543e-32,
      "timestep_36": 1.2481018156861382e-31,
      "timestep_37": 7.172594401775383e-32,
      "timestep_38": 7.115789225019071e-32,
      "timestep_39": 6.522805222275014e-32,
      "timestep_4": 8.734859058655224e-29,
      "timestep_40": 5.929822982772484e-32,
      "timestep_41": 5.336840743269953e-32,
      "timestep_42": 4.7438579160202465e-32,
      "timestep_43": 4.1508756765177157e-32,
      "timestep_44": 2.0385777149633295e-32,
      "timestep_45": 8.02205213184858e-23,
      "timestep_46": 8.538449315648393e-23,
      "timestep_47": 9.597896453336178e-23,
      "timestep_48": 7.694200908550004e-23,
      "timestep_49": 1.3842066573266193e-22,
      "timestep_5": 6.892281556701745e-29,
      "timestep_6": 4.75706411545004e-29,
      "timestep_7": 3.732531375906115e-29,
      "timestep_8": 2.8679477200966583e-29,
      "timestep_9": 2.3997663381415506e-29
    },
    "temporal_importance": [
      6.177890594293115e-22,
      2.393071024029674e-22,
      1.9963455226103906e-23,
      1.036516357140388e-28,
      8.734859058655224e-29,
      6.892281556701745e-29,
      4.75706411545004e-29,
      3.732531375906115e-29,
      2.8679477200966583e-29,
      2.3997663381415506e-29,
      1.7454424728919244e-29,
      1.3277854556153853e-29,
      1.0593536281700842e-29,
      7.884547296050061e-30,
      5.5760497999617214e-30,
      4.3925865378363394e-30,
      2.9039986083956992e-30,
      2.3807170478164187e-30,
      1.8394404554774623e-30,
      1.5569964344438057e-30,
      1.2811346175374655e-30,
      9.657394209802027e-31,
      8.33631629422362e-31,
      7.652633263259947e-31,
      6.564540208805479e-31,
      4.824450749108103e-31,
      4.3565992955034295e-31,
      4.3612124055337964e-31,
      2.87486562660266e-31,
      2.745432413831358e-31,
      3.333988799553608e-31,
      2.1300907436335314e-31,
      1.990025184459042e-31,
      1.8794679424238095e-31,
      1.768910700388577e-31,
      8.276072091194543e-32,
      1.2481018156861382e-31,
      7.172594401775383e-32,
      7.115789225019071e-32,
      6.522805222275014e-32,
      5.929822982772484e-32,
      5.336840743269953e-32,
      4.7438579160202465e-32,
      4.1508756765177157e-32,
      2.0385777149633295e-32,
      8.02205213184858e-23,
      8.538449315648393e-23,
      9.597896453336178e-23,
      7.694200908550004e-23,
      1.3842066573266193e-22
    ],
    "trend_analysis": {
      "confidence_level": "high",
      "prediction_trend": "stable"
    }
  }
}